run,inst,slot,stamp,line,slice_line,vertices,after,latest_measured_support,support,contradiction,reliable,reliable_in_view,reliable_seen_through,absent_samples,total_samples,absence_llr,absence_coverage_sufficient
real_retained,1,0,1786302304319989000,568,569,134766,1786279305400966000,1786302304319989000,231,23,1500,10,3,5,3204,0.0,0
real_retained,2,0,1786302304319989000,571,572,49434,1786279343600966000,0,0,0,1500,0,0,0,16478,0.0,0
real_retained,3,0,1786302304319989000,574,575,93492,1786279343500966000,0,0,0,1500,0,0,0,31164,0.0,0
real_retained,4,0,1786302304319989000,577,578,251820,1786279340800966000,0,0,0,1500,0,0,0,83940,0.0,0
real_retained,5,0,1786302304319989000,580,581,21714,1786279340934300000,0,0,0,1500,0,0,0,7238,0.0,0
real_retained,6,0,1786302304319989000,583,584,172254,1786279343600966000,0,0,0,1500,0,0,0,57418,0.0,0
real_retained,7,0,1786302304319989000,586,587,44148,1786279341134300000,0,0,0,1500,0,0,0,14716,0.0,0
real_retained,10,0,1786302304319989000,589,590,29301,1786279326700977000,0,0,0,1500,0,0,0,9767,0.0,0
real_retained,11,0,1786302304319989000,592,593,99537,1786279343600966000,0,0,0,1500,0,0,0,33179,0.0,0
real_retained,13,0,1786302304319989000,595,596,27720,1786279343600966000,0,0,0,1500,0,0,0,9240,0.0,0
real_retained,14,0,1786302304319989000,598,599,13311,1786279343600966000,0,0,0,838,0,0,0,4437,0.0,0
real_retained,16,0,1786302304319989000,601,602,29925,1786279343600966000,0,0,0,1500,0,0,0,9975,0.0,0
real_retained,17,0,1786302304319989000,604,605,44151,1786279343600966000,0,0,0,1500,0,0,0,14717,0.0,0
real_retained,18,0,1786302304319989000,607,608,36093,1786279334634322000,0,0,0,1500,0,0,0,12031,0.0,0
real_retained,19,0,1786302304319989000,610,611,25914,1786279333734300000,0,0,0,1500,0,0,0,8638,0.0,0
real_retained,20,0,1786302304319989000,613,614,5268,1786279301400977000,0,0,0,526,0,0,0,1756,0.0,0
real_retained,1,0,1786302306453334000,622,623,134766,1786302304319989000,1786302306453334000,233,24,1497,7,0,5,3204,0.0,0
real_retained,2,0,1786302306453334000,625,626,49434,1786279343600966000,0,0,0,1500,0,0,0,16478,0.0,0
real_retained,3,0,1786302306453334000,628,629,93492,1786279343500966000,0,0,0,1500,0,0,0,31164,0.0,0
real_retained,4,0,1786302306453334000,631,632,251820,1786279340800966000,0,0,0,1500,0,0,0,83940,0.0,0
real_retained,5,0,1786302306453334000,634,635,21714,1786279340934300000,0,0,0,1500,0,0,0,7238,0.0,0
real_retained,6,0,1786302306453334000,637,638,172254,1786279343600966000,0,0,0,1500,0,0,0,57418,0.0,0
real_retained,7,0,1786302306453334000,640,641,44148,1786279341134300000,0,0,0,1500,0,0,0,14716,0.0,0
real_retained,10,0,1786302306453334000,643,644,29301,1786279326700977000,0,0,0,1500,0,0,0,9767,0.0,0
real_retained,11,0,1786302306453334000,646,647,99537,1786279343600966000,0,0,0,1500,0,0,0,33179,0.0,0
real_retained,13,0,1786302306453334000,649,650,27720,1786279343600966000,0,0,0,1500,0,0,0,9240,0.0,0
real_retained,14,0,1786302306453334000,652,653,13311,1786279343600966000,0,0,0,838,0,0,0,4437,0.0,0
real_retained,16,0,1786302306453334000,655,656,29925,1786279343600966000,0,0,0,1500,0,0,0,9975,0.0,0
real_retained,17,0,1786302306453334000,658,659,44151,1786279343600966000,0,0,0,1500,0,0,0,14717,0.0,0
real_retained,18,0,1786302306453334000,661,662,36093,1786279334634322000,0,0,0,1500,0,0,0,12031,0.0,0
real_retained,19,0,1786302306453334000,664,665,25914,1786279333734300000,0,0,0,1500,0,0,0,8638,0.0,0
real_retained,20,0,1786302306453334000,667,668,5268,1786279301400977000,0,0,0,526,0,0,0,1756,0.0,0
real_retained,1,0,1786302308586667000,671,672,134766,1786302306453334000,1786302308586667000,455,148,1497,57,24,108,3204,0.125151,0
real_retained,2,0,1786302308586667000,674,675,49434,1786279343600966000,0,0,354,1500,271,145,194,856,1.14478,0
real_retained,3,0,1786302308586667000,677,678,93492,1786279343500966000,1786302308586667000,60,1121,1500,278,109,583,2096,0.487186,0
real_retained,4,0,1786302308586667000,680,681,251820,1786279340800966000,1786302307320011000,140,61,1500,72,32,61,3390,0.184799,0
real_retained,5,0,1786302308586667000,683,684,21714,1786279340934300000,1786302308586667000,21,63,1500,81,36,33,646,0.207899,0
real_retained,6,0,1786302308586667000,686,687,172254,1786279343600966000,1786302308586667000,1766,191,1500,310,1,144,2737,0.0,0
real_retained,7,0,1786302308586667000,689,690,44148,1786279341134300000,1786302308586667000,1,950,1500,665,491,386,844,6.51068,1
real_retained,10,0,1786302308586667000,692,693,29301,1786279326700977000,1786302308586667000,5,1015,1500,590,243,439,871,1.20892,0
real_retained,11,0,1786302308586667000,695,696,99537,1786279343600966000,0,0,6,1500,2,0,5,1489,0.0,0
real_retained,13,0,1786302308586667000,698,699,27720,1786279343600966000,0,0,24,1500,18,13,16,528,0.0,0
real_retained,14,0,1786302308586667000,701,702,13311,1786279343600966000,1786302308586667000,151,17,838,220,8,16,248,0.0,0
real_retained,16,0,1786302308586667000,704,705,29925,1786279343600966000,1786302308586667000,347,120,1500,581,118,49,423,0.0,0
real_retained,17,0,1786302308586667000,707,708,44151,1786279343600966000,1786302308586667000,243,55,1500,448,26,48,537,0.0,0
real_retained,18,0,1786302308586667000,710,711,36093,1786279334634322000,0,0,0,1500,0,0,0,12031,0.0,0
real_retained,19,0,1786302308586667000,713,714,25914,1786279333734300000,0,0,0,1500,0,0,0,8638,0.0,0
real_retained,20,0,1786302308586667000,716,717,5268,1786279301400977000,0,0,23,526,121,2,10,206,0.0,0
real_retained,1,0,1786302310719989000,728,729,134766,1786302308586667000,1786302310719989000,55,125,1481,14,12,39,3204,0.125151,0
real_retained,2,0,1786302310719989000,731,732,49434,1786279343600966000,1786302310719989000,27,1777,1500,601,368,449,856,3.51614,0
real_retained,3,0,1786302310719989000,734,735,93492,1786302308586667000,1786302310719989000,365,956,1500,216,98,407,2096,0.693961,0
real_retained,4,0,1786302310719989000,737,738,251820,1786302307320011000,0,0,34,1468,0,0,33,3390,0.184799,0
real_retained,5,0,1786302310719989000,740,741,21714,1786302308586667000,1786302310719989000,42,27,1500,61,8,16,646,0.173416,0
real_retained,6,0,1786302310719989000,743,744,172254,1786302308586667000,1786302310719989000,3656,967,1493,346,0,301,2737,0.0,0
real_retained,10,0,1786302310719989000,746,747,29301,1786302308586667000,0,0,1263,1500,536,201,370,871,1.2978,0
real_retained,11,0,1786302310719989000,749,750,99537,1786279343600966000,0,0,2776,1500,855,818,1046,1489,23.7616,1
real_retained,13,0,1786302310719989000,752,753,27720,1786279343600966000,0,0,106,1500,26,26,33,528,0.0,0
real_retained,14,0,1786302310719989000,755,756,13311,1786302308586667000,1786302310719989000,392,41,816,324,7,22,248,0.0,0
real_retained,16,0,1786302310719989000,758,759,29925,1786302308586667000,1786302310719989000,463,95,1362,637,28,43,423,0.0,0
real_retained,17,0,1786302310719989000,761,762,44151,1786302308586667000,1786302310719989000,1117,154,1457,684,16,53,537,0.0,0
real_retained,18,0,1786302310719989000,764,765,36093,1786279334634322000,0,0,62,1500,128,24,33,576,0.0,0
real_retained,19,0,1786302310719989000,767,768,25914,1786279333734300000,0,0,30,1500,26,26,21,614,0.0,0
real_retained,20,0,1786302310719989000,770,771,5268,1786279301400977000,0,0,58,526,114,5,12,206,0.0,0
real_retained,1,0,1786302312853334000,786,787,134766,1786302310719989000,1786302312853334000,109,108,1481,20,12,38,3204,0.125151,0
real_retained,2,0,1786302312853334000,789,790,49434,1786302310719989000,1786302312853334000,53,1254,1500,428,253,303,856,3.61963,0
real_retained,3,0,1786302312853334000,792,793,93492,1786302310719989000,1786302312853334000,395,1024,1500,228,95,421,2096,0.78525,0
real_retained,4,0,1786302312853334000,795,796,251820,1786302307320011000,0,0,36,1468,0,0,33,3390,0.184799,0
real_retained,5,0,1786302312853334000,798,799,21714,1786302310719989000,1786302312853334000,9,9,1495,58,0,5,646,0.134191,0
real_retained,6,0,1786302312853334000,801,802,172254,1786302310719989000,1786302312853334000,1944,99,1485,193,0,48,2737,0.0,0
real_retained,10,0,1786302312853334000,804,805,29301,1786302308586667000,0,0,2324,1500,473,166,386,871,1.30768,0
real_retained,13,0,1786302312853334000,807,808,27720,1786279343600966000,0,0,185,1500,15,15,33,528,0.0,0
real_retained,14,0,1786302312853334000,810,811,13311,1786302310719989000,1786302312853334000,410,23,771,240,1,13,248,0.0,0
real_retained,16,0,1786302312853334000,813,814,29925,1786302310719989000,1786302312853334000,924,78,1299,574,5,30,423,0.0,0
real_retained,17,0,1786302312853334000,816,817,44151,1786302310719989000,1786302312853334000,1333,170,1432,694,0,49,537,0.0,0
real_retained,18,0,1786302312853334000,819,820,36093,1786279334634322000,0,0,160,1500,122,17,33,576,0.0,0
real_retained,19,0,1786302312853334000,822,823,25914,1786279333734300000,0,0,155,1500,101,100,82,614,15.0709,1
real_retained,20,0,1786302312853334000,825,826,5268,1786279301400977000,0,0,111,526,104,7,18,206,0.0,0
real_retained,1,0,1786302314953334000,844,845,134766,1786302312853334000,1786302314953334000,264,156,1481,29,14,41,3204,0.125151,0
real_retained,2,0,1786302314953334000,847,848,49434,1786302312853334000,1786302314553323000,37,1286,1500,455,264,321,856,3.98744,0
real_retained,3,0,1786302314953334000,850,851,93492,1786302312853334000,1786302314953334000,412,1837,1500,279,105,503,2096,0.916352,0
real_retained,4,0,1786302314953334000,853,855,251820,1786302307320011000,1786302314953334000,51,90,1468,25,4,58,3390,0.184799,0
real_retained,4,1,1786302314953334000,854,855,10077,1786302307720000000,0,0,0,0,0,0,0,3359,0.0,0
real_retained,5,0,1786302314953334000,858,859,21714,1786302312853334000,1786302314953334000,44,15,1487,79,0,8,646,0.0984283,0
real_retained,6,0,1786302314953334000,861,862,172254,1786302312853334000,1786302314953334000,4106,934,1484,278,0,269,2737,0.0,0
real_retained,10,0,1786302314953334000,864,865,29301,1786302308586667000,0,0,3574,1500,490,166,418,871,1.61861,0
real_retained,13,0,1786302314953334000,867,868,27720,1786279343600966000,0,0,258,1500,15,15,33,528,0.0,0
real_retained,14,0,1786302314953334000,870,871,13311,1786302312853334000,1786302314953334000,452,33,764,242,2,12,248,0.0,0
real_retained,16,0,1786302314953334000,873,874,29925,1786302312853334000,1786302314953334000,529,76,1282,506,2,26,423,0.0,0
real_retained,17,0,1786302314953334000,876,877,44151,1786302312853334000,1786302314953334000,657,115,1426,567,0,57,537,0.0,0
real_retained,18,0,1786302314953334000,879,880,36093,1786279334634322000,0,0,178,1500,17,3,33,576,0.0,0
real_retained,20,0,1786302314953334000,882,883,5268,1786279301400977000,0,0,158,526,72,6,19,206,0.0,0
real_retained,1,0,1786302317086656000,910,912,134766,1786302314953334000,0,0,0,1469,0,0,0,44922,0.125151,0
real_retained,1,1,1786302317086656000,911,912,1779,1786302313286656000,1786302314953334000,141,2,157,157,0,1,78,0.0,0
real_retained,2,0,1786302317086656000,924,925,49434,1786302314553323000,0,0,915,1500,320,164,336,856,4.31995,0
real_retained,3,0,1786302317086656000,927,928,93492,1786302314953334000,1786302317086656000,481,2109,1500,407,149,630,2096,2.37081,0
real_retained,4,0,1786302317086656000,930,932,251820,1786302314953334000,1786302315386667000,100,63,1464,61,5,48,3390,0.0766411,0
real_retained,4,1,1786302317086656000,931,932,10077,1786302307720000000,0,0,0,0,0,0,0,3359,0.0,0
real_retained,5,0,1786302317086656000,935,936,21714,1786302314953334000,1786302317086656000,33,35,1465,131,0,21,646,0.0188655,0
real_retained,6,0,1786302317086656000,938,939,172254,1786302314953334000,1786302317086656000,3741,938,1484,382,3,318,2737,0.0,0
real_retained,10,0,1786302317086656000,941,942,29301,1786302308586667000,1786302315820011000,1,4905,1500,562,189,490,871,3.06142,0
real_retained,13,0,1786302317086656000,944,945,27720,1786279343600966000,0,0,304,1500,16,16,33,528,0.0,0
real_retained,14,0,1786302317086656000,947,948,13311,1786302314953334000,1786302317086656000,494,71,760,288,3,24,248,0.0,0
real_retained,16,0,1786302317086656000,950,951,29925,1786302314953334000,1786302317086656000,923,105,1278,608,22,25,423,0.0,0
real_retained,17,0,1786302317086656000,953,954,44151,1786302314953334000,1786302317086656000,323,69,1424,848,0,49,537,0.0,0
real_retained,18,0,1786302317086656000,956,957,36093,1786279334634322000,0,0,178,1500,0,0,33,576,0.0,0
real_retained,20,0,1786302317086656000,959,960,5268,1786279301400977000,0,0,202,526,117,5,21,206,0.0,0
real_retained,1,0,1786302319220000000,1011,1013,134766,1786302314953334000,0,0,0,1469,0,0,0,44922,0.125151,0
real_retained,1,1,1786302319220000000,1012,1013,1779,1786302314953334000,0,0,0,155,0,0,0,593,0.0,0
real_retained,2,0,1786302319220000000,1021,1022,49434,1786302314553323000,0,0,915,1500,1,0,336,856,4.31995,0
real_retained,3,0,1786302319220000000,1024,1025,93492,1786302317086656000,1786302319220000000,146,1739,1500,406,152,652,2096,3.43616,0
real_retained,4,0,1786302319220000000,1027,1029,251820,1786302315386667000,1786302319220000000,2250,437,1459,277,63,102,3390,1.00966,0
real_retained,4,1,1786302319220000000,1028,1029,10077,1786302307720000000,1786302319220000000,140,0,35,35,0,0,364,0.0,0
real_retained,5,0,1786302319220000000,1041,1042,21714,1786302317086656000,1786302319220000000,13,27,1452,49,1,19,646,0.00846859,0
real_retained,6,0,1786302319220000000,1044,1045,172254,1786302317086656000,1786302318353323000,554,298,1480,225,1,213,2737,0.0,0
real_retained,10,0,1786302319220000000,1047,1049,29301,1786302315820011000,1786302319220000000,10,1669,1500,563,184,445,871,3.17743,0
real_retained,10,1,1786302319220000000,1048,1049,7923,1786302314953334000,1786302319220000000,101,451,114,114,0,117,503,0.0,0
real_retained,13,0,1786302319220000000,1061,1062,27720,1786279343600966000,0,0,304,1500,0,0,33,528,0.0,0
real_retained,14,0,1786302319220000000,1064,1065,13311,1786302317086656000,0,0,0,754,6,0,0,4437,0.0,0
real_retained,16,0,1786302319220000000,1067,1068,29925,1786302317086656000,1786302319220000000,872,102,1251,596,33,31,423,0.0,0
real_retained,17,0,1786302319220000000,1070,1072,44151,1786302317086656000,1786302319220000000,1517,248,1419,983,8,66,537,0.0,0
real_retained,17,1,1786302319220000000,1071,1072,7161,1786302315386667000,1786302319220000000,995,46,651,651,8,17,225,0.0,0
real_retained,18,0,1786302319220000000,1084,1085,36093,1786279334634322000,0,0,178,1500,0,0,33,576,0.0,0
real_retained,20,0,1786302319220000000,1087,1088,5268,1786279301400977000,0,0,294,526,116,40,47,206,0.601997,0
real_retained,1,0,1786302321320000000,1150,1152,134766,1786302314953334000,0,0,0,1469,0,0,0,44922,0.125151,0
real_retained,1,1,1786302321320000000,1151,1152,3984,1786302315053334000,0,0,0,155,0,0,0,1328,0.0,0
real_retained,2,0,1786302321320000000,1160,1161,49434,1786302314553323000,0,0,2025,1500,553,320,423,856,5.30943,1
real_retained,3,0,1786302321320000000,1163,1165,93492,1786302319220000000,1786302320053345000,123,130,1500,118,53,117,2096,3.46347,0
real_retained,3,1,1786302321320000000,1164,1165,15666,1786302317520000000,1786302320919989000,672,134,903,903,2,49,701,0.0,0
real_retained,4,0,1786302321320000000,1177,1179,251820,1786302319220000000,1786302319653334000,1,17,1380,8,0,18,3390,1.00966,0
real_retained,4,1,1786302321320000000,1178,1179,10077,1786302319220000000,0,0,0,35,0,0,0,3359,0.0,0
real_retained,5,0,1786302321320000000,1187,1188,21714,1786302319220000000,0,0,29,1445,60,5,22,646,0.0,0
real_retained,6,0,1786302321320000000,1190,1192,172254,1786302318353323000,1786302321320000000,3589,700,1480,449,0,200,2737,0.0,0
real_retained,6,1,1786302321320000000,1191,1192,25599,1786302317920011000,1786302321320000000,1667,181,1224,1224,22,53,798,0.0,0
real_retained,7,0,1786302321320000000,1204,1205,5340,1786302317520000000,1786302320053345000,61,46,411,411,1,48,204,0.0,0
real_retained,10,0,1786302321320000000,1211,1212,7923,1786302319220000000,0,0,0,1065,82,0,0,2641,3.03772,0
real_retained,13,0,1786302321320000000,1214,1215,27720,1786279343600966000,0,0,408,1500,76,59,59,528,1.18183,0
real_retained,14,0,1786302321320000000,1217,1218,13311,1786302317086656000,1786302321320000000,389,77,754,337,1,28,248,0.0,0
real_retained,16,0,1786302321320000000,1220,1222,29925,1786302319220000000,1786302321320000000,922,124,1212,665,7,41,423,0.0,0
real_retained,16,1,1786302321320000000,1221,1222,5403,1786302317920011000,1786302321320000000,855,23,502,502,39,8,189,0.0,0
real_retained,17,0,1786302321320000000,1234,1236,44151,1786302319220000000,1786302321320000000,1327,298,1341,1001,33,85,537,0.0,0
real_retained,17,1,1786302321320000000,1235,1236,7161,1786302319220000000,1786302321320000000,847,67,599,589,2,23,225,0.0,0
real_retained,18,0,1786302321320000000,1248,1249,36093,1786279334634322000,0,0,178,1500,0,0,33,576,0.0,0
real_retained,20,0,1786302321320000000,1251,1252,5268,1786279301400977000,0,0,307,526,81,6,53,206,0.539906,0
real_retained,1,0,1786302323453323000,1326,1328,134766,1786302314953334000,0,0,0,1469,0,0,0,44922,0.125151,0
real_retained,1,1,1786302323453323000,1327,1328,3984,1786302315053334000,0,0,0,155,0,0,0,1328,0.0,0
real_retained,2,0,1786302323453323000,1336,1337,9153,1786302315053334000,1786302323453323000,355,280,236,236,0,48,309,0.0,0
real_retained,3,0,1786302323453323000,1343,1344,15666,1786302320919989000,0,0,2,1500,0,0,2,701,3.46347,0
real_retained,4,0,1786302323453323000,1346,1348,251820,1786302319653334000,0,0,0,1380,0,0,0,83940,1.00966,0
real_retained,4,1,1786302323453323000,1347,1348,10077,1786302319220000000,0,0,0,35,0,0,0,3359,0.0,0
real_retained,5,0,1786302323453323000,1356,1358,21714,1786302319220000000,0,0,29,1445,0,0,22,646,0.0,0
real_retained,5,1,1786302323453323000,1357,1358,528,1786302319619989000,1786302320053345000,4,3,38,38,0,3,26,0.0,0
real_retained,6,0,1786302323453323000,1370,1372,172254,1786302321320000000,1786302322619989000,1310,182,1472,331,3,181,2737,0.0,0
real_retained,6,1,1786302323453323000,1371,1372,25599,1786302321320000000,1786302322619989000,539,57,1078,698,12,36,798,0.0,0
real_retained,7,0,1786302323453323000,1386,1387,5340,1786302320053345000,0,0,0,370,0,0,0,1780,0.0,0
real_retained,10,0,1786302323453323000,1389,1390,7923,1786302319220000000,0,0,0,1065,0,0,0,2641,3.03772,0
real_retained,11,0,1786302323453323000,1392,1393,14109,1786302320053345000,1786302323020011000,1996,8,1270,1270,35,3,397,0.0,0
real_retained,13,0,1786302323453323000,1399,1401,27720,1786279343600966000,0,0,599,1500,137,94,87,528,1.92486,0
real_retained,13,1,1786302323453323000,1400,1401,3531,1786302320919989000,1786302322619989000,291,11,320,320,10,11,123,0.0,0
real_retained,14,0,1786302323453323000,1413,1415,13311,1786302321320000000,1786302322186656000,160,5,744,284,0,6,248,0.0,0
real_retained,14,1,1786302323453323000,1414,1415,3264,1786302320486656000,1786302322186656000,200,9,257,257,2,5,127,0.0,0
real_retained,16,0,1786302323453323000,1427,1429,29925,1786302321320000000,1786302321753334000,30,13,1189,197,1,14,423,0.0,0
real_retained,16,1,1786302323453323000,1428,1429,5403,1786302321320000000,1786302321753334000,22,3,418,61,0,4,189,0.0,0
real_retained,17,0,1786302323453323000,1441,1443,44151,1786302321320000000,0,0,0,1277,9,0,0,14717,0.0,0
real_retained,17,1,1786302323453323000,1442,1443,7161,1786302321320000000,0,0,0,570,0,0,0,2387,0.0,0
real_retained,18,0,1786302323453323000,1451,1453,36093,1786279334634322000,0,0,178,1500,0,0,33,576,0.0,0
real_retained,18,1,1786302323453323000,1452,1453,5769,1786302320919989000,1786302323020011000,554,53,569,569,14,16,220,0.0,0
real_retained,19,0,1786302323453323000,1465,1466,3741,1786302318353323000,1786302321320000000,221,46,225,225,0,21,158,0.0,0
real_retained,20,0,1786302323453323000,1472,1473,5268,1786279301400977000,0,0,307,526,0,0,53,206,0.539906,0
real_retained,1,0,1786302325586656000,1533,1535,134766,1786302314953334000,0,0,0,1469,0,0,0,44922,0.125151,0
real_retained,1,1,1786302325586656000,1534,1535,3984,1786302315053334000,0,0,0,155,0,0,0,1328,0.0,0
real_retained,2,0,1786302325586656000,1543,1544,9153,1786302323453323000,1786302325586656000,534,90,422,404,0,44,309,0.0,0
real_retained,3,0,1786302325586656000,1550,1551,15666,1786302320919989000,0,0,2,1500,0,0,2,701,3.46347,0
real_retained,4,0,1786302325586656000,1553,1555,251820,1786302319653334000,0,0,0,1380,0,0,0,83940,1.00966,0
real_retained,4,1,1786302325586656000,1554,1555,22377,1786302319619989000,0,0,0,24,0,0,0,7459,0.0,0
real_retained,5,0,1786302325586656000,1563,1565,21714,1786302319220000000,0,0,29,1445,0,0,22,646,0.0,0
real_retained,5,1,1786302325586656000,1564,1565,528,1786302320053345000,0,0,0,34,0,0,0,176,0.0,0
real_retained,6,0,1786302325586656000,1573,1575,172254,1786302322619989000,0,0,0,1465,0,0,0,57418,0.0,0
real_retained,6,1,1786302325586656000,1574,1575,25599,1786302322619989000,0,0,0,1059,0,0,0,8533,0.0,0
real_retained,7,0,1786302325586656000,1590,1591,5340,1786302320053345000,0,0,0,370,0,0,0,1780,0.0,0
real_retained,10,0,1786302325586656000,1593,1594,7923,1786302319220000000,0,0,0,1065,0,0,0,2641,3.03772,0
real_retained,11,0,1786302325586656000,1596,1597,14109,1786302323020011000,0,0,0,931,0,0,0,4703,0.0,0
real_retained,13,0,1786302325586656000,1599,1600,3531,1786302322619989000,0,0,0,345,0,0,0,1177,1.92486,0
real_retained,14,0,1786302325586656000,1602,1604,13311,1786302322186656000,0,0,0,734,0,0,0,4437,0.0,0
real_retained,14,1,1786302325586656000,1603,1604,3264,1786302322186656000,0,0,0,218,0,0,0,1088,0.0,0
real_retained,16,0,1786302325586656000,1612,1614,29925,1786302321753334000,0,0,0,1188,0,0,0,9975,0.0,0
real_retained,16,1,1786302325586656000,1613,1614,5403,1786302321753334000,0,0,0,418,0,0,0,1801,0.0,0
real_retained,17,0,1786302325586656000,1622,1624,44151,1786302321320000000,0,0,0,1277,0,0,0,14717,0.0,0
real_retained,17,1,1786302325586656000,1623,1624,7161,1786302321320000000,0,0,0,570,0,0,0,2387,0.0,0
real_retained,18,0,1786302325586656000,1632,1633,5769,1786302323020011000,0,0,0,619,2,0,0,1923,0.0,0
real_retained,19,0,1786302325586656000,1635,1636,3741,1786302321320000000,0,0,0,192,0,0,0,1247,0.0,0
real_retained,20,0,1786302325586656000,1638,1639,5268,1786279301400977000,0,0,307,526,0,0,53,206,0.539906,0
real_retained,1,0,1786302327720000000,1729,1731,134766,1786302314953334000,0,0,0,1469,0,0,0,44922,0.125151,0
real_retained,1,1,1786302327720000000,1730,1731,3984,1786302315053334000,0,0,0,155,0,0,0,1328,0.0,0
real_retained,2,0,1786302327720000000,1739,1740,9153,1786302325586656000,1786302327720000000,765,132,550,511,5,38,309,0.0,0
real_retained,3,0,1786302327720000000,1746,1747,29094,1786302321053334000,0,0,2,1500,0,0,2,889,3.46347,0
real_retained,4,0,1786302327720000000,1749,1751,251820,1786302319653334000,0,0,0,1380,0,0,0,83940,1.00966,0
real_retained,4,1,1786302327720000000,1750,1751,22377,1786302319619989000,0,0,0,24,0,0,0,7459,0.0,0
real_retained,5,0,1786302327720000000,1759,1761,21714,1786302319220000000,0,0,29,1445,0,0,22,646,0.0,0
real_retained,5,1,1786302327720000000,1760,1761,1977,1786302320053345000,0,0,0,34,0,0,0,659,0.0,0
real_retained,6,0,1786302327720000000,1769,1771,172254,1786302322619989000,0,0,0,1465,0,0,0,57418,0.0,0
real_retained,6,1,1786302327720000000,1770,1771,25599,1786302322619989000,0,0,0,1059,0,0,0,8533,0.0,0
real_retained,7,0,1786302327720000000,1779,1780,10272,1786302320286689000,0,0,0,370,0,0,0,3424,0.0,0
real_retained,10,0,1786302327720000000,1782,1783,11730,1786302319686667000,0,0,0,1442,0,0,0,3910,3.03772,0
real_retained,11,0,1786302327720000000,1785,1786,14109,1786302323020011000,0,0,0,931,0,0,0,4703,0.0,0
real_retained,13,0,1786302327720000000,1788,1789,3531,1786302322619989000,0,0,0,345,0,0,0,1177,1.92486,0
real_retained,14,0,1786302327720000000,1791,1793,13311,1786302322186656000,0,0,0,734,0,0,0,4437,0.0,0
real_retained,14,1,1786302327720000000,1792,1793,3264,1786302322186656000,0,0,0,218,0,0,0,1088,0.0,0
real_retained,16,0,1786302327720000000,1801,1803,29925,1786302321753334000,0,0,0,1188,0,0,0,9975,0.0,0
real_retained,16,1,1786302327720000000,1802,1803,10683,1786302321819989000,0,0,0,418,0,0,0,3561,0.0,0
real_retained,17,0,1786302327720000000,1811,1813,44151,1786302321320000000,0,0,0,1277,0,0,0,14717,0.0,0
real_retained,17,1,1786302327720000000,1812,1813,15192,1786302321686656000,0,0,0,570,0,0,0,5064,0.0,0
real_retained,18,0,1786302327720000000,1821,1822,5769,1786302323020011000,0,0,4,619,1,0,1,220,0.0,0
real_retained,19,0,1786302327720000000,1824,1825,7038,1786302321320000000,0,0,0,192,0,0,0,2346,0.0,0
real_retained,20,0,1786302327720000000,1827,1828,5268,1786279301400977000,0,0,307,526,0,0,53,206,0.539906,0
real_retained,1,0,1786302329853323000,1903,1905,134766,1786302314953334000,0,0,0,1469,0,0,0,44922,0.125151,0
real_retained,1,1,1786302329853323000,1904,1905,3984,1786302315053334000,0,0,0,155,0,0,0,1328,0.0,0
real_retained,2,0,1786302329853323000,1913,1914,9153,1786302327720000000,1786302329853323000,508,197,541,389,12,49,309,0.0,0
real_retained,3,0,1786302329853323000,1920,1921,29094,1786302321053334000,0,0,2,1500,0,0,2,889,3.46347,0
real_retained,4,0,1786302329853323000,1923,1925,251820,1786302319653334000,0,0,0,1380,0,0,0,83940,1.00966,0
real_retained,4,1,1786302329853323000,1924,1925,22377,1786302319619989000,0,0,0,24,0,0,0,7459,0.0,0
real_retained,5,0,1786302329853323000,1933,1935,21714,1786302319220000000,0,0,29,1445,0,0,22,646,0.0,0
real_retained,5,1,1786302329853323000,1934,1935,1977,1786302320053345000,0,0,0,34,0,0,0,659,0.0,0
real_retained,6,0,1786302329853323000,1943,1945,172254,1786302322619989000,0,0,0,1465,0,0,0,57418,0.0,0
real_retained,6,1,1786302329853323000,1944,1945,47058,1786302322820000000,0,0,0,488,0,0,0,15686,0.0,0
real_retained,7,0,1786302329853323000,1953,1954,10272,1786302320286689000,0,0,0,370,0,0,0,3424,0.0,0
real_retained,10,0,1786302329853323000,1956,1957,11730,1786302319686667000,0,0,0,1442,0,0,0,3910,3.03772,0
real_retained,11,0,1786302329853323000,1959,1960,20433,1786302323420000000,0,0,1,862,0,0,1,450,0.0,0
real_retained,13,0,1786302329853323000,1962,1963,6591,1786302322986667000,0,0,0,518,0,0,0,2197,1.92486,0
real_retained,14,0,1786302329853323000,1965,1967,13311,1786302322186656000,0,0,0,734,0,0,0,4437,0.0,0
real_retained,14,1,1786302329853323000,1966,1967,6213,1786302322286656000,0,0,0,218,0,0,0,2071,0.0,0
real_retained,16,0,1786302329853323000,1975,1977,29925,1786302321753334000,0,0,0,1188,0,0,0,9975,0.0,0
real_retained,16,1,1786302329853323000,1976,1977,10683,1786302321819989000,0,0,0,418,0,0,0,3561,0.0,0
real_retained,17,0,1786302329853323000,1985,1987,44151,1786302321320000000,0,0,0,1277,0,0,0,14717,0.0,0
real_retained,17,1,1786302329853323000,1986,1987,15192,1786302321686656000,0,0,0,570,0,0,0,5064,0.0,0
real_retained,18,0,1786302329853323000,1995,1996,11889,1786302324053323000,0,0,9,842,1,0,1,285,0.0,0
real_retained,19,0,1786302329853323000,1998,1999,7038,1786302321320000000,0,0,0,192,0,0,0,2346,0.0,0
real_retained,20,0,1786302329853323000,2001,2002,5268,1786279301400977000,0,0,307,526,0,0,53,206,0.539906,0
real_retained,1,0,1786302331986667000,2045,2047,134766,1786302314953334000,0,0,0,1469,0,0,0,44922,0.125151,0
real_retained,1,1,1786302331986667000,2046,2047,3984,1786302315053334000,0,0,0,155,0,0,0,1328,0.0,0
real_retained,2,0,1786302331986667000,2055,2056,9153,1786302329853323000,1786302331986667000,604,226,552,380,21,57,309,0.0,0
real_retained,3,0,1786302331986667000,2062,2063,29094,1786302321053334000,0,0,2,1500,0,0,2,889,3.46347,0
real_retained,4,0,1786302331986667000,2065,2067,251820,1786302319653334000,0,0,0,1380,0,0,0,83940,1.00966,0
real_retained,4,1,1786302331986667000,2066,2067,22377,1786302319619989000,0,0,0,24,0,0,0,7459,0.0,0
real_retained,5,0,1786302331986667000,2075,2077,21714,1786302319220000000,0,0,29,1445,0,0,22,646,0.0,0
real_retained,5,1,1786302331986667000,2076,2077,1977,1786302320053345000,0,0,0,34,0,0,0,659,0.0,0
real_retained,6,0,1786302331986667000,2085,2087,172254,1786302322619989000,0,0,0,1465,0,0,0,57418,0.0,0
real_retained,6,1,1786302331986667000,2086,2087,47058,1786302322820000000,0,0,0,488,0,0,0,15686,0.0,0
real_retained,7,0,1786302331986667000,2100,2101,10272,1786302320286689000,0,0,0,370,0,0,0,3424,0.0,0
real_retained,10,0,1786302331986667000,2103,2104,11730,1786302319686667000,0,0,0,1442,0,0,0,3910,3.03772,0
real_retained,11,0,1786302331986667000,2106,2107,20433,1786302323420000000,0,0,1,862,0,0,1,450,0.0,0
real_retained,13,0,1786302331986667000,2109,2110,6591,1786302322986667000,0,0,0,518,0,0,0,2197,1.92486,0
real_retained,14,0,1786302331986667000,2112,2114,13311,1786302322186656000,0,0,0,734,0,0,0,4437,0.0,0
real_retained,14,1,1786302331986667000,2113,2114,6213,1786302322286656000,0,0,0,218,0,0,0,2071,0.0,0
real_retained,16,0,1786302331986667000,2122,2124,29925,1786302321753334000,0,0,0,1188,0,0,0,9975,0.0,0
real_retained,16,1,1786302331986667000,2123,2124,10683,1786302321819989000,0,0,0,418,0,0,0,3561,0.0,0
real_retained,17,0,1786302331986667000,2132,2134,44151,1786302321320000000,0,0,0,1277,0,0,0,14717,0.0,0
real_retained,17,1,1786302331986667000,2133,2134,15192,1786302321686656000,0,0,0,570,0,0,0,5064,0.0,0
real_retained,18,0,1786302331986667000,2142,2143,11889,1786302324053323000,0,0,14,842,1,1,1,285,0.0,0
real_retained,19,0,1786302331986667000,2145,2146,7038,1786302321320000000,0,0,0,192,0,0,0,2346,0.0,0
real_retained,20,0,1786302331986667000,2148,2149,5268,1786279301400977000,0,0,307,526,0,0,53,206,0.539906,0
real_retained,1,0,1786302334153323000,2190,2192,134766,1786302314953334000,0,0,0,1469,0,0,0,44922,0.125151,0
real_retained,1,1,1786302334153323000,2191,2192,3984,1786302315053334000,0,0,0,155,0,0,0,1328,0.0,0
real_retained,2,0,1786302334153323000,2200,2201,9153,1786302331986667000,1786302334153323000,546,238,586,431,2,54,309,0.0,0
real_retained,3,0,1786302334153323000,2207,2208,29094,1786302321053334000,0,0,2,1500,0,0,2,889,3.46347,0
real_retained,4,0,1786302334153323000,2210,2212,251820,1786302319653334000,0,0,0,1380,0,0,0,83940,1.00966,0
real_retained,4,1,1786302334153323000,2211,2212,22377,1786302319619989000,0,0,0,24,0,0,0,7459,0.0,0
real_retained,5,0,1786302334153323000,2220,2222,21714,1786302319220000000,0,0,29,1445,0,0,22,646,0.0,0
real_retained,5,1,1786302334153323000,2221,2222,1977,1786302320053345000,0,0,0,34,0,0,0,659,0.0,0
real_retained,6,0,1786302334153323000,2230,2232,172254,1786302322619989000,0,0,0,1465,0,0,0,57418,0.0,0
real_retained,6,1,1786302334153323000,2231,2232,47058,1786302322820000000,0,0,1,488,0,0,1,954,0.0,0
real_retained,7,0,1786302334153323000,2240,2241,10272,1786302320286689000,0,0,0,370,0,0,0,3424,0.0,0
real_retained,10,0,1786302334153323000,2243,2244,11730,1786302319686667000,0,0,0,1442,0,0,0,3910,3.03772,0
real_retained,11,0,1786302334153323000,2246,2247,20433,1786302323420000000,1786302334153323000,117,145,862,143,30,65,450,0.202564,0
real_retained,13,0,1786302334153323000,2253,2254,6591,1786302322986667000,0,0,29,518,3,3,6,155,1.92486,0
real_retained,14,0,1786302334153323000,2256,2258,13311,1786302322186656000,0,0,0,734,0,0,0,4437,0.0,0
real_retained,14,1,1786302334153323000,2257,2258,6213,1786302322286656000,0,0,0,218,0,0,0,2071,0.0,0
real_retained,16,0,1786302334153323000,2266,2268,29925,1786302321753334000,0,0,0,1188,0,0,0,9975,0.0,0
real_retained,16,1,1786302334153323000,2267,2268,10683,1786302321819989000,0,0,0,418,0,0,0,3561,0.0,0
real_retained,17,0,1786302334153323000,2276,2278,44151,1786302321320000000,0,0,0,1277,0,0,0,14717,0.0,0
real_retained,17,1,1786302334153323000,2277,2278,15192,1786302321686656000,0,0,0,570,0,0,0,5064,0.0,0
real_retained,18,0,1786302334153323000,2286,2287,11889,1786302324053323000,1786302334153323000,264,59,62,62,3,21,285,0.0,0
real_retained,19,0,1786302334153323000,2293,2294,7038,1786302321320000000,0,0,0,192,0,0,0,2346,0.0,0
real_retained,20,0,1786302334153323000,2296,2297,5268,1786279301400977000,0,0,307,526,0,0,53,206,0.539906,0
real_retained,1,0,1786302336220011000,2351,2353,134766,1786302314953334000,0,0,0,1469,0,0,0,44922,0.125151,0
real_retained,1,1,1786302336220011000,2352,2353,3984,1786302315053334000,0,0,0,155,0,0,0,1328,0.0,0
real_retained,2,0,1786302336220011000,2361,2362,22263,1786302334153323000,1786302336220011000,634,199,653,443,0,47,600,0.0,0
real_retained,3,0,1786302336220011000,2368,2369,29094,1786302321053334000,0,0,2,1500,0,0,2,889,3.46347,0
real_retained,4,0,1786302336220011000,2371,2373,251820,1786302319653334000,0,0,0,1380,0,0,0,83940,1.00966,0
real_retained,4,1,1786302336220011000,2372,2373,22377,1786302319619989000,0,0,0,24,0,0,0,7459,0.0,0
real_retained,5,0,1786302336220011000,2381,2383,21714,1786302319220000000,0,0,29,1445,0,0,22,646,0.0,0
real_retained,5,1,1786302336220011000,2382,2383,1977,1786302320053345000,0,0,0,34,0,0,0,659,0.0,0
real_retained,6,0,1786302336220011000,2391,2393,172254,1786302322619989000,1786302336220011000,637,28,1465,239,7,4,2737,0.0,0
real_retained,6,1,1786302336220011000,2392,2393,47058,1786302322820000000,1786302336220011000,194,140,498,101,33,57,954,1.74128,0
real_retained,7,0,1786302336220011000,2407,2408,10272,1786302320286689000,0,0,0,370,0,0,0,3424,0.0,0
real_retained,10,0,1786302336220011000,2410,2411,11730,1786302319686667000,0,0,0,1442,0,0,0,3910,3.03772,0
real_retained,11,0,1786302336220011000,2413,2414,20433,1786302334153323000,1786302336220011000,1127,336,894,396,16,72,450,0.0,0
real_retained,13,0,1786302336220011000,2420,2421,6591,1786302322986667000,1786302336220011000,245,155,167,167,0,42,155,0.113624,0
real_retained,14,0,1786302336220011000,2427,2429,13311,1786302322186656000,0,0,0,734,0,0,0,4437,0.0,0
real_retained,14,1,1786302336220011000,2428,2429,6213,1786302322286656000,0,0,0,218,0,0,0,2071,0.0,0
real_retained,16,0,1786302336220011000,2437,2439,29925,1786302321753334000,0,0,0,1188,0,0,0,9975,0.0,0
real_retained,16,1,1786302336220011000,2438,2439,10683,1786302321819989000,0,0,0,418,0,0,0,3561,0.0,0
real_retained,17,0,1786302336220011000,2447,2449,44151,1786302321320000000,0,0,0,1277,0,0,0,14717,0.0,0
real_retained,17,1,1786302336220011000,2448,2449,15192,1786302321686656000,0,0,0,570,0,0,0,5064,0.0,0
real_retained,18,0,1786302336220011000,2457,2458,11889,1786302334153323000,1786302336220011000,412,137,221,217,2,52,285,0.0,0
real_retained,19,0,1786302336220011000,2464,2465,7038,1786302321320000000,0,0,0,192,0,0,0,2346,0.0,0
real_retained,20,0,1786302336220011000,2467,2468,5268,1786279301400977000,0,0,307,526,0,0,53,206,0.539906,0
real_retained,1,0,1786302338353323000,2508,2510,134766,1786302314953334000,0,0,0,1469,0,0,0,44922,0.125151,0
real_retained,1,1,1786302338353323000,2509,2510,3984,1786302315053334000,0,0,0,155,0,0,0,1328,0.0,0
real_retained,2,0,1786302338353323000,2518,2519,22263,1786302336220011000,1786302336653323000,1,103,654,33,0,38,600,0.0,0
real_retained,3,0,1786302338353323000,2525,2526,29094,1786302321053334000,0,0,2,1500,0,0,2,889,3.46347,0
real_retained,4,0,1786302338353323000,2528,2530,251820,1786302319653334000,0,0,0,1380,0,0,0,83940,1.00966,0
real_retained,4,1,1786302338353323000,2529,2530,22377,1786302319619989000,0,0,0,24,0,0,0,7459,0.0,0
real_retained,5,0,1786302338353323000,2538,2540,21714,1786302319220000000,0,0,29,1445,0,0,22,646,0.0,0
real_retained,5,1,1786302338353323000,2539,2540,1977,1786302320053345000,0,0,0,34,0,0,0,659,0.0,0
real_retained,6,0,1786302338353323000,2548,2550,172254,1786302336220011000,1786302338353323000,8014,316,1439,879,131,117,2737,0.321877,0
real_retained,6,1,1786302338353323000,2549,2550,47058,1786302336220011000,1786302338353323000,2714,465,795,701,291,146,954,2.75556,0
real_retained,7,0,1786302338353323000,2562,2563,10272,1786302320286689000,0,0,0,370,0,0,0,3424,0.0,0
real_retained,10,0,1786302338353323000,2565,2566,11730,1786302319686667000,0,0,0,1442,0,0,0,3910,3.03772,0
real_retained,11,0,1786302338353323000,2568,2569,20433,1786302336220011000,1786302338353323000,1553,272,929,454,75,82,450,0.0,0
real_retained,13,0,1786302338353323000,2575,2576,6591,1786302336220011000,1786302338353323000,428,206,291,291,16,37,155,0.0,0
real_retained,14,0,1786302338353323000,2582,2584,13311,1786302322186656000,1786302338353323000,92,37,734,149,28,20,248,0.141228,0
real_retained,14,1,1786302338353323000,2583,2584,6213,1786302322286656000,1786302338353323000,42,24,218,51,31,13,148,2.83343,0
real_retained,16,0,1786302338353323000,2596,2598,29925,1786302321753334000,1786302338353323000,188,73,1188,501,55,54,423,0.0,0
real_retained,16,1,1786302338353323000,2597,2598,10683,1786302321819989000,1786302338353323000,147,12,418,234,62,12,234,0.484911,0
real_retained,17,0,1786302338353323000,2610,2612,44151,1786302321320000000,1786302338353323000,63,48,1277,212,30,48,537,0.0368292,0
real_retained,17,1,1786302338353323000,2611,2612,15192,1786302321686656000,1786302338353323000,46,13,570,125,67,13,294,0.960498,0
real_retained,18,0,1786302338353323000,2624,2625,11889,1786302336220011000,1786302338353323000,375,187,236,205,7,52,285,0.0,0
real_retained,19,0,1786302338353323000,2631,2632,7038,1786302321320000000,0,0,0,192,0,0,0,2346,0.0,0
real_retained,20,0,1786302338353323000,2634,2635,5268,1786279301400977000,0,0,307,526,0,0,53,206,0.539906,0
real_retained,1,0,1786302340453323000,2689,2691,134766,1786302314953334000,0,0,0,1469,0,0,0,44922,0.125151,0
real_retained,1,1,1786302340453323000,2690,2691,3984,1786302315053334000,0,0,0,155,0,0,0,1328,0.0,0
real_retained,2,0,1786302340453323000,2699,2700,22263,1786302336653323000,0,0,66,654,0,0,30,600,0.0,0
real_retained,3,0,1786302340453323000,2702,2703,29094,1786302321053334000,0,0,9,1500,2,1,5,889,3.46347,0
real_retained,4,0,1786302340453323000,2705,2707,251820,1786302319653334000,0,0,0,1380,0,0,0,83940,1.00966,0
real_retained,4,1,1786302340453323000,2706,2707,22377,1786302319619989000,0,0,0,24,0,0,0,7459,0.0,0
real_retained,5,0,1786302340453323000,2715,2717,21714,1786302319220000000,0,0,29,1445,0,0,22,646,0.0,0
real_retained,5,1,1786302340453323000,2716,2717,1977,1786302320053345000,0,0,0,34,0,0,0,659,0.0,0
real_retained,6,0,1786302340453323000,2725,2727,172254,1786302338353323000,1786302340453323000,7586,687,1270,629,7,175,2737,0.290529,0
real_retained,6,1,1786302340453323000,2726,2727,47058,1786302338353323000,1786302340453323000,2795,346,582,466,46,126,954,2.73975,0
real_retained,7,0,1786302340453323000,2739,2740,10272,1786302320286689000,0,0,0,370,0,0,0,3424,0.0,0
real_retained,10,0,1786302340453323000,2742,2743,11730,1786302319686667000,0,0,0,1442,0,0,0,3910,3.03772,0
real_retained,11,0,1786302340453323000,2745,2746,20433,1786302338353323000,1786302339619989000,502,50,856,317,5,34,450,0.0,0
real_retained,12,0,1786302340453323000,2752,2753,6090,1786302336653323000,1786302337053334000,54,0,556,556,1,0,184,0.0,0
real_retained,13,0,1786302340453323000,2759,2760,6591,1786302338353323000,1786302340453323000,278,122,283,279,1,37,155,0.0,0
real_retained,14,0,1786302340453323000,2766,2768,13311,1786302338353323000,1786302340453323000,442,185,697,296,20,47,248,0.0,0
real_retained,14,1,1786302340453323000,2767,2768,6213,1786302338353323000,1786302340453323000,217,123,250,149,37,36,148,3.04919,0
real_retained,16,0,1786302340453323000,2780,2782,29925,1786302338353323000,1786302340453323000,935,261,1133,596,23,67,423,0.0,0
real_retained,16,1,1786302340453323000,2781,2782,10683,1786302338353323000,1786302340453323000,726,51,488,397,16,16,234,0.115878,0
real_retained,17,0,1786302340453323000,2794,2796,44151,1786302338353323000,1786302340453323000,994,440,1232,951,167,139,537,0.242577,0
real_retained,17,1,1786302340453323000,2795,2796,15192,1786302338353323000,1786302340453323000,701,163,562,511,281,59,294,1.91545,0
real_retained,18,0,1786302340453323000,2808,2809,11889,1786302338353323000,1786302339186656000,32,52,232,77,0,30,285,0.0,0
real_retained,19,0,1786302340453323000,2815,2816,7038,1786302321320000000,1786302340453323000,10,32,192,27,9,15,209,0.0,0
real_retained,20,0,1786302340453323000,2822,2823,5268,1786279301400977000,0,0,307,526,0,0,53,206,0.539906,0
real_retained,1,0,1786302342553334000,2878,2880,134766,1786302314953334000,0,0,0,1469,0,0,0,44922,0.125151,0
real_retained,1,1,1786302342553334000,2879,2880,3984,1786302315053334000,0,0,0,155,0,0,0,1328,0.0,0
real_retained,2,0,1786302342553334000,2888,2889,34959,1786302336786667000,0,0,66,494,0,0,30,720,0.0,0
real_retained,3,0,1786302342553334000,2891,2892,29094,1786302321053334000,0,0,233,1500,110,53,94,889,3.66379,0
real_retained,4,0,1786302342553334000,2894,2896,251820,1786302319653334000,0,0,0,1380,0,0,0,83940,1.00966,0
real_retained,4,1,1786302342553334000,2895,2896,22377,1786302319619989000,0,0,0,24,0,0,0,7459,0.0,0
real_retained,5,0,1786302342553334000,2904,2906,21714,1786302319220000000,0,0,29,1445,0,0,22,646,0.0,0
real_retained,5,1,1786302342553334000,2905,2906,1977,1786302320053345000,0,0,0,34,0,0,0,659,0.0,0
real_retained,6,0,1786302342553334000,2914,2916,172254,1786302340453323000,1786302342553334000,2537,462,1248,486,23,134,2737,0.28957,0
real_retained,6,1,1786302342553334000,2915,2916,47058,1786302340453323000,1786302342553334000,936,31,553,359,40,20,954,2.73975,0
real_retained,7,0,1786302342553334000,2928,2929,10272,1786302320286689000,0,0,0,370,0,0,0,3424,0.0,0
real_retained,10,0,1786302342553334000,2931,2932,11730,1786302319686667000,0,0,0,1442,0,0,0,3910,3.03772,0
real_retained,11,0,1786302342553334000,2934,2935,20433,1786302339619989000,0,0,5,851,0,0,2,450,0.0,0
real_retained,12,0,1786302342553334000,2937,2938,6090,1786302337053334000,0,0,0,554,0,0,0,2030,0.0,0
real_retained,13,0,1786302342553334000,2940,2941,6591,1786302340453323000,0,0,1,281,0,0,1,155,0.0,0
real_retained,14,0,1786302342553334000,2943,2945,13311,1786302340453323000,1786302340853334000,4,18,666,49,0,18,248,0.0,0
real_retained,14,1,1786302342553334000,2944,2945,6213,1786302340453323000,1786302340853334000,5,7,204,18,0,7,148,3.04919,0
real_retained,16,0,1786302342553334000,2957,2959,29925,1786302340453323000,1786302342553334000,686,248,1104,523,43,73,423,0.0,0
real_retained,16,1,1786302342553334000,2958,2959,10683,1786302340453323000,1786302342553334000,492,38,490,299,30,14,234,0.0101918,0
real_retained,17,0,1786302342553334000,2971,2973,44151,1786302340453323000,1786302342553334000,1193,595,1040,808,92,154,537,0.194476,0
real_retained,17,1,1786302342553334000,2972,2973,15192,1786302340453323000,1786302342553334000,809,161,323,242,76,46,294,1.93818,0
real_retained,18,0,1786302342553334000,2985,2986,11889,1786302339186656000,0,0,7,232,0,0,4,285,0.0,0
real_retained,19,0,1786302342553334000,2988,2989,7038,1786302340453323000,1786302342553334000,166,212,242,139,29,58,209,0.0,0
real_retained,20,0,1786302342553334000,2995,2996,5268,1786279301400977000,0,0,307,526,4,0,53,206,0.539906,0
real_retained,1,0,1786302344653345000,3048,3050,134766,1786302314953334000,0,0,0,1469,0,0,0,44922,0.125151,0
real_retained,1,1,1786302344653345000,3049,3050,3984,1786302315053334000,0,0,0,155,0,0,0,1328,0.0,0
real_retained,2,0,1786302344653345000,3058,3059,34959,1786302336786667000,0,0,66,494,0,0,30,720,0.0,0
real_retained,3,0,1786302344653345000,3061,3062,29094,1786302321053334000,0,0,433,1500,85,51,133,889,3.76259,0
real_retained,4,0,1786302344653345000,3064,3066,251820,1786302319653334000,0,0,0,1380,0,0,0,83940,1.00966,0
real_retained,4,1,1786302344653345000,3065,3066,22377,1786302319619989000,0,0,0,24,0,0,0,7459,0.0,0
real_retained,5,0,1786302344653345000,3074,3076,21714,1786302319220000000,0,0,47,1445,45,0,36,646,0.0,0
real_retained,5,1,1786302344653345000,3075,3076,1977,1786302320053345000,0,0,0,34,0,0,0,659,0.0,0
real_retained,6,0,1786302344653345000,3084,3086,172254,1786302342553334000,1786302343853323000,282,96,1223,90,1,47,2737,0.284837,0
real_retained,6,1,1786302344653345000,3085,3086,47058,1786302342553334000,1786302343853323000,91,0,521,85,0,0,954,2.73975,0
real_retained,7,0,1786302344653345000,3098,3099,10272,1786302320286689000,0,0,113,370,109,86,81,241,2.74602,0
real_retained,10,0,1786302344653345000,3101,3102,11730,1786302319686667000,0,0,0,1442,0,0,0,3910,3.03772,0
real_retained,11,0,1786302344653345000,3104,3105,20433,1786302339619989000,0,0,5,851,0,0,2,450,0.0,0
real_retained,12,0,1786302344653345000,3107,3108,12105,1786302337420023000,0,0,0,554,0,0,0,4035,0.0,0
real_retained,13,0,1786302344653345000,3110,3111,6591,1786302340453323000,0,0,1,281,0,0,1,155,0.0,0
real_retained,14,0,1786302344653345000,3113,3115,13311,1786302340853334000,0,0,0,666,0,0,0,4437,0.0,0
real_retained,14,1,1786302344653345000,3114,3115,6213,1786302340853334000,0,0,0,204,0,0,0,2071,3.04919,0
real_retained,16,0,1786302344653345000,3123,3125,29925,1786302342553334000,0,0,92,1048,114,19,42,423,0.0,0
real_retained,16,1,1786302344653345000,3124,3125,10683,1786302342553334000,0,0,6,456,1,0,3,234,0.0101918,0
real_retained,17,0,1786302344653345000,3133,3135,44151,1786302342553334000,1786302344653345000,277,394,936,336,45,91,537,0.177144,0
real_retained,17,1,1786302344653345000,3134,3135,15192,1786302342553334000,1786302344653345000,137,85,309,133,23,23,294,1.93352,0
real_retained,18,0,1786302344653345000,3147,3148,11889,1786302339186656000,0,0,7,232,0,0,4,285,0.0,0
real_retained,19,0,1786302344653345000,3150,3151,7038,1786302342553334000,1786302344653345000,140,187,212,64,11,53,209,0.0,0
real_retained,20,0,1786302344653345000,3157,3158,5268,1786279301400977000,0,0,325,526,25,7,63,206,0.539906,0
real_retained,1,0,1786302346786656000,3225,3227,134766,1786302314953334000,0,0,0,1469,0,0,0,44922,0.125151,0
real_retained,1,1,1786302346786656000,3226,3227,3984,1786302315053334000,0,0,0,155,0,0,0,1328,0.0,0
real_retained,2,0,1786302346786656000,3235,3236,34959,1786302336786667000,0,0,66,494,0,0,30,720,0.0,0
real_retained,3,0,1786302346786656000,3238,3239,29094,1786302321053334000,1786302346786656000,213,581,0,0,0,147,889,3.76259,0
real_retained,4,0,1786302346786656000,3245,3247,251820,1786302319653334000,0,0,0,1380,0,0,0,83940,1.00966,0
real_retained,4,1,1786302346786656000,3246,3247,22377,1786302319619989000,0,0,0,24,0,0,0,7459,0.0,0
real_retained,5,0,1786302346786656000,3257,3259,21714,1786302319220000000,1786302346786656000,108,120,1445,244,7,66,646,0.0,0
real_retained,5,1,1786302346786656000,3258,3259,1977,1786302320053345000,0,0,2,34,7,0,1,79,0.0,0
real_retained,6,0,1786302346786656000,3267,3269,172254,1786302343853323000,0,0,0,1222,0,0,0,57418,0.284837,0
real_retained,6,1,1786302346786656000,3268,3269,47058,1786302343853323000,0,0,0,521,0,0,0,15686,2.73975,0
real_retained,7,0,1786302346786656000,3277,3278,10272,1786302320286689000,1786302346786656000,18,712,370,210,104,144,241,3.80666,0
real_retained,10,0,1786302346786656000,3284,3285,11730,1786302319686667000,0,0,7,1442,95,0,4,672,2.94377,0
real_retained,11,0,1786302346786656000,3287,3288,37380,1786302340719989000,0,0,2,470,0,0,2,820,0.0,0
real_retained,12,0,1786302346786656000,3290,3291,12105,1786302337420023000,0,0,0,554,0,0,0,4035,0.0,0
real_retained,13,0,1786302346786656000,3293,3294,11478,1786302340586656000,0,0,1,281,0,0,1,248,0.0,0
real_retained,14,0,1786302346786656000,3296,3298,13311,1786302340853334000,0,0,0,666,0,0,0,4437,0.0,0
real_retained,14,1,1786302346786656000,3297,3298,6213,1786302340853334000,0,0,0,204,0,0,0,2071,3.04919,0
real_retained,16,0,1786302346786656000,3306,3308,29925,1786302342553334000,0,0,92,1048,0,0,42,423,0.0,0
real_retained,16,1,1786302346786656000,3307,3308,10683,1786302342553334000,0,0,6,456,0,0,3,234,0.0101918,0
real_retained,17,0,1786302346786656000,3316,3318,44151,1786302344653345000,1786302345086667000,20,128,895,106,9,64,537,0.174758,0
real_retained,17,1,1786302346786656000,3317,3318,15192,1786302344653345000,1786302345086667000,9,27,286,18,0,12,294,1.93352,0
real_retained,18,0,1786302346786656000,3330,3331,18162,1786302339253334000,0,0,7,232,0,0,4,413,0.0,0
real_retained,19,0,1786302346786656000,3333,3334,7038,1786302344653345000,1786302346786656000,127,188,205,42,9,50,209,0.0,0
real_retained,20,0,1786302346786656000,3340,3341,5268,1786279301400977000,0,0,334,526,27,13,67,206,0.539906,0
real_retained,1,0,1786302348953323000,3406,3408,134766,1786302314953334000,0,0,0,1469,0,0,0,44922,0.125151,0
real_retained,1,1,1786302348953323000,3407,3408,3984,1786302315053334000,0,0,0,155,0,0,0,1328,0.0,0
real_retained,2,0,1786302348953323000,3416,3417,34959,1786302336786667000,0,0,66,494,0,0,30,720,0.0,0
real_retained,3,0,1786302348953323000,3419,3420,29094,1786302346786656000,1786302348953323000,357,98,21,21,0,31,889,2.40436,0
real_retained,4,0,1786302348953323000,3426,3428,251820,1786302319653334000,0,0,0,1380,0,0,0,83940,1.00966,0
real_retained,4,1,1786302348953323000,3427,3428,22377,1786302319619989000,0,0,0,24,0,0,0,7459,0.0,0
real_retained,5,0,1786302348953323000,3436,3438,21714,1786302346786656000,1786302348953323000,109,63,1396,194,2,33,646,0.0,0
real_retained,5,1,1786302348953323000,3437,3438,1977,1786302320053345000,0,0,4,34,0,0,1,79,0.0,0
real_retained,6,0,1786302348953323000,3446,3448,172254,1786302343853323000,0,0,0,1222,0,0,0,57418,0.284837,0
real_retained,6,1,1786302348953323000,3447,3448,47058,1786302343853323000,0,0,0,521,0,0,0,15686,2.73975,0
real_retained,7,0,1786302348953323000,3456,3457,10272,1786302346786656000,1786302348953323000,35,774,370,177,85,181,241,3.88844,0
real_retained,10,0,1786302348953323000,3463,3464,11730,1786302319686667000,0,0,26,1442,195,0,10,672,2.84091,0
real_retained,11,0,1786302348953323000,3466,3467,37380,1786302340719989000,0,0,2,470,0,0,2,820,0.0,0
real_retained,12,0,1786302348953323000,3469,3470,12105,1786302337420023000,0,0,0,554,0,0,0,4035,0.0,0
real_retained,13,0,1786302348953323000,3472,3473,11478,1786302340586656000,0,0,1,281,0,0,1,248,0.0,0
real_retained,14,0,1786302348953323000,3475,3477,13311,1786302340853334000,0,0,0,666,0,0,0,4437,0.0,0
real_retained,14,1,1786302348953323000,3476,3477,9258,1786302341620000000,0,0,0,204,0,0,0,3086,3.04919,0
real_retained,16,0,1786302348953323000,3485,3487,29925,1786302342553334000,0,0,92,1048,0,0,42,423,0.0,0
real_retained,16,1,1786302348953323000,3486,3487,16665,1786302342820000000,0,0,10,456,0,0,5,301,0.0101918,0
real_retained,17,0,1786302348953323000,3495,3497,44151,1786302345086667000,0,0,69,895,0,0,56,537,0.174758,0
real_retained,17,1,1786302348953323000,3496,3497,15192,1786302345086667000,0,0,16,286,0,0,10,294,1.93352,0
real_retained,18,0,1786302348953323000,3505,3506,18162,1786302339253334000,0,0,7,232,0,0,4,413,0.0,0
real_retained,19,0,1786302348953323000,3508,3509,7038,1786302346786656000,1786302348953323000,20,40,205,16,6,21,209,0.0,0
real_retained,20,0,1786302348953323000,3515,3516,5268,1786279301400977000,0,0,334,526,0,0,67,206,0.539906,0
real_retained,1,0,1786302351086667000,3574,3576,134766,1786302314953334000,0,0,0,1469,0,0,0,44922,0.125151,0
real_retained,1,1,1786302351086667000,3575,3576,3984,1786302315053334000,0,0,0,155,0,0,0,1328,0.0,0
real_retained,2,0,1786302351086667000,3584,3585,34959,1786302336786667000,0,0,66,494,0,0,30,720,0.0,0
real_retained,3,0,1786302351086667000,3587,3588,29094,1786302348953323000,1786302351086667000,352,66,28,27,3,27,889,2.40436,0
real_retained,4,0,1786302351086667000,3594,3596,251820,1786302319653334000,0,0,0,1380,0,0,0,83940,1.00966,0
real_retained,4,1,1786302351086667000,3595,3596,22377,1786302319619989000,0,0,0,24,0,0,0,7459,0.0,0
real_retained,5,0,1786302351086667000,3604,3606,21714,1786302348953323000,1786302351086667000,89,178,1365,316,15,120,646,0.0,0
real_retained,5,1,1786302351086667000,3605,3606,1977,1786302320053345000,1786302351086667000,2,59,34,5,2,37,79,0.0,0
real_retained,6,0,1786302351086667000,3618,3620,172254,1786302343853323000,0,0,0,1222,0,0,0,57418,0.284837,0
real_retained,6,1,1786302351086667000,3619,3620,92952,1786302343986678000,0,0,0,216,0,0,0,30984,2.73975,0
real_retained,7,0,1786302351086667000,3628,3629,10272,1786302348953323000,1786302351086667000,33,807,370,190,97,179,241,3.89903,0
real_retained,10,0,1786302351086667000,3635,3636,11730,1786302319686667000,0,0,44,1442,237,0,14,672,2.79937,0
real_retained,11,0,1786302351086667000,3638,3639,37380,1786302340719989000,0,0,2,470,0,0,2,820,0.0,0
real_retained,12,0,1786302351086667000,3641,3642,12105,1786302337420023000,0,0,0,554,0,0,0,4035,0.0,0
real_retained,13,0,1786302351086667000,3644,3645,11478,1786302340586656000,0,0,1,281,0,0,1,248,0.0,0
real_retained,14,0,1786302351086667000,3647,3649,13311,1786302340853334000,0,0,0,666,0,0,0,4437,0.0,0
real_retained,14,1,1786302351086667000,3648,3649,9258,1786302341620000000,0,0,0,204,0,0,0,3086,3.04919,0
real_retained,16,0,1786302351086667000,3657,3659,29925,1786302342553334000,0,0,92,1048,0,0,42,423,0.0,0
real_retained,16,1,1786302351086667000,3658,3659,16665,1786302342820000000,0,0,10,456,0,0,5,301,0.0101918,0
real_retained,17,0,1786302351086667000,3667,3669,44151,1786302345086667000,0,0,69,895,0,0,56,537,0.174758,0
real_retained,17,1,1786302351086667000,3668,3669,22797,1786302345386656000,0,0,27,243,0,0,21,445,1.93352,0
real_retained,18,0,1786302351086667000,3677,3678,18162,1786302339253334000,0,0,7,232,0,0,4,413,0.0,0
real_retained,19,0,1786302351086667000,3680,3681,7038,1786302348953323000,1786302351086667000,21,10,205,13,3,8,209,0.0,0
real_retained,20,0,1786302351086667000,3687,3688,5268,1786279301400977000,0,0,337,526,24,0,68,206,0.539906,0
real_retained,1,0,1786302353220000000,3743,3745,134766,1786302314953334000,0,0,0,1469,0,0,0,44922,0.125151,0
real_retained,1,1,1786302353220000000,3744,3745,3984,1786302315053334000,0,0,0,155,0,0,0,1328,0.0,0
real_retained,2,0,1786302353220000000,3753,3754,34959,1786302336786667000,0,0,66,494,0,0,30,720,0.0,0
real_retained,3,0,1786302353220000000,3756,3757,29094,1786302351086667000,1786302353220000000,390,339,28,22,6,132,889,2.40436,0
real_retained,4,0,1786302353220000000,3763,3765,251820,1786302319653334000,1786302353220000000,28,8,1380,13,0,8,3390,1.00966,0
real_retained,4,1,1786302353220000000,3764,3765,22377,1786302319619989000,0,0,0,24,0,0,0,7459,0.0,0
real_retained,5,0,1786302353220000000,3773,3775,21714,1786302351086667000,1786302353220000000,492,506,1315,583,44,139,646,0.0,0
real_retained,5,1,1786302353220000000,3774,3775,1977,1786302351086667000,1786302353220000000,29,197,36,17,2,48,79,0.0,0
real_retained,6,0,1786302353220000000,3787,3789,172254,1786302343853323000,0,0,0,1222,0,0,0,57418,0.284837,0
real_retained,6,1,1786302353220000000,3788,3789,92952,1786302343986678000,0,0,0,216,0,0,0,30984,2.73975,0
real_retained,7,0,1786302353220000000,3797,3798,10272,1786302351086667000,1786302353220000000,76,573,370,179,88,143,241,3.97616,0
real_retained,10,0,1786302353220000000,3804,3805,11730,1786302319686667000,0,0,428,1442,565,22,175,672,2.35729,0
real_retained,11,0,1786302353220000000,3807,3808,37380,1786302340719989000,0,0,2,470,0,0,2,820,0.0,0
real_retained,12,0,1786302353220000000,3810,3811,12105,1786302337420023000,0,0,0,554,0,0,0,4035,0.0,0
real_retained,13,0,1786302353220000000,3813,3814,11478,1786302340586656000,0,0,1,281,0,0,1,248,0.0,0
real_retained,14,0,1786302353220000000,3816,3818,13311,1786302340853334000,0,0,0,666,0,0,0,4437,0.0,0
real_retained,14,1,1786302353220000000,3817,3818,9258,1786302341620000000,0,0,0,204,0,0,0,3086,3.04919,0
real_retained,16,0,1786302353220000000,3826,3828,29925,1786302342553334000,0,0,92,1048,0,0,42,423,0.0,0
real_retained,16,1,1786302353220000000,3827,3828,16665,1786302342820000000,0,0,10,456,0,0,5,301,0.0101918,0
real_retained,17,0,1786302353220000000,3836,3838,44151,1786302345086667000,0,0,69,895,0,0,56,537,0.174758,0
real_retained,17,1,1786302353220000000,3837,3838,22797,1786302345386656000,0,0,27,243,0,0,21,445,1.93352,0
real_retained,18,0,1786302353220000000,3846,3847,18162,1786302339253334000,0,0,7,232,0,0,4,413,0.0,0
real_retained,19,0,1786302353220000000,3849,3850,12621,1786302351086667000,1786302353220000000,344,13,363,177,3,6,392,0.0,0
real_retained,20,0,1786302353220000000,3856,3857,5268,1786279301400977000,0,0,473,526,223,70,107,206,0.819626,0
real_retained,1,0,1786302355353334000,3911,3913,134766,1786302314953334000,0,0,0,1469,0,0,0,44922,0.125151,0
real_retained,1,1,1786302355353334000,3912,3913,3984,1786302315053334000,0,0,0,155,0,0,0,1328,0.0,0
real_retained,2,0,1786302355353334000,3921,3922,34959,1786302336786667000,0,0,66,494,0,0,30,720,0.0,0
real_retained,3,0,1786302355353334000,3924,3925,29094,1786302353220000000,1786302355353334000,200,726,28,11,3,282,889,2.40436,0
real_retained,4,0,1786302355353334000,3931,3933,251820,1786302353220000000,1786302354519989000,238,52,1380,46,6,21,3390,0.998071,0
real_retained,4,1,1786302355353334000,3932,3933,22377,1786302319619989000,0,0,16,24,0,0,4,723,0.0,0
real_retained,5,0,1786302355353334000,3941,3943,21714,1786302353220000000,1786302355353334000,1095,428,1175,638,31,132,646,0.0,0
real_retained,5,1,1786302355353334000,3942,3943,1977,1786302353220000000,1786302355353334000,90,154,69,51,1,47,79,0.0,0
real_retained,6,0,1786302355353334000,3955,3957,172254,1786302343853323000,0,0,0,1222,0,0,0,57418,0.284837,0
real_retained,6,1,1786302355353334000,3956,3957,92952,1786302343986678000,0,0,0,216,0,0,0,30984,2.73975,0
real_retained,7,0,1786302355353334000,3966,3967,10272,1786302353220000000,1786302354086667000,9,118,370,126,33,71,241,3.97616,0
real_retained,10,0,1786302355353334000,3973,3974,11730,1786302319686667000,0,0,1140,1442,740,38,222,672,2.1763,0
real_retained,11,0,1786302355353334000,3976,3977,37380,1786302340719989000,0,0,2,470,0,0,2,820,0.0,0
real_retained,12,0,1786302355353334000,3979,3980,12105,1786302337420023000,0,0,0,554,0,0,0,4035,0.0,0
real_retained,13,0,1786302355353334000,3982,3983,11478,1786302340586656000,0,0,1,281,0,0,1,248,0.0,0
real_retained,14,0,1786302355353334000,3985,3987,13311,1786302340853334000,0,0,0,666,0,0,0,4437,0.0,0
real_retained,14,1,1786302355353334000,3986,3987,9258,1786302341620000000,0,0,0,204,0,0,0,3086,3.04919,0
real_retained,16,0,1786302355353334000,3995,3997,29925,1786302342553334000,0,0,92,1048,0,0,42,423,0.0,0
real_retained,16,1,1786302355353334000,3996,3997,16665,1786302342820000000,0,0,10,456,0,0,5,301,0.0101918,0
real_retained,17,0,1786302355353334000,4005,4007,44151,1786302345086667000,1786302355353334000,19,108,895,45,8,87,537,0.17419,0
real_retained,17,1,1786302355353334000,4006,4007,22797,1786302345386656000,1786302355353334000,15,49,243,0,0,42,445,1.93352,0
real_retained,18,0,1786302355353334000,4019,4020,18162,1786302339253334000,0,0,7,232,0,0,4,413,0.0,0
real_retained,19,0,1786302355353334000,4022,4023,12621,1786302353220000000,1786302355353334000,345,188,404,280,59,83,392,0.0,0
real_retained,20,0,1786302355353334000,4029,4030,5268,1786279301400977000,0,0,697,526,190,85,132,206,1.0322,0
real_retained,1,0,1786302357453345000,4083,4085,134766,1786302314953334000,1786302357453345000,10,2,1469,4,0,2,3204,0.125151,0
real_retained,1,1,1786302357453345000,4084,4085,3984,1786302315053334000,0,0,0,155,0,0,0,1328,0.0,0
real_retained,2,0,1786302357453345000,4093,4094,34959,1786302336786667000,0,0,66,494,0,0,30,720,0.0,0
real_retained,3,0,1786302357453345000,4098,4099,46971,1786302355353334000,1786302357453345000,973,669,70,62,0,287,1577,1.1412,0
real_retained,4,0,1786302357453345000,4105,4107,251820,1786302354519989000,1786302357453345000,1307,173,1372,259,25,100,3390,0.911041,0
real_retained,4,1,1786302357453345000,4106,4107,22377,1786302319619989000,1786302357453345000,195,37,47,23,0,7,723,0.0,0
real_retained,5,0,1786302357453345000,4119,4121,21714,1786302355353334000,1786302357453345000,832,454,1111,526,13,135,646,0.0,0
real_retained,5,1,1786302357453345000,4120,4121,14619,1786302355353334000,1786302357453345000,904,199,628,608,0,58,480,0.0,0
real_retained,6,0,1786302357453345000,4133,4135,172254,1786302343853323000,0,0,0,1222,0,0,0,57418,0.284837,0
real_retained,6,1,1786302357453345000,4134,4135,92952,1786302343986678000,0,0,0,216,0,0,0,30984,2.73975,0
real_retained,7,0,1786302357453345000,4143,4144,10272,1786302354086667000,0,0,94,370,37,10,41,241,3.97884,0
real_retained,10,0,1786302357453345000,4146,4147,11730,1786302319686667000,0,0,1940,1442,695,41,246,672,2.16915,0
real_retained,11,0,1786302357453345000,4149,4150,37380,1786302340719989000,0,0,2,470,0,0,2,820,0.0,0
real_retained,12,0,1786302357453345000,4152,4153,12105,1786302337420023000,0,0,0,554,0,0,0,4035,0.0,0
real_retained,13,0,1786302357453345000,4155,4156,11478,1786302340586656000,0,0,1,281,0,0,1,248,0.0,0
real_retained,14,0,1786302357453345000,4158,4160,13311,1786302340853334000,0,0,0,666,0,0,0,4437,0.0,0
real_retained,14,1,1786302357453345000,4159,4160,9258,1786302341620000000,0,0,0,204,0,0,0,3086,3.04919,0
real_retained,16,0,1786302357453345000,4168,4170,29925,1786302342553334000,0,0,92,1048,0,0,42,423,0.0,0
real_retained,16,1,1786302357453345000,4169,4170,16665,1786302342820000000,0,0,10,456,0,0,5,301,0.0101918,0
real_retained,17,0,1786302357453345000,4178,4180,44151,1786302355353334000,1786302356220000000,12,35,895,26,6,24,537,0.17419,0
real_retained,17,1,1786302357453345000,4179,4180,22797,1786302355353334000,1786302356220000000,9,18,243,0,0,15,445,1.93352,0
real_retained,18,0,1786302357453345000,4192,4193,18162,1786302339253334000,0,0,7,232,0,0,4,413,0.0,0
real_retained,19,0,1786302357453345000,4195,4196,12621,1786302355353334000,1786302356620011000,216,124,370,186,2,76,392,0.0,0
real_retained,20,0,1786302357453345000,4202,4203,5268,1786279301400977000,0,0,892,526,165,60,134,206,1.03457,0
real_retained,1,0,1786302359620000000,4254,4256,134766,1786302357453345000,1786302359620000000,982,222,1469,210,17,202,3204,0.0,0
real_retained,1,1,1786302359620000000,4255,4256,3984,1786302315053334000,1786302359620000000,36,27,156,24,11,22,95,0.0,0
real_retained,2,0,1786302359620000000,4270,4271,34959,1786302336786667000,0,0,66,494,0,0,30,720,0.0,0
real_retained,3,0,1786302359620000000,4273,4274,46971,1786302357453345000,1786302359620000000,669,81,85,23,0,38,1577,1.1412,0
real_retained,4,0,1786302359620000000,4280,4283,251820,1786302357453345000,1786302359620000000,3550,306,1338,316,23,120,3390,0.847198,0
real_retained,4,1,1786302359620000000,4282,4283,22377,1786302357453345000,1786302359620000000,548,19,176,139,0,4,723,0.0,0
real_retained,5,0,1786302359620000000,4295,4297,21714,1786302357453345000,0,0,15,1086,2,2,4,646,0.0,0
real_retained,5,1,1786302359620000000,4296,4297,14619,1786302357453345000,0,0,1,624,0,0,1,480,0.0,0
real_retained,6,0,1786302359620000000,4305,4307,172254,1786302343853323000,0,0,0,1222,0,0,0,57418,0.284837,0
real_retained,6,1,1786302359620000000,4306,4307,92952,1786302343986678000,0,0,0,216,0,0,0,30984,2.73975,0
real_retained,7,0,1786302359620000000,4315,4316,10272,1786302354086667000,0,0,94,370,0,0,41,241,3.97884,0
real_retained,10,0,1786302359620000000,4318,4319,11730,1786302319686667000,1786302359620000000,36,2265,0,0,0,255,672,2.16915,0
real_retained,11,0,1786302359620000000,4325,4326,37380,1786302340719989000,0,0,2,470,0,0,2,820,0.0,0
real_retained,12,0,1786302359620000000,4328,4329,12105,1786302337420023000,0,0,0,554,0,0,0,4035,0.0,0
real_retained,13,0,1786302359620000000,4331,4332,11478,1786302340586656000,0,0,1,281,0,0,1,248,0.0,0
real_retained,14,0,1786302359620000000,4334,4336,13311,1786302340853334000,0,0,0,666,0,0,0,4437,0.0,0
real_retained,14,1,1786302359620000000,4335,4336,9258,1786302341620000000,0,0,0,204,0,0,0,3086,3.04919,0
real_retained,16,0,1786302359620000000,4344,4346,29925,1786302342553334000,0,0,92,1048,0,0,42,423,0.0,0
real_retained,16,1,1786302359620000000,4345,4346,16665,1786302342820000000,0,0,10,456,0,0,5,301,0.0101918,0
real_retained,17,0,1786302359620000000,4354,4356,44151,1786302356220000000,0,0,0,895,0,0,0,14717,0.17419,0
real_retained,17,1,1786302359620000000,4355,4356,22797,1786302356220000000,0,0,0,243,0,0,0,7599,1.93352,0
real_retained,18,0,1786302359620000000,4364,4365,18162,1786302339253334000,0,0,7,232,0,0,4,413,0.0,0
real_retained,19,0,1786302359620000000,4367,4368,12621,1786302356620011000,0,0,0,367,0,0,0,4207,0.0,0
real_retained,20,0,1786302359620000000,4370,4371,5268,1786279301400977000,0,0,1129,526,106,50,134,206,1.0543,0
real_retained,1,0,1786302361786656000,4428,4430,134766,1786302359620000000,1786302361786656000,4387,1725,1423,389,131,523,3204,0.258284,0
real_retained,1,1,1786302361786656000,4429,4430,3984,1786302359620000000,1786302361786656000,244,155,155,42,24,35,95,1.12426,0
real_retained,2,0,1786302361786656000,4442,4443,34959,1786302336786667000,0,0,66,494,0,0,30,720,0.0,0
real_retained,3,0,1786302361786656000,4445,4446,46971,1786302359620000000,1786302360486667000,11,22,85,0,0,10,1577,1.1412,0
real_retained,4,0,1786302361786656000,4452,4454,251820,1786302359620000000,1786302360920000000,1468,54,1264,199,31,34,3390,0.779843,0
real_retained,4,1,1786302361786656000,4453,4454,22377,1786302359620000000,1786302360920000000,210,7,216,103,2,3,723,0.0,0
real_retained,5,0,1786302361786656000,4466,4468,21714,1786302357453345000,0,0,26,1086,2,2,4,646,0.0,0
real_retained,5,1,1786302361786656000,4467,4468,14619,1786302357453345000,0,0,4,624,0,0,1,480,0.0,0
real_retained,6,0,1786302361786656000,4476,4478,172254,1786302343853323000,0,0,0,1222,0,0,0,57418,0.284837,0
real_retained,6,1,1786302361786656000,4477,4478,92952,1786302343986678000,0,0,0,216,0,0,0,30984,2.73975,0
real_retained,7,0,1786302361786656000,4486,4487,18018,1786302354819989000,0,0,91,370,0,0,38,500,3.97884,0
real_retained,10,0,1786302361786656000,4489,4490,11730,1786302359620000000,1786302361786656000,47,34,0,0,0,15,672,2.16915,0
real_retained,11,0,1786302361786656000,4496,4497,37380,1786302340719989000,0,0,2,470,0,0,2,820,0.0,0
real_retained,12,0,1786302361786656000,4499,4500,12105,1786302337420023000,0,0,0,554,0,0,0,4035,0.0,0
real_retained,13,0,1786302361786656000,4502,4503,11478,1786302340586656000,0,0,1,281,0,0,1,248,0.0,0
real_retained,14,0,1786302361786656000,4505,4507,13311,1786302340853334000,0,0,0,666,0,0,0,4437,0.0,0
real_retained,14,1,1786302361786656000,4506,4507,9258,1786302341620000000,0,0,0,204,0,0,0,3086,3.04919,0
real_retained,16,0,1786302361786656000,4515,4517,29925,1786302342553334000,0,0,92,1048,0,0,42,423,0.0,0
real_retained,16,1,1786302361786656000,4516,4517,16665,1786302342820000000,0,0,10,456,0,0,5,301,0.0101918,0
real_retained,17,0,1786302361786656000,4525,4527,44151,1786302356220000000,0,0,0,895,0,0,0,14717,0.17419,0
real_retained,17,1,1786302361786656000,4526,4527,22797,1786302356220000000,0,0,0,243,0,0,0,7599,1.93352,0
real_retained,18,0,1786302361786656000,4535,4536,18162,1786302339253334000,0,0,7,232,0,0,4,413,0.0,0
real_retained,19,0,1786302361786656000,4538,4539,12621,1786302356620011000,0,0,0,367,0,0,0,4207,0.0,0
real_retained,20,0,1786302361786656000,4541,4542,5268,1786279301400977000,0,0,1129,526,0,0,134,206,1.0543,0
real_retained,1,0,1786302363953323000,4597,4599,134766,1786302361786656000,1786302363953323000,3936,1920,1263,250,23,504,3204,0.243434,0
real_retained,1,1,1786302363953323000,4598,4599,3984,1786302361786656000,1786302363953323000,266,140,155,47,27,34,95,1.27991,0
real_retained,2,0,1786302363953323000,4611,4612,34959,1786302336786667000,0,0,1326,494,75,75,451,720,1.84114,0
real_retained,3,0,1786302363953323000,4614,4615,46971,1786302360486667000,0,0,26,85,0,0,5,1577,1.1412,0
real_retained,4,0,1786302363953323000,4617,4619,251820,1786302360920000000,0,0,0,1223,0,0,0,83940,0.779843,0
real_retained,4,1,1786302363953323000,4618,4619,22377,1786302360920000000,0,0,0,214,0,0,0,7459,0.0,0
real_retained,5,0,1786302363953323000,4627,4629,21714,1786302357453345000,0,0,36,1086,2,2,4,646,0.0,0
real_retained,5,1,1786302363953323000,4628,4629,28437,1786302357620000000,0,0,4,554,0,0,1,551,0.0,0
real_retained,6,0,1786302363953323000,4637,4639,172254,1786302343853323000,0,0,0,1222,0,0,0,57418,0.284837,0
real_retained,6,1,1786302363953323000,4638,4639,92952,1786302343986678000,0,0,0,216,0,0,0,30984,2.73975,0
real_retained,7,0,1786302363953323000,4647,4648,18018,1786302354819989000,0,0,91,370,0,0,38,500,3.97884,0
real_retained,10,0,1786302363953323000,4650,4651,11730,1786302361786656000,1786302363953323000,3,0,0,0,0,0,672,2.16915,0
real_retained,11,0,1786302363953323000,4657,4658,37380,1786302340719989000,0,0,2,470,0,0,2,820,0.0,0
real_retained,12,0,1786302363953323000,4660,4661,12105,1786302337420023000,0,0,0,554,0,0,0,4035,0.0,0
real_retained,13,0,1786302363953323000,4663,4664,11478,1786302340586656000,0,0,1,281,0,0,1,248,0.0,0
real_retained,14,0,1786302363953323000,4666,4668,13311,1786302340853334000,0,0,0,666,0,0,0,4437,0.0,0
real_retained,14,1,1786302363953323000,4667,4668,9258,1786302341620000000,0,0,0,204,0,0,0,3086,3.04919,0
real_retained,16,0,1786302363953323000,4676,4678,29925,1786302342553334000,0,0,92,1048,0,0,42,423,0.0,0
real_retained,16,1,1786302363953323000,4677,4678,16665,1786302342820000000,0,0,10,456,0,0,5,301,0.0101918,0
real_retained,17,0,1786302363953323000,4686,4688,44151,1786302356220000000,0,0,0,895,0,0,0,14717,0.17419,0
real_retained,17,1,1786302363953323000,4687,4688,22797,1786302356220000000,0,0,0,243,0,0,0,7599,1.93352,0
real_retained,18,0,1786302363953323000,4696,4697,18162,1786302339253334000,0,0,11,232,0,0,5,413,0.0,0
real_retained,19,0,1786302363953323000,4699,4700,19998,1786302356819989000,0,0,0,365,0,0,0,6666,0.0,0
real_retained,20,0,1786302363953323000,4710,4711,5268,1786279301400977000,0,0,1129,526,0,0,134,206,1.0543,0
real_retained,1,0,1786302366053334000,4753,4755,134766,1786302363953323000,1786302366053334000,6765,934,1251,508,55,291,3204,0.147063,0
real_retained,1,1,1786302366053334000,4754,4755,3984,1786302363953323000,1786302366053334000,385,34,176,132,1,3,95,1.2289,0
real_retained,2,0,1786302366053334000,4767,4768,34959,1786302336786667000,0,0,1326,494,0,0,451,720,1.84114,0
real_retained,3,0,1786302366053334000,4770,4771,46971,1786302360486667000,1786302366053334000,20,57,85,0,0,14,1577,1.1412,0
real_retained,4,0,1786302366053334000,4777,4779,251820,1786302360920000000,1786302366053334000,1659,28,1223,318,23,17,3390,0.620097,0
real_retained,4,1,1786302366053334000,4778,4779,22377,1786302360920000000,1786302366053334000,390,2,263,207,64,0,723,0.941174,0
real_retained,5,0,1786302366053334000,4791,4793,21714,1786302357453345000,0,0,46,1086,2,0,4,646,0.0,0
real_retained,5,1,1786302366053334000,4792,4793,28437,1786302357620000000,0,0,4,554,0,0,1,551,0.0,0
real_retained,6,0,1786302366053334000,4801,4803,172254,1786302343853323000,0,0,0,1222,0,0,0,57418,0.284837,0
real_retained,6,1,1786302366053334000,4802,4803,92952,1786302343986678000,0,0,0,216,0,0,0,30984,2.73975,0
real_retained,7,0,1786302366053334000,4811,4812,18018,1786302354819989000,0,0,91,370,0,0,38,500,3.97884,0
real_retained,10,0,1786302366053334000,4814,4815,11730,1786302363953323000,1786302366053334000,85,33,2,2,0,12,672,0.884935,0
real_retained,11,0,1786302366053334000,4821,4822,37380,1786302340719989000,0,0,2,470,0,0,2,820,0.0,0
real_retained,12,0,1786302366053334000,4824,4825,12105,1786302337420023000,0,0,0,554,0,0,0,4035,0.0,0
real_retained,13,0,1786302366053334000,4827,4828,11478,1786302340586656000,0,0,1,281,0,0,1,248,0.0,0
real_retained,14,0,1786302366053334000,4830,4832,13311,1786302340853334000,0,0,0,666,0,0,0,4437,0.0,0
real_retained,14,1,1786302366053334000,4831,4832,9258,1786302341620000000,0,0,0,204,0,0,0,3086,3.04919,0
real_retained,16,0,1786302366053334000,4840,4842,29925,1786302342553334000,0,0,92,1048,0,0,42,423,0.0,0
real_retained,16,1,1786302366053334000,4841,4842,16665,1786302342820000000,0,0,10,456,0,0,5,301,0.0101918,0
real_retained,17,0,1786302366053334000,4850,4852,44151,1786302356220000000,0,0,0,895,0,0,0,14717,0.17419,0
real_retained,17,1,1786302366053334000,4851,4852,22797,1786302356220000000,0,0,0,243,0,0,0,7599,1.93352,0
real_retained,18,0,1786302366053334000,4860,4861,18162,1786302339253334000,0,0,11,232,0,0,5,413,0.0,0
real_retained,19,0,1786302366053334000,4863,4864,19998,1786302356819989000,0,0,0,365,0,0,0,6666,0.0,0
real_retained,20,0,1786302366053334000,4866,4867,5268,1786279301400977000,0,0,1129,526,0,0,134,206,1.0543,0
real_retained,1,0,1786302368120011000,4922,4924,134766,1786302366053334000,1786302368120011000,4550,294,1158,452,20,144,3204,0.0892293,0
real_retained,1,1,1786302368120011000,4923,4924,3984,1786302366053334000,1786302367720000000,139,0,193,115,0,0,95,1.1962,0
real_retained,2,0,1786302368120011000,4936,4937,34959,1786302336786667000,0,0,1326,494,0,0,451,720,1.84114,0
real_retained,3,0,1786302368120011000,4939,4940,46971,1786302366053334000,1786302368120011000,114,51,100,19,1,26,1577,1.1412,0
real_retained,4,0,1786302368120011000,4946,4948,251820,1786302366053334000,1786302368120011000,6439,317,1190,596,43,166,3390,0.421512,0
real_retained,4,1,1786302368120011000,4947,4948,22377,1786302366053334000,1786302368120011000,1516,3,395,336,11,3,723,0.414973,0
real_retained,5,0,1786302368120011000,4960,4962,21714,1786302357453345000,0,0,54,1086,2,0,4,646,0.0,0
real_retained,5,1,1786302368120011000,4961,4962,28437,1786302357620000000,0,0,5,554,0,0,1,551,0.0,0
real_retained,6,0,1786302368120011000,4970,4972,172254,1786302343853323000,0,0,0,1222,0,0,0,57418,0.284837,0
real_retained,6,1,1786302368120011000,4971,4972,92952,1786302343986678000,0,0,0,216,0,0,0,30984,2.73975,0
real_retained,7,0,1786302368120011000,4980,4981,18018,1786302354819989000,0,0,94,370,2,0,41,500,3.97884,0
real_retained,10,0,1786302368120011000,4983,4984,11730,1786302366053334000,1786302368120011000,99,28,15,15,0,18,672,0.0,0
real_retained,11,0,1786302368120011000,4991,4992,37380,1786302340719989000,0,0,2,470,0,0,2,820,0.0,0
real_retained,12,0,1786302368120011000,4994,4995,12105,1786302337420023000,0,0,0,554,0,0,0,4035,0.0,0
real_retained,13,0,1786302368120011000,4997,4998,11478,1786302340586656000,0,0,1,281,0,0,1,248,0.0,0
real_retained,14,0,1786302368120011000,5001,5003,13311,1786302340853334000,0,0,0,666,0,0,0,4437,0.0,0
real_retained,14,1,1786302368120011000,5002,5003,9258,1786302341620000000,0,0,0,204,0,0,0,3086,3.04919,0
real_retained,16,0,1786302368120011000,5011,5013,29925,1786302342553334000,0,0,92,1048,0,0,42,423,0.0,0
real_retained,16,1,1786302368120011000,5012,5013,16665,1786302342820000000,0,0,10,456,0,0,5,301,0.0101918,0
real_retained,17,0,1786302368120011000,5021,5023,44151,1786302356220000000,0,0,0,895,0,0,0,14717,0.17419,0
real_retained,17,1,1786302368120011000,5022,5023,22797,1786302356220000000,0,0,0,243,0,0,0,7599,1.93352,0
real_retained,18,0,1786302368120011000,5031,5032,18162,1786302339253334000,0,0,11,232,0,0,5,413,0.0,0
real_retained,19,0,1786302368120011000,5034,5035,19998,1786302356819989000,0,0,0,365,0,0,0,6666,0.0,0
real_retained,20,0,1786302368120011000,5037,5038,5268,1786279301400977000,0,0,1137,526,15,3,134,206,1.0543,0
real_retained,1,0,1786302370286656000,5083,5085,134766,1786302368120011000,0,0,5,1129,3,1,5,3204,0.0892293,0
real_retained,1,1,1786302370286656000,5084,5085,3984,1786302367720000000,0,0,0,193,0,0,0,1328,1.1962,0
real_retained,2,0,1786302370286656000,5093,5094,34959,1786302336786667000,0,0,1326,494,0,0,451,720,1.84114,0
real_retained,3,0,1786302370286656000,5096,5097,46971,1786302368120011000,1786302370286656000,460,112,150,70,1,50,1577,0.550463,0
real_retained,4,0,1786302370286656000,5103,5105,251820,1786302368120011000,1786302370286656000,6485,1004,1113,466,11,214,3390,0.384153,0
real_retained,4,1,1786302370286656000,5104,5105,22377,1786302368120011000,1786302370286656000,1688,74,512,431,1,12,723,0.170809,0
real_retained,5,0,1786302370286656000,5117,5119,21714,1786302357453345000,0,0,55,1086,0,0,4,646,0.0,0
real_retained,5,1,1786302370286656000,5118,5119,28437,1786302357620000000,0,0,7,554,0,0,1,551,0.0,0
real_retained,6,0,1786302370286656000,5127,5129,172254,1786302343853323000,0,0,0,1222,0,0,0,57418,0.284837,0
real_retained,6,1,1786302370286656000,5128,5129,92952,1786302343986678000,0,0,0,216,0,0,0,30984,2.73975,0
real_retained,7,0,1786302370286656000,5145,5146,18018,1786302354819989000,1786302370286656000,3,145,370,8,5,61,500,3.97884,0
real_retained,10,0,1786302370286656000,5152,5153,11730,1786302368120011000,1786302370286656000,15,173,15,0,0,62,672,0.0,0
real_retained,11,0,1786302370286656000,5159,5160,37380,1786302340719989000,0,0,2,470,0,0,2,820,0.0,0
real_retained,12,0,1786302370286656000,5162,5163,12105,1786302337420023000,0,0,0,554,0,0,0,4035,0.0,0
real_retained,13,0,1786302370286656000,5165,5166,11478,1786302340586656000,0,0,1,281,0,0,1,248,0.0,0
real_retained,14,0,1786302370286656000,5168,5170,13311,1786302340853334000,0,0,0,666,0,0,0,4437,0.0,0
real_retained,14,1,1786302370286656000,5169,5170,9258,1786302341620000000,0,0,0,204,0,0,0,3086,3.04919,0
real_retained,16,0,1786302370286656000,5178,5180,29925,1786302342553334000,0,0,92,1048,0,0,42,423,0.0,0
real_retained,16,1,1786302370286656000,5179,5180,16665,1786302342820000000,0,0,10,456,0,0,5,301,0.0101918,0
real_retained,17,0,1786302370286656000,5188,5190,44151,1786302356220000000,0,0,0,895,0,0,0,14717,0.17419,0
real_retained,17,1,1786302370286656000,5189,5190,22797,1786302356220000000,0,0,0,243,0,0,0,7599,1.93352,0
real_retained,18,0,1786302370286656000,5198,5199,18162,1786302339253334000,0,0,11,232,0,0,5,413,0.0,0
real_retained,19,0,1786302370286656000,5201,5202,19998,1786302356819989000,0,0,0,365,0,0,0,6666,0.0,0
real_retained,20,0,1786302370286656000,5204,5205,5268,1786279301400977000,0,0,1257,526,136,54,134,206,1.09062,0
real_retained,1,0,1786302372453323000,5260,5262,134766,1786302368120011000,0,0,5,1129,0,0,5,3204,0.0892293,0
real_retained,1,1,1786302372453323000,5261,5262,3984,1786302367720000000,0,0,0,193,0,0,0,1328,1.1962,0
real_retained,2,0,1786302372453323000,5270,5271,34959,1786302336786667000,0,0,1326,494,0,0,451,720,1.84114,0
real_retained,3,0,1786302372453323000,5276,5277,46971,1786302370286656000,1786302372453323000,1777,285,312,238,1,120,1577,0.165908,0
real_retained,4,0,1786302372453323000,5283,5285,251820,1786302370286656000,1786302372453323000,3392,812,1084,316,3,215,3390,0.368197,0
real_retained,4,1,1786302372453323000,5284,5285,61932,1786302370286656000,1786302372453323000,2324,113,469,437,0,37,1763,0.0,0
real_retained,5,0,1786302372453323000,5297,5299,21714,1786302357453345000,0,0,71,1086,2,1,8,646,0.0,0
real_retained,5,1,1786302372453323000,5298,5299,28437,1786302357620000000,0,0,7,554,0,0,1,551,0.0,0
real_retained,6,0,1786302372453323000,5307,5309,172254,1786302343853323000,0,0,0,1222,0,0,0,57418,0.284837,0
real_retained,6,1,1786302372453323000,5308,5309,92952,1786302343986678000,0,0,0,216,0,0,0,30984,2.73975,0
real_retained,7,0,1786302372453323000,5317,5318,18018,1786302370286656000,1786302372453323000,329,594,428,357,31,170,500,3.61991,0
real_retained,10,0,1786302372453323000,5324,5325,11730,1786302370286656000,1786302371153323000,3,366,15,0,0,103,672,0.0,0
real_retained,11,0,1786302372453323000,5331,5332,37380,1786302340719989000,0,0,2,470,0,0,2,820,0.0,0
real_retained,12,0,1786302372453323000,5334,5335,12105,1786302337420023000,0,0,0,554,0,0,0,4035,0.0,0
real_retained,13,0,1786302372453323000,5337,5338,11478,1786302340586656000,0,0,1,281,0,0,1,248,0.0,0
real_retained,14,0,1786302372453323000,5340,5342,13311,1786302340853334000,0,0,0,666,0,0,0,4437,0.0,0
real_retained,14,1,1786302372453323000,5341,5342,9258,1786302341620000000,0,0,0,204,0,0,0,3086,3.04919,0
real_retained,16,0,1786302372453323000,5350,5352,29925,1786302342553334000,0,0,92,1048,0,0,42,423,0.0,0
real_retained,16,1,1786302372453323000,5351,5352,16665,1786302342820000000,0,0,10,456,0,0,5,301,0.0101918,0
real_retained,17,0,1786302372453323000,5360,5362,44151,1786302356220000000,0,0,0,895,0,0,0,14717,0.17419,0
real_retained,17,1,1786302372453323000,5361,5362,22797,1786302356220000000,0,0,0,243,0,0,0,7599,1.93352,0
real_retained,18,0,1786302372453323000,5370,5371,18162,1786302339253334000,0,0,11,232,0,0,5,413,0.0,0
real_retained,19,0,1786302372453323000,5373,5374,19998,1786302356819989000,1786302372453323000,68,21,368,48,7,17,520,0.0,0
real_retained,20,0,1786302372453323000,5380,5381,5268,1786279301400977000,0,0,1540,526,160,63,137,206,1.10313,0
real_retained,1,0,1786302374586667000,5434,5436,134766,1786302368120011000,0,0,5,1129,0,0,5,3204,0.0892293,0
real_retained,1,1,1786302374586667000,5435,5436,3984,1786302367720000000,0,0,0,193,0,0,0,1328,1.1962,0
real_retained,2,0,1786302374586667000,5444,5445,14253,1786302366053334000,0,0,0,0,0,0,0,4751,1.84114,0
real_retained,3,0,1786302374586667000,5447,5448,46971,1786302372453323000,1786302374586667000,2210,328,422,350,8,140,1577,0.0,0
real_retained,4,0,1786302374586667000,5454,5456,251820,1786302372453323000,1786302374586667000,255,546,1076,22,0,142,3390,0.368197,0
real_retained,4,1,1786302374586667000,5455,5456,61932,1786302372453323000,1786302374586667000,43,60,469,11,0,20,1763,0.0,0
real_retained,5,0,1786302374586667000,5472,5474,21714,1786302357453345000,0,0,87,1086,3,1,13,646,0.0,0
real_retained,5,1,1786302374586667000,5473,5474,28437,1786302357620000000,0,0,14,554,0,0,5,551,0.0,0
real_retained,6,0,1786302374586667000,5482,5484,172254,1786302343853323000,0,0,0,1222,0,0,0,57418,0.284837,0
real_retained,6,1,1786302374586667000,5483,5484,92952,1786302343986678000,0,0,0,216,0,0,0,30984,2.73975,0
real_retained,7,0,1786302374586667000,5492,5493,18018,1786302372453323000,1786302374586667000,305,524,385,328,15,178,500,3.57678,0
real_retained,10,0,1786302374586667000,5499,5500,36072,1786302371153323000,1786302372020000000,26,1081,5,0,0,280,1661,0.0,0
real_retained,11,0,1786302374586667000,5506,5507,37380,1786302340719989000,0,0,2,470,0,0,2,820,0.0,0
real_retained,12,0,1786302374586667000,5509,5510,12105,1786302337420023000,0,0,0,554,0,0,0,4035,0.0,0
real_retained,13,0,1786302374586667000,5512,5513,11478,1786302340586656000,0,0,1,281,0,0,1,248,0.0,0
real_retained,14,0,1786302374586667000,5515,5517,13311,1786302340853334000,0,0,0,666,0,0,0,4437,0.0,0
real_retained,14,1,1786302374586667000,5516,5517,9258,1786302341620000000,0,0,0,204,0,0,0,3086,3.04919,0
real_retained,16,0,1786302374586667000,5525,5527,29925,1786302342553334000,0,0,92,1048,0,0,42,423,0.0,0
real_retained,16,1,1786302374586667000,5526,5527,16665,1786302342820000000,0,0,10,456,0,0,5,301,0.0101918,0
real_retained,17,0,1786302374586667000,5535,5537,44151,1786302356220000000,1786302373319989000,19,22,895,22,1,12,537,0.17419,0
real_retained,17,1,1786302374586667000,5536,5537,22797,1786302356220000000,1786302373319989000,17,19,245,17,0,8,445,1.93352,0
real_retained,18,0,1786302374586667000,5549,5550,18162,1786302339253334000,0,0,11,232,0,0,5,413,0.0,0
real_retained,19,0,1786302374586667000,5552,5553,19998,1786302372453323000,1786302374153334000,144,59,364,57,2,35,520,0.0,0
real_retained,20,0,1786302374586667000,5559,5560,5268,1786279301400977000,0,0,1874,526,192,84,146,206,1.26772,0
real_retained,1,0,1786302376720000000,5616,5618,134766,1786302368120011000,0,0,5,1129,0,0,5,3204,0.0892293,0
real_retained,1,1,1786302376720000000,5617,5618,70902,1786302368420000000,0,0,0,41,0,0,0,23634,1.1962,0
real_retained,2,0,1786302376720000000,5626,5627,14253,1786302366053334000,0,0,0,0,0,0,0,4751,1.84114,0
real_retained,3,0,1786302376720000000,5629,5630,46971,1786302374586667000,1786302376720000000,678,671,417,146,2,176,1577,0.0,0
real_retained,4,0,1786302376720000000,5636,5638,251820,1786302374586667000,1786302376720000000,1714,625,1076,127,28,155,3390,0.353659,0
real_retained,4,1,1786302376720000000,5637,5638,61932,1786302374586667000,1786302376720000000,515,121,487,98,24,35,1763,0.127007,0
real_retained,5,0,1786302376720000000,5650,5652,21714,1786302357453345000,1786302376720000000,160,246,1086,139,16,70,646,0.0,0
real_retained,5,1,1786302376720000000,5651,5652,28437,1786302357620000000,1786302376720000000,101,115,554,13,0,35,551,0.0,0
real_retained,6,0,1786302376720000000,5664,5666,172254,1786302343853323000,0,0,0,1222,0,0,0,57418,0.284837,0
real_retained,6,1,1786302376720000000,5665,5666,92952,1786302343986678000,0,0,0,216,0,0,0,30984,2.73975,0
real_retained,7,0,1786302376720000000,5674,5675,18018,1786302374586667000,1786302376720000000,89,362,361,151,6,120,500,3.55416,0
real_retained,10,0,1786302376720000000,5681,5682,36072,1786302372020000000,0,0,2501,5,0,0,360,1661,0.0,0
real_retained,11,0,1786302376720000000,5684,5685,37380,1786302340719989000,0,0,2,470,0,0,2,820,0.0,0
real_retained,12,0,1786302376720000000,5687,5688,12105,1786302337420023000,0,0,0,554,0,0,0,4035,0.0,0
real_retained,13,0,1786302376720000000,5690,5691,11478,1786302340586656000,0,0,1,281,0,0,1,248,0.0,0
real_retained,14,0,1786302376720000000,5693,5695,13311,1786302340853334000,0,0,0,666,0,0,0,4437,0.0,0
real_retained,14,1,1786302376720000000,5694,5695,9258,1786302341620000000,0,0,0,204,0,0,0,3086,3.04919,0
real_retained,16,0,1786302376720000000,5703,5705,29925,1786302342553334000,0,0,92,1048,0,0,42,423,0.0,0
real_retained,16,1,1786302376720000000,5704,5705,16665,1786302342820000000,0,0,10,456,0,0,5,301,0.0101918,0
real_retained,17,0,1786302376720000000,5713,5715,44151,1786302373319989000,0,0,4,893,0,0,4,537,0.17419,0
real_retained,17,1,1786302376720000000,5714,5715,22797,1786302373319989000,0,0,4,243,0,0,4,445,1.93352,0
real_retained,18,0,1786302376720000000,5723,5724,18162,1786302339253334000,0,0,11,232,0,0,5,413,0.0,0
real_retained,19,0,1786302376720000000,5726,5727,19998,1786302374153334000,0,0,0,358,0,0,0,6666,0.0,0
real_retained,20,0,1786302376720000000,5729,5730,5268,1786279301400977000,0,0,2201,526,174,84,148,206,1.30754,0
real_retained,1,0,1786302378853323000,5783,5785,134766,1786302368120011000,0,0,5,1129,0,0,5,3204,0.0892293,0
real_retained,1,1,1786302378853323000,5784,5785,70902,1786302368420000000,0,0,0,41,0,0,0,23634,1.1962,0
real_retained,2,0,1786302378853323000,5793,5794,14253,1786302366053334000,0,0,0,0,0,0,0,4751,1.84114,0
real_retained,3,0,1786302378853323000,5796,5797,67734,1786302376720000000,1786302378853323000,680,641,180,80,1,158,1961,0.0,0
real_retained,4,0,1786302378853323000,5803,5805,251820,1786302376720000000,1786302378853323000,2401,696,1044,166,16,170,3390,0.344005,0
real_retained,4,1,1786302378853323000,5804,5805,61932,1786302376720000000,1786302378853323000,1156,145,484,202,12,37,1763,0.0,0
real_retained,5,0,1786302378853323000,5817,5819,21714,1786302376720000000,1786302378853323000,154,144,1054,105,2,52,646,0.0,0
real_retained,5,1,1786302378853323000,5818,5819,28437,1786302376720000000,1786302378853323000,122,78,554,7,0,34,551,0.0,0
real_retained,6,0,1786302378853323000,5831,5833,172254,1786302343853323000,0,0,0,1222,0,0,0,57418,0.284837,0
real_retained,6,1,1786302378853323000,5832,5833,92952,1786302343986678000,0,0,0,216,0,0,0,30984,2.73975,0
real_retained,7,0,1786302378853323000,5841,5842,18018,1786302376720000000,1786302378853323000,31,272,353,81,0,78,500,3.54496,0
real_retained,10,0,1786302378853323000,5848,5849,36072,1786302372020000000,1786302378420000000,8,4144,5,0,0,367,1661,0.0,0
real_retained,11,0,1786302378853323000,5855,5856,37380,1786302340719989000,0,0,2,470,0,0,2,820,0.0,0
real_retained,12,0,1786302378853323000,5858,5859,12105,1786302337420023000,0,0,0,554,0,0,0,4035,0.0,0
real_retained,13,0,1786302378853323000,5861,5862,11478,1786302340586656000,0,0,1,281,0,0,1,248,0.0,0
real_retained,14,0,1786302378853323000,5864,5866,13311,1786302340853334000,0,0,0,666,0,0,0,4437,0.0,0
real_retained,14,1,1786302378853323000,5865,5866,9258,1786302341620000000,0,0,0,204,0,0,0,3086,3.04919,0
real_retained,16,0,1786302378853323000,5874,5876,29925,1786302342553334000,0,0,92,1048,0,0,42,423,0.0,0
real_retained,16,1,1786302378853323000,5875,5876,16665,1786302342820000000,0,0,10,456,0,0,5,301,0.0101918,0
real_retained,17,0,1786302378853323000,5884,5886,44151,1786302373319989000,0,0,4,893,0,0,4,537,0.17419,0
real_retained,17,1,1786302378853323000,5885,5886,22797,1786302373319989000,0,0,4,243,0,0,4,445,1.93352,0
real_retained,18,0,1786302378853323000,5894,5895,18162,1786302339253334000,0,0,11,232,0,0,5,413,0.0,0
real_retained,19,0,1786302378853323000,5897,5898,19998,1786302374153334000,0,0,0,358,0,0,0,6666,0.0,0
real_retained,20,0,1786302378853323000,5900,5901,5268,1786279301400977000,0,0,2526,526,160,87,149,206,1.36101,0
real_retained,1,0,1786302380953345000,5967,5969,134766,1786302368120011000,0,0,5,1129,0,0,5,3204,0.0892293,0
real_retained,1,1,1786302380953345000,5968,5969,70902,1786302368420000000,0,0,0,41,0,0,0,23634,1.1962,0
real_retained,2,0,1786302380953345000,5977,5978,14253,1786302366053334000,0,0,0,0,0,0,0,4751,1.84114,0
real_retained,3,0,1786302380953345000,5980,5981,67734,1786302378853323000,1786302380953345000,160,899,178,38,1,307,1961,0.0,0
real_retained,4,0,1786302380953345000,5987,5989,251820,1786302378853323000,1786302379719989000,144,149,1022,18,0,97,3390,0.344005,0
real_retained,4,1,1786302380953345000,5988,5989,77391,1786302378853323000,1786302379286667000,72,26,168,4,0,13,1973,0.0,0
real_retained,5,0,1786302380953345000,6001,6003,21714,1786302378853323000,1786302380953345000,524,539,1045,355,153,195,646,1.48652,0
real_retained,5,1,1786302380953345000,6002,6003,28437,1786302378853323000,1786302380953345000,424,594,555,146,54,226,551,0.739716,0
real_retained,6,0,1786302380953345000,6015,6017,172254,1786302343853323000,0,0,0,1222,0,0,0,57418,0.284837,0
real_retained,6,1,1786302380953345000,6016,6017,92952,1786302343986678000,0,0,0,216,0,0,0,30984,2.73975,0
real_retained,7,0,1786302380953345000,6027,6028,18018,1786302378853323000,0,0,74,352,14,0,48,500,3.54496,0
real_retained,10,0,1786302380953345000,6030,6031,58224,1786302378420000000,1786302378853323000,2,1606,2,0,0,356,1944,0.0,0
real_retained,11,0,1786302380953345000,6037,6038,37380,1786302340719989000,0,0,2,470,0,0,2,820,0.0,0
real_retained,12,0,1786302380953345000,6040,6041,12105,1786302337420023000,0,0,0,554,0,0,0,4035,0.0,0
real_retained,13,0,1786302380953345000,6043,6044,11478,1786302340586656000,0,0,1,281,0,0,1,248,0.0,0
real_retained,14,0,1786302380953345000,6047,6049,13311,1786302340853334000,0,0,0,666,0,0,0,4437,0.0,0
real_retained,14,1,1786302380953345000,6048,6049,9258,1786302341620000000,0,0,0,204,0,0,0,3086,3.04919,0
real_retained,16,0,1786302380953345000,6057,6059,29925,1786302342553334000,0,0,92,1048,0,0,42,423,0.0,0
real_retained,16,1,1786302380953345000,6058,6059,16665,1786302342820000000,0,0,10,456,0,0,5,301,0.0101918,0
real_retained,17,0,1786302380953345000,6067,6069,44151,1786302373319989000,0,0,4,893,0,0,4,537,0.17419,0
real_retained,17,1,1786302380953345000,6068,6069,23091,1786302373619989000,0,0,4,238,0,0,4,451,1.93352,0
real_retained,18,0,1786302380953345000,6077,6078,18162,1786302339253334000,0,0,11,232,0,0,5,413,0.0,0
real_retained,19,0,1786302380953345000,6080,6081,19998,1786302374153334000,0,0,5,358,6,0,3,520,0.0,0
real_retained,20,0,1786302380953345000,6083,6084,5268,1786279301400977000,0,0,2736,526,239,86,155,206,1.51816,0
real_retained,1,0,1786302383086667000,6135,6137,134766,1786302368120011000,0,0,5,1129,0,0,5,3204,0.0892293,0
real_retained,1,1,1786302383086667000,6136,6137,70902,1786302368420000000,0,0,0,41,0,0,0,23634,1.1962,0
real_retained,2,0,1786302383086667000,6145,6146,14253,1786302366053334000,0,0,0,0,0,0,0,4751,1.84114,0
real_retained,3,0,1786302383086667000,6153,6154,67734,1786302380953345000,1786302383086667000,162,1191,178,24,1,361,1961,0.0,0
real_retained,4,0,1786302383086667000,6160,6162,251820,1786302379719989000,0,0,11,1022,0,0,6,3390,0.344005,0
real_retained,4,1,1786302383086667000,6161,6162,77391,1786302379286667000,0,0,13,168,0,0,9,1973,0.0,0
real_retained,5,0,1786302383086667000,6170,6172,21714,1786302380953345000,1786302383086667000,817,750,1005,321,116,191,646,1.54774,0
real_retained,5,1,1786302383086667000,6171,6172,28437,1786302380953345000,1786302383086667000,517,943,543,125,48,221,551,0.749821,0
real_retained,6,0,1786302383086667000,6184,6186,172254,1786302343853323000,0,0,0,1222,0,0,0,57418,0.284837,0
real_retained,6,1,1786302383086667000,6185,6186,92952,1786302343986678000,0,0,0,216,0,0,0,30984,2.73975,0
real_retained,7,0,1786302383086667000,6195,6196,18018,1786302378853323000,1786302383086667000,2,423,352,108,4,133,500,3.54496,0
real_retained,10,0,1786302383086667000,6202,6203,58224,1786302378853323000,0,0,2554,2,0,0,365,1944,0.0,0
real_retained,11,0,1786302383086667000,6205,6206,37380,1786302340719989000,0,0,2,470,0,0,2,820,0.0,0
real_retained,12,0,1786302383086667000,6208,6209,12105,1786302337420023000,0,0,0,554,0,0,0,4035,0.0,0
real_retained,13,0,1786302383086667000,6211,6212,11478,1786302340586656000,0,0,1,281,0,0,1,248,0.0,0
real_retained,14,0,1786302383086667000,6214,6216,13311,1786302340853334000,0,0,0,666,0,0,0,4437,0.0,0
real_retained,14,1,1786302383086667000,6215,6216,9258,1786302341620000000,0,0,0,204,0,0,0,3086,3.04919,0
real_retained,16,0,1786302383086667000,6224,6226,29925,1786302342553334000,0,0,92,1048,0,0,42,423,0.0,0
real_retained,16,1,1786302383086667000,6225,6226,16665,1786302342820000000,0,0,10,456,0,0,5,301,0.0101918,0
real_retained,17,0,1786302383086667000,6234,6236,44151,1786302373319989000,0,0,4,893,0,0,4,537,0.17419,0
real_retained,17,1,1786302383086667000,6235,6236,23091,1786302373619989000,0,0,4,238,0,0,4,451,1.93352,0
real_retained,18,0,1786302383086667000,6244,6245,18162,1786302339253334000,0,0,11,232,0,0,5,413,0.0,0
real_retained,19,0,1786302383086667000,6247,6248,22332,1786302375986656000,1786302383086667000,1,49,315,8,0,28,594,0.0,0
real_retained,20,0,1786302383086667000,6254,6255,5268,1786279301400977000,0,0,2797,526,140,13,155,206,1.51127,0
real_retained,1,0,1786302385220000000,6309,6311,134766,1786302368120011000,0,0,5,1129,0,0,5,3204,0.0892293,0
real_retained,1,1,1786302385220000000,6310,6311,70902,1786302368420000000,0,0,0,41,0,0,0,23634,1.1962,0
real_retained,2,0,1786302385220000000,6319,6320,14253,1786302366053334000,0,0,0,0,0,0,0,4751,1.84114,0
real_retained,3,0,1786302385220000000,6322,6323,67734,1786302383086667000,1786302385220000000,936,603,195,110,1,192,1961,0.0,0
real_retained,4,0,1786302385220000000,6329,6331,251820,1786302379719989000,1786302385220000000,827,491,1022,84,1,175,3390,0.339636,0
real_retained,4,1,1786302385220000000,6330,6331,77391,1786302379286667000,1786302385220000000,522,93,223,72,0,28,1973,0.0,0
real_retained,5,0,1786302385220000000,6343,6345,21714,1786302383086667000,1786302384819989000,216,169,1005,122,0,85,646,1.54267,0
real_retained,5,1,1786302385220000000,6344,6345,28437,1786302383086667000,1786302384819989000,227,128,543,83,16,111,551,0.74921,0
real_retained,6,0,1786302385220000000,6357,6359,172254,1786302343853323000,0,0,0,1222,0,0,0,57418,0.284837,0
real_retained,6,1,1786302385220000000,6358,6359,92952,1786302343986678000,0,0,0,216,0,0,0,30984,2.73975,0
real_retained,7,0,1786302385220000000,6367,6368,25038,1786302383086667000,1786302385220000000,187,457,278,201,1,177,706,3.44781,0
real_retained,10,0,1786302385220000000,6374,6375,58968,1786302378920000000,0,0,4131,6,0,0,396,1964,0.0,0
real_retained,11,0,1786302385220000000,6377,6378,37380,1786302340719989000,0,0,2,470,0,0,2,820,0.0,0
real_retained,12,0,1786302385220000000,6380,6381,12105,1786302337420023000,0,0,0,554,0,0,0,4035,0.0,0
real_retained,13,0,1786302385220000000,6383,6384,11478,1786302340586656000,0,0,1,281,0,0,1,248,0.0,0
real_retained,14,0,1786302385220000000,6386,6388,13311,1786302340853334000,0,0,0,666,0,0,0,4437,0.0,0
real_retained,14,1,1786302385220000000,6387,6388,9258,1786302341620000000,0,0,0,204,0,0,0,3086,3.04919,0
real_retained,16,0,1786302385220000000,6396,6398,29925,1786302342553334000,0,0,92,1048,0,0,42,423,0.0,0
real_retained,16,1,1786302385220000000,6397,6398,16665,1786302342820000000,0,0,10,456,0,0,5,301,0.0101918,0
real_retained,17,0,1786302385220000000,6406,6408,44151,1786302373319989000,0,0,4,893,0,0,4,537,0.17419,0
real_retained,17,1,1786302385220000000,6407,6408,23091,1786302373619989000,0,0,4,238,0,0,4,451,1.93352,0
real_retained,18,0,1786302385220000000,6416,6417,18162,1786302339253334000,0,0,11,232,0,0,5,413,0.0,0
real_retained,19,0,1786302385220000000,6419,6420,22332,1786302383086667000,1786302383520000000,13,2,315,7,0,2,594,0.0,0
real_retained,20,0,1786302385220000000,6428,6429,5268,1786279301400977000,0,0,3103,526,217,82,155,206,1.51806,0
real_retained,1,0,1786302387320011000,6486,6488,134766,1786302368120011000,0,0,5,1129,0,0,5,3204,0.0892293,0
real_retained,1,1,1786302387320011000,6487,6488,70902,1786302368420000000,0,0,0,41,0,0,0,23634,1.1962,0
real_retained,2,0,1786302387320011000,6496,6497,14253,1786302366053334000,0,0,0,0,0,0,0,4751,1.84114,0
real_retained,3,0,1786302387320011000,6499,6500,67734,1786302385220000000,1786302387320011000,686,228,224,97,1,87,1961,0.0,0
real_retained,4,0,1786302387320011000,6506,6508,251820,1786302385220000000,1786302387320011000,2342,934,1021,181,2,219,3390,0.331614,0
real_retained,4,1,1786302387320011000,6507,6508,93453,1786302385220000000,1786302387320011000,1925,143,384,294,0,37,2005,0.0,0
real_retained,5,0,1786302387320011000,6520,6522,21714,1786302384819989000,0,0,5,1005,1,0,2,646,1.54267,0
real_retained,5,1,1786302387320011000,6521,6522,28437,1786302384819989000,0,0,3,542,0,0,3,551,0.74921,0
real_retained,6,0,1786302387320011000,6530,6532,172254,1786302343853323000,0,0,0,1222,0,0,0,57418,0.284837,0
real_retained,6,1,1786302387320011000,6531,6532,92952,1786302343986678000,0,0,0,216,0,0,0,30984,2.73975,0
real_retained,7,0,1786302387320011000,6540,6541,25038,1786302385220000000,1786302387320011000,269,262,300,179,0,142,706,3.28762,0
real_retained,10,0,1786302387320011000,6547,6548,58968,1786302378920000000,0,0,5151,6,0,0,453,1964,0.0,0
real_retained,11,0,1786302387320011000,6550,6551,37380,1786302340719989000,0,0,2,470,0,0,2,820,0.0,0
real_retained,12,0,1786302387320011000,6553,6554,12105,1786302337420023000,0,0,0,554,0,0,0,4035,0.0,0
real_retained,13,0,1786302387320011000,6556,6557,11478,1786302340586656000,0,0,1,281,0,0,1,248,0.0,0
real_retained,14,0,1786302387320011000,6559,6561,13311,1786302340853334000,0,0,0,666,0,0,0,4437,0.0,0
real_retained,14,1,1786302387320011000,6560,6561,9258,1786302341620000000,0,0,0,204,0,0,0,3086,3.04919,0
real_retained,16,0,1786302387320011000,6569,6571,29925,1786302342553334000,0,0,92,1048,0,0,42,423,0.0,0
real_retained,16,1,1786302387320011000,6570,6571,16665,1786302342820000000,0,0,10,456,0,0,5,301,0.0101918,0
real_retained,17,0,1786302387320011000,6579,6581,44151,1786302373319989000,0,0,4,893,0,0,4,537,0.17419,0
real_retained,17,1,1786302387320011000,6580,6581,23091,1786302373619989000,0,0,4,238,0,0,4,451,1.93352,0
real_retained,18,0,1786302387320011000,6589,6590,18162,1786302339253334000,0,0,11,232,0,0,5,413,0.0,0
real_retained,19,0,1786302387320011000,6592,6593,22332,1786302383520000000,0,0,0,315,0,0,0,7444,0.0,0
real_retained,20,0,1786302387320011000,6595,6596,5268,1786279301400977000,0,0,3243,526,121,56,156,206,1.5419,0
real_retained,1,0,1786302389853334000,6648,6650,134766,1786302368120011000,1786302389853334000,1,25,1129,3,1,25,3204,0.0892293,0
real_retained,1,1,1786302389853334000,6649,6650,70902,1786302368420000000,0,0,0,41,0,0,0,23634,1.1962,0
real_retained,2,0,1786302389853334000,6667,6668,14253,1786302366053334000,0,0,0,0,0,0,0,4751,1.84114,0
real_retained,3,0,1786302389853334000,6670,6671,82236,1786302387320011000,0,0,175,126,1,0,49,2243,0.0,0
real_retained,4,0,1786302389853334000,6673,6675,251820,1786302387320011000,1786302389853334000,5576,1122,1019,410,33,285,3390,0.307052,0
real_retained,4,1,1786302389853334000,6674,6675,93453,1786302387320011000,1786302389853334000,4522,243,560,491,0,58,2005,0.0,0
real_retained,5,0,1786302389853334000,6687,6689,21714,1786302384819989000,0,0,5,1005,0,0,2,646,1.54267,0
real_retained,5,1,1786302389853334000,6688,6689,28437,1786302384819989000,0,0,3,542,0,0,3,551,0.74921,0
real_retained,6,0,1786302389853334000,6697,6699,172254,1786302343853323000,0,0,0,1222,0,0,0,57418,0.284837,0
real_retained,6,1,1786302389853334000,6698,6699,92952,1786302343986678000,0,0,0,216,0,0,0,30984,2.73975,0
real_retained,7,0,1786302389853334000,6707,6708,25038,1786302387320011000,0,0,1,286,0,0,1,706,3.28762,0
real_retained,10,0,1786302389853334000,6710,6711,58968,1786302378920000000,1786302389853334000,3,5761,6,0,0,541,1964,0.0,0
real_retained,11,0,1786302389853334000,6717,6718,37380,1786302340719989000,0,0,2,470,0,0,2,820,0.0,0
real_retained,12,0,1786302389853334000,6720,6721,12105,1786302337420023000,0,0,0,554,0,0,0,4035,0.0,0
real_retained,13,0,1786302389853334000,6723,6724,11478,1786302340586656000,0,0,1,281,0,0,1,248,0.0,0
real_retained,14,0,1786302389853334000,6726,6728,13311,1786302340853334000,0,0,0,666,0,0,0,4437,0.0,0
real_retained,14,1,1786302389853334000,6727,6728,9258,1786302341620000000,0,0,0,204,0,0,0,3086,3.04919,0
real_retained,16,0,1786302389853334000,6736,6738,29925,1786302342553334000,0,0,92,1048,0,0,42,423,0.0,0
real_retained,16,1,1786302389853334000,6737,6738,16665,1786302342820000000,0,0,10,456,0,0,5,301,0.0101918,0
real_retained,17,0,1786302389853334000,6746,6748,44151,1786302373319989000,0,0,4,893,0,0,4,537,0.17419,0
real_retained,17,1,1786302389853334000,6747,6748,23091,1786302373619989000,0,0,4,238,0,0,4,451,1.93352,0
real_retained,18,0,1786302389853334000,6756,6757,18162,1786302339253334000,0,0,11,232,0,0,5,413,0.0,0
real_retained,19,0,1786302389853334000,6759,6760,22560,1786302383653323000,0,0,0,311,0,0,0,7520,0.0,0
real_retained,20,0,1786302389853334000,6762,6763,5268,1786279301400977000,0,0,3318,526,57,38,156,206,1.5419,0
real_retained,1,0,1786302392020011000,6813,6815,134766,1786302389853334000,1786302392020011000,455,62,1129,103,1,32,3204,0.086219,0
real_retained,1,1,1786302392020011000,6814,6815,70902,1786302368420000000,1786302392020011000,452,13,41,0,0,12,2335,1.1962,0
real_retained,2,0,1786302392020011000,6827,6828,14253,1786302366053334000,0,0,0,0,0,0,0,4751,1.84114,0
real_retained,3,0,1786302392020011000,6830,6831,82236,1786302387320011000,0,0,223,126,0,0,49,2243,0.0,0
real_retained,4,0,1786302392020011000,6833,6835,251820,1786302389853334000,1786302392020011000,7441,798,969,435,6,274,3390,0.288581,0
real_retained,4,1,1786302392020011000,6834,6835,93453,1786302389853334000,1786302392020011000,5758,145,747,675,2,56,2005,0.0,0
real_retained,5,0,1786302392020011000,6847,6849,21714,1786302384819989000,0,0,5,1005,0,0,2,646,1.54267,0
real_retained,5,1,1786302392020011000,6848,6849,42261,1786302384819989000,0,0,3,316,0,0,3,900,0.74921,0
real_retained,6,0,1786302392020011000,6857,6859,172254,1786302343853323000,0,0,0,1222,0,0,0,57418,0.284837,0
real_retained,6,1,1786302392020011000,6858,6859,92952,1786302343986678000,0,0,0,216,0,0,0,30984,2.73975,0
real_retained,7,0,1786302392020011000,6867,6868,25038,1786302387320011000,0,0,1,286,0,0,1,706,3.28762,0
real_retained,10,0,1786302392020011000,6870,6871,58968,1786302389853334000,1786302392020011000,463,319,68,66,0,131,1964,0.0,0
real_retained,11,0,1786302392020011000,6877,6878,37380,1786302340719989000,0,0,2,470,0,0,2,820,0.0,0
real_retained,12,0,1786302392020011000,6880,6881,12105,1786302337420023000,0,0,0,554,0,0,0,4035,0.0,0
real_retained,13,0,1786302392020011000,6883,6884,11478,1786302340586656000,0,0,1,281,0,0,1,248,0.0,0
real_retained,14,0,1786302392020011000,6886,6888,13311,1786302340853334000,0,0,0,666,0,0,0,4437,0.0,0
real_retained,14,1,1786302392020011000,6887,6888,9258,1786302341620000000,0,0,0,204,0,0,0,3086,3.04919,0
real_retained,16,0,1786302392020011000,6896,6898,29925,1786302342553334000,0,0,92,1048,0,0,42,423,0.0,0
real_retained,16,1,1786302392020011000,6897,6898,16665,1786302342820000000,0,0,10,456,0,0,5,301,0.0101918,0
real_retained,17,0,1786302392020011000,6906,6908,44151,1786302373319989000,0,0,4,893,0,0,4,537,0.17419,0
real_retained,17,1,1786302392020011000,6907,6908,23091,1786302373619989000,0,0,4,238,0,0,4,451,1.93352,0
real_retained,18,0,1786302392020011000,6916,6917,18162,1786302339253334000,0,0,11,232,0,0,5,413,0.0,0
real_retained,19,0,1786302392020011000,6919,6920,22560,1786302383653323000,0,0,0,311,0,0,0,7520,0.0,0
real_retained,20,0,1786302392020011000,6922,6923,5268,1786279301400977000,0,0,3327,526,7,0,156,206,1.5419,0
real_retained,1,0,1786302394153334000,6986,6988,134766,1786302392020011000,1786302394153334000,6582,439,1128,467,5,161,3204,0.0601292,0
real_retained,1,1,1786302394153334000,6987,6988,70902,1786302392020011000,1786302394153334000,6022,79,926,919,0,13,2335,1.03492,0
real_retained,2,0,1786302394153334000,7000,7001,14253,1786302366053334000,1786302394153334000,412,33,0,0,0,22,474,1.84114,0
real_retained,3,0,1786302394153334000,7007,7008,96039,1786302387519989000,1786302392886656000,4,248,125,0,0,59,2259,0.0,0
real_retained,4,0,1786302394153334000,7014,7016,251820,1786302392020011000,1786302394153334000,3970,60,952,299,0,24,3390,0.285108,0
real_retained,4,1,1786302394153334000,7015,7016,93453,1786302392020011000,1786302394153334000,2926,23,771,528,0,11,2005,0.0,0
real_retained,5,0,1786302394153334000,7028,7030,21714,1786302384819989000,0,0,12,1005,2,0,4,646,1.54267,0
real_retained,5,1,1786302394153334000,7029,7030,42261,1786302384819989000,0,0,3,316,0,0,3,900,0.74921,0
real_retained,6,0,1786302394153334000,7038,7040,172254,1786302343853323000,0,0,0,1222,0,0,0,57418,0.284837,0
real_retained,6,1,1786302394153334000,7039,7040,92952,1786302343986678000,0,0,0,216,0,0,0,30984,2.73975,0
real_retained,7,0,1786302394153334000,7048,7049,29631,1786302387420000000,0,0,1,256,0,0,1,792,3.28762,0
real_retained,10,0,1786302394153334000,7051,7052,58968,1786302392020011000,1786302394153334000,1148,80,191,182,3,31,1964,0.0,0
real_retained,11,0,1786302394153334000,7058,7059,37380,1786302340719989000,0,0,2,470,0,0,2,820,0.0,0
real_retained,12,0,1786302394153334000,7061,7062,12105,1786302337420023000,0,0,0,554,0,0,0,4035,0.0,0
real_retained,13,0,1786302394153334000,7064,7065,11478,1786302340586656000,0,0,1,281,0,0,1,248,0.0,0
real_retained,14,0,1786302394153334000,7067,7069,13311,1786302340853334000,0,0,0,666,0,0,0,4437,0.0,0
real_retained,14,1,1786302394153334000,7068,7069,9258,1786302341620000000,0,0,0,204,0,0,0,3086,3.04919,0
real_retained,16,0,1786302394153334000,7077,7079,29925,1786302342553334000,0,0,92,1048,0,0,42,423,0.0,0
real_retained,16,1,1786302394153334000,7078,7079,16665,1786302342820000000,0,0,10,456,0,0,5,301,0.0101918,0
real_retained,17,0,1786302394153334000,7088,7090,44151,1786302373319989000,0,0,4,893,0,0,4,537,0.17419,0
real_retained,17,1,1786302394153334000,7089,7090,23091,1786302373619989000,0,0,4,238,0,0,4,451,1.93352,0
real_retained,18,0,1786302394153334000,7098,7099,18162,1786302339253334000,0,0,11,232,0,0,5,413,0.0,0
real_retained,19,0,1786302394153334000,7101,7102,22560,1786302383653323000,0,0,1,311,0,0,1,603,0.0,0
real_retained,20,0,1786302394153334000,7106,7107,5268,1786279301400977000,0,0,3327,526,0,0,156,206,1.5419,0
real_retained,1,0,1786302396686656000,7157,7159,134766,1786302394153334000,1786302396686656000,7392,518,1113,414,1,164,3204,0.0526267,0
real_retained,1,1,1786302396686656000,7158,7159,70902,1786302394153334000,1786302396686656000,7119,47,1049,963,3,18,2335,1.01153,0
real_retained,2,0,1786302396686656000,7174,7175,14253,1786302394153334000,1786302396686656000,1678,13,965,965,0,6,474,0.331636,0
real_retained,3,0,1786302396686656000,7181,7182,96039,1786302392886656000,0,0,36,125,0,0,8,2259,0.0,0
real_retained,4,0,1786302396686656000,7184,7186,251820,1786302394153334000,1786302394553345000,135,2,948,11,0,3,3390,0.285108,0
real_retained,4,1,1786302396686656000,7185,7186,93453,1786302394153334000,1786302394553345000,89,0,757,41,0,0,2005,0.0,0
real_retained,5,0,1786302396686656000,7199,7201,21714,1786302384819989000,0,0,18,1005,2,0,4,646,1.54267,0
real_retained,5,1,1786302396686656000,7200,7201,42261,1786302384819989000,0,0,3,316,0,0,3,900,0.74921,0
real_retained,6,0,1786302396686656000,7209,7211,172254,1786302343853323000,0,0,0,1222,0,0,0,57418,0.284837,0
real_retained,6,1,1786302396686656000,7210,7211,92952,1786302343986678000,0,0,78,216,0,0,58,1931,2.73975,0
real_retained,7,0,1786302396686656000,7219,7220,29631,1786302387420000000,0,0,1,256,0,0,1,792,3.28762,0
real_retained,10,0,1786302396686656000,7222,7223,58968,1786302394153334000,1786302395853323000,380,17,209,144,1,14,1964,0.0,0
real_retained,11,0,1786302396686656000,7229,7230,37380,1786302340719989000,1786302396686656000,197,172,470,56,52,129,820,1.95641,0
real_retained,12,0,1786302396686656000,7236,7237,12105,1786302337420023000,1786302396686656000,130,130,554,344,161,69,192,3.57433,0
real_retained,13,0,1786302396686656000,7243,7244,11478,1786302340586656000,0,0,6,281,0,0,7,248,0.0,0
real_retained,14,0,1786302396686656000,7246,7248,13311,1786302340853334000,0,0,0,666,0,0,0,4437,0.0,0
real_retained,14,1,1786302396686656000,7247,7248,9258,1786302341620000000,0,0,0,204,0,0,0,3086,3.04919,0
real_retained,16,0,1786302396686656000,7256,7258,29925,1786302342553334000,0,0,92,1048,0,0,42,423,0.0,0
real_retained,16,1,1786302396686656000,7257,7258,16665,1786302342820000000,0,0,10,456,0,0,5,301,0.0101918,0
real_retained,17,0,1786302396686656000,7266,7268,44151,1786302373319989000,0,0,4,893,0,0,4,537,0.17419,0
real_retained,17,1,1786302396686656000,7267,7268,23091,1786302373619989000,0,0,4,238,0,0,4,451,1.93352,0
real_retained,18,0,1786302396686656000,7276,7277,18162,1786302339253334000,1786302396686656000,143,73,238,98,29,61,413,0.74637,0
real_retained,19,0,1786302396686656000,7283,7284,22560,1786302383653323000,0,0,1,311,0,0,1,603,0.0,0
real_retained,20,0,1786302396686656000,7286,7287,5268,1786279301400977000,0,0,3327,526,0,0,156,206,1.5419,0
real_retained,1,0,1786302399253334000,7338,7340,134766,1786302396686656000,1786302397086667000,40,7,1109,2,0,7,3204,0.0526267,0
real_retained,1,1,1786302399253334000,7339,7340,70902,1786302396686656000,1786302397086667000,38,0,1045,13,0,0,2335,1.01153,0
real_retained,2,0,1786302399253334000,7363,7364,14253,1786302396686656000,1786302397520000000,259,0,970,133,0,0,474,0.319536,0
real_retained,3,0,1786302399253334000,7370,7371,96039,1786302392886656000,0,0,36,125,0,0,8,2259,0.0,0
real_retained,4,0,1786302399253334000,7373,7375,251820,1786302394553345000,0,0,0,948,0,0,0,83940,0.285108,0
real_retained,4,1,1786302399253334000,7374,7375,122160,1786302394553345000,0,0,0,299,0,0,0,40720,0.0,0
real_retained,5,0,1786302399253334000,7383,7385,21714,1786302384819989000,0,0,18,1005,0,0,4,646,1.54267,0
real_retained,5,1,1786302399253334000,7384,7385,42261,1786302384819989000,0,0,3,316,0,0,3,900,0.74921,0
real_retained,6,0,1786302399253334000,7393,7395,172254,1786302343853323000,1786302399253334000,281,2127,1222,180,37,851,2737,0.315257,0
real_retained,6,1,1786302399253334000,7394,7395,92952,1786302343986678000,1786302399253334000,249,2292,216,27,23,731,1931,2.73975,0
real_retained,7,0,1786302399253334000,7407,7408,29631,1786302387420000000,0,0,1,256,0,0,1,792,3.28762,0
real_retained,10,0,1786302399253334000,7410,7411,58968,1786302395853323000,0,0,0,208,0,0,0,19656,0.0,0
real_retained,11,0,1786302399253334000,7413,7414,37380,1786302396686656000,1786302399253334000,2010,680,470,64,62,136,820,2.52013,0
real_retained,12,0,1786302399253334000,7420,7421,12105,1786302396686656000,1786302399253334000,406,323,554,349,177,63,192,3.98065,0
real_retained,13,0,1786302399253334000,7427,7428,11478,1786302340586656000,1786302399253334000,321,356,281,157,119,111,248,7.3942,1
real_retained,14,0,1786302399253334000,7431,7433,13311,1786302340853334000,0,0,0,666,0,0,0,4437,0.0,0
real_retained,14,1,1786302399253334000,7432,7433,9258,1786302341620000000,0,0,0,204,0,0,0,3086,3.04919,0
real_retained,16,0,1786302399253334000,7441,7443,29925,1786302342553334000,0,0,92,1048,0,0,42,423,0.0,0
real_retained,16,1,1786302399253334000,7442,7443,16665,1786302342820000000,0,0,10,456,0,0,5,301,0.0101918,0
real_retained,17,0,1786302399253334000,7451,7453,44151,1786302373319989000,0,0,4,893,0,0,4,537,0.17419,0
real_retained,17,1,1786302399253334000,7452,7453,23091,1786302373619989000,0,0,4,238,0,0,4,451,1.93352,0
real_retained,18,0,1786302399253334000,7461,7462,18162,1786302396686656000,1786302399253334000,1170,398,444,368,11,83,413,0.0,0
real_retained,19,0,1786302399253334000,7468,7469,22560,1786302383653323000,0,0,1,311,0,0,1,603,0.0,0
real_retained,20,0,1786302399253334000,7471,7472,5268,1786279301400977000,0,0,3327,526,0,0,156,206,1.5419,0
real_retained,1,0,1786302401853334000,7525,7527,134766,1786302397086667000,1786302401853334000,1966,210,1109,225,1,141,3204,0.0513558,0
real_retained,1,1,1786302401853334000,7526,7527,70902,1786302397086667000,1786302401853334000,2069,11,1055,551,0,8,2335,1.00944,0
real_retained,2,0,1786302401853334000,7539,7540,14253,1786302397520000000,1786302401853334000,898,0,986,407,0,0,474,0.296429,0
real_retained,3,0,1786302401853334000,7546,7547,96039,1786302392886656000,1786302401853334000,8,48,125,0,0,14,2259,0.0,0
real_retained,4,0,1786302401853334000,7553,7555,251820,1786302394553345000,0,0,0,948,0,0,0,83940,0.285108,0
real_retained,4,1,1786302401853334000,7554,7555,138108,1786302394786656000,0,0,0,279,0,0,0,46036,0.0,0
real_retained,5,0,1786302401853334000,7571,7573,21714,1786302384819989000,0,0,20,1005,2,0,4,646,1.54267,0
real_retained,5,1,1786302401853334000,7572,7573,42261,1786302384819989000,0,0,3,316,0,0,3,900,0.74921,0
real_retained,6,0,1786302401853334000,7582,7584,172254,1786302399253334000,1786302399686656000,138,1132,1188,121,3,801,2737,0.311233,0
real_retained,6,1,1786302401853334000,7583,7584,92952,1786302399253334000,1786302399686656000,134,1216,196,7,2,656,1931,2.73975,0
real_retained,7,0,1786302401853334000,7596,7597,29631,1786302387420000000,0,0,1,256,0,0,1,792,3.28762,0
real_retained,10,0,1786302401853334000,7599,7600,58968,1786302395853323000,0,0,0,208,0,0,0,19656,0.0,0
real_retained,11,0,1786302401853334000,7602,7603,37380,1786302399253334000,1786302401853334000,1327,613,470,82,74,137,820,2.58206,0
real_retained,12,0,1786302401853334000,7609,7610,12105,1786302399253334000,1786302401853334000,391,365,557,372,136,75,192,4.11549,0
real_retained,14,0,1786302401853334000,7616,7618,13311,1786302340853334000,0,0,0,666,0,0,0,4437,0.0,0
real_retained,14,1,1786302401853334000,7617,7618,9258,1786302341620000000,0,0,0,204,0,0,0,3086,3.04919,0
real_retained,16,0,1786302401853334000,7626,7628,29925,1786302342553334000,0,0,92,1048,0,0,42,423,0.0,0
real_retained,16,1,1786302401853334000,7627,7628,16665,1786302342820000000,0,0,10,456,0,0,5,301,0.0101918,0
real_retained,17,0,1786302401853334000,7638,7640,44151,1786302373319989000,0,0,4,893,0,0,4,537,0.17419,0
real_retained,17,1,1786302401853334000,7639,7640,23091,1786302373619989000,0,0,4,238,0,0,4,451,1.93352,0
real_retained,18,0,1786302401853334000,7648,7649,18162,1786302399253334000,1786302401853334000,903,383,447,357,9,74,413,0.0,0
real_retained,19,0,1786302401853334000,7655,7656,22560,1786302383653323000,0,0,1,311,0,0,1,603,0.0,0
real_retained,20,0,1786302401853334000,7658,7659,5268,1786279301400977000,0,0,3327,526,0,0,156,206,1.5419,0
real_retained,1,0,1786302404853323000,7725,7727,134766,1786302401853334000,1786302404853323000,9682,989,1107,439,5,207,3204,0.0432614,0
real_retained,1,1,1786302404853323000,7726,7727,120873,1786302401853334000,1786302404853323000,11879,352,1005,987,3,57,2799,0.72228,0
real_retained,2,0,1786302404853323000,7741,7742,14253,1786302401853334000,1786302404853323000,2282,37,1101,1100,5,18,474,0.152241,0
real_retained,3,0,1786302404853323000,7748,7749,96039,1786302401853334000,1786302403120000000,54,32,129,4,0,10,2259,0.0,0
real_retained,4,0,1786302404853323000,7755,7757,251820,1786302394553345000,0,0,0,948,0,0,0,83940,0.285108,0
real_retained,4,1,1786302404853323000,7756,7757,138108,1786302394786656000,0,0,0,279,0,0,0,46036,0.0,0
real_retained,5,0,1786302404853323000,7765,7767,21714,1786302384819989000,0,0,32,1005,2,0,4,646,1.54267,0
real_retained,5,1,1786302404853323000,7766,7767,42261,1786302384819989000,0,0,5,316,0,0,4,900,0.74921,0
real_retained,6,0,1786302404853323000,7775,7777,172254,1786302399686656000,0,0,385,1186,0,0,387,2737,0.311233,0
real_retained,6,1,1786302404853323000,7776,7777,92952,1786302399686656000,0,0,605,196,0,0,417,1931,2.73975,0
real_retained,7,0,1786302404853323000,7793,7794,29631,1786302387420000000,0,0,1,256,0,0,1,792,3.28762,0
real_retained,10,0,1786302404853323000,7796,7797,76344,1786302396053323000,1786302404419989000,261,35,73,35,1,20,2269,0.0,0
real_retained,11,0,1786302404853323000,7803,7804,37380,1786302401853334000,0,0,0,470,0,0,0,12460,2.58206,0
real_retained,12,0,1786302404853323000,7806,7807,12105,1786302401853334000,1786302402286656000,16,51,398,39,3,52,192,4.11549,0
real_retained,14,0,1786302404853323000,7813,7815,13311,1786302340853334000,0,0,0,666,0,0,0,4437,0.0,0
real_retained,14,1,1786302404853323000,7814,7815,9258,1786302341620000000,0,0,0,204,0,0,0,3086,3.04919,0
real_retained,16,0,1786302404853323000,7823,7825,29925,1786302342553334000,0,0,92,1048,0,0,42,423,0.0,0
real_retained,16,1,1786302404853323000,7824,7825,16665,1786302342820000000,0,0,10,456,0,0,5,301,0.0101918,0
real_retained,17,0,1786302404853323000,7833,7835,44151,1786302373319989000,0,0,4,893,0,0,4,537,0.17419,0
real_retained,17,1,1786302404853323000,7834,7835,23091,1786302373619989000,0,0,4,238,0,0,4,451,1.93352,0
real_retained,18,0,1786302404853323000,7843,7844,18162,1786302401853334000,0,0,7,434,0,0,1,413,0.0,0
real_retained,19,0,1786302404853323000,7846,7847,22560,1786302383653323000,0,0,1,311,0,0,1,603,0.0,0
real_retained,20,0,1786302404853323000,7849,7850,5268,1786279301400977000,0,0,3327,526,0,0,156,206,1.5419,0
real_retained,1,0,1786302408186678000,7904,7906,134766,1786302404853323000,1786302408186678000,7671,1184,1097,394,32,282,3204,0.0,0
real_retained,1,1,1786302408186678000,7905,7906,120873,1786302404853323000,1786302408186678000,7609,571,1098,813,68,183,2799,0.673779,0
real_retained,2,0,1786302408186678000,7918,7919,14253,1786302404853323000,1786302408186678000,2570,357,1151,1103,87,88,474,0.139413,0
real_retained,3,0,1786302408186678000,7925,7926,96039,1786302403120000000,0,0,14,129,0,0,4,2259,0.0,0
real_retained,4,0,1786302408186678000,7928,7930,251820,1786302394553345000,0,0,0,948,0,0,0,83940,0.285108,0
real_retained,4,1,1786302408186678000,7929,7930,138108,1786302394786656000,0,0,0,279,0,0,0,46036,0.0,0
real_retained,5,0,1786302408186678000,7938,7940,21714,1786302384819989000,0,0,32,1005,0,0,4,646,1.54267,0
real_retained,5,1,1786302408186678000,7939,7940,42261,1786302384819989000,0,0,5,316,0,0,4,900,0.74921,0
real_retained,6,0,1786302408186678000,7948,7950,172254,1786302399686656000,0,0,385,1186,0,0,387,2737,0.311233,0
real_retained,6,1,1786302408186678000,7949,7950,99546,1786302400053323000,0,0,605,213,0,0,417,1978,2.73975,0
real_retained,7,0,1786302408186678000,7958,7959,29631,1786302387420000000,0,0,1,256,0,0,1,792,3.28762,0
real_retained,10,0,1786302408186678000,7961,7962,76344,1786302404419989000,0,0,0,71,0,0,0,25448,0.0,0
real_retained,11,0,1786302408186678000,7964,7965,37380,1786302401853334000,0,0,0,470,0,0,0,12460,2.58206,0
real_retained,12,0,1786302408186678000,7967,7968,12105,1786302402286656000,0,0,0,398,0,0,0,4035,4.11549,0
real_retained,13,0,1786302408186678000,7970,7971,5742,1786302401120000000,0,0,0,187,187,0,0,1914,0.0,0
real_retained,14,0,1786302408186678000,7973,7975,13311,1786302340853334000,0,0,0,666,0,0,0,4437,0.0,0
real_retained,14,1,1786302408186678000,7974,7975,9258,1786302341620000000,0,0,0,204,0,0,0,3086,3.04919,0
real_retained,16,0,1786302408186678000,7983,7985,29925,1786302342553334000,0,0,92,1048,0,0,42,423,0.0,0
real_retained,16,1,1786302408186678000,7984,7985,16665,1786302342820000000,0,0,10,456,0,0,5,301,0.0101918,0
real_retained,17,0,1786302408186678000,8000,8002,44151,1786302373319989000,0,0,4,893,0,0,4,537,0.17419,0
real_retained,17,1,1786302408186678000,8001,8002,23091,1786302373619989000,0,0,4,238,0,0,4,451,1.93352,0
real_retained,18,0,1786302408186678000,8010,8011,18162,1786302401853334000,0,0,8,434,0,0,1,413,0.0,0
real_retained,19,0,1786302408186678000,8013,8014,22560,1786302383653323000,0,0,1,311,0,0,1,603,0.0,0
real_retained,20,0,1786302408186678000,8016,8017,5268,1786279301400977000,0,0,3327,526,0,0,156,206,1.5419,0
real_retained,1,0,1786302411186667000,8091,8093,134766,1786302408186678000,1786302411186667000,1537,149,1052,126,34,60,3204,0.0323079,0
real_retained,1,1,1786302411186667000,8092,8093,120873,1786302408186678000,1786302411186667000,1170,112,1012,144,44,39,2799,0.679539,0
real_retained,2,0,1786302411186667000,8105,8106,29571,1786302408186678000,1786302411186667000,2094,1072,952,895,264,222,595,0.545542,0
real_retained,3,0,1786302411186667000,8112,8113,97080,1786302403219989000,0,0,14,112,0,0,4,2287,0.0,0
real_retained,4,0,1786302411186667000,8115,8117,251820,1786302394553345000,0,0,0,948,0,0,0,83940,0.285108,0
real_retained,4,1,1786302411186667000,8116,8117,138108,1786302394786656000,0,0,0,279,0,0,0,46036,0.0,0
real_retained,5,0,1786302411186667000,8125,8127,21714,1786302384819989000,0,0,32,1005,0,0,4,646,1.54267,0
real_retained,5,1,1786302411186667000,8126,8127,42261,1786302384819989000,0,0,5,316,0,0,4,900,0.74921,0
real_retained,6,0,1786302411186667000,8135,8137,172254,1786302399686656000,0,0,385,1186,0,0,387,2737,0.311233,0
real_retained,6,1,1786302411186667000,8136,8137,99546,1786302400053323000,0,0,605,213,0,0,417,1978,2.73975,0
real_retained,7,0,1786302411186667000,8145,8146,29631,1786302387420000000,0,0,1,256,0,0,1,792,3.28762,0
real_retained,10,0,1786302411186667000,8148,8149,78294,1786302404486667000,0,0,0,57,0,0,0,26098,0.0,0
real_retained,11,0,1786302411186667000,8151,8152,54990,1786302401986678000,0,0,0,303,0,0,0,18330,2.58206,0
real_retained,12,0,1786302411186667000,8154,8155,16038,1786302402320000000,0,0,0,398,0,0,0,5346,4.11549,0
real_retained,13,0,1786302411186667000,8157,8158,5742,1786302401120000000,0,0,0,178,0,0,0,1914,0.0,0
real_retained,14,0,1786302411186667000,8160,8162,13311,1786302340853334000,0,0,0,666,0,0,0,4437,0.0,0
real_retained,14,1,1786302411186667000,8161,8162,9258,1786302341620000000,0,0,0,204,0,0,0,3086,3.04919,0
real_retained,16,0,1786302411186667000,8170,8172,29925,1786302342553334000,0,0,92,1048,0,0,42,423,0.0,0
real_retained,16,1,1786302411186667000,8171,8172,16665,1786302342820000000,0,0,10,456,0,0,5,301,0.0101918,0
real_retained,17,0,1786302411186667000,8180,8182,44151,1786302373319989000,0,0,4,893,0,0,4,537,0.17419,0
real_retained,17,1,1786302411186667000,8181,8182,23091,1786302373619989000,0,0,4,238,0,0,4,451,1.93352,0
real_retained,18,0,1786302411186667000,8190,8191,26508,1786302402053334000,0,0,8,348,0,0,1,565,0.0,0
real_retained,19,0,1786302411186667000,8193,8194,22560,1786302383653323000,0,0,1,311,0,0,1,603,0.0,0
real_retained,20,0,1786302411186667000,8196,8197,5268,1786279301400977000,0,0,3327,526,0,0,156,206,1.5419,0
real_retained,1,0,1786302414553334000,8248,8251,134766,1786302411186667000,1786302414553334000,4426,650,1033,296,100,188,3204,0.157674,0
real_retained,1,1,1786302414553334000,8250,8251,120873,1786302411186667000,1786302414553334000,3539,607,1027,348,95,178,2799,0.693894,0
real_retained,2,0,1786302414553334000,8263,8264,29571,1786302411186667000,1786302414553334000,814,949,683,496,153,190,595,0.551518,0
real_retained,3,0,1786302414553334000,8270,8271,97080,1786302403219989000,0,0,14,112,0,0,4,2287,0.0,0
real_retained,4,0,1786302414553334000,8273,8275,251820,1786302394553345000,0,0,0,948,0,0,0,83940,0.285108,0
real_retained,4,1,1786302414553334000,8274,8275,138108,1786302394786656000,0,0,0,279,0,0,0,46036,0.0,0
real_retained,5,0,1786302414553334000,8283,8285,21714,1786302384819989000,0,0,32,1005,0,0,4,646,1.54267,0
real_retained,5,1,1786302414553334000,8284,8285,42261,1786302384819989000,0,0,5,316,0,0,4,900,0.74921,0
real_retained,6,0,1786302414553334000,8293,8295,172254,1786302399686656000,0,0,385,1186,0,0,387,2737,0.311233,0
real_retained,6,1,1786302414553334000,8294,8295,99546,1786302400053323000,0,0,605,213,0,0,417,1978,2.73975,0
real_retained,7,0,1786302414553334000,8303,8304,29631,1786302387420000000,0,0,1,256,0,0,1,792,3.28762,0
real_retained,10,0,1786302414553334000,8306,8307,78294,1786302404486667000,0,0,0,57,0,0,0,26098,0.0,0
real_retained,11,0,1786302414553334000,8309,8310,54990,1786302401986678000,0,0,0,303,0,0,0,18330,2.58206,0
real_retained,12,0,1786302414553334000,8312,8313,16038,1786302402320000000,0,0,0,398,0,0,0,5346,4.11549,0
real_retained,13,0,1786302414553334000,8315,8316,5742,1786302401120000000,0,0,0,178,0,0,0,1914,0.0,0
real_retained,14,0,1786302414553334000,8318,8320,13311,1786302340853334000,0,0,0,666,0,0,0,4437,0.0,0
real_retained,14,1,1786302414553334000,8319,8320,9258,1786302341620000000,0,0,0,204,0,0,0,3086,3.04919,0
real_retained,16,0,1786302414553334000,8328,8330,29925,1786302342553334000,0,0,92,1048,0,0,42,423,0.0,0
real_retained,16,1,1786302414553334000,8329,8330,16665,1786302342820000000,0,0,10,456,0,0,5,301,0.0101918,0
real_retained,17,0,1786302414553334000,8338,8340,44151,1786302373319989000,0,0,4,893,0,0,4,537,0.17419,0
real_retained,17,1,1786302414553334000,8339,8340,23091,1786302373619989000,0,0,4,238,0,0,4,451,1.93352,0
real_retained,18,0,1786302414553334000,8348,8349,26508,1786302402053334000,0,0,8,348,0,0,1,565,0.0,0
real_retained,19,0,1786302414553334000,8351,8352,22560,1786302383653323000,0,0,1,311,0,0,1,603,0.0,0
real_retained,20,0,1786302414553334000,8354,8355,5268,1786279301400977000,0,0,3327,526,0,0,156,206,1.5419,0
real_retained,1,0,1786302417986667000,8407,8409,134766,1786302414553334000,1786302417986667000,8448,982,1032,460,179,338,3204,0.295902,0
real_retained,1,1,1786302417986667000,8408,8409,120873,1786302414553334000,1786302417986667000,6858,975,987,538,68,253,2799,0.679589,0
real_retained,2,0,1786302417986667000,8421,8422,29571,1786302414553334000,1786302416286678000,37,116,664,68,41,67,595,0.551518,0
real_retained,3,0,1786302417986667000,8428,8429,97080,1786302403219989000,1786302417986667000,33,49,112,0,0,40,2287,0.0,0
real_retained,4,0,1786302417986667000,8436,8440,251820,1786302394553345000,1786302417986667000,1738,96,948,129,15,74,3390,0.277828,0
real_retained,4,1,1786302417986667000,8439,8440,138108,1786302394786656000,1786302417986667000,1198,26,348,115,2,24,2120,0.0,0
real_retained,5,0,1786302417986667000,8452,8454,21714,1786302384819989000,0,0,33,1005,0,0,5,646,1.54267,0
real_retained,5,1,1786302417986667000,8453,8454,42261,1786302384819989000,0,0,5,316,0,0,4,900,0.74921,0
real_retained,6,0,1786302417986667000,8462,8464,172254,1786302399686656000,0,0,385,1186,0,0,387,2737,0.311233,0
real_retained,6,1,1786302417986667000,8463,8464,99546,1786302400053323000,0,0,605,213,0,0,417,1978,2.73975,0
real_retained,7,0,1786302417986667000,8472,8473,29631,1786302387420000000,0,0,1,256,0,0,1,792,3.28762,0
real_retained,10,0,1786302417986667000,8475,8476,78294,1786302404486667000,1786302417986667000,205,623,57,12,6,248,2282,0.0,0
real_retained,11,0,1786302417986667000,8482,8483,54990,1786302401986678000,0,0,0,303,0,0,0,18330,2.58206,0
real_retained,12,0,1786302417986667000,8485,8486,16038,1786302402320000000,0,0,0,398,0,0,0,5346,4.11549,0
real_retained,13,0,1786302417986667000,8488,8489,5742,1786302401120000000,0,0,0,178,0,0,0,1914,0.0,0
real_retained,14,0,1786302417986667000,8491,8493,13311,1786302340853334000,0,0,0,666,0,0,0,4437,0.0,0
real_retained,14,1,1786302417986667000,8492,8493,9258,1786302341620000000,0,0,0,204,0,0,0,3086,3.04919,0
real_retained,16,0,1786302417986667000,8501,8503,29925,1786302342553334000,0,0,92,1048,0,0,42,423,0.0,0
real_retained,16,1,1786302417986667000,8502,8503,16665,1786302342820000000,0,0,10,456,0,0,5,301,0.0101918,0
real_retained,17,0,1786302417986667000,8511,8513,44151,1786302373319989000,0,0,4,893,0,0,4,537,0.17419,0
real_retained,17,1,1786302417986667000,8512,8513,23091,1786302373619989000,0,0,4,238,0,0,4,451,1.93352,0
real_retained,18,0,1786302417986667000,8521,8522,26508,1786302402053334000,0,0,8,348,0,0,1,565,0.0,0
real_retained,19,0,1786302417986667000,8524,8525,22560,1786302383653323000,0,0,3,311,0,0,2,603,0.0,0
real_retained,20,0,1786302417986667000,8527,8528,5268,1786279301400977000,0,0,3334,526,8,8,156,206,1.5419,0
real_retained,1,0,1786302421353334000,8587,8589,134766,1786302417986667000,1786302421353334000,5128,1320,938,160,16,250,3204,0.283097,0
real_retained,1,1,1786302421353334000,8588,8589,120873,1786302417986667000,1786302421353334000,5461,695,942,331,33,141,2799,0.671796,0
real_retained,2,0,1786302421353334000,8601,8602,47409,1786302416286678000,0,0,0,405,0,0,0,15803,0.551518,0
real_retained,3,0,1786302421353334000,8604,8605,97080,1786302417986667000,1786302421353334000,2527,850,224,146,6,245,2287,0.0,0
real_retained,4,0,1786302421353334000,8611,8613,251820,1786302417986667000,1786302421353334000,4764,432,927,148,3,101,3390,0.274502,0
real_retained,4,1,1786302421353334000,8612,8613,138108,1786302417986667000,1786302421353334000,3476,124,422,212,1,32,2120,0.0,0
real_retained,5,0,1786302421353334000,8625,8627,21714,1786302384819989000,1786302421353334000,120,60,1005,54,0,17,646,1.52021,0
real_retained,5,1,1786302421353334000,8626,8627,42261,1786302384819989000,1786302421353334000,187,85,327,48,1,27,900,0.726526,0
real_retained,6,0,1786302421353334000,8639,8641,172254,1786302399686656000,1786302421353334000,112,402,1186,23,0,406,2737,0.311233,0
real_retained,6,1,1786302421353334000,8640,8641,99546,1786302400053323000,1786302421353334000,87,612,213,16,0,425,1978,2.73975,0
real_retained,7,0,1786302421353334000,8653,8654,29631,1786302387420000000,1786302421353334000,724,687,277,57,5,182,792,3.21265,0
real_retained,10,0,1786302421353334000,8660,8661,78294,1786302417986667000,1786302421353334000,871,1370,57,12,7,305,2282,0.0,0
real_retained,11,0,1786302421353334000,8667,8668,54990,1786302401986678000,0,0,0,303,0,0,0,18330,2.58206,0
real_retained,12,0,1786302421353334000,8670,8671,16038,1786302402320000000,0,0,0,398,0,0,0,5346,4.11549,0
real_retained,13,0,1786302421353334000,8673,8674,5742,1786302401120000000,0,0,0,178,0,0,0,1914,0.0,0
real_retained,14,0,1786302421353334000,8676,8678,13311,1786302340853334000,0,0,0,666,0,0,0,4437,0.0,0
real_retained,14,1,1786302421353334000,8677,8678,9258,1786302341620000000,0,0,0,204,0,0,0,3086,3.04919,0
real_retained,16,0,1786302421353334000,8686,8688,29925,1786302342553334000,1786302421353334000,389,142,1048,348,4,73,423,0.0,0
real_retained,16,1,1786302421353334000,8687,8688,16665,1786302342820000000,1786302421353334000,294,23,460,265,0,16,301,0.0,0
real_retained,17,0,1786302421353334000,8700,8702,44151,1786302373319989000,1786302421353334000,609,98,893,220,0,62,537,0.148525,0
real_retained,17,1,1786302421353334000,8701,8702,23091,1786302373619989000,1786302421353334000,584,19,337,264,2,13,451,1.88362,0
real_retained,18,0,1786302421353334000,8714,8715,26508,1786302402053334000,0,0,8,348,0,0,1,565,0.0,0
real_retained,19,0,1786302421353334000,8725,8726,22560,1786302383653323000,1786302421353334000,175,242,325,73,18,85,603,0.00318449,0
real_retained,20,0,1786302421353334000,8732,8733,5268,1786279301400977000,0,0,3405,526,44,34,156,206,1.5419,0
real_retained,1,0,1786302424353323000,8782,8786,134766,1786302421353334000,1786302422653323000,400,181,930,29,1,103,3204,0.283097,0
real_retained,1,1,1786302424353323000,8785,8786,120873,1786302421353334000,1786302422653323000,655,118,884,113,3,74,2799,0.671796,0
real_retained,2,0,1786302424353323000,8798,8799,53940,1786302416453323000,0,0,0,371,0,0,0,17980,0.551518,0
real_retained,3,0,1786302424353323000,8801,8802,97080,1786302421353334000,1786302424353323000,1809,996,284,208,3,372,2287,0.0,0
real_retained,4,0,1786302424353323000,8810,8812,251820,1786302421353334000,1786302423053334000,1318,141,913,145,0,53,3390,0.271982,0
real_retained,4,1,1786302424353323000,8811,8812,138108,1786302421353334000,1786302423053334000,802,5,419,100,0,4,2120,0.0,0
real_retained,5,0,1786302424353323000,8826,8828,21714,1786302421353334000,1786302423486667000,38,22,997,36,0,16,646,1.51739,0
real_retained,5,1,1786302424353323000,8827,8828,42261,1786302421353334000,1786302423920000000,116,42,314,27,0,20,900,0.726526,0
real_retained,6,0,1786302424353323000,8840,8842,172254,1786302421353334000,1786302424353323000,3152,1228,1186,201,0,370,2737,0.288503,0
real_retained,6,1,1786302424353323000,8841,8842,99546,1786302421353334000,1786302424353323000,2079,1160,336,240,0,381,1978,2.39585,0
real_retained,7,0,1786302424353323000,8862,8863,29631,1786302421353334000,1786302423920000000,589,588,323,274,6,207,792,2.93918,0
real_retained,10,0,1786302424353323000,8869,8870,78294,1786302421353334000,1786302423053334000,304,306,57,8,7,135,2282,0.0,0
real_retained,11,0,1786302424353323000,8876,8877,54990,1786302401986678000,1786302424353323000,2381,106,401,363,2,42,1307,2.50759,0
real_retained,12,0,1786302424353323000,8883,8884,16038,1786302402320000000,1786302424353323000,346,18,404,241,0,9,262,3.97852,0
real_retained,13,0,1786302424353323000,8890,8891,5742,1786302401120000000,1786302424353323000,259,135,180,71,27,29,216,0.269198,0
real_retained,14,0,1786302424353323000,8897,8899,13311,1786302340853334000,1786302424353323000,289,16,666,175,0,8,248,0.0,0
real_retained,14,1,1786302424353323000,8898,8899,9258,1786302341620000000,1786302424353323000,227,39,251,168,0,28,234,2.98977,0
real_retained,16,0,1786302424353323000,8911,8913,29925,1786302421353334000,1786302424353323000,1422,192,1036,592,3,50,423,0.0,0
real_retained,16,1,1786302424353323000,8912,8913,16665,1786302421353334000,1786302424353323000,1203,48,600,539,1,20,301,0.0,0
real_retained,17,0,1786302424353323000,8926,8928,44151,1786302421353334000,1786302424353323000,1890,329,892,610,2,77,537,0.132534,0
real_retained,17,1,1786302424353323000,8927,8928,23091,1786302421353334000,1786302424353323000,1933,81,655,642,2,35,451,1.80374,0
real_retained,18,0,1786302424353323000,8940,8941,26508,1786302402053334000,1786302424353323000,794,60,540,387,1,20,565,0.0,0
real_retained,19,0,1786302424353323000,8947,8948,22560,1786302421353334000,1786302424353323000,436,197,320,138,1,89,603,0.0,0
real_retained,20,0,1786302424353323000,8954,8955,5268,1786279301400977000,0,0,3543,526,165,51,158,206,1.55656,0
real_retained,1,0,1786302427753345000,9002,9004,134766,1786302422653323000,0,0,7,928,0,0,7,3204,0.283097,0
real_retained,1,1,1786302427753345000,9003,9004,120873,1786302422653323000,0,0,1,873,0,0,1,2799,0.671796,0
real_retained,2,0,1786302427753345000,9012,9013,53940,1786302416453323000,0,0,0,371,0,0,0,17980,0.551518,0
real_retained,3,0,1786302427753345000,9015,9016,97080,1786302424353323000,1786302427753345000,167,138,275,57,1,95,2287,0.0,0
real_retained,4,0,1786302427753345000,9022,9024,251820,1786302423053334000,0,0,0,907,0,0,0,83940,0.271982,0
real_retained,4,1,1786302427753345000,9023,9024,138108,1786302423053334000,0,0,0,409,0,0,0,46036,0.0,0
real_retained,5,0,1786302427753345000,9032,9034,21714,1786302423486667000,0,0,4,986,0,0,4,646,1.51739,0
real_retained,5,1,1786302427753345000,9033,9034,42261,1786302423920000000,0,0,2,301,0,0,2,900,0.726526,0
real_retained,6,0,1786302427753345000,9042,9044,172254,1786302424353323000,1786302427753345000,5786,1407,1183,358,2,385,2737,0.197193,0
real_retained,6,1,1786302427753345000,9043,9044,99546,1786302424353323000,1786302427753345000,4088,1505,502,441,0,529,1978,2.14574,0
real_retained,7,0,1786302427753345000,9056,9057,29631,1786302423920000000,0,0,42,313,0,0,33,792,2.93918,0
real_retained,10,0,1786302427753345000,9069,9070,78294,1786302423053334000,0,0,3,54,0,0,3,2282,0.0,0
real_retained,11,0,1786302427753345000,9072,9073,54990,1786302424353323000,1786302427753345000,4564,333,409,386,6,134,1307,2.4938,0
real_retained,12,0,1786302427753345000,9079,9080,16038,1786302424353323000,1786302427353334000,1051,169,512,453,1,44,262,3.74734,0
real_retained,13,0,1786302427753345000,9086,9087,5742,1786302424353323000,1786302427753345000,425,276,161,100,14,51,216,0.209326,0
real_retained,14,0,1786302427753345000,9093,9095,13311,1786302424353323000,1786302427753345000,602,150,663,455,11,64,248,0.0,0
real_retained,14,1,1786302427753345000,9094,9095,9258,1786302424353323000,1786302427753345000,447,314,319,247,10,100,234,2.92961,0
real_retained,16,0,1786302427753345000,9107,9109,29925,1786302424353323000,1786302427753345000,1016,174,1024,580,0,48,423,0.0,0
real_retained,16,1,1786302427753345000,9108,9109,16665,1786302424353323000,1786302427753345000,872,58,655,564,0,17,301,0.0,0
real_retained,17,0,1786302427753345000,9121,9123,44151,1786302424353323000,1786302427753345000,1128,299,883,640,12,107,537,0.114165,0
real_retained,17,1,1786302427753345000,9122,9123,23091,1786302424353323000,1786302427753345000,1148,111,756,725,8,46,451,1.77718,0
real_retained,18,0,1786302427753345000,9135,9136,26508,1786302424353323000,1786302427753345000,1770,247,612,515,4,60,565,0.0,0
real_retained,19,0,1786302427753345000,9142,9143,22560,1786302424353323000,1786302427753345000,122,125,301,104,3,70,603,0.0,0
real_retained,20,0,1786302427753345000,9150,9151,5268,1786279301400977000,0,0,3546,526,68,1,158,206,1.55656,0
real_retained,1,0,1786302431153334000,9222,9226,134766,1786302422653323000,1786302431153334000,145,160,928,15,8,109,3204,0.283097,0
real_retained,1,1,1786302431153334000,9225,9226,185871,1786302422786667000,1786302431153334000,232,63,205,10,1,33,3835,0.671796,0
real_retained,2,0,1786302431153334000,9238,9239,53940,1786302416453323000,0,0,0,371,0,0,0,17980,0.551518,0
real_retained,3,0,1786302431153334000,9241,9242,97080,1786302427753345000,1786302431153334000,3144,1077,378,315,7,408,2287,0.0,0
real_retained,4,0,1786302431153334000,9248,9255,251820,1786302423053334000,1786302431153334000,2265,448,907,215,7,190,3390,0.270637,0
real_retained,4,1,1786302431153334000,9254,9255,170610,1786302423086667000,1786302431153334000,1994,172,354,241,5,89,2456,0.0,0
real_retained,5,0,1786302431153334000,9268,9270,21714,1786302423486667000,1786302431153334000,28,114,986,74,3,58,646,1.51213,0
real_retained,5,1,1786302431153334000,9269,9270,42261,1786302423920000000,1786302431153334000,283,96,327,67,8,45,900,0.679702,0
real_retained,6,0,1786302431153334000,9285,9287,172254,1786302427753345000,1786302429453334000,2564,261,1173,253,0,117,2737,0.195873,0
real_retained,6,1,1786302431153334000,9286,9287,99546,1786302427753345000,1786302429453334000,2097,125,519,408,0,90,1978,2.10224,0
real_retained,7,0,1786302431153334000,9299,9300,29631,1786302423920000000,1786302431153334000,507,697,339,301,2,251,792,2.76229,0
real_retained,10,0,1786302431153334000,9306,9307,91197,1786302423319989000,1786302431153334000,630,1535,49,13,9,529,2673,0.0,0
real_retained,11,0,1786302431153334000,9313,9314,54990,1786302427753345000,1786302429020000000,1396,54,395,326,2,43,1307,2.49348,0
real_retained,12,0,1786302431153334000,9320,9321,16038,1786302427353334000,0,0,2,505,0,0,2,262,3.74734,0
real_retained,13,0,1786302431153334000,9323,9324,5742,1786302427753345000,1786302429020000000,172,90,144,45,1,37,216,0.198603,0
real_retained,14,0,1786302431153334000,9330,9332,13311,1786302427753345000,1786302429020000000,261,66,572,192,3,32,248,0.0,0
real_retained,14,1,1786302431153334000,9331,9332,9258,1786302427753345000,1786302429020000000,202,65,275,203,0,40,234,2.91807,0
real_retained,16,0,1786302431153334000,9344,9346,29925,1786302427753345000,1786302431153334000,1441,184,1019,514,10,48,423,0.0,0
real_retained,16,1,1786302431153334000,9345,9346,16665,1786302427753345000,1786302431153334000,1362,32,678,582,3,8,301,0.0,0
real_retained,17,0,1786302431153334000,9358,9360,44151,1786302427753345000,1786302431153334000,1947,473,868,631,3,111,537,0.100827,0
real_retained,17,1,1786302431153334000,9359,9360,23091,1786302427753345000,1786302431153334000,1855,244,765,739,2,86,451,1.76855,0
real_retained,18,0,1786302431153334000,9372,9373,26508,1786302427753345000,1786302429020000000,348,41,606,306,0,26,565,0.0,0
real_retained,19,0,1786302431153334000,9379,9380,22560,1786302427753345000,1786302431153334000,661,346,335,162,4,94,603,0.0,0
real_retained,20,0,1786302431153334000,9386,9387,5268,1786279301400977000,0,0,3608,526,124,29,158,206,1.55665,0
real_retained,1,0,1786302435419989000,9471,9473,134766,1786302431153334000,1786302431586656000,16,96,928,3,3,50,3204,0.283097,0
real_retained,1,1,1786302435419989000,9472,9473,185871,1786302431153334000,1786302431986667000,76,44,208,12,0,25,3835,0.671796,0
real_retained,2,0,1786302435419989000,9488,9489,53940,1786302416453323000,0,0,0,371,0,0,0,17980,0.551518,0
real_retained,3,0,1786302435419989000,9491,9492,116286,1786302431153334000,1786302435419989000,3074,1883,317,262,6,583,2506,0.0,0
real_retained,4,0,1786302435419989000,9498,9500,251820,1786302431153334000,1786302431986667000,434,124,892,104,0,104,3390,0.270637,0
real_retained,4,1,1786302435419989000,9499,9500,170610,1786302431153334000,1786302431986667000,360,29,363,168,1,28,2456,0.0,0
real_retained,5,0,1786302435419989000,9514,9518,21714,1786302431153334000,1786302435419989000,220,214,982,171,34,71,646,1.51177,0
real_retained,5,1,1786302435419989000,9517,9518,43773,1786302431153334000,1786302435419989000,501,271,337,92,11,86,915,0.625553,0
real_retained,6,0,1786302435419989000,9530,9532,172254,1786302429453334000,1786302435419989000,6673,366,1173,273,0,72,2737,0.190666,0
real_retained,6,1,1786302435419989000,9531,9532,99546,1786302429453334000,1786302435419989000,5414,177,600,506,1,70,1978,1.97267,0
real_retained,7,0,1786302435419989000,9546,9547,36465,1786302431153334000,1786302435419989000,602,654,314,243,5,150,874,2.4467,0
real_retained,10,0,1786302435419989000,9553,9554,91197,1786302431153334000,1786302435419989000,318,828,40,3,1,383,2673,0.0,0
real_retained,11,0,1786302435419989000,9562,9563,54990,1786302429020000000,1786302435419989000,1986,83,398,315,0,37,1307,2.49062,0
real_retained,12,0,1786302435419989000,9569,9570,21717,1786302427686656000,0,0,2,505,0,0,2,281,3.74734,0
real_retained,13,0,1786302435419989000,9572,9573,5742,1786302429020000000,1786302435419989000,441,243,143,51,2,37,216,0.186732,0
real_retained,14,0,1786302435419989000,9579,9581,13311,1786302429020000000,1786302433686667000,375,95,568,169,0,33,248,0.0,0
real_retained,14,1,1786302435419989000,9580,9581,9258,1786302429020000000,1786302433686667000,292,58,285,211,1,19,234,2.9058,0
real_retained,16,0,1786302435419989000,9593,9595,29925,1786302431153334000,1786302435419989000,1741,348,999,424,0,56,423,0.0,0
real_retained,16,1,1786302435419989000,9594,9595,16665,1786302431153334000,1786302435419989000,1711,47,689,540,0,7,301,0.0,0
real_retained,17,0,1786302435419989000,9607,9609,44151,1786302431153334000,1786302435419989000,2103,656,730,459,3,130,537,0.100827,0
real_retained,17,1,1786302435419989000,9608,9609,23091,1786302431153334000,1786302435419989000,2087,358,605,540,1,92,451,1.76639,0
real_retained,18,0,1786302435419989000,9621,9622,26508,1786302429020000000,1786302435419989000,350,51,602,144,0,18,565,0.0,0
real_retained,19,0,1786302435419989000,9629,9630,22560,1786302431153334000,1786302435419989000,712,418,332,129,0,97,603,0.0,0
real_retained,20,0,1786302435419989000,9637,9638,5268,1786279301400977000,0,0,3693,526,148,9,159,206,1.53332,0
real_retained,1,0,1786302437086656000,9728,9730,134766,1786302431586656000,1786302437086656000,34,196,928,2,1,57,3204,0.283097,0
real_retained,1,1,1786302437086656000,9729,9730,185871,1786302431986667000,1786302437086656000,57,95,208,7,1,31,3835,0.671796,0
real_retained,2,0,1786302437086656000,9742,9743,53940,1786302416453323000,0,0,0,371,0,0,0,17980,0.551518,0
real_retained,3,0,1786302437086656000,9745,9746,116286,1786302435419989000,1786302437086656000,542,886,297,106,3,417,2506,0.0,0
real_retained,4,0,1786302437086656000,9752,9754,251820,1786302431986667000,0,0,3,889,0,0,1,3390,0.270637,0
real_retained,4,1,1786302437086656000,9753,9754,170610,1786302431986667000,0,0,0,357,0,0,0,56870,0.0,0
real_retained,5,0,1786302437086656000,9762,9764,21714,1786302435419989000,1786302437086656000,67,116,941,85,3,48,646,1.50789,0
real_retained,5,1,1786302437086656000,9763,9764,43773,1786302435419989000,1786302437086656000,164,212,329,66,1,80,915,0.613244,0
real_retained,6,0,1786302437086656000,9776,9778,172254,1786302435419989000,1786302437086656000,3044,105,1171,251,0,34,2737,0.188094,0
real_retained,6,1,1786302437086656000,9777,9778,124983,1786302435419989000,1786302437086656000,2486,98,516,426,0,34,2081,1.43237,0
real_retained,7,0,1786302437086656000,9790,9791,36465,1786302435419989000,1786302436653334000,41,93,302,37,3,62,874,2.44039,0
real_retained,10,0,1786302437086656000,9797,9798,91197,1786302435419989000,1786302436253323000,46,39,43,3,0,34,2673,0.0,0
real_retained,11,0,1786302437086656000,9804,9805,69441,1786302435419989000,1786302437086656000,764,33,329,175,0,23,1367,2.43486,0
real_retained,12,0,1786302437086656000,9811,9812,21717,1786302427686656000,1786302437086656000,42,14,506,66,0,10,281,3.74521,0
real_retained,13,0,1786302437086656000,9818,9819,9777,1786302435419989000,1786302437086656000,503,148,372,279,1,50,330,0.0300832,0
real_retained,14,0,1786302437086656000,9825,9827,13311,1786302433686667000,0,0,4,568,0,0,3,248,0.0,0
real_retained,14,1,1786302437086656000,9826,9827,9258,1786302433686667000,0,0,2,284,0,0,2,234,2.9058,0
real_retained,16,0,1786302437086656000,9835,9837,29925,1786302435419989000,1786302437086656000,656,175,991,356,1,57,423,0.0,0
real_retained,16,1,1786302437086656000,9836,9837,22536,1786302435419989000,1786302437086656000,621,36,698,478,5,12,314,0.0,0
real_retained,17,0,1786302437086656000,9849,9851,44151,1786302435419989000,1786302437086656000,857,289,673,360,3,107,537,0.100827,0
real_retained,17,1,1786302437086656000,9850,9851,31449,1786302435419989000,1786302437086656000,852,181,554,434,3,72,467,1.71116,0
real_retained,18,0,1786302437086656000,9863,9864,26508,1786302435419989000,1786302437086656000,695,81,626,352,3,45,565,0.0,0
real_retained,19,0,1786302437086656000,9870,9871,26865,1786302435419989000,1786302437086656000,205,202,302,69,2,91,656,0.0,0
real_retained,20,0,1786302437086656000,9877,9878,5268,1786279301400977000,0,0,3728,526,142,0,159,206,1.53332,0
real_retained,1,0,1786302437286656000,9939,9941,134766,1786302437086656000,0,0,24,928,0,0,24,3204,0.283097,0
real_retained,1,1,1786302437286656000,9940,9941,185871,1786302437086656000,1786302437286656000,1,3,207,0,0,3,3835,0.671796,0
real_retained,2,0,1786302437286656000,9953,9954,53940,1786302416453323000,0,0,0,371,0,0,0,17980,0.551518,0
real_retained,3,0,1786302437286656000,9956,9957,116286,1786302437086656000,1786302437286656000,105,190,290,47,0,198,2506,0.0,0
real_retained,4,0,1786302437286656000,9963,9965,251820,1786302431986667000,0,0,3,889,0,0,1,3390,0.270637,0
real_retained,4,1,1786302437286656000,9964,9965,191379,1786302432086667000,0,0,0,263,0,0,0,63793,0.0,0
real_retained,5,0,1786302437286656000,9973,9975,21714,1786302437086656000,1786302437286656000,14,31,941,30,2,34,646,1.50789,0
real_retained,5,1,1786302437286656000,9974,9975,43773,1786302437086656000,1786302437286656000,24,66,327,45,0,72,915,0.613244,0
real_retained,6,0,1786302437286656000,9987,9989,172254,1786302437086656000,1786302437286656000,823,19,1168,192,0,20,2737,0.186823,0
real_retained,6,1,1786302437286656000,9988,9989,124983,1786302437086656000,1786302437286656000,619,28,526,389,0,28,2081,1.40954,0
real_retained,7,0,1786302437286656000,10001,10002,36465,1786302436653334000,0,0,6,296,0,0,4,874,2.44039,0
real_retained,10,0,1786302437286656000,10004,10005,91197,1786302436253323000,0,0,1,43,0,0,1,2673,0.0,0
real_retained,11,0,1786302437286656000,10007,10008,69441,1786302437086656000,1786302437286656000,345,15,345,182,0,17,1367,2.42315,0
real_retained,12,0,1786302437286656000,10014,10015,21717,1786302437086656000,1786302437286656000,2,7,506,9,0,7,281,3.74521,0
real_retained,13,0,1786302437286656000,10021,10022,9777,1786302437086656000,1786302437286656000,131,38,367,248,0,41,330,0.0147057,0
real_retained,14,0,1786302437286656000,10028,10030,13311,1786302433686667000,0,0,4,568,0,0,3,248,0.0,0
real_retained,14,1,1786302437286656000,10029,10030,9258,1786302433686667000,0,0,2,284,0,0,2,234,2.9058,0
real_retained,16,0,1786302437286656000,10038,10040,29925,1786302437086656000,1786302437286656000,162,46,990,291,0,50,423,0.0,0
real_retained,16,1,1786302437286656000,10039,10040,22536,1786302437086656000,1786302437286656000,155,13,696,361,0,13,314,0.0,0
real_retained,17,0,1786302437286656000,10052,10054,44151,1786302437086656000,1786302437286656000,233,66,665,335,1,69,537,0.100827,0
real_retained,17,1,1786302437286656000,10053,10054,31449,1786302437086656000,1786302437286656000,247,34,535,380,0,34,467,1.70958,0
real_retained,18,0,1786302437286656000,10066,10067,33522,1786302437086656000,1786302437286656000,247,25,532,263,0,26,593,0.0,0
real_retained,19,0,1786302437286656000,10073,10074,26865,1786302437086656000,1786302437286656000,62,53,297,52,1,57,656,0.0,0
real_retained,20,0,1786302437286656000,10080,10081,5268,1786279301400977000,0,0,3738,526,136,0,159,206,1.53332,0
real_retained,1,0,1786302437286656000,10232,10234,320637,1786302437286656000,0,0,0,1458,0,0,0,0,0.283097,0
real_retained,1,1,1786302437286656000,10233,10234,342,1786302437286656000,0,0,0,26,0,0,0,0,0.671796,0
real_retained,2,0,1786302437286656000,10242,10243,53940,1786302416453323000,0,0,0,371,0,0,0,17980,0.551518,0
real_retained,3,0,1786302437286656000,10245,10246,133737,1786302437286656000,0,0,0,168,0,0,0,0,0.0,0
real_retained,4,0,1786302437286656000,10248,10249,443199,1786302432086667000,0,0,3,1449,0,0,1,3930,0.270637,0
real_retained,5,0,1786302437286656000,10251,10253,65487,1786302437286656000,0,0,0,1314,0,0,0,0,1.50789,0
real_retained,5,1,1786302437286656000,10252,10253,2718,1786302437286656000,0,0,0,62,0,0,0,0,0.613244,0
real_retained,6,0,1786302437286656000,10261,10263,297237,1786302437286656000,0,0,0,1458,0,0,0,0,0.186823,0
real_retained,6,1,1786302437286656000,10262,10263,24258,1786302437286656000,0,0,0,480,0,0,0,0,1.40954,0
real_retained,7,0,1786302437286656000,10271,10272,41724,1786302436653334000,0,0,6,252,0,0,4,915,2.44039,0
real_retained,10,0,1786302437286656000,10274,10275,97788,1786302436253323000,0,0,2,40,0,0,2,2855,0.0,0
real_retained,11,0,1786302437286656000,10277,10278,83538,1786302437286656000,0,0,0,312,0,0,0,0,2.42315,0
real_retained,12,0,1786302437286656000,10280,10281,21717,1786302437286656000,0,0,0,506,0,0,0,0,3.74521,0
real_retained,13,0,1786302437286656000,10283,10284,14214,1786302437286656000,0,0,0,389,0,0,0,0,0.0147057,0
real_retained,14,0,1786302437286656000,10286,10288,22569,1786302433686667000,0,0,4,970,0,0,3,352,0.0,0
real_retained,14,1,1786302437286656000,10287,10288,3942,1786302434020000000,0,0,0,111,0,0,0,1314,2.9058,0
real_retained,16,0,1786302437286656000,10296,10298,52461,1786302437286656000,0,0,0,1157,0,0,0,0,0.0,0
real_retained,16,1,1786302437286656000,10297,10298,6153,1786302437286656000,0,0,0,330,0,0,0,0,0.0,0
real_retained,17,0,1786302437286656000,10306,10308,75600,1786302437286656000,0,0,0,1035,0,0,0,0,0.100827,0
real_retained,17,1,1786302437286656000,10307,10308,8040,1786302437286656000,0,0,0,304,0,0,0,0,1.70958,0
real_retained,18,0,1786302437286656000,10316,10317,39996,1786302437286656000,0,0,0,518,0,0,0,0,0.0,0
real_retained,19,0,1786302437286656000,10319,10320,31536,1786302437286656000,0,0,0,281,0,0,0,0,0.0,0
real_retained,20,0,1786302437286656000,10322,10323,5268,1786279301400977000,0,0,3738,526,0,0,159,206,1.53332,0
