source_line,event,payload
571,OBJECT_EXTRACTION_INPUT,OBJECT_EXTRACTION_INPUT inst=11 first=1786279210201000000 last=1786279220434311000 observations=308 dynamic=0 motion_history=0 last_motion=0 displacement=0 static_fallback=0
572,OBJECT_EXTRACTION_INPUT,OBJECT_EXTRACTION_INPUT inst=13 first=1786279210201000000 last=1786279220434311000 observations=308 dynamic=0 motion_history=0 last_motion=0 displacement=0 static_fallback=0
577,STATIC_SURFACE_FRAMES,STATIC_SURFACE_FRAMES inst=13 candidates=100 selected=100 first=1786279210567644000 last=1786279220434311000
578,STATIC_SURFACE_FRAMES,STATIC_SURFACE_FRAMES inst=11 candidates=100 selected=100 first=1786279210567644000 last=1786279220434311000
579,OBJECT_EXTRACTION_INPUT,OBJECT_EXTRACTION_INPUT inst=18 first=1786279210201000000 last=1786279220434311000 observations=308 dynamic=0 motion_history=0 last_motion=0 displacement=0 static_fallback=0
580,STATIC_SURFACE_FRAMES,STATIC_SURFACE_FRAMES inst=18 candidates=100 selected=100 first=1786279210567644000 last=1786279220434311000
582,OBJECT_EXTRACTION_INPUT,OBJECT_EXTRACTION_INPUT inst=6 first=1786279210201000000 last=1786279220434311000 observations=308 dynamic=0 motion_history=0 last_motion=0 displacement=0 static_fallback=0
583,STATIC_SURFACE_FRAMES,STATIC_SURFACE_FRAMES inst=6 candidates=100 selected=100 first=1786279210567644000 last=1786279220434311000
584,OBJECT_EXTRACTION_INPUT,OBJECT_EXTRACTION_INPUT inst=19 first=1786279210201000000 last=1786279220434311000 observations=308 dynamic=0 motion_history=0 last_motion=0 displacement=0 static_fallback=0
585,STATIC_SURFACE_BOUNDARY,STATIC_SURFACE_BOUNDARY inst=19 rejected_stamp=1786279218067633000 current_stamp=1786279220434311000 forward_support=309 forward_free=40 reverse_support=258 reverse_free=66 forward_sampled=509 reverse_sampled=507
586,STATIC_SURFACE_FRAMES,STATIC_SURFACE_FRAMES inst=19 candidates=100 selected=24 first=1786279218167633000 last=1786279220434311000
587,INGEST,INGEST inst=6 first=1786279210s seg_verts=33627 cur_verts=0 observed_verts=0
588,INGEST,INGEST inst=11 first=1786279210s seg_verts=14196 cur_verts=0 observed_verts=0
589,INGEST,INGEST inst=13 first=1786279210s seg_verts=3783 cur_verts=0 observed_verts=0
590,INGEST,INGEST inst=18 first=1786279210s seg_verts=4995 cur_verts=0 observed_verts=0
591,INGEST,INGEST inst=19 first=1786279218s seg_verts=5637 cur_verts=0 observed_verts=0
592,OBJECT_EXTRACTION_INPUT,OBJECT_EXTRACTION_INPUT inst=14 first=1786279210201000000 last=1786279223367644000 observations=309 dynamic=0 motion_history=0 last_motion=0 displacement=0 static_fallback=0
593,STATIC_SURFACE_FRAMES,STATIC_SURFACE_FRAMES inst=14 candidates=71 selected=71 first=1786279213467644000 last=1786279223367644000
603,STATE_EVIDENCE_WINDOW,STATE_EVIDENCE_WINDOW inst=6 after=1786279220434311000 latest_measured_support=1786279224634311000 through=1786279224634311000 projected=1 support=7227 contradiction=262 reliable=1495 reliable_in_view=1495 reliable_seen_through=97 absence_llr=0 absent_samples=59 total_samples=914 absence_coverage_sufficient=0
604,STATE_SLICE,STATE_SLICE inst=6 stamp=1786279224634311000 inherited_sup=7227 inherited_con=262 inherited_samples=914 inherited_supported=7271 inherited_free=2 inherited_repl_other=64 inherited_repl_bg=206 inherited_occ=948 inherited_unobs=0 session_sup=0 session_con=0 session_samples=0 cur_verts=33627 candidate_verts=0
605,EVIDENCE,EVIDENCE inst=6 inherited_support=7227 inherited_contradiction=262 session_support=0 session_contradiction=0 inherited_absent_flag=0 cur_verts=33627 observed_verts=0
606,MOBILITY_PRIOR,MOBILITY_PRIOR inst=6 session=0 class=35 changes=0 continuations=0 alpha=0.5 beta=1.5 q=0.25
607,MOBILITY_PRIOR,MOBILITY_PRIOR inst=6 session=0 class=35 changes=0 continuations=0 alpha=0.5 beta=1.5 q=0.25
608,TOP_ABSORB,TOP_ABSORB inst=6 geom=0 support=7227 high_mobility=0 absorb=1
609,STATE_EVIDENCE_WINDOW,STATE_EVIDENCE_WINDOW inst=11 after=1786279220434311000 latest_measured_support=1786279224634311000 through=1786279224634311000 projected=1 support=1940 contradiction=124 reliable=1341 reliable_in_view=1341 reliable_seen_through=28 absence_llr=0 absent_samples=42 total_samples=481 absence_coverage_sufficient=0
610,STATE_SLICE,STATE_SLICE inst=11 stamp=1786279224634311000 inherited_sup=1940 inherited_con=124 inherited_samples=481 inherited_supported=1944 inherited_free=45 inherited_repl_other=6 inherited_repl_bg=74 inherited_occ=231 inherited_unobs=40 session_sup=0 session_con=0 session_samples=0 cur_verts=14196 candidate_verts=0
611,EVIDENCE,EVIDENCE inst=11 inherited_support=1940 inherited_contradiction=124 session_support=0 session_contradiction=0 inherited_absent_flag=0 cur_verts=14196 observed_verts=0
612,MOBILITY_PRIOR,MOBILITY_PRIOR inst=11 session=0 class=92 changes=0 continuations=0 alpha=1.5 beta=0.5 q=0.75
613,MOBILITY_PRIOR,MOBILITY_PRIOR inst=11 session=0 class=92 changes=0 continuations=0 alpha=1.5 beta=0.5 q=0.75
614,TOP_ABSORB,TOP_ABSORB inst=11 geom=0 support=1940 high_mobility=1 absorb=0
615,STATE_EVIDENCE_WINDOW,STATE_EVIDENCE_WINDOW inst=13 after=1786279220434311000 latest_measured_support=1786279224634311000 through=1786279224634311000 projected=1 support=776 contradiction=59 reliable=386 reliable_in_view=386 reliable_seen_through=2 absence_llr=0 absent_samples=15 total_samples=153 absence_coverage_sufficient=0
616,STATE_SLICE,STATE_SLICE inst=13 stamp=1786279224634311000 inherited_sup=776 inherited_con=59 inherited_samples=153 inherited_supported=787 inherited_free=1 inherited_repl_other=7 inherited_repl_bg=52 inherited_occ=316 inherited_unobs=0 session_sup=0 session_con=0 session_samples=0 cur_verts=3783 candidate_verts=0
617,EVIDENCE,EVIDENCE inst=13 inherited_support=776 inherited_contradiction=59 session_support=0 session_contradiction=0 inherited_absent_flag=0 cur_verts=3783 observed_verts=0
618,MOBILITY_PRIOR,MOBILITY_PRIOR inst=13 session=0 class=115 changes=0 continuations=0 alpha=1.5 beta=0.5 q=0.75
619,MOBILITY_PRIOR,MOBILITY_PRIOR inst=13 session=0 class=115 changes=0 continuations=0 alpha=1.5 beta=0.5 q=0.75
620,TOP_ABSORB,TOP_ABSORB inst=13 geom=0 support=776 high_mobility=1 absorb=0
621,STATE_EVIDENCE_WINDOW,STATE_EVIDENCE_WINDOW inst=18 after=1786279220434311000 latest_measured_support=1786279224234300000 through=1786279224634311000 projected=1 support=737 contradiction=35 reliable=523 reliable_in_view=523 reliable_seen_through=5 absence_llr=0 absent_samples=10 total_samples=203 absence_coverage_sufficient=0
622,STATE_SLICE,STATE_SLICE inst=18 stamp=1786279224634311000 inherited_sup=737 inherited_con=35 inherited_samples=203 inherited_supported=743 inherited_free=0 inherited_repl_other=19 inherited_repl_bg=16 inherited_occ=56 inherited_unobs=0 session_sup=0 session_con=0 session_samples=0 cur_verts=4995 candidate_verts=0
623,EVIDENCE,EVIDENCE inst=18 inherited_support=737 inherited_contradiction=35 session_support=0 session_contradiction=0 inherited_absent_flag=0 cur_verts=4995 observed_verts=0
624,MOBILITY_PRIOR,MOBILITY_PRIOR inst=18 session=0 class=131 changes=0 continuations=0 alpha=1.5 beta=0.5 q=0.75
625,MOBILITY_PRIOR,MOBILITY_PRIOR inst=18 session=0 class=131 changes=0 continuations=0 alpha=1.5 beta=0.5 q=0.75
626,TOP_ABSORB,TOP_ABSORB inst=18 geom=0 support=737 high_mobility=1 absorb=0
627,STATE_EVIDENCE_WINDOW,STATE_EVIDENCE_WINDOW inst=19 after=1786279220434311000 latest_measured_support=1786279222100977000 through=1786279224634311000 projected=1 support=136 contradiction=13 reliable=489 reliable_in_view=489 reliable_seen_through=6 absence_llr=0 absent_samples=13 total_samples=226 absence_coverage_sufficient=0
628,STATE_SLICE,STATE_SLICE inst=19 stamp=1786279224634311000 inherited_sup=136 inherited_con=13 inherited_samples=226 inherited_supported=136 inherited_free=0 inherited_repl_other=0 inherited_repl_bg=13 inherited_occ=11 inherited_unobs=39 session_sup=0 session_con=0 session_samples=0 cur_verts=5637 candidate_verts=0
629,EVIDENCE,EVIDENCE inst=19 inherited_support=136 inherited_contradiction=13 session_support=0 session_contradiction=0 inherited_absent_flag=0 cur_verts=5637 observed_verts=0
630,MOBILITY_PRIOR,MOBILITY_PRIOR inst=19 session=0 class=139 changes=0 continuations=0 alpha=1.5 beta=0.5 q=0.75
631,MOBILITY_PRIOR,MOBILITY_PRIOR inst=19 session=0 class=139 changes=0 continuations=0 alpha=1.5 beta=0.5 q=0.75
632,TOP_ABSORB,TOP_ABSORB inst=19 geom=0 support=136 high_mobility=1 absorb=0
633,INGEST,INGEST inst=14 first=1786279213s seg_verts=3264 cur_verts=0 observed_verts=0
634,OBJECT_EXTRACTION_INPUT,OBJECT_EXTRACTION_INPUT inst=19 first=1786279210201000000 last=1786279222500966000 observations=370 dynamic=0 motion_history=0 last_motion=0 displacement=0 static_fallback=0
635,STATIC_SURFACE_FRAMES,STATIC_SURFACE_FRAMES inst=19 candidates=69 selected=69 first=1786279215667633000 last=1786279222467633000
641,STATE_EVIDENCE_WINDOW,STATE_EVIDENCE_WINDOW inst=6 after=1786279224634311000 latest_measured_support=1786279226800977000 through=1786279226800977000 projected=1 support=3625 contradiction=266 reliable=1357 reliable_in_view=1300 reliable_seen_through=708 absence_llr=2.26595 absent_samples=104 total_samples=914 absence_coverage_sufficient=0
642,STATE_SLICE,STATE_SLICE inst=6 stamp=1786279226800977000 inherited_sup=3625 inherited_con=266 inherited_samples=914 inherited_supported=3633 inherited_free=0 inherited_repl_other=61 inherited_repl_bg=213 inherited_occ=524 inherited_unobs=0 session_sup=0 session_con=0 session_samples=0 cur_verts=33627 candidate_verts=0
643,EVIDENCE,EVIDENCE inst=6 inherited_support=3625 inherited_contradiction=266 session_support=0 session_contradiction=0 inherited_absent_flag=0 cur_verts=33627 observed_verts=0
644,MOBILITY_PRIOR,MOBILITY_PRIOR inst=6 session=0 class=35 changes=0 continuations=0 alpha=0.5 beta=1.5 q=0.25
645,MOBILITY_PRIOR,MOBILITY_PRIOR inst=6 session=0 class=35 changes=0 continuations=0 alpha=0.5 beta=1.5 q=0.25
646,TOP_ABSORB,TOP_ABSORB inst=6 geom=0 support=3625 high_mobility=0 absorb=1
647,STATE_EVIDENCE_WINDOW,STATE_EVIDENCE_WINDOW inst=11 after=1786279224634311000 latest_measured_support=1786279225934300000 through=1786279226800977000 projected=1 support=15 contradiction=4 reliable=1293 reliable_in_view=33 reliable_seen_through=3 absence_llr=0.00339523 absent_samples=3 total_samples=481 absence_coverage_sufficient=0
648,STATE_SLICE,STATE_SLICE inst=11 stamp=1786279226800977000 inherited_sup=15 inherited_con=4 inherited_samples=481 inherited_supported=15 inherited_free=0 inherited_repl_other=0 inherited_repl_bg=4 inherited_occ=17 inherited_unobs=352 session_sup=0 session_con=0 session_samples=0 cur_verts=14196 candidate_verts=0
649,EVIDENCE,EVIDENCE inst=11 inherited_support=15 inherited_contradiction=4 session_support=0 session_contradiction=0 inherited_absent_flag=0 cur_verts=14196 observed_verts=0
650,MOBILITY_PRIOR,MOBILITY_PRIOR inst=11 session=0 class=92 changes=0 continuations=0 alpha=1.5 beta=0.5 q=0.75
651,MOBILITY_PRIOR,MOBILITY_PRIOR inst=11 session=0 class=92 changes=0 continuations=0 alpha=1.5 beta=0.5 q=0.75
652,TOP_ABSORB,TOP_ABSORB inst=11 geom=0 support=15 high_mobility=1 absorb=0
653,STATE_EVIDENCE_WINDOW,STATE_EVIDENCE_WINDOW inst=13 after=1786279224634311000 latest_measured_support=1786279225067644000 through=1786279226800977000 projected=1 support=13 contradiction=9 reliable=352 reliable_in_view=34 reliable_seen_through=0 absence_llr=0 absent_samples=6 total_samples=153 absence_coverage_sufficient=0
654,STATE_SLICE,STATE_SLICE inst=13 stamp=1786279226800977000 inherited_sup=13 inherited_con=9 inherited_samples=153 inherited_supported=13 inherited_free=0 inherited_repl_other=0 inherited_repl_bg=9 inherited_occ=9 inherited_unobs=62 session_sup=0 session_con=0 session_samples=0 cur_verts=3783 candidate_verts=0
655,EVIDENCE,EVIDENCE inst=13 inherited_support=13 inherited_contradiction=9 session_support=0 session_contradiction=0 inherited_absent_flag=0 cur_verts=3783 observed_verts=0
656,MOBILITY_PRIOR,MOBILITY_PRIOR inst=13 session=0 class=115 changes=0 continuations=0 alpha=1.5 beta=0.5 q=0.75
657,MOBILITY_PRIOR,MOBILITY_PRIOR inst=13 session=0 class=115 changes=0 continuations=0 alpha=1.5 beta=0.5 q=0.75
658,TOP_ABSORB,TOP_ABSORB inst=13 geom=0 support=13 high_mobility=1 absorb=0
659,STATE_EVIDENCE_WINDOW,STATE_EVIDENCE_WINDOW inst=14 after=1786279223367644000 latest_measured_support=1786279223800966000 through=1786279226800977000 projected=0 support=5 contradiction=1 reliable=283 reliable_in_view=283 reliable_seen_through=48 absence_llr=0.775279 absent_samples=0 total_samples=1088 absence_coverage_sufficient=0
660,STATE_SLICE,STATE_SLICE inst=14 stamp=1786279226800977000 inherited_sup=5 inherited_con=1 inherited_samples=1088 inherited_supported=178 inherited_free=0 inherited_repl_other=9 inherited_repl_bg=0 inherited_occ=17 inherited_unobs=232 session_sup=0 session_con=0 session_samples=0 cur_verts=3264 candidate_verts=0
661,EVIDENCE,EVIDENCE inst=14 inherited_support=5 inherited_contradiction=1 session_support=0 session_contradiction=0 inherited_absent_flag=0 cur_verts=3264 observed_verts=0
662,MOBILITY_PRIOR,MOBILITY_PRIOR inst=14 session=0 class=92 changes=0 continuations=0 alpha=1.5 beta=0.5 q=0.75
663,MOBILITY_PRIOR,MOBILITY_PRIOR inst=14 session=0 class=92 changes=0 continuations=0 alpha=1.5 beta=0.5 q=0.75
664,TOP_ABSORB,TOP_ABSORB inst=14 geom=0 support=5 high_mobility=1 absorb=0
665,STATE_EVIDENCE_WINDOW,STATE_EVIDENCE_WINDOW inst=18 after=1786279224234300000 latest_measured_support=0 through=1786279226800977000 projected=0 support=0 contradiction=0 reliable=485 reliable_in_view=0 reliable_seen_through=0 absence_llr=0 absent_samples=0 total_samples=1665 absence_coverage_sufficient=0
666,STATE_SLICE,STATE_SLICE inst=18 stamp=1786279226800977000 inherited_sup=0 inherited_con=0 inherited_samples=1665 inherited_supported=0 inherited_free=0 inherited_repl_other=0 inherited_repl_bg=0 inherited_occ=0 inherited_unobs=1665 session_sup=0 session_con=0 session_samples=0 cur_verts=4995 candidate_verts=0
667,EVIDENCE,EVIDENCE inst=18 inherited_support=0 inherited_contradiction=0 session_support=0 session_contradiction=0 inherited_absent_flag=0 cur_verts=4995 observed_verts=0
668,STATE_EVIDENCE_WINDOW,STATE_EVIDENCE_WINDOW inst=19 after=1786279222100977000 latest_measured_support=0 through=1786279226800977000 projected=0 support=0 contradiction=0 reliable=406 reliable_in_view=0 reliable_seen_through=0 absence_llr=0 absent_samples=0 total_samples=1879 absence_coverage_sufficient=0
669,STATE_SLICE,STATE_SLICE inst=19 stamp=1786279226800977000 inherited_sup=0 inherited_con=0 inherited_samples=1879 inherited_supported=0 inherited_free=0 inherited_repl_other=0 inherited_repl_bg=0 inherited_occ=0 inherited_unobs=1879 session_sup=0 session_con=0 session_samples=0 cur_verts=5637 candidate_verts=0
670,EVIDENCE,EVIDENCE inst=19 inherited_support=0 inherited_contradiction=0 session_support=0 session_contradiction=0 inherited_absent_flag=0 cur_verts=5637 observed_verts=0
671,INGEST,INGEST inst=19 first=1786279215s seg_verts=6561 cur_verts=5637 observed_verts=0
672,INGEST_DECIDE,INGEST_DECIDE inst=19 same_session_overlap=1 contradicted=0
673,OBJECT_EXTRACTION_INPUT,OBJECT_EXTRACTION_INPUT inst=18 first=1786279210201000000 last=1786279224667644000 observations=435 dynamic=0 motion_history=0 last_motion=0 displacement=0 static_fallback=0
674,STATIC_SURFACE_FRAMES,STATIC_SURFACE_FRAMES inst=18 candidates=66 selected=66 first=1786279218167633000 last=1786279224667644000
676,OBJECT_EXTRACTION_INPUT,OBJECT_EXTRACTION_INPUT inst=13 first=1786279210201000000 last=1786279225167633000 observations=450 dynamic=0 motion_history=0 last_motion=0 displacement=0 static_fallback=0
677,STATIC_SURFACE_FRAMES,STATIC_SURFACE_FRAMES inst=13 candidates=66 selected=66 first=1786279218667633000 last=1786279225167633000
678,STATE_EVIDENCE_WINDOW,STATE_EVIDENCE_WINDOW inst=6 after=1786279226800977000 latest_measured_support=1786279228934300000 through=1786279228934300000 projected=1 support=2997 contradiction=272 reliable=1103 reliable_in_view=1053 reliable_seen_through=670 absence_llr=2.30523 absent_samples=89 total_samples=914 absence_coverage_sufficient=0
679,STATE_SLICE,STATE_SLICE inst=6 stamp=1786279228934300000 inherited_sup=2997 inherited_con=272 inherited_samples=914 inherited_supported=3004 inherited_free=5 inherited_repl_other=50 inherited_repl_bg=218 inherited_occ=319 inherited_unobs=0 session_sup=0 session_con=0 session_samples=0 cur_verts=33627 candidate_verts=0
680,EVIDENCE,EVIDENCE inst=6 inherited_support=2997 inherited_contradiction=272 session_support=0 session_contradiction=0 inherited_absent_flag=0 cur_verts=33627 observed_verts=0
681,MOBILITY_PRIOR,MOBILITY_PRIOR inst=6 session=0 class=35 changes=0 continuations=0 alpha=0.5 beta=1.5 q=0.25
682,MOBILITY_PRIOR,MOBILITY_PRIOR inst=6 session=0 class=35 changes=0 continuations=0 alpha=0.5 beta=1.5 q=0.25
683,TOP_ABSORB,TOP_ABSORB inst=6 geom=0 support=2997 high_mobility=0 absorb=1
684,STATE_EVIDENCE_WINDOW,STATE_EVIDENCE_WINDOW inst=11 after=1786279225934300000 latest_measured_support=0 through=1786279228934300000 projected=1 support=0 contradiction=3 reliable=1290 reliable_in_view=0 reliable_seen_through=0 absence_llr=0.00339523 absent_samples=2 total_samples=481 absence_coverage_sufficient=0
685,STATE_SLICE,STATE_SLICE inst=11 stamp=1786279228934300000 inherited_sup=0 inherited_con=3 inherited_samples=481 inherited_supported=0 inherited_free=0 inherited_repl_other=0 inherited_repl_bg=3 inherited_occ=14 inherited_unobs=439 session_sup=0 session_con=0 session_samples=0 cur_verts=14196 candidate_verts=0
686,EVIDENCE,EVIDENCE inst=11 inherited_support=0 inherited_contradiction=3 session_support=0 session_contradiction=0 inherited_absent_flag=0 cur_verts=14196 observed_verts=0
687,STATE_EVIDENCE_WINDOW,STATE_EVIDENCE_WINDOW inst=13 after=1786279225067644000 latest_measured_support=0 through=1786279228934300000 projected=1 support=0 contradiction=9 reliable=352 reliable_in_view=0 reliable_seen_through=0 absence_llr=0 absent_samples=6 total_samples=153 absence_coverage_sufficient=0
688,STATE_SLICE,STATE_SLICE inst=13 stamp=1786279228934300000 inherited_sup=0 inherited_con=9 inherited_samples=153 inherited_supported=0 inherited_free=0 inherited_repl_other=0 inherited_repl_bg=9 inherited_occ=7 inherited_unobs=101 session_sup=0 session_con=0 session_samples=0 cur_verts=3783 candidate_verts=0
689,EVIDENCE,EVIDENCE inst=13 inherited_support=0 inherited_contradiction=9 session_support=0 session_contradiction=0 inherited_absent_flag=0 cur_verts=3783 observed_verts=0
690,STATE_EVIDENCE_WINDOW,STATE_EVIDENCE_WINDOW inst=14 after=1786279223800966000 latest_measured_support=1786279228934300000 through=1786279228934300000 projected=1 support=635 contradiction=131 reliable=158 reliable_in_view=117 reliable_seen_through=3 absence_llr=0.772468 absent_samples=27 total_samples=124 absence_coverage_sufficient=0
691,STATE_SLICE,STATE_SLICE inst=14 stamp=1786279228934300000 inherited_sup=635 inherited_con=131 inherited_samples=124 inherited_supported=643 inherited_free=31 inherited_repl_other=6 inherited_repl_bg=109 inherited_occ=184 inherited_unobs=0 session_sup=0 session_con=0 session_samples=0 cur_verts=3264 candidate_verts=0
692,EVIDENCE,EVIDENCE inst=14 inherited_support=635 inherited_contradiction=131 session_support=0 session_contradiction=0 inherited_absent_flag=0 cur_verts=3264 observed_verts=0
693,MOBILITY_PRIOR,MOBILITY_PRIOR inst=14 session=0 class=92 changes=0 continuations=0 alpha=1 beta=1 q=0.5
694,MOBILITY_PRIOR,MOBILITY_PRIOR inst=14 session=0 class=92 changes=0 continuations=0 alpha=1 beta=1 q=0.5
695,TOP_ABSORB,TOP_ABSORB inst=14 geom=0 support=635 high_mobility=0 absorb=1
696,STATE_EVIDENCE_WINDOW,STATE_EVIDENCE_WINDOW inst=18 after=1786279224234300000 latest_measured_support=0 through=1786279228934300000 projected=0 support=0 contradiction=0 reliable=485 reliable_in_view=0 reliable_seen_through=0 absence_llr=0 absent_samples=0 total_samples=1665 absence_coverage_sufficient=0
697,STATE_SLICE,STATE_SLICE inst=18 stamp=1786279228934300000 inherited_sup=0 inherited_con=0 inherited_samples=1665 inherited_supported=0 inherited_free=0 inherited_repl_other=0 inherited_repl_bg=0 inherited_occ=0 inherited_unobs=1665 session_sup=0 session_con=0 session_samples=0 cur_verts=4995 candidate_verts=0
698,EVIDENCE,EVIDENCE inst=18 inherited_support=0 inherited_contradiction=0 session_support=0 session_contradiction=0 inherited_absent_flag=0 cur_verts=4995 observed_verts=0
699,STATE_EVIDENCE_WINDOW,STATE_EVIDENCE_WINDOW inst=19 after=1786279222500966000 latest_measured_support=0 through=1786279228934300000 projected=0 support=0 contradiction=0 reliable=406 reliable_in_view=0 reliable_seen_through=0 absence_llr=0 absent_samples=0 total_samples=4066 absence_coverage_sufficient=0
700,STATE_SLICE,STATE_SLICE inst=19 stamp=1786279228934300000 inherited_sup=0 inherited_con=0 inherited_samples=4066 inherited_supported=0 inherited_free=0 inherited_repl_other=0 inherited_repl_bg=0 inherited_occ=0 inherited_unobs=4066 session_sup=0 session_con=0 session_samples=0 cur_verts=12198 candidate_verts=0
701,EVIDENCE,EVIDENCE inst=19 inherited_support=0 inherited_contradiction=0 session_support=0 session_contradiction=0 inherited_absent_flag=0 cur_verts=12198 observed_verts=0
702,INGEST,INGEST inst=13 first=1786279218s seg_verts=5421 cur_verts=3783 observed_verts=0
703,INGEST_DECIDE,INGEST_DECIDE inst=13 same_session_overlap=1 contradicted=0
704,INGEST,INGEST inst=18 first=1786279218s seg_verts=8430 cur_verts=4995 observed_verts=0
705,INGEST_DECIDE,INGEST_DECIDE inst=18 same_session_overlap=1 contradicted=0
711,OBJECT_EXTRACTION_INPUT,OBJECT_EXTRACTION_INPUT inst=11 first=1786279210201000000 last=1786279226800977000 observations=499 dynamic=0 motion_history=0 last_motion=0 displacement=0 static_fallback=0
712,STATIC_SURFACE_FRAMES,STATIC_SURFACE_FRAMES inst=11 candidates=65 selected=65 first=1786279220367644000 last=1786279226767644000
714,OBJECT_EXTRACTION_INPUT,OBJECT_EXTRACTION_INPUT inst=6 first=1786279210201000000 last=1786279230667633000 observations=615 dynamic=0 motion_history=0 last_motion=0 displacement=0 static_fallback=0
715,STATIC_SURFACE_BOUNDARY,STATIC_SURFACE_BOUNDARY inst=6 rejected_stamp=1786279222167633000 current_stamp=1786279230667633000 forward_support=119 forward_free=135 reverse_support=328 reverse_free=2 forward_sampled=503 reverse_sampled=512
716,STATIC_SURFACE_FRAMES,STATIC_SURFACE_FRAMES inst=6 candidates=100 selected=85 first=1786279222267644000 last=1786279230667633000
717,OBJECT_EXTRACTION_INPUT,OBJECT_EXTRACTION_INPUT inst=16 first=1786279220834322000 last=1786279231067644000 observations=301 dynamic=0 motion_history=0 last_motion=0 displacement=0 static_fallback=0
718,STATIC_SURFACE_BOUNDARY,STATIC_SURFACE_BOUNDARY inst=16 rejected_stamp=1786279223667644000 current_stamp=1786279231067644000 forward_support=304 forward_free=79 reverse_support=372 reverse_free=0 forward_sampled=420 reverse_sampled=466
719,STATIC_SURFACE_FRAMES,STATIC_SURFACE_FRAMES inst=16 candidates=98 selected=72 first=1786279223767633000 last=1786279231067644000
720,STATE_EVIDENCE_WINDOW,STATE_EVIDENCE_WINDOW inst=6 after=1786279228934300000 latest_measured_support=1786279231067644000 through=1786279231067644000 projected=1 support=1426 contradiction=95 reliable=917 reliable_in_view=579 reliable_seen_through=106 absence_llr=2.30523 absent_samples=29 total_samples=914 absence_coverage_sufficient=0
721,STATE_SLICE,STATE_SLICE inst=6 stamp=1786279231067644000 inherited_sup=1426 inherited_con=95 inherited_samples=914 inherited_supported=1431 inherited_free=0 inherited_repl_other=6 inherited_repl_bg=93 inherited_occ=398 inherited_unobs=8 session_sup=0 session_con=0 session_samples=0 cur_verts=33627 candidate_verts=0
722,EVIDENCE,EVIDENCE inst=6 inherited_support=1426 inherited_contradiction=95 session_support=0 session_contradiction=0 inherited_absent_flag=0 cur_verts=33627 observed_verts=0
723,MOBILITY_PRIOR,MOBILITY_PRIOR inst=6 session=0 class=35 changes=0 continuations=0 alpha=0.5 beta=1.5 q=0.25
724,MOBILITY_PRIOR,MOBILITY_PRIOR inst=6 session=0 class=35 changes=0 continuations=0 alpha=0.5 beta=1.5 q=0.25
725,TOP_ABSORB,TOP_ABSORB inst=6 geom=0 support=1426 high_mobility=0 absorb=1
726,STATE_EVIDENCE_WINDOW,STATE_EVIDENCE_WINDOW inst=11 after=1786279225934300000 latest_measured_support=0 through=1786279231067644000 projected=1 support=0 contradiction=3 reliable=1290 reliable_in_view=0 reliable_seen_through=0 absence_llr=0.00339523 absent_samples=2 total_samples=481 absence_coverage_sufficient=0
727,STATE_SLICE,STATE_SLICE inst=11 stamp=1786279231067644000 inherited_sup=0 inherited_con=3 inherited_samples=481 inherited_supported=0 inherited_free=0 inherited_repl_other=0 inherited_repl_bg=3 inherited_occ=14 inherited_unobs=439 session_sup=0 session_con=0 session_samples=0 cur_verts=14196 candidate_verts=0
728,EVIDENCE,EVIDENCE inst=11 inherited_support=0 inherited_contradiction=3 session_support=0 session_contradiction=0 inherited_absent_flag=0 cur_verts=14196 observed_verts=0
729,STATE_EVIDENCE_WINDOW,STATE_EVIDENCE_WINDOW inst=13 after=1786279225167633000 latest_measured_support=0 through=1786279231067644000 projected=1 support=0 contradiction=14 reliable=352 reliable_in_view=0 reliable_seen_through=0 absence_llr=0 absent_samples=10 total_samples=255 absence_coverage_sufficient=0
730,STATE_SLICE,STATE_SLICE inst=13 stamp=1786279231067644000 inherited_sup=0 inherited_con=14 inherited_samples=255 inherited_supported=0 inherited_free=0 inherited_repl_other=0 inherited_repl_bg=14 inherited_occ=16 inherited_unobs=142 session_sup=0 session_con=0 session_samples=0 cur_verts=9204 candidate_verts=0
731,EVIDENCE,EVIDENCE inst=13 inherited_support=0 inherited_contradiction=14 session_support=0 session_contradiction=0 inherited_absent_flag=0 cur_verts=9204 observed_verts=0
732,STATE_EVIDENCE_WINDOW,STATE_EVIDENCE_WINDOW inst=14 after=1786279228934300000 latest_measured_support=1786279230667633000 through=1786279231067644000 projected=1 support=9 contradiction=28 reliable=141 reliable_in_view=20 reliable_seen_through=0 absence_llr=0.772468 absent_samples=13 total_samples=124 absence_coverage_sufficient=0
733,STATE_SLICE,STATE_SLICE inst=14 stamp=1786279231067644000 inherited_sup=9 inherited_con=28 inherited_samples=124 inherited_supported=9 inherited_free=0 inherited_repl_other=2 inherited_repl_bg=26 inherited_occ=2 inherited_unobs=0 session_sup=0 session_con=0 session_samples=0 cur_verts=3264 candidate_verts=0
734,EVIDENCE,EVIDENCE inst=14 inherited_support=9 inherited_contradiction=28 session_support=0 session_contradiction=0 inherited_absent_flag=0 cur_verts=3264 observed_verts=0
735,MOBILITY_PRIOR,MOBILITY_PRIOR inst=14 session=0 class=92 changes=0 continuations=0 alpha=0.6 beta=1.4 q=0.3
736,MOBILITY_PRIOR,MOBILITY_PRIOR inst=14 session=0 class=92 changes=0 continuations=0 alpha=0.6 beta=1.4 q=0.3
737,TOP_ABSORB,TOP_ABSORB inst=14 geom=0 support=9 high_mobility=0 absorb=1
738,STATE_EVIDENCE_WINDOW,STATE_EVIDENCE_WINDOW inst=18 after=1786279224667644000 latest_measured_support=0 through=1786279231067644000 projected=0 support=0 contradiction=0 reliable=485 reliable_in_view=0 reliable_seen_through=0 absence_llr=0 absent_samples=0 total_samples=4475 absence_coverage_sufficient=0
739,STATE_SLICE,STATE_SLICE inst=18 stamp=1786279231067644000 inherited_sup=0 inherited_con=0 inherited_samples=4475 inherited_supported=0 inherited_free=0 inherited_repl_other=0 inherited_repl_bg=0 inherited_occ=0 inherited_unobs=4475 session_sup=0 session_con=0 session_samples=0 cur_verts=13425 candidate_verts=0
740,EVIDENCE,EVIDENCE inst=18 inherited_support=0 inherited_contradiction=0 session_support=0 session_contradiction=0 inherited_absent_flag=0 cur_verts=13425 observed_verts=0
741,STATE_EVIDENCE_WINDOW,STATE_EVIDENCE_WINDOW inst=19 after=1786279222500966000 latest_measured_support=0 through=1786279231067644000 projected=0 support=0 contradiction=0 reliable=406 reliable_in_view=0 reliable_seen_through=0 absence_llr=0 absent_samples=0 total_samples=4066 absence_coverage_sufficient=0
742,STATE_SLICE,STATE_SLICE inst=19 stamp=1786279231067644000 inherited_sup=0 inherited_con=0 inherited_samples=4066 inherited_supported=0 inherited_free=0 inherited_repl_other=0 inherited_repl_bg=0 inherited_occ=0 inherited_unobs=4066 session_sup=0 session_con=0 session_samples=0 cur_verts=12198 candidate_verts=0
743,EVIDENCE,EVIDENCE inst=19 inherited_support=0 inherited_contradiction=0 session_support=0 session_contradiction=0 inherited_absent_flag=0 cur_verts=12198 observed_verts=0
744,INGEST,INGEST inst=11 first=1786279220s seg_verts=12186 cur_verts=14196 observed_verts=0
745,INGEST_DECIDE,INGEST_DECIDE inst=11 same_session_overlap=1 contradicted=0
746,OBJECT_EXTRACTION_INPUT,OBJECT_EXTRACTION_INPUT inst=17 first=1786279220967644000 last=1786279231500988000 observations=309 dynamic=0 motion_history=0 last_motion=0 displacement=0 static_fallback=0
747,STATIC_SURFACE_BOUNDARY,STATIC_SURFACE_BOUNDARY inst=17 rejected_stamp=1786279223167633000 current_stamp=1786279231500988000 forward_support=310 forward_free=138 reverse_support=314 reverse_free=0 forward_sampled=491 reverse_sampled=482
748,STATIC_SURFACE_FRAMES,STATIC_SURFACE_FRAMES inst=17 candidates=98 selected=82 first=1786279223267655000 last=1786279231500988000
749,OBJECT_EXTRACTION_INPUT,OBJECT_EXTRACTION_INPUT inst=10 first=1786279221734311000 last=1786279231934322000 observations=307 dynamic=0 motion_history=0 last_motion=0 displacement=0 static_fallback=0
750,STATIC_SURFACE_BOUNDARY,STATIC_SURFACE_BOUNDARY inst=10 rejected_stamp=1786279227067633000 current_stamp=1786279231934322000 forward_support=0 forward_free=229 reverse_support=0 reverse_free=0 forward_sampled=371 reverse_sampled=501
751,STATIC_SURFACE_FRAMES,STATIC_SURFACE_FRAMES inst=10 candidates=100 selected=49 first=1786279227167644000 last=1786279231934322000
757,STATE_EVIDENCE_WINDOW,STATE_EVIDENCE_WINDOW inst=6 after=1786279231067644000 latest_measured_support=1786279233200988000 through=1786279233200988000 projected=1 support=2322 contradiction=257 reliable=704 reliable_in_view=602 reliable_seen_through=326 absence_llr=2.30706 absent_samples=158 total_samples=914 absence_coverage_sufficient=0
758,STATE_SLICE,STATE_SLICE inst=6 stamp=1786279233200988000 inherited_sup=2322 inherited_con=257 inherited_samples=914 inherited_supported=2329 inherited_free=4 inherited_repl_other=12 inherited_repl_bg=247 inherited_occ=256 inherited_unobs=25 session_sup=0 session_con=0 session_samples=0 cur_verts=33627 candidate_verts=0
759,EVIDENCE,EVIDENCE inst=6 inherited_support=2322 inherited_contradiction=257 session_support=0 session_contradiction=0 inherited_absent_flag=0 cur_verts=33627 observed_verts=0
760,MOBILITY_PRIOR,MOBILITY_PRIOR inst=6 session=0 class=35 changes=0 continuations=0 alpha=0.5 beta=1.5 q=0.25
761,MOBILITY_PRIOR,MOBILITY_PRIOR inst=6 session=0 class=35 changes=0 continuations=0 alpha=0.5 beta=1.5 q=0.25
762,TOP_ABSORB,TOP_ABSORB inst=6 geom=0 support=2322 high_mobility=0 absorb=1
763,STATE_EVIDENCE_WINDOW,STATE_EVIDENCE_WINDOW inst=11 after=1786279226800977000 latest_measured_support=0 through=1786279233200988000 projected=0 support=0 contradiction=0 reliable=1060 reliable_in_view=0 reliable_seen_through=0 absence_llr=0.00339523 absent_samples=0 total_samples=8794 absence_coverage_sufficient=0
764,STATE_SLICE,STATE_SLICE inst=11 stamp=1786279233200988000 inherited_sup=0 inherited_con=0 inherited_samples=8794 inherited_supported=0 inherited_free=0 inherited_repl_other=0 inherited_repl_bg=0 inherited_occ=0 inherited_unobs=8794 session_sup=0 session_con=0 session_samples=0 cur_verts=26382 candidate_verts=0
765,EVIDENCE,EVIDENCE inst=11 inherited_support=0 inherited_contradiction=0 session_support=0 session_contradiction=0 inherited_absent_flag=0 cur_verts=26382 observed_verts=0
766,STATE_EVIDENCE_WINDOW,STATE_EVIDENCE_WINDOW inst=13 after=1786279225167633000 latest_measured_support=0 through=1786279233200988000 projected=1 support=0 contradiction=14 reliable=352 reliable_in_view=0 reliable_seen_through=0 absence_llr=0 absent_samples=10 total_samples=255 absence_coverage_sufficient=0
767,STATE_SLICE,STATE_SLICE inst=13 stamp=1786279233200988000 inherited_sup=0 inherited_con=14 inherited_samples=255 inherited_supported=0 inherited_free=0 inherited_repl_other=0 inherited_repl_bg=14 inherited_occ=16 inherited_unobs=142 session_sup=0 session_con=0 session_samples=0 cur_verts=9204 candidate_verts=0
768,EVIDENCE,EVIDENCE inst=13 inherited_support=0 inherited_contradiction=14 session_support=0 session_contradiction=0 inherited_absent_flag=0 cur_verts=9204 observed_verts=0
769,STATE_EVIDENCE_WINDOW,STATE_EVIDENCE_WINDOW inst=14 after=1786279230667633000 latest_measured_support=1786279233200988000 through=1786279233200988000 projected=1 support=107 contradiction=48 reliable=141 reliable_in_view=81 reliable_seen_through=3 absence_llr=0.772468 absent_samples=31 total_samples=124 absence_coverage_sufficient=0
770,STATE_SLICE,STATE_SLICE inst=14 stamp=1786279233200988000 inherited_sup=107 inherited_con=48 inherited_samples=124 inherited_supported=109 inherited_free=17 inherited_repl_other=6 inherited_repl_bg=28 inherited_occ=72 inherited_unobs=0 session_sup=0 session_con=0 session_samples=0 cur_verts=3264 candidate_verts=0
771,EVIDENCE,EVIDENCE inst=14 inherited_support=107 inherited_contradiction=48 session_support=0 session_contradiction=0 inherited_absent_flag=0 cur_verts=3264 observed_verts=0
772,MOBILITY_PRIOR,MOBILITY_PRIOR inst=14 session=0 class=92 changes=0 continuations=0 alpha=0.6 beta=2.4 q=0.2
773,MOBILITY_PRIOR,MOBILITY_PRIOR inst=14 session=0 class=92 changes=0 continuations=0 alpha=0.6 beta=2.4 q=0.2
774,TOP_ABSORB,TOP_ABSORB inst=14 geom=0 support=107 high_mobility=0 absorb=1
775,STATE_EVIDENCE_WINDOW,STATE_EVIDENCE_WINDOW inst=18 after=1786279224667644000 latest_measured_support=0 through=1786279233200988000 projected=0 support=0 contradiction=0 reliable=485 reliable_in_view=0 reliable_seen_through=0 absence_llr=0 absent_samples=0 total_samples=4475 absence_coverage_sufficient=0
776,STATE_SLICE,STATE_SLICE inst=18 stamp=1786279233200988000 inherited_sup=0 inherited_con=0 inherited_samples=4475 inherited_supported=0 inherited_free=0 inherited_repl_other=0 inherited_repl_bg=0 inherited_occ=0 inherited_unobs=4475 session_sup=0 session_con=0 session_samples=0 cur_verts=13425 candidate_verts=0
777,EVIDENCE,EVIDENCE inst=18 inherited_support=0 inherited_contradiction=0 session_support=0 session_contradiction=0 inherited_absent_flag=0 cur_verts=13425 observed_verts=0
778,STATE_EVIDENCE_WINDOW,STATE_EVIDENCE_WINDOW inst=19 after=1786279222500966000 latest_measured_support=0 through=1786279233200988000 projected=0 support=0 contradiction=0 reliable=406 reliable_in_view=0 reliable_seen_through=0 absence_llr=0 absent_samples=0 total_samples=4066 absence_coverage_sufficient=0
779,STATE_SLICE,STATE_SLICE inst=19 stamp=1786279233200988000 inherited_sup=0 inherited_con=0 inherited_samples=4066 inherited_supported=0 inherited_free=0 inherited_repl_other=0 inherited_repl_bg=0 inherited_occ=0 inherited_unobs=4066 session_sup=0 session_con=0 session_samples=0 cur_verts=12198 candidate_verts=0
780,EVIDENCE,EVIDENCE inst=19 inherited_support=0 inherited_contradiction=0 session_support=0 session_contradiction=0 inherited_absent_flag=0 cur_verts=12198 observed_verts=0
781,INGEST,INGEST inst=6 first=1786279222s seg_verts=37380 cur_verts=33627 observed_verts=0
782,INGEST_DECIDE,INGEST_DECIDE inst=6 same_session_overlap=1 contradicted=0
783,INGEST,INGEST inst=10 first=1786279227s seg_verts=7620 cur_verts=0 observed_verts=0
784,INGEST,INGEST inst=16 first=1786279223s seg_verts=6402 cur_verts=0 observed_verts=0
785,INGEST,INGEST inst=17 first=1786279223s seg_verts=7827 cur_verts=0 observed_verts=0
787,OBJECT_EXTRACTION_INPUT,OBJECT_EXTRACTION_INPUT inst=14 first=1786279210201000000 last=1786279234900977000 observations=610 dynamic=0 motion_history=0 last_motion=0 displacement=0 static_fallback=0
788,STATIC_SURFACE_BOUNDARY,STATIC_SURFACE_BOUNDARY inst=14 rejected_stamp=1786279232767644000 current_stamp=1786279234900977000 forward_support=168 forward_free=120 reverse_support=281 reverse_free=13 forward_sampled=461 reverse_sampled=476
789,STATIC_SURFACE_FRAMES,STATIC_SURFACE_FRAMES inst=14 candidates=85 selected=22 first=1786279232867644000 last=1786279234900977000
790,STATE_EVIDENCE_WINDOW,STATE_EVIDENCE_WINDOW inst=6 after=1786279233200988000 latest_measured_support=1786279235334311000 through=1786279235334311000 projected=1 support=5168 contradiction=1014 reliable=667 reliable_in_view=638 reliable_seen_through=70 absence_llr=2.24147 absent_samples=288 total_samples=1648 absence_coverage_sufficient=0
791,STATE_SLICE,STATE_SLICE inst=6 stamp=1786279235334311000 inherited_sup=5168 inherited_con=1014 inherited_samples=1648 inherited_supported=5192 inherited_free=89 inherited_repl_other=101 inherited_repl_bg=838 inherited_occ=371 inherited_unobs=70 session_sup=0 session_con=0 session_samples=0 cur_verts=71007 candidate_verts=0
792,EVIDENCE,EVIDENCE inst=6 inherited_support=5168 inherited_contradiction=1014 session_support=0 session_contradiction=0 inherited_absent_flag=0 cur_verts=71007 observed_verts=0
793,MOBILITY_PRIOR,MOBILITY_PRIOR inst=6 session=0 class=35 changes=0 continuations=1 alpha=0.5 beta=1.5 q=0.166667
794,MOBILITY_PRIOR,MOBILITY_PRIOR inst=6 session=0 class=35 changes=0 continuations=1 alpha=0.5 beta=1.5 q=0.166667
795,TOP_ABSORB,TOP_ABSORB inst=6 geom=0 support=5168 high_mobility=0 absorb=1
796,STATE_EVIDENCE_WINDOW,STATE_EVIDENCE_WINDOW inst=10 after=1786279231934322000 latest_measured_support=1786279232800977000 through=1786279235334311000 projected=1 support=9 contradiction=23 reliable=540 reliable_in_view=540 reliable_seen_through=0 absence_llr=0 absent_samples=20 total_samples=336 absence_coverage_sufficient=0
797,STATE_SLICE,STATE_SLICE inst=10 stamp=1786279235334311000 inherited_sup=9 inherited_con=23 inherited_samples=336 inherited_supported=9 inherited_free=0 inherited_repl_other=0 inherited_repl_bg=23 inherited_occ=189 inherited_unobs=57 session_sup=0 session_con=0 session_samples=0 cur_verts=7620 candidate_verts=0
798,EVIDENCE,EVIDENCE inst=10 inherited_support=9 inherited_contradiction=23 session_support=0 session_contradiction=0 inherited_absent_flag=0 cur_verts=7620 observed_verts=0
799,MOBILITY_PRIOR,MOBILITY_PRIOR inst=10 session=0 class=75 changes=0 continuations=0 alpha=0.5 beta=1.5 q=0.25
800,MOBILITY_PRIOR,MOBILITY_PRIOR inst=10 session=0 class=75 changes=0 continuations=0 alpha=0.5 beta=1.5 q=0.25
801,TOP_ABSORB,TOP_ABSORB inst=10 geom=0 support=9 high_mobility=0 absorb=1
802,STATE_EVIDENCE_WINDOW,STATE_EVIDENCE_WINDOW inst=11 after=1786279226800977000 latest_measured_support=0 through=1786279235334311000 projected=0 support=0 contradiction=0 reliable=1060 reliable_in_view=0 reliable_seen_through=0 absence_llr=0.00339523 absent_samples=0 total_samples=8794 absence_coverage_sufficient=0
803,STATE_SLICE,STATE_SLICE inst=11 stamp=1786279235334311000 inherited_sup=0 inherited_con=0 inherited_samples=8794 inherited_supported=0 inherited_free=0 inherited_repl_other=0 inherited_repl_bg=0 inherited_occ=0 inherited_unobs=8794 session_sup=0 session_con=0 session_samples=0 cur_verts=26382 candidate_verts=0
804,EVIDENCE,EVIDENCE inst=11 inherited_support=0 inherited_contradiction=0 session_support=0 session_contradiction=0 inherited_absent_flag=0 cur_verts=26382 observed_verts=0
805,STATE_EVIDENCE_WINDOW,STATE_EVIDENCE_WINDOW inst=13 after=1786279225167633000 latest_measured_support=0 through=1786279235334311000 projected=1 support=0 contradiction=14 reliable=352 reliable_in_view=0 reliable_seen_through=0 absence_llr=0 absent_samples=10 total_samples=255 absence_coverage_sufficient=0
806,STATE_SLICE,STATE_SLICE inst=13 stamp=1786279235334311000 inherited_sup=0 inherited_con=14 inherited_samples=255 inherited_supported=0 inherited_free=0 inherited_repl_other=0 inherited_repl_bg=14 inherited_occ=16 inherited_unobs=142 session_sup=0 session_con=0 session_samples=0 cur_verts=9204 candidate_verts=0
807,EVIDENCE,EVIDENCE inst=13 inherited_support=0 inherited_contradiction=14 session_support=0 session_contradiction=0 inherited_absent_flag=0 cur_verts=9204 observed_verts=0
808,STATE_EVIDENCE_WINDOW,STATE_EVIDENCE_WINDOW inst=14 after=1786279233200988000 latest_measured_support=1786279235334311000 through=1786279235334311000 projected=1 support=236 contradiction=38 reliable=144 reliable_in_view=79 reliable_seen_through=17 absence_llr=0.789442 absent_samples=15 total_samples=124 absence_coverage_sufficient=0
809,STATE_SLICE,STATE_SLICE inst=14 stamp=1786279235334311000 inherited_sup=236 inherited_con=38 inherited_samples=124 inherited_supported=239 inherited_free=38 inherited_repl_other=0 inherited_repl_bg=3 inherited_occ=223 inherited_unobs=0 session_sup=0 session_con=0 session_samples=0 cur_verts=3264 candidate_verts=0
810,EVIDENCE,EVIDENCE inst=14 inherited_support=236 inherited_contradiction=38 session_support=0 session_contradiction=0 inherited_absent_flag=0 cur_verts=3264 observed_verts=0
811,MOBILITY_PRIOR,MOBILITY_PRIOR inst=14 session=0 class=92 changes=0 continuations=0 alpha=0.6 beta=2.4 q=0.2
812,MOBILITY_PRIOR,MOBILITY_PRIOR inst=14 session=0 class=92 changes=0 continuations=0 alpha=0.6 beta=2.4 q=0.2
813,TOP_ABSORB,TOP_ABSORB inst=14 geom=0 support=236 high_mobility=0 absorb=1
814,STATE_EVIDENCE_WINDOW,STATE_EVIDENCE_WINDOW inst=16 after=1786279231067644000 latest_measured_support=1786279234067633000 through=1786279235334311000 projected=1 support=617 contradiction=36 reliable=600 reliable_in_view=600 reliable_seen_through=18 absence_llr=0 absent_samples=18 total_samples=218 absence_coverage_sufficient=0
815,STATE_SLICE,STATE_SLICE inst=16 stamp=1786279235334311000 inherited_sup=617 inherited_con=36 inherited_samples=218 inherited_supported=628 inherited_free=0 inherited_repl_other=0 inherited_repl_bg=37 inherited_occ=331 inherited_unobs=0 session_sup=0 session_con=0 session_samples=0 cur_verts=6402 candidate_verts=0
816,EVIDENCE,EVIDENCE inst=16 inherited_support=617 inherited_contradiction=36 session_support=0 session_contradiction=0 inherited_absent_flag=0 cur_verts=6402 observed_verts=0
817,MOBILITY_PRIOR,MOBILITY_PRIOR inst=16 session=0 class=115 changes=0 continuations=0 alpha=0.6 beta=2.4 q=0.2
818,MOBILITY_PRIOR,MOBILITY_PRIOR inst=16 session=0 class=115 changes=0 continuations=0 alpha=0.6 beta=2.4 q=0.2
819,TOP_ABSORB,TOP_ABSORB inst=16 geom=0 support=617 high_mobility=0 absorb=1
820,STATE_EVIDENCE_WINDOW,STATE_EVIDENCE_WINDOW inst=17 after=1786279231500988000 latest_measured_support=1786279233634311000 through=1786279235334311000 projected=1 support=514 contradiction=88 reliable=701 reliable_in_view=701 reliable_seen_through=4 absence_llr=0 absent_samples=53 total_samples=246 absence_coverage_sufficient=0
821,STATE_SLICE,STATE_SLICE inst=17 stamp=1786279235334311000 inherited_sup=514 inherited_con=88 inherited_samples=246 inherited_supported=516 inherited_free=11 inherited_repl_other=9 inherited_repl_bg=69 inherited_occ=268 inherited_unobs=0 session_sup=0 session_con=0 session_samples=0 cur_verts=7827 candidate_verts=0
822,EVIDENCE,EVIDENCE inst=17 inherited_support=514 inherited_contradiction=88 session_support=0 session_contradiction=0 inherited_absent_flag=0 cur_verts=7827 observed_verts=0
823,MOBILITY_PRIOR,MOBILITY_PRIOR inst=17 session=0 class=115 changes=0 continuations=0 alpha=0.6 beta=2.4 q=0.2
824,MOBILITY_PRIOR,MOBILITY_PRIOR inst=17 session=0 class=115 changes=0 continuations=0 alpha=0.6 beta=2.4 q=0.2
825,TOP_ABSORB,TOP_ABSORB inst=17 geom=0 support=514 high_mobility=0 absorb=1
826,STATE_EVIDENCE_WINDOW,STATE_EVIDENCE_WINDOW inst=18 after=1786279224667644000 latest_measured_support=0 through=1786279235334311000 projected=0 support=0 contradiction=0 reliable=485 reliable_in_view=0 reliable_seen_through=0 absence_llr=0 absent_samples=0 total_samples=4475 absence_coverage_sufficient=0
827,STATE_SLICE,STATE_SLICE inst=18 stamp=1786279235334311000 inherited_sup=0 inherited_con=0 inherited_samples=4475 inherited_supported=0 inherited_free=0 inherited_repl_other=0 inherited_repl_bg=0 inherited_occ=0 inherited_unobs=4475 session_sup=0 session_con=0 session_samples=0 cur_verts=13425 candidate_verts=0
828,EVIDENCE,EVIDENCE inst=18 inherited_support=0 inherited_contradiction=0 session_support=0 session_contradiction=0 inherited_absent_flag=0 cur_verts=13425 observed_verts=0
829,STATE_EVIDENCE_WINDOW,STATE_EVIDENCE_WINDOW inst=19 after=1786279222500966000 latest_measured_support=0 through=1786279235334311000 projected=0 support=0 contradiction=0 reliable=406 reliable_in_view=0 reliable_seen_through=0 absence_llr=0 absent_samples=0 total_samples=4066 absence_coverage_sufficient=0
830,STATE_SLICE,STATE_SLICE inst=19 stamp=1786279235334311000 inherited_sup=0 inherited_con=0 inherited_samples=4066 inherited_supported=0 inherited_free=0 inherited_repl_other=0 inherited_repl_bg=0 inherited_occ=0 inherited_unobs=4066 session_sup=0 session_con=0 session_samples=0 cur_verts=12198 candidate_verts=0
831,EVIDENCE,EVIDENCE inst=19 inherited_support=0 inherited_contradiction=0 session_support=0 session_contradiction=0 inherited_absent_flag=0 cur_verts=12198 observed_verts=0
832,INGEST,INGEST inst=14 first=1786279232s seg_verts=2448 cur_verts=3264 observed_verts=0
833,INGEST_DECIDE,INGEST_DECIDE inst=14 same_session_overlap=1 contradicted=0
834,OBJECT_EXTRACTION_INPUT,OBJECT_EXTRACTION_INPUT inst=10 first=1786279221734311000 last=1786279232900966000 observations=336 dynamic=0 motion_history=0 last_motion=0 displacement=0 static_fallback=0
835,OBJECT_EXTRACTION_INPUT,OBJECT_EXTRACTION_INPUT inst=3 first=1786279225034300000 last=1786279232867644000 observations=156 dynamic=0 motion_history=0 last_motion=0 displacement=0 static_fallback=0
836,STATIC_SURFACE_FRAMES,STATIC_SURFACE_FRAMES inst=3 candidates=50 selected=50 first=1786279227667644000 last=1786279232867644000
837,STATIC_SURFACE_BOUNDARY,STATIC_SURFACE_BOUNDARY inst=10 rejected_stamp=1786279226867644000 current_stamp=1786279232867644000 forward_support=0 forward_free=248 reverse_support=0 reverse_free=0 forward_sampled=461 reverse_sampled=77
838,STATIC_SURFACE_FRAMES,STATIC_SURFACE_FRAMES inst=10 candidates=66 selected=60 first=1786279226967644000 last=1786279232867644000
844,OBJECT_EXTRACTION_INPUT,OBJECT_EXTRACTION_INPUT inst=7 first=1786279225167633000 last=1786279232834311000 observations=150 dynamic=0 motion_history=0 last_motion=0 displacement=0 static_fallback=0
845,STATIC_SURFACE_FRAMES,STATIC_SURFACE_FRAMES inst=7 candidates=48 selected=48 first=1786279227667644000 last=1786279232767644000
846,OBJECT_EXTRACTION_INPUT,OBJECT_EXTRACTION_INPUT inst=17 first=1786279220967644000 last=1786279233700966000 observations=369 dynamic=0 motion_history=0 last_motion=0 displacement=0 static_fallback=0
847,STATIC_SURFACE_FRAMES,STATIC_SURFACE_FRAMES inst=17 candidates=62 selected=62 first=1786279227167644000 last=1786279233667644000
849,OBJECT_EXTRACTION_INPUT,OBJECT_EXTRACTION_INPUT inst=16 first=1786279220834322000 last=1786279234067633000 observations=383 dynamic=0 motion_history=0 last_motion=0 displacement=0 static_fallback=0
850,STATIC_SURFACE_BOUNDARY,STATIC_SURFACE_BOUNDARY inst=16 rejected_stamp=1786279229467644000 current_stamp=1786279234067633000 forward_support=5 forward_free=0 reverse_support=60 reverse_free=27 forward_sampled=477 reverse_sampled=159
851,STATIC_SURFACE_FRAMES,STATIC_SURFACE_FRAMES inst=16 candidates=61 selected=41 first=1786279229567644000 last=1786279234067633000
852,STATE_EVIDENCE_WINDOW,STATE_EVIDENCE_WINDOW inst=6 after=1786279235334311000 latest_measured_support=1786279237467633000 through=1786279237467633000 projected=1 support=2694 contradiction=432 reliable=606 reliable_in_view=485 reliable_seen_through=171 absence_llr=2.24525 absent_samples=228 total_samples=1648 absence_coverage_sufficient=0
853,STATE_SLICE,STATE_SLICE inst=6 stamp=1786279237467633000 inherited_sup=2694 inherited_con=432 inherited_samples=1648 inherited_supported=2700 inherited_free=17 inherited_repl_other=45 inherited_repl_bg=372 inherited_occ=133 inherited_unobs=399 session_sup=0 session_con=0 session_samples=0 cur_verts=71007 candidate_verts=0
854,EVIDENCE,EVIDENCE inst=6 inherited_support=2694 inherited_contradiction=432 session_support=0 session_contradiction=0 inherited_absent_flag=0 cur_verts=71007 observed_verts=0
855,MOBILITY_PRIOR,MOBILITY_PRIOR inst=6 session=0 class=35 changes=0 continuations=1 alpha=0.5 beta=1.5 q=0.166667
856,MOBILITY_PRIOR,MOBILITY_PRIOR inst=6 session=0 class=35 changes=0 continuations=1 alpha=0.5 beta=1.5 q=0.166667
857,TOP_ABSORB,TOP_ABSORB inst=6 geom=0 support=2694 high_mobility=0 absorb=1
858,STATE_EVIDENCE_WINDOW,STATE_EVIDENCE_WINDOW inst=10 after=1786279232800977000 latest_measured_support=0 through=1786279237467633000 projected=0 support=0 contradiction=0 reliable=486 reliable_in_view=0 reliable_seen_through=0 absence_llr=0 absent_samples=0 total_samples=2540 absence_coverage_sufficient=0
859,STATE_SLICE,STATE_SLICE inst=10 stamp=1786279237467633000 inherited_sup=0 inherited_con=0 inherited_samples=2540 inherited_supported=0 inherited_free=0 inherited_repl_other=0 inherited_repl_bg=0 inherited_occ=0 inherited_unobs=2540 session_sup=0 session_con=0 session_samples=0 cur_verts=7620 candidate_verts=0
860,EVIDENCE,EVIDENCE inst=10 inherited_support=0 inherited_contradiction=0 session_support=0 session_contradiction=0 inherited_absent_flag=0 cur_verts=7620 observed_verts=0
861,STATE_EVIDENCE_WINDOW,STATE_EVIDENCE_WINDOW inst=11 after=1786279226800977000 latest_measured_support=0 through=1786279237467633000 projected=0 support=0 contradiction=0 reliable=1060 reliable_in_view=0 reliable_seen_through=0 absence_llr=0.00339523 absent_samples=0 total_samples=8794 absence_coverage_sufficient=0
862,STATE_SLICE,STATE_SLICE inst=11 stamp=1786279237467633000 inherited_sup=0 inherited_con=0 inherited_samples=8794 inherited_supported=0 inherited_free=0 inherited_repl_other=0 inherited_repl_bg=0 inherited_occ=0 inherited_unobs=8794 session_sup=0 session_con=0 session_samples=0 cur_verts=26382 candidate_verts=0
863,EVIDENCE,EVIDENCE inst=11 inherited_support=0 inherited_contradiction=0 session_support=0 session_contradiction=0 inherited_absent_flag=0 cur_verts=26382 observed_verts=0
864,STATE_EVIDENCE_WINDOW,STATE_EVIDENCE_WINDOW inst=13 after=1786279225167633000 latest_measured_support=0 through=1786279237467633000 projected=1 support=0 contradiction=14 reliable=352 reliable_in_view=0 reliable_seen_through=0 absence_llr=0 absent_samples=10 total_samples=255 absence_coverage_sufficient=0
865,STATE_SLICE,STATE_SLICE inst=13 stamp=1786279237467633000 inherited_sup=0 inherited_con=14 inherited_samples=255 inherited_supported=0 inherited_free=0 inherited_repl_other=0 inherited_repl_bg=14 inherited_occ=16 inherited_unobs=142 session_sup=0 session_con=0 session_samples=0 cur_verts=9204 candidate_verts=0
866,EVIDENCE,EVIDENCE inst=13 inherited_support=0 inherited_contradiction=14 session_support=0 session_contradiction=0 inherited_absent_flag=0 cur_verts=9204 observed_verts=0
867,STATE_EVIDENCE_WINDOW,STATE_EVIDENCE_WINDOW inst=14 after=1786279235334311000 latest_measured_support=1786279236200977000 through=1786279237467633000 projected=1 support=99 contradiction=22 reliable=144 reliable_in_view=18 reliable_seen_through=11 absence_llr=0.789442 absent_samples=21 total_samples=183 absence_coverage_sufficient=0
868,STATE_SLICE,STATE_SLICE inst=14 stamp=1786279237467633000 inherited_sup=99 inherited_con=22 inherited_samples=183 inherited_supported=99 inherited_free=22 inherited_repl_other=0 inherited_repl_bg=0 inherited_occ=160 inherited_unobs=3 session_sup=0 session_con=0 session_samples=0 cur_verts=5712 candidate_verts=0
869,EVIDENCE,EVIDENCE inst=14 inherited_support=99 inherited_contradiction=22 session_support=0 session_contradiction=0 inherited_absent_flag=0 cur_verts=5712 observed_verts=0
870,MOBILITY_PRIOR,MOBILITY_PRIOR inst=14 session=0 class=92 changes=0 continuations=1 alpha=0.6 beta=2.4 q=0.15
871,MOBILITY_PRIOR,MOBILITY_PRIOR inst=14 session=0 class=92 changes=0 continuations=1 alpha=0.6 beta=2.4 q=0.15
872,TOP_ABSORB,TOP_ABSORB inst=14 geom=0 support=99 high_mobility=0 absorb=1
873,STATE_EVIDENCE_WINDOW,STATE_EVIDENCE_WINDOW inst=16 after=1786279234067633000 latest_measured_support=0 through=1786279237467633000 projected=0 support=0 contradiction=0 reliable=489 reliable_in_view=0 reliable_seen_through=0 absence_llr=0 absent_samples=0 total_samples=2134 absence_coverage_sufficient=0
874,STATE_SLICE,STATE_SLICE inst=16 stamp=1786279237467633000 inherited_sup=0 inherited_con=0 inherited_samples=2134 inherited_supported=0 inherited_free=0 inherited_repl_other=0 inherited_repl_bg=0 inherited_occ=0 inherited_unobs=2134 session_sup=0 session_con=0 session_samples=0 cur_verts=6402 candidate_verts=0
875,EVIDENCE,EVIDENCE inst=16 inherited_support=0 inherited_contradiction=0 session_support=0 session_contradiction=0 inherited_absent_flag=0 cur_verts=6402 observed_verts=0
876,STATE_EVIDENCE_WINDOW,STATE_EVIDENCE_WINDOW inst=17 after=1786279233634311000 latest_measured_support=0 through=1786279237467633000 projected=1 support=0 contradiction=9 reliable=659 reliable_in_view=3 reliable_seen_through=2 absence_llr=0 absent_samples=8 total_samples=246 absence_coverage_sufficient=0
877,STATE_SLICE,STATE_SLICE inst=17 stamp=1786279237467633000 inherited_sup=0 inherited_con=9 inherited_samples=246 inherited_supported=0 inherited_free=0 inherited_repl_other=0 inherited_repl_bg=9 inherited_occ=0 inherited_unobs=103 session_sup=0 session_con=0 session_samples=0 cur_verts=7827 candidate_verts=0
878,EVIDENCE,EVIDENCE inst=17 inherited_support=0 inherited_contradiction=9 session_support=0 session_contradiction=0 inherited_absent_flag=0 cur_verts=7827 observed_verts=0
879,STATE_EVIDENCE_WINDOW,STATE_EVIDENCE_WINDOW inst=18 after=1786279224667644000 latest_measured_support=0 through=1786279237467633000 projected=0 support=0 contradiction=0 reliable=485 reliable_in_view=0 reliable_seen_through=0 absence_llr=0 absent_samples=0 total_samples=4475 absence_coverage_sufficient=0
880,STATE_SLICE,STATE_SLICE inst=18 stamp=1786279237467633000 inherited_sup=0 inherited_con=0 inherited_samples=4475 inherited_supported=0 inherited_free=0 inherited_repl_other=0 inherited_repl_bg=0 inherited_occ=0 inherited_unobs=4475 session_sup=0 session_con=0 session_samples=0 cur_verts=13425 candidate_verts=0
881,EVIDENCE,EVIDENCE inst=18 inherited_support=0 inherited_contradiction=0 session_support=0 session_contradiction=0 inherited_absent_flag=0 cur_verts=13425 observed_verts=0
882,STATE_EVIDENCE_WINDOW,STATE_EVIDENCE_WINDOW inst=19 after=1786279222500966000 latest_measured_support=0 through=1786279237467633000 projected=0 support=0 contradiction=0 reliable=406 reliable_in_view=0 reliable_seen_through=0 absence_llr=0 absent_samples=0 total_samples=4066 absence_coverage_sufficient=0
883,STATE_SLICE,STATE_SLICE inst=19 stamp=1786279237467633000 inherited_sup=0 inherited_con=0 inherited_samples=4066 inherited_supported=0 inherited_free=0 inherited_repl_other=0 inherited_repl_bg=0 inherited_occ=0 inherited_unobs=4066 session_sup=0 session_con=0 session_samples=0 cur_verts=12198 candidate_verts=0
884,EVIDENCE,EVIDENCE inst=19 inherited_support=0 inherited_contradiction=0 session_support=0 session_contradiction=0 inherited_absent_flag=0 cur_verts=12198 observed_verts=0
885,INGEST,INGEST inst=3 first=1786279227s seg_verts=2559 cur_verts=0 observed_verts=0
886,INGEST,INGEST inst=7 first=1786279227s seg_verts=1446 cur_verts=0 observed_verts=0
887,INGEST,INGEST inst=10 first=1786279226s seg_verts=8826 cur_verts=7620 observed_verts=0
888,INGEST_DECIDE,INGEST_DECIDE inst=10 same_session_overlap=1 contradicted=0
889,INGEST,INGEST inst=17 first=1786279227s seg_verts=8616 cur_verts=7827 observed_verts=0
890,INGEST_DECIDE,INGEST_DECIDE inst=17 same_session_overlap=1 contradicted=0
891,OBJECT_EXTRACTION_INPUT,OBJECT_EXTRACTION_INPUT inst=14 first=1786279210201000000 last=1786279236367666000 observations=654 dynamic=0 motion_history=0 last_motion=0 displacement=0 static_fallback=0
892,STATIC_SURFACE_FRAMES,STATIC_SURFACE_FRAMES inst=14 candidates=54 selected=54 first=1786279229767644000 last=1786279236367666000
899,STATE_EVIDENCE_WINDOW,STATE_EVIDENCE_WINDOW inst=3 after=1786279232867644000 latest_measured_support=0 through=1786279239600966000 projected=1 support=0 contradiction=29 reliable=193 reliable_in_view=193 reliable_seen_through=4 absence_llr=0 absent_samples=15 total_samples=131 absence_coverage_sufficient=0
900,STATE_SLICE,STATE_SLICE inst=3 stamp=1786279239600966000 inherited_sup=0 inherited_con=29 inherited_samples=131 inherited_supported=0 inherited_free=1 inherited_repl_other=8 inherited_repl_bg=20 inherited_occ=7 inherited_unobs=65 session_sup=0 session_con=0 session_samples=0 cur_verts=2559 candidate_verts=0
901,EVIDENCE,EVIDENCE inst=3 inherited_support=0 inherited_contradiction=29 session_support=0 session_contradiction=0 inherited_absent_flag=0 cur_verts=2559 observed_verts=0
902,STATE_EVIDENCE_WINDOW,STATE_EVIDENCE_WINDOW inst=6 after=1786279237467633000 latest_measured_support=1786279238300977000 through=1786279239600966000 projected=1 support=129 contradiction=28 reliable=603 reliable_in_view=25 reliable_seen_through=3 absence_llr=2.24525 absent_samples=16 total_samples=1648 absence_coverage_sufficient=0
903,STATE_SLICE,STATE_SLICE inst=6 stamp=1786279239600966000 inherited_sup=129 inherited_con=28 inherited_samples=1648 inherited_supported=129 inherited_free=0 inherited_repl_other=0 inherited_repl_bg=28 inherited_occ=0 inherited_unobs=1388 session_sup=0 session_con=0 session_samples=0 cur_verts=71007 candidate_verts=0
904,EVIDENCE,EVIDENCE inst=6 inherited_support=129 inherited_contradiction=28 session_support=0 session_contradiction=0 inherited_absent_flag=0 cur_verts=71007 observed_verts=0
905,MOBILITY_PRIOR,MOBILITY_PRIOR inst=6 session=0 class=35 changes=0 continuations=1 alpha=0.5 beta=1.5 q=0.166667
906,MOBILITY_PRIOR,MOBILITY_PRIOR inst=6 session=0 class=35 changes=0 continuations=1 alpha=0.5 beta=1.5 q=0.166667
907,TOP_ABSORB,TOP_ABSORB inst=6 geom=0 support=129 high_mobility=0 absorb=1
908,STATE_EVIDENCE_WINDOW,STATE_EVIDENCE_WINDOW inst=7 after=1786279232834311000 latest_measured_support=0 through=1786279239600966000 projected=1 support=0 contradiction=41 reliable=94 reliable_in_view=94 reliable_seen_through=8 absence_llr=0.0680023 absent_samples=27 total_samples=64 absence_coverage_sufficient=0
909,STATE_SLICE,STATE_SLICE inst=7 stamp=1786279239600966000 inherited_sup=0 inherited_con=41 inherited_samples=64 inherited_supported=0 inherited_free=0 inherited_repl_other=0 inherited_repl_bg=41 inherited_occ=4 inherited_unobs=17 session_sup=0 session_con=0 session_samples=0 cur_verts=1446 candidate_verts=0
910,EVIDENCE,EVIDENCE inst=7 inherited_support=0 inherited_contradiction=41 session_support=0 session_contradiction=0 inherited_absent_flag=0 cur_verts=1446 observed_verts=0
911,STATE_EVIDENCE_WINDOW,STATE_EVIDENCE_WINDOW inst=10 after=1786279232900966000 latest_measured_support=0 through=1786279239600966000 projected=1 support=0 contradiction=60 reliable=486 reliable_in_view=23 reliable_seen_through=16 absence_llr=0 absent_samples=31 total_samples=371 absence_coverage_sufficient=0
912,STATE_SLICE,STATE_SLICE inst=10 stamp=1786279239600966000 inherited_sup=0 inherited_con=60 inherited_samples=371 inherited_supported=0 inherited_free=0 inherited_repl_other=17 inherited_repl_bg=45 inherited_occ=4 inherited_unobs=231 session_sup=0 session_con=0 session_samples=0 cur_verts=16446 candidate_verts=0
913,EVIDENCE,EVIDENCE inst=10 inherited_support=0 inherited_contradiction=60 session_support=0 session_contradiction=0 inherited_absent_flag=0 cur_verts=16446 observed_verts=0
914,STATE_EVIDENCE_WINDOW,STATE_EVIDENCE_WINDOW inst=11 after=1786279226800977000 latest_measured_support=0 through=1786279239600966000 projected=0 support=0 contradiction=0 reliable=1060 reliable_in_view=0 reliable_seen_through=0 absence_llr=0.00339523 absent_samples=0 total_samples=8794 absence_coverage_sufficient=0
915,STATE_SLICE,STATE_SLICE inst=11 stamp=1786279239600966000 inherited_sup=0 inherited_con=0 inherited_samples=8794 inherited_supported=0 inherited_free=0 inherited_repl_other=0 inherited_repl_bg=0 inherited_occ=0 inherited_unobs=8794 session_sup=0 session_con=0 session_samples=0 cur_verts=26382 candidate_verts=0
916,EVIDENCE,EVIDENCE inst=11 inherited_support=0 inherited_contradiction=0 session_support=0 session_contradiction=0 inherited_absent_flag=0 cur_verts=26382 observed_verts=0
917,STATE_EVIDENCE_WINDOW,STATE_EVIDENCE_WINDOW inst=13 after=1786279225167633000 latest_measured_support=0 through=1786279239600966000 projected=1 support=0 contradiction=14 reliable=352 reliable_in_view=0 reliable_seen_through=0 absence_llr=0 absent_samples=10 total_samples=255 absence_coverage_sufficient=0
918,STATE_SLICE,STATE_SLICE inst=13 stamp=1786279239600966000 inherited_sup=0 inherited_con=14 inherited_samples=255 inherited_supported=0 inherited_free=0 inherited_repl_other=0 inherited_repl_bg=14 inherited_occ=16 inherited_unobs=142 session_sup=0 session_con=0 session_samples=0 cur_verts=9204 candidate_verts=0
919,EVIDENCE,EVIDENCE inst=13 inherited_support=0 inherited_contradiction=14 session_support=0 session_contradiction=0 inherited_absent_flag=0 cur_verts=9204 observed_verts=0
920,STATE_EVIDENCE_WINDOW,STATE_EVIDENCE_WINDOW inst=14 after=1786279236200977000 latest_measured_support=0 through=1786279239600966000 projected=0 support=0 contradiction=0 reliable=132 reliable_in_view=0 reliable_seen_through=0 absence_llr=0.789442 absent_samples=0 total_samples=1904 absence_coverage_sufficient=0
921,STATE_SLICE,STATE_SLICE inst=14 stamp=1786279239600966000 inherited_sup=0 inherited_con=0 inherited_samples=1904 inherited_supported=0 inherited_free=0 inherited_repl_other=0 inherited_repl_bg=0 inherited_occ=0 inherited_unobs=1904 session_sup=0 session_con=0 session_samples=0 cur_verts=5712 candidate_verts=0
922,EVIDENCE,EVIDENCE inst=14 inherited_support=0 inherited_contradiction=0 session_support=0 session_contradiction=0 inherited_absent_flag=0 cur_verts=5712 observed_verts=0
923,STATE_EVIDENCE_WINDOW,STATE_EVIDENCE_WINDOW inst=16 after=1786279234067633000 latest_measured_support=0 through=1786279239600966000 projected=0 support=0 contradiction=0 reliable=489 reliable_in_view=0 reliable_seen_through=0 absence_llr=0 absent_samples=0 total_samples=2134 absence_coverage_sufficient=0
924,STATE_SLICE,STATE_SLICE inst=16 stamp=1786279239600966000 inherited_sup=0 inherited_con=0 inherited_samples=2134 inherited_supported=0 inherited_free=0 inherited_repl_other=0 inherited_repl_bg=0 inherited_occ=0 inherited_unobs=2134 session_sup=0 session_con=0 session_samples=0 cur_verts=6402 candidate_verts=0
925,EVIDENCE,EVIDENCE inst=16 inherited_support=0 inherited_contradiction=0 session_support=0 session_contradiction=0 inherited_absent_flag=0 cur_verts=6402 observed_verts=0
926,STATE_EVIDENCE_WINDOW,STATE_EVIDENCE_WINDOW inst=17 after=1786279233700966000 latest_measured_support=1786279239167644000 through=1786279239600966000 projected=1 support=24 contradiction=55 reliable=661 reliable_in_view=25 reliable_seen_through=12 absence_llr=0 absent_samples=12 total_samples=280 absence_coverage_sufficient=0
927,STATE_SLICE,STATE_SLICE inst=17 stamp=1786279239600966000 inherited_sup=24 inherited_con=55 inherited_samples=280 inherited_supported=24 inherited_free=0 inherited_repl_other=0 inherited_repl_bg=55 inherited_occ=0 inherited_unobs=119 session_sup=0 session_con=0 session_samples=0 cur_verts=16443 candidate_verts=0
928,EVIDENCE,EVIDENCE inst=17 inherited_support=24 inherited_contradiction=55 session_support=0 session_contradiction=0 inherited_absent_flag=0 cur_verts=16443 observed_verts=0
929,MOBILITY_PRIOR,MOBILITY_PRIOR inst=17 session=0 class=115 changes=0 continuations=1 alpha=0.428571 beta=2.57143 q=0.107143
930,MOBILITY_PRIOR,MOBILITY_PRIOR inst=17 session=0 class=115 changes=0 continuations=1 alpha=0.428571 beta=2.57143 q=0.107143
931,TOP_ABSORB,TOP_ABSORB inst=17 geom=0 support=24 high_mobility=0 absorb=1
932,STATE_EVIDENCE_WINDOW,STATE_EVIDENCE_WINDOW inst=18 after=1786279224667644000 latest_measured_support=0 through=1786279239600966000 projected=0 support=0 contradiction=0 reliable=485 reliable_in_view=0 reliable_seen_through=0 absence_llr=0 absent_samples=0 total_samples=4475 absence_coverage_sufficient=0
933,STATE_SLICE,STATE_SLICE inst=18 stamp=1786279239600966000 inherited_sup=0 inherited_con=0 inherited_samples=4475 inherited_supported=0 inherited_free=0 inherited_repl_other=0 inherited_repl_bg=0 inherited_occ=0 inherited_unobs=4475 session_sup=0 session_con=0 session_samples=0 cur_verts=13425 candidate_verts=0
934,EVIDENCE,EVIDENCE inst=18 inherited_support=0 inherited_contradiction=0 session_support=0 session_contradiction=0 inherited_absent_flag=0 cur_verts=13425 observed_verts=0
935,STATE_EVIDENCE_WINDOW,STATE_EVIDENCE_WINDOW inst=19 after=1786279222500966000 latest_measured_support=0 through=1786279239600966000 projected=0 support=0 contradiction=0 reliable=406 reliable_in_view=0 reliable_seen_through=0 absence_llr=0 absent_samples=0 total_samples=4066 absence_coverage_sufficient=0
936,STATE_SLICE,STATE_SLICE inst=19 stamp=1786279239600966000 inherited_sup=0 inherited_con=0 inherited_samples=4066 inherited_supported=0 inherited_free=0 inherited_repl_other=0 inherited_repl_bg=0 inherited_occ=0 inherited_unobs=4066 session_sup=0 session_con=0 session_samples=0 cur_verts=12198 candidate_verts=0
937,EVIDENCE,EVIDENCE inst=19 inherited_support=0 inherited_contradiction=0 session_support=0 session_contradiction=0 inherited_absent_flag=0 cur_verts=12198 observed_verts=0
938,INGEST,INGEST inst=16 first=1786279229s seg_verts=6816 cur_verts=6402 observed_verts=0
939,INGEST_DECIDE,INGEST_DECIDE inst=16 same_session_overlap=1 contradicted=0
940,OBJECT_EXTRACTION_INPUT,OBJECT_EXTRACTION_INPUT inst=6 first=1786279210201000000 last=1786279238500966000 observations=850 dynamic=0 motion_history=0 last_motion=0 displacement=0 static_fallback=0
941,STATIC_SURFACE_BOUNDARY,STATIC_SURFACE_BOUNDARY inst=6 rejected_stamp=1786279236667633000 current_stamp=1786279238467633000 forward_support=3 forward_free=0 reverse_support=224 reverse_free=80 forward_sampled=512 reverse_sampled=417
942,STATIC_SURFACE_FRAMES,STATIC_SURFACE_FRAMES inst=6 candidates=67 selected=18 first=1786279236767633000 last=1786279238467633000
943,STATE_EVIDENCE_WINDOW,STATE_EVIDENCE_WINDOW inst=3 after=1786279232867644000 latest_measured_support=1786279241734300000 through=1786279241734300000 projected=1 support=47 contradiction=96 reliable=168 reliable_in_view=66 reliable_seen_through=15 absence_llr=0.433402 absent_samples=20 total_samples=131 absence_coverage_sufficient=0
944,STATE_SLICE,STATE_SLICE inst=3 stamp=1786279241734300000 inherited_sup=47 inherited_con=96 inherited_samples=131 inherited_supported=48 inherited_free=2 inherited_repl_other=31 inherited_repl_bg=63 inherited_occ=39 inherited_unobs=24 session_sup=0 session_con=0 session_samples=0 cur_verts=2559 candidate_verts=0
945,EVIDENCE,EVIDENCE inst=3 inherited_support=47 inherited_contradiction=96 session_support=0 session_contradiction=0 inherited_absent_flag=0 cur_verts=2559 observed_verts=0
946,MOBILITY_PRIOR,MOBILITY_PRIOR inst=3 session=0 class=15 changes=0 continuations=0 alpha=0.3 beta=1.7 q=0.15
947,MOBILITY_PRIOR,MOBILITY_PRIOR inst=3 session=0 class=15 changes=0 continuations=0 alpha=0.3 beta=1.7 q=0.15
948,TOP_ABSORB,TOP_ABSORB inst=3 geom=0 support=47 high_mobility=0 absorb=1
949,STATE_EVIDENCE_WINDOW,STATE_EVIDENCE_WINDOW inst=6 after=1786279238300977000 latest_measured_support=0 through=1786279241734300000 projected=0 support=0 contradiction=0 reliable=602 reliable_in_view=0 reliable_seen_through=0 absence_llr=2.24525 absent_samples=0 total_samples=23669 absence_coverage_sufficient=0
950,STATE_SLICE,STATE_SLICE inst=6 stamp=1786279241734300000 inherited_sup=0 inherited_con=0 inherited_samples=23669 inherited_supported=0 inherited_free=0 inherited_repl_other=0 inherited_repl_bg=0 inherited_occ=0 inherited_unobs=23669 session_sup=0 session_con=0 session_samples=0 cur_verts=71007 candidate_verts=0
951,EVIDENCE,EVIDENCE inst=6 inherited_support=0 inherited_contradiction=0 session_support=0 session_contradiction=0 inherited_absent_flag=0 cur_verts=71007 observed_verts=0
952,STATE_EVIDENCE_WINDOW,STATE_EVIDENCE_WINDOW inst=7 after=1786279232834311000 latest_measured_support=1786279241734300000 through=1786279241734300000 projected=1 support=3 contradiction=187 reliable=78 reliable_in_view=53 reliable_seen_through=14 absence_llr=0.0680023 absent_samples=38 total_samples=64 absence_coverage_sufficient=0
953,STATE_SLICE,STATE_SLICE inst=7 stamp=1786279241734300000 inherited_sup=3 inherited_con=187 inherited_samples=64 inherited_supported=3 inherited_free=2 inherited_repl_other=9 inherited_repl_bg=176 inherited_occ=26 inherited_unobs=0 session_sup=0 session_con=0 session_samples=0 cur_verts=1446 candidate_verts=0
954,EVIDENCE,EVIDENCE inst=7 inherited_support=3 inherited_contradiction=187 session_support=0 session_contradiction=0 inherited_absent_flag=0 cur_verts=1446 observed_verts=0
955,MOBILITY_PRIOR,MOBILITY_PRIOR inst=7 session=0 class=74 changes=0 continuations=0 alpha=0.3 beta=1.7 q=0.15
956,MOBILITY_PRIOR,MOBILITY_PRIOR inst=7 session=0 class=74 changes=0 continuations=0 alpha=0.3 beta=1.7 q=0.15
957,TOP_ABSORB,TOP_ABSORB inst=7 geom=0 support=3 high_mobility=0 absorb=1
958,STATE_EVIDENCE_WINDOW,STATE_EVIDENCE_WINDOW inst=10 after=1786279232900966000 latest_measured_support=0 through=1786279241734300000 projected=1 support=0 contradiction=243 reliable=486 reliable_in_view=108 reliable_seen_through=14 absence_llr=0.109163 absent_samples=88 total_samples=371 absence_coverage_sufficient=0
959,STATE_SLICE,STATE_SLICE inst=10 stamp=1786279241734300000 inherited_sup=0 inherited_con=243 inherited_samples=371 inherited_supported=0 inherited_free=0 inherited_repl_other=34 inherited_repl_bg=213 inherited_occ=35 inherited_unobs=214 session_sup=0 session_con=0 session_samples=0 cur_verts=16446 candidate_verts=0
960,EVIDENCE,EVIDENCE inst=10 inherited_support=0 inherited_contradiction=243 session_support=0 session_contradiction=0 inherited_absent_flag=0 cur_verts=16446 observed_verts=0
961,STATE_EVIDENCE_WINDOW,STATE_EVIDENCE_WINDOW inst=11 after=1786279226800977000 latest_measured_support=0 through=1786279241734300000 projected=0 support=0 contradiction=0 reliable=1060 reliable_in_view=0 reliable_seen_through=0 absence_llr=0.00339523 absent_samples=0 total_samples=8794 absence_coverage_sufficient=0
962,STATE_SLICE,STATE_SLICE inst=11 stamp=1786279241734300000 inherited_sup=0 inherited_con=0 inherited_samples=8794 inherited_supported=0 inherited_free=0 inherited_repl_other=0 inherited_repl_bg=0 inherited_occ=0 inherited_unobs=8794 session_sup=0 session_con=0 session_samples=0 cur_verts=26382 candidate_verts=0
963,EVIDENCE,EVIDENCE inst=11 inherited_support=0 inherited_contradiction=0 session_support=0 session_contradiction=0 inherited_absent_flag=0 cur_verts=26382 observed_verts=0
964,STATE_EVIDENCE_WINDOW,STATE_EVIDENCE_WINDOW inst=13 after=1786279225167633000 latest_measured_support=0 through=1786279241734300000 projected=1 support=0 contradiction=14 reliable=352 reliable_in_view=0 reliable_seen_through=0 absence_llr=0 absent_samples=10 total_samples=255 absence_coverage_sufficient=0
965,STATE_SLICE,STATE_SLICE inst=13 stamp=1786279241734300000 inherited_sup=0 inherited_con=14 inherited_samples=255 inherited_supported=0 inherited_free=0 inherited_repl_other=0 inherited_repl_bg=14 inherited_occ=16 inherited_unobs=142 session_sup=0 session_con=0 session_samples=0 cur_verts=9204 candidate_verts=0
966,EVIDENCE,EVIDENCE inst=13 inherited_support=0 inherited_contradiction=14 session_support=0 session_contradiction=0 inherited_absent_flag=0 cur_verts=9204 observed_verts=0
967,STATE_EVIDENCE_WINDOW,STATE_EVIDENCE_WINDOW inst=14 after=1786279236200977000 latest_measured_support=0 through=1786279241734300000 projected=0 support=0 contradiction=0 reliable=132 reliable_in_view=0 reliable_seen_through=0 absence_llr=0.789442 absent_samples=0 total_samples=1904 absence_coverage_sufficient=0
968,STATE_SLICE,STATE_SLICE inst=14 stamp=1786279241734300000 inherited_sup=0 inherited_con=0 inherited_samples=1904 inherited_supported=0 inherited_free=0 inherited_repl_other=0 inherited_repl_bg=0 inherited_occ=0 inherited_unobs=1904 session_sup=0 session_con=0 session_samples=0 cur_verts=5712 candidate_verts=0
969,EVIDENCE,EVIDENCE inst=14 inherited_support=0 inherited_contradiction=0 session_support=0 session_contradiction=0 inherited_absent_flag=0 cur_verts=5712 observed_verts=0
970,STATE_EVIDENCE_WINDOW,STATE_EVIDENCE_WINDOW inst=16 after=1786279234067633000 latest_measured_support=0 through=1786279241734300000 projected=0 support=0 contradiction=0 reliable=489 reliable_in_view=0 reliable_seen_through=0 absence_llr=0 absent_samples=0 total_samples=4406 absence_coverage_sufficient=0
971,STATE_SLICE,STATE_SLICE inst=16 stamp=1786279241734300000 inherited_sup=0 inherited_con=0 inherited_samples=4406 inherited_supported=0 inherited_free=0 inherited_repl_other=0 inherited_repl_bg=0 inherited_occ=0 inherited_unobs=4406 session_sup=0 session_con=0 session_samples=0 cur_verts=13218 candidate_verts=0
972,EVIDENCE,EVIDENCE inst=16 inherited_support=0 inherited_contradiction=0 session_support=0 session_contradiction=0 inherited_absent_flag=0 cur_verts=13218 observed_verts=0
973,STATE_EVIDENCE_WINDOW,STATE_EVIDENCE_WINDOW inst=17 after=1786279239167644000 latest_measured_support=0 through=1786279241734300000 projected=1 support=0 contradiction=19 reliable=650 reliable_in_view=1 reliable_seen_through=1 absence_llr=0 absent_samples=10 total_samples=280 absence_coverage_sufficient=0
974,STATE_SLICE,STATE_SLICE inst=17 stamp=1786279241734300000 inherited_sup=0 inherited_con=19 inherited_samples=280 inherited_supported=0 inherited_free=0 inherited_repl_other=0 inherited_repl_bg=19 inherited_occ=0 inherited_unobs=269 session_sup=0 session_con=0 session_samples=0 cur_verts=16443 candidate_verts=0
975,EVIDENCE,EVIDENCE inst=17 inherited_support=0 inherited_contradiction=19 session_support=0 session_contradiction=0 inherited_absent_flag=0 cur_verts=16443 observed_verts=0
976,STATE_EVIDENCE_WINDOW,STATE_EVIDENCE_WINDOW inst=18 after=1786279224667644000 latest_measured_support=0 through=1786279241734300000 projected=0 support=0 contradiction=0 reliable=485 reliable_in_view=0 reliable_seen_through=0 absence_llr=0 absent_samples=0 total_samples=4475 absence_coverage_sufficient=0
977,STATE_SLICE,STATE_SLICE inst=18 stamp=1786279241734300000 inherited_sup=0 inherited_con=0 inherited_samples=4475 inherited_supported=0 inherited_free=0 inherited_repl_other=0 inherited_repl_bg=0 inherited_occ=0 inherited_unobs=4475 session_sup=0 session_con=0 session_samples=0 cur_verts=13425 candidate_verts=0
978,EVIDENCE,EVIDENCE inst=18 inherited_support=0 inherited_contradiction=0 session_support=0 session_contradiction=0 inherited_absent_flag=0 cur_verts=13425 observed_verts=0
979,STATE_EVIDENCE_WINDOW,STATE_EVIDENCE_WINDOW inst=19 after=1786279222500966000 latest_measured_support=0 through=1786279241734300000 projected=0 support=0 contradiction=0 reliable=406 reliable_in_view=0 reliable_seen_through=0 absence_llr=0 absent_samples=0 total_samples=4066 absence_coverage_sufficient=0
980,STATE_SLICE,STATE_SLICE inst=19 stamp=1786279241734300000 inherited_sup=0 inherited_con=0 inherited_samples=4066 inherited_supported=0 inherited_free=0 inherited_repl_other=0 inherited_repl_bg=0 inherited_occ=0 inherited_unobs=4066 session_sup=0 session_con=0 session_samples=0 cur_verts=12198 candidate_verts=0
981,EVIDENCE,EVIDENCE inst=19 inherited_support=0 inherited_contradiction=0 session_support=0 session_contradiction=0 inherited_absent_flag=0 cur_verts=12198 observed_verts=0
982,INGEST,INGEST inst=14 first=1786279229s seg_verts=2640 cur_verts=5712 observed_verts=0
983,INGEST_DECIDE,INGEST_DECIDE inst=14 same_session_overlap=1 contradicted=0
984,OBJECT_EXTRACTION_INPUT,OBJECT_EXTRACTION_INPUT inst=17 first=1786279237200966000 last=1786279239934311000 observations=28 dynamic=0 motion_history=0 last_motion=0 displacement=0 static_fallback=0
985,STATIC_SURFACE_FRAMES,STATIC_SURFACE_FRAMES inst=17 candidates=9 selected=9 first=1786279238467633000 last=1786279239867644000
991,STATE_EVIDENCE_WINDOW,STATE_EVIDENCE_WINDOW inst=3 after=1786279241734300000 latest_measured_support=1786279243834300000 through=1786279243834300000 projected=1 support=286 contradiction=104 reliable=169 reliable_in_view=126 reliable_seen_through=26 absence_llr=0.891391 absent_samples=25 total_samples=131 absence_coverage_sufficient=0
992,STATE_SLICE,STATE_SLICE inst=3 stamp=1786279243834300000 inherited_sup=286 inherited_con=104 inherited_samples=131 inherited_supported=288 inherited_free=6 inherited_repl_other=51 inherited_repl_bg=47 inherited_occ=41 inherited_unobs=7 session_sup=0 session_con=0 session_samples=0 cur_verts=2559 candidate_verts=0
993,EVIDENCE,EVIDENCE inst=3 inherited_support=286 inherited_contradiction=104 session_support=0 session_contradiction=0 inherited_absent_flag=0 cur_verts=2559 observed_verts=0
994,MOBILITY_PRIOR,MOBILITY_PRIOR inst=3 session=0 class=15 changes=0 continuations=0 alpha=0.272727 beta=1.72727 q=0.136364
995,MOBILITY_PRIOR,MOBILITY_PRIOR inst=3 session=0 class=15 changes=0 continuations=0 alpha=0.272727 beta=1.72727 q=0.136364
996,TOP_ABSORB,TOP_ABSORB inst=3 geom=0 support=286 high_mobility=0 absorb=1
997,STATE_EVIDENCE_WINDOW,STATE_EVIDENCE_WINDOW inst=6 after=1786279238300977000 latest_measured_support=0 through=1786279243834300000 projected=0 support=0 contradiction=0 reliable=602 reliable_in_view=0 reliable_seen_through=0 absence_llr=2.24525 absent_samples=0 total_samples=23669 absence_coverage_sufficient=0
998,STATE_SLICE,STATE_SLICE inst=6 stamp=1786279243834300000 inherited_sup=0 inherited_con=0 inherited_samples=23669 inherited_supported=0 inherited_free=0 inherited_repl_other=0 inherited_repl_bg=0 inherited_occ=0 inherited_unobs=23669 session_sup=0 session_con=0 session_samples=0 cur_verts=71007 candidate_verts=0
999,EVIDENCE,EVIDENCE inst=6 inherited_support=0 inherited_contradiction=0 session_support=0 session_contradiction=0 inherited_absent_flag=0 cur_verts=71007 observed_verts=0
1000,STATE_EVIDENCE_WINDOW,STATE_EVIDENCE_WINDOW inst=7 after=1786279241734300000 latest_measured_support=1786279243834300000 through=1786279243834300000 projected=1 support=46 contradiction=208 reliable=78 reliable_in_view=52 reliable_seen_through=17 absence_llr=0.0680023 absent_samples=46 total_samples=64 absence_coverage_sufficient=0
1001,STATE_SLICE,STATE_SLICE inst=7 stamp=1786279243834300000 inherited_sup=46 inherited_con=208 inherited_samples=64 inherited_supported=46 inherited_free=6 inherited_repl_other=38 inherited_repl_bg=164 inherited_occ=17 inherited_unobs=0 session_sup=0 session_con=0 session_samples=0 cur_verts=1446 candidate_verts=0
1002,EVIDENCE,EVIDENCE inst=7 inherited_support=46 inherited_contradiction=208 session_support=0 session_contradiction=0 inherited_absent_flag=0 cur_verts=1446 observed_verts=0
1003,MOBILITY_PRIOR,MOBILITY_PRIOR inst=7 session=0 class=74 changes=0 continuations=0 alpha=0.272727 beta=1.72727 q=0.136364
1004,MOBILITY_PRIOR,MOBILITY_PRIOR inst=7 session=0 class=74 changes=0 continuations=0 alpha=0.272727 beta=1.72727 q=0.136364
1005,TOP_ABSORB,TOP_ABSORB inst=7 geom=0 support=46 high_mobility=0 absorb=1
1006,STATE_EVIDENCE_WINDOW,STATE_EVIDENCE_WINDOW inst=10 after=1786279232900966000 latest_measured_support=0 through=1786279243834300000 projected=1 support=0 contradiction=570 reliable=486 reliable_in_view=93 reliable_seen_through=5 absence_llr=0.106648 absent_samples=95 total_samples=371 absence_coverage_sufficient=0
1007,STATE_SLICE,STATE_SLICE inst=10 stamp=1786279243834300000 inherited_sup=0 inherited_con=570 inherited_samples=371 inherited_supported=0 inherited_free=7 inherited_repl_other=53 inherited_repl_bg=514 inherited_occ=61 inherited_unobs=211 session_sup=0 session_con=0 session_samples=0 cur_verts=16446 candidate_verts=0
1008,EVIDENCE,EVIDENCE inst=10 inherited_support=0 inherited_contradiction=570 session_support=0 session_contradiction=0 inherited_absent_flag=0 cur_verts=16446 observed_verts=0
1009,STATE_EVIDENCE_WINDOW,STATE_EVIDENCE_WINDOW inst=11 after=1786279226800977000 latest_measured_support=0 through=1786279243834300000 projected=0 support=0 contradiction=0 reliable=1060 reliable_in_view=0 reliable_seen_through=0 absence_llr=0.00339523 absent_samples=0 total_samples=8794 absence_coverage_sufficient=0
1010,STATE_SLICE,STATE_SLICE inst=11 stamp=1786279243834300000 inherited_sup=0 inherited_con=0 inherited_samples=8794 inherited_supported=0 inherited_free=0 inherited_repl_other=0 inherited_repl_bg=0 inherited_occ=0 inherited_unobs=8794 session_sup=0 session_con=0 session_samples=0 cur_verts=26382 candidate_verts=0
1011,EVIDENCE,EVIDENCE inst=11 inherited_support=0 inherited_contradiction=0 session_support=0 session_contradiction=0 inherited_absent_flag=0 cur_verts=26382 observed_verts=0
1012,STATE_EVIDENCE_WINDOW,STATE_EVIDENCE_WINDOW inst=13 after=1786279225167633000 latest_measured_support=0 through=1786279243834300000 projected=1 support=0 contradiction=14 reliable=352 reliable_in_view=0 reliable_seen_through=0 absence_llr=0 absent_samples=10 total_samples=255 absence_coverage_sufficient=0
1013,STATE_SLICE,STATE_SLICE inst=13 stamp=1786279243834300000 inherited_sup=0 inherited_con=14 inherited_samples=255 inherited_supported=0 inherited_free=0 inherited_repl_other=0 inherited_repl_bg=14 inherited_occ=16 inherited_unobs=142 session_sup=0 session_con=0 session_samples=0 cur_verts=9204 candidate_verts=0
1014,EVIDENCE,EVIDENCE inst=13 inherited_support=0 inherited_contradiction=14 session_support=0 session_contradiction=0 inherited_absent_flag=0 cur_verts=9204 observed_verts=0
1015,STATE_EVIDENCE_WINDOW,STATE_EVIDENCE_WINDOW inst=14 after=1786279236367666000 latest_measured_support=0 through=1786279243834300000 projected=0 support=0 contradiction=0 reliable=132 reliable_in_view=0 reliable_seen_through=0 absence_llr=0.789442 absent_samples=0 total_samples=2784 absence_coverage_sufficient=0
1016,STATE_SLICE,STATE_SLICE inst=14 stamp=1786279243834300000 inherited_sup=0 inherited_con=0 inherited_samples=2784 inherited_supported=0 inherited_free=0 inherited_repl_other=0 inherited_repl_bg=0 inherited_occ=0 inherited_unobs=2784 session_sup=0 session_con=0 session_samples=0 cur_verts=8352 candidate_verts=0
1017,EVIDENCE,EVIDENCE inst=14 inherited_support=0 inherited_contradiction=0 session_support=0 session_contradiction=0 inherited_absent_flag=0 cur_verts=8352 observed_verts=0
1018,STATE_EVIDENCE_WINDOW,STATE_EVIDENCE_WINDOW inst=16 after=1786279234067633000 latest_measured_support=0 through=1786279243834300000 projected=0 support=0 contradiction=0 reliable=489 reliable_in_view=0 reliable_seen_through=0 absence_llr=0 absent_samples=0 total_samples=4406 absence_coverage_sufficient=0
1019,STATE_SLICE,STATE_SLICE inst=16 stamp=1786279243834300000 inherited_sup=0 inherited_con=0 inherited_samples=4406 inherited_supported=0 inherited_free=0 inherited_repl_other=0 inherited_repl_bg=0 inherited_occ=0 inherited_unobs=4406 session_sup=0 session_con=0 session_samples=0 cur_verts=13218 candidate_verts=0
1020,EVIDENCE,EVIDENCE inst=16 inherited_support=0 inherited_contradiction=0 session_support=0 session_contradiction=0 inherited_absent_flag=0 cur_verts=13218 observed_verts=0
1021,STATE_EVIDENCE_WINDOW,STATE_EVIDENCE_WINDOW inst=17 after=1786279239167644000 latest_measured_support=0 through=1786279243834300000 projected=1 support=0 contradiction=19 reliable=650 reliable_in_view=0 reliable_seen_through=0 absence_llr=0 absent_samples=10 total_samples=280 absence_coverage_sufficient=0
1022,STATE_SLICE,STATE_SLICE inst=17 stamp=1786279243834300000 inherited_sup=0 inherited_con=19 inherited_samples=280 inherited_supported=0 inherited_free=0 inherited_repl_other=0 inherited_repl_bg=19 inherited_occ=0 inherited_unobs=269 session_sup=0 session_con=0 session_samples=0 cur_verts=16443 candidate_verts=0
1023,EVIDENCE,EVIDENCE inst=17 inherited_support=0 inherited_contradiction=19 session_support=0 session_contradiction=0 inherited_absent_flag=0 cur_verts=16443 observed_verts=0
1024,STATE_EVIDENCE_WINDOW,STATE_EVIDENCE_WINDOW inst=18 after=1786279224667644000 latest_measured_support=0 through=1786279243834300000 projected=0 support=0 contradiction=0 reliable=485 reliable_in_view=0 reliable_seen_through=0 absence_llr=0 absent_samples=0 total_samples=4475 absence_coverage_sufficient=0
1025,STATE_SLICE,STATE_SLICE inst=18 stamp=1786279243834300000 inherited_sup=0 inherited_con=0 inherited_samples=4475 inherited_supported=0 inherited_free=0 inherited_repl_other=0 inherited_repl_bg=0 inherited_occ=0 inherited_unobs=4475 session_sup=0 session_con=0 session_samples=0 cur_verts=13425 candidate_verts=0
1026,EVIDENCE,EVIDENCE inst=18 inherited_support=0 inherited_contradiction=0 session_support=0 session_contradiction=0 inherited_absent_flag=0 cur_verts=13425 observed_verts=0
1027,STATE_EVIDENCE_WINDOW,STATE_EVIDENCE_WINDOW inst=19 after=1786279222500966000 latest_measured_support=0 through=1786279243834300000 projected=0 support=0 contradiction=0 reliable=406 reliable_in_view=0 reliable_seen_through=0 absence_llr=0 absent_samples=0 total_samples=4066 absence_coverage_sufficient=0
1028,STATE_SLICE,STATE_SLICE inst=19 stamp=1786279243834300000 inherited_sup=0 inherited_con=0 inherited_samples=4066 inherited_supported=0 inherited_free=0 inherited_repl_other=0 inherited_repl_bg=0 inherited_occ=0 inherited_unobs=4066 session_sup=0 session_con=0 session_samples=0 cur_verts=12198 candidate_verts=0
1029,EVIDENCE,EVIDENCE inst=19 inherited_support=0 inherited_contradiction=0 session_support=0 session_contradiction=0 inherited_absent_flag=0 cur_verts=12198 observed_verts=0
1030,INGEST,INGEST inst=6 first=1786279236s seg_verts=14172 cur_verts=71007 observed_verts=0
1031,INGEST_DECIDE,INGEST_DECIDE inst=6 same_session_overlap=1 contradicted=0
1032,INGEST,INGEST inst=17 first=1786279238s seg_verts=687 cur_verts=16443 observed_verts=0
1033,INGEST_DECIDE,INGEST_DECIDE inst=17 same_session_overlap=1 contradicted=0
1035,STATE_EVIDENCE_WINDOW,STATE_EVIDENCE_WINDOW inst=3 after=1786279243834300000 latest_measured_support=1786279245967644000 through=1786279245967644000 projected=1 support=363 contradiction=101 reliable=144 reliable_in_view=119 reliable_seen_through=23 absence_llr=0.692417 absent_samples=29 total_samples=131 absence_coverage_sufficient=0
1036,STATE_SLICE,STATE_SLICE inst=3 stamp=1786279245967644000 inherited_sup=363 inherited_con=101 inherited_samples=131 inherited_supported=366 inherited_free=8 inherited_repl_other=66 inherited_repl_bg=27 inherited_occ=28 inherited_unobs=0 session_sup=0 session_con=0 session_samples=0 cur_verts=2559 candidate_verts=0
1037,EVIDENCE,EVIDENCE inst=3 inherited_support=363 inherited_contradiction=101 session_support=0 session_contradiction=0 inherited_absent_flag=0 cur_verts=2559 observed_verts=0
1038,MOBILITY_PRIOR,MOBILITY_PRIOR inst=3 session=0 class=15 changes=0 continuations=0 alpha=0.25 beta=1.75 q=0.125
1039,MOBILITY_PRIOR,MOBILITY_PRIOR inst=3 session=0 class=15 changes=0 continuations=0 alpha=0.25 beta=1.75 q=0.125
1040,TOP_ABSORB,TOP_ABSORB inst=3 geom=0 support=363 high_mobility=0 absorb=1
1041,STATE_EVIDENCE_WINDOW,STATE_EVIDENCE_WINDOW inst=6 after=1786279238500966000 latest_measured_support=0 through=1786279245967644000 projected=0 support=0 contradiction=0 reliable=214 reliable_in_view=0 reliable_seen_through=0 absence_llr=2.24525 absent_samples=0 total_samples=28393 absence_coverage_sufficient=0
1042,STATE_SLICE,STATE_SLICE inst=6 stamp=1786279245967644000 inherited_sup=0 inherited_con=0 inherited_samples=28393 inherited_supported=0 inherited_free=0 inherited_repl_other=0 inherited_repl_bg=0 inherited_occ=0 inherited_unobs=28393 session_sup=0 session_con=0 session_samples=0 cur_verts=85179 candidate_verts=0
1043,EVIDENCE,EVIDENCE inst=6 inherited_support=0 inherited_contradiction=0 session_support=0 session_contradiction=0 inherited_absent_flag=0 cur_verts=85179 observed_verts=0
1044,STATE_EVIDENCE_WINDOW,STATE_EVIDENCE_WINDOW inst=7 after=1786279243834300000 latest_measured_support=1786279245967644000 through=1786279245967644000 projected=1 support=50 contradiction=200 reliable=78 reliable_in_view=58 reliable_seen_through=24 absence_llr=0.0680023 absent_samples=44 total_samples=64 absence_coverage_sufficient=0
1045,STATE_SLICE,STATE_SLICE inst=7 stamp=1786279245967644000 inherited_sup=50 inherited_con=200 inherited_samples=64 inherited_supported=50 inherited_free=11 inherited_repl_other=33 inherited_repl_bg=156 inherited_occ=15 inherited_unobs=0 session_sup=0 session_con=0 session_samples=0 cur_verts=1446 candidate_verts=0
1046,EVIDENCE,EVIDENCE inst=7 inherited_support=50 inherited_contradiction=200 session_support=0 session_contradiction=0 inherited_absent_flag=0 cur_verts=1446 observed_verts=0
1047,MOBILITY_PRIOR,MOBILITY_PRIOR inst=7 session=0 class=74 changes=0 continuations=0 alpha=0.25 beta=1.75 q=0.125
1048,MOBILITY_PRIOR,MOBILITY_PRIOR inst=7 session=0 class=74 changes=0 continuations=0 alpha=0.25 beta=1.75 q=0.125
1049,TOP_ABSORB,TOP_ABSORB inst=7 geom=0 support=50 high_mobility=0 absorb=1
1050,STATE_EVIDENCE_WINDOW,STATE_EVIDENCE_WINDOW inst=10 after=1786279232900966000 latest_measured_support=1786279245967644000 through=1786279245967644000 projected=1 support=9 contradiction=903 reliable=486 reliable_in_view=107 reliable_seen_through=15 absence_llr=0.0613766 absent_samples=95 total_samples=371 absence_coverage_sufficient=0
1051,STATE_SLICE,STATE_SLICE inst=10 stamp=1786279245967644000 inherited_sup=9 inherited_con=903 inherited_samples=371 inherited_supported=9 inherited_free=12 inherited_repl_other=78 inherited_repl_bg=817 inherited_occ=86 inherited_unobs=180 session_sup=0 session_con=0 session_samples=0 cur_verts=16446 candidate_verts=0
1052,EVIDENCE,EVIDENCE inst=10 inherited_support=9 inherited_contradiction=903 session_support=0 session_contradiction=0 inherited_absent_flag=0 cur_verts=16446 observed_verts=0
1053,MOBILITY_PRIOR,MOBILITY_PRIOR inst=10 session=0 class=75 changes=0 continuations=1 alpha=0.272727 beta=1.72727 q=0.0909091
1054,MOBILITY_PRIOR,MOBILITY_PRIOR inst=10 session=0 class=75 changes=0 continuations=1 alpha=0.272727 beta=1.72727 q=0.0909091
1055,TOP_ABSORB,TOP_ABSORB inst=10 geom=0 support=9 high_mobility=0 absorb=1
1056,STATE_EVIDENCE_WINDOW,STATE_EVIDENCE_WINDOW inst=11 after=1786279226800977000 latest_measured_support=0 through=1786279245967644000 projected=0 support=0 contradiction=0 reliable=1060 reliable_in_view=0 reliable_seen_through=0 absence_llr=0.00339523 absent_samples=0 total_samples=8794 absence_coverage_sufficient=0
1057,STATE_SLICE,STATE_SLICE inst=11 stamp=1786279245967644000 inherited_sup=0 inherited_con=0 inherited_samples=8794 inherited_supported=0 inherited_free=0 inherited_repl_other=0 inherited_repl_bg=0 inherited_occ=0 inherited_unobs=8794 session_sup=0 session_con=0 session_samples=0 cur_verts=26382 candidate_verts=0
1058,EVIDENCE,EVIDENCE inst=11 inherited_support=0 inherited_contradiction=0 session_support=0 session_contradiction=0 inherited_absent_flag=0 cur_verts=26382 observed_verts=0
1059,STATE_EVIDENCE_WINDOW,STATE_EVIDENCE_WINDOW inst=13 after=1786279225167633000 latest_measured_support=0 through=1786279245967644000 projected=1 support=0 contradiction=14 reliable=352 reliable_in_view=0 reliable_seen_through=0 absence_llr=0 absent_samples=10 total_samples=255 absence_coverage_sufficient=0
1060,STATE_SLICE,STATE_SLICE inst=13 stamp=1786279245967644000 inherited_sup=0 inherited_con=14 inherited_samples=255 inherited_supported=0 inherited_free=0 inherited_repl_other=0 inherited_repl_bg=14 inherited_occ=16 inherited_unobs=142 session_sup=0 session_con=0 session_samples=0 cur_verts=9204 candidate_verts=0
1061,EVIDENCE,EVIDENCE inst=13 inherited_support=0 inherited_contradiction=14 session_support=0 session_contradiction=0 inherited_absent_flag=0 cur_verts=9204 observed_verts=0
1062,STATE_EVIDENCE_WINDOW,STATE_EVIDENCE_WINDOW inst=14 after=1786279236367666000 latest_measured_support=0 through=1786279245967644000 projected=0 support=0 contradiction=0 reliable=132 reliable_in_view=0 reliable_seen_through=0 absence_llr=0.789442 absent_samples=0 total_samples=2784 absence_coverage_sufficient=0
1063,STATE_SLICE,STATE_SLICE inst=14 stamp=1786279245967644000 inherited_sup=0 inherited_con=0 inherited_samples=2784 inherited_supported=0 inherited_free=0 inherited_repl_other=0 inherited_repl_bg=0 inherited_occ=0 inherited_unobs=2784 session_sup=0 session_con=0 session_samples=0 cur_verts=8352 candidate_verts=0
1064,EVIDENCE,EVIDENCE inst=14 inherited_support=0 inherited_contradiction=0 session_support=0 session_contradiction=0 inherited_absent_flag=0 cur_verts=8352 observed_verts=0
1065,STATE_EVIDENCE_WINDOW,STATE_EVIDENCE_WINDOW inst=16 after=1786279234067633000 latest_measured_support=0 through=1786279245967644000 projected=0 support=0 contradiction=0 reliable=489 reliable_in_view=0 reliable_seen_through=0 absence_llr=0 absent_samples=0 total_samples=4406 absence_coverage_sufficient=0
1066,STATE_SLICE,STATE_SLICE inst=16 stamp=1786279245967644000 inherited_sup=0 inherited_con=0 inherited_samples=4406 inherited_supported=0 inherited_free=0 inherited_repl_other=0 inherited_repl_bg=0 inherited_occ=0 inherited_unobs=4406 session_sup=0 session_con=0 session_samples=0 cur_verts=13218 candidate_verts=0
1067,EVIDENCE,EVIDENCE inst=16 inherited_support=0 inherited_contradiction=0 session_support=0 session_contradiction=0 inherited_absent_flag=0 cur_verts=13218 observed_verts=0
1068,STATE_EVIDENCE_WINDOW,STATE_EVIDENCE_WINDOW inst=17 after=1786279239934311000 latest_measured_support=0 through=1786279245967644000 projected=1 support=0 contradiction=14 reliable=650 reliable_in_view=0 reliable_seen_through=0 absence_llr=0 absent_samples=14 total_samples=314 absence_coverage_sufficient=0
1069,STATE_SLICE,STATE_SLICE inst=17 stamp=1786279245967644000 inherited_sup=0 inherited_con=14 inherited_samples=314 inherited_supported=0 inherited_free=0 inherited_repl_other=0 inherited_repl_bg=14 inherited_occ=2 inherited_unobs=296 session_sup=0 session_con=0 session_samples=0 cur_verts=17130 candidate_verts=0
1070,EVIDENCE,EVIDENCE inst=17 inherited_support=0 inherited_contradiction=14 session_support=0 session_contradiction=0 inherited_absent_flag=0 cur_verts=17130 observed_verts=0
1071,STATE_EVIDENCE_WINDOW,STATE_EVIDENCE_WINDOW inst=18 after=1786279224667644000 latest_measured_support=0 through=1786279245967644000 projected=0 support=0 contradiction=0 reliable=485 reliable_in_view=0 reliable_seen_through=0 absence_llr=0 absent_samples=0 total_samples=4475 absence_coverage_sufficient=0
1072,STATE_SLICE,STATE_SLICE inst=18 stamp=1786279245967644000 inherited_sup=0 inherited_con=0 inherited_samples=4475 inherited_supported=0 inherited_free=0 inherited_repl_other=0 inherited_repl_bg=0 inherited_occ=0 inherited_unobs=4475 session_sup=0 session_con=0 session_samples=0 cur_verts=13425 candidate_verts=0
1073,EVIDENCE,EVIDENCE inst=18 inherited_support=0 inherited_contradiction=0 session_support=0 session_contradiction=0 inherited_absent_flag=0 cur_verts=13425 observed_verts=0
1074,STATE_EVIDENCE_WINDOW,STATE_EVIDENCE_WINDOW inst=19 after=1786279222500966000 latest_measured_support=0 through=1786279245967644000 projected=0 support=0 contradiction=0 reliable=406 reliable_in_view=0 reliable_seen_through=0 absence_llr=0 absent_samples=0 total_samples=4066 absence_coverage_sufficient=0
1075,STATE_SLICE,STATE_SLICE inst=19 stamp=1786279245967644000 inherited_sup=0 inherited_con=0 inherited_samples=4066 inherited_supported=0 inherited_free=0 inherited_repl_other=0 inherited_repl_bg=0 inherited_occ=0 inherited_unobs=4066 session_sup=0 session_con=0 session_samples=0 cur_verts=12198 candidate_verts=0
1076,EVIDENCE,EVIDENCE inst=19 inherited_support=0 inherited_contradiction=0 session_support=0 session_contradiction=0 inherited_absent_flag=0 cur_verts=12198 observed_verts=0
1082,STATE_EVIDENCE_WINDOW,STATE_EVIDENCE_WINDOW inst=3 after=1786279245967644000 latest_measured_support=1786279247667644000 through=1786279248100977000 projected=1 support=92 contradiction=8 reliable=117 reliable_in_view=58 reliable_seen_through=5 absence_llr=0.682088 absent_samples=3 total_samples=131 absence_coverage_sufficient=0
1083,STATE_SLICE,STATE_SLICE inst=3 stamp=1786279248100977000 inherited_sup=92 inherited_con=8 inherited_samples=131 inherited_supported=92 inherited_free=1 inherited_repl_other=1 inherited_repl_bg=6 inherited_occ=53 inherited_unobs=36 session_sup=0 session_con=0 session_samples=0 cur_verts=2559 candidate_verts=0
1084,EVIDENCE,EVIDENCE inst=3 inherited_support=92 inherited_contradiction=8 session_support=0 session_contradiction=0 inherited_absent_flag=0 cur_verts=2559 observed_verts=0
1085,MOBILITY_PRIOR,MOBILITY_PRIOR inst=3 session=0 class=15 changes=0 continuations=0 alpha=0.25 beta=1.75 q=0.125
1086,MOBILITY_PRIOR,MOBILITY_PRIOR inst=3 session=0 class=15 changes=0 continuations=0 alpha=0.25 beta=1.75 q=0.125
1087,TOP_ABSORB,TOP_ABSORB inst=3 geom=0 support=92 high_mobility=0 absorb=1
1089,STATE_EVIDENCE_WINDOW,STATE_EVIDENCE_WINDOW inst=6 after=1786279238500966000 latest_measured_support=0 through=1786279248100977000 projected=0 support=0 contradiction=0 reliable=214 reliable_in_view=0 reliable_seen_through=0 absence_llr=2.24525 absent_samples=0 total_samples=28393 absence_coverage_sufficient=0
1090,STATE_SLICE,STATE_SLICE inst=6 stamp=1786279248100977000 inherited_sup=0 inherited_con=0 inherited_samples=28393 inherited_supported=0 inherited_free=0 inherited_repl_other=0 inherited_repl_bg=0 inherited_occ=0 inherited_unobs=28393 session_sup=0 session_con=0 session_samples=0 cur_verts=85179 candidate_verts=0
1091,EVIDENCE,EVIDENCE inst=6 inherited_support=0 inherited_contradiction=0 session_support=0 session_contradiction=0 inherited_absent_flag=0 cur_verts=85179 observed_verts=0
1092,STATE_EVIDENCE_WINDOW,STATE_EVIDENCE_WINDOW inst=7 after=1786279245967644000 latest_measured_support=1786279248100977000 through=1786279248100977000 projected=1 support=46 contradiction=16 reliable=92 reliable_in_view=18 reliable_seen_through=5 absence_llr=0.0680023 absent_samples=10 total_samples=64 absence_coverage_sufficient=0
1093,STATE_SLICE,STATE_SLICE inst=7 stamp=1786279248100977000 inherited_sup=46 inherited_con=16 inherited_samples=64 inherited_supported=46 inherited_free=1 inherited_repl_other=5 inherited_repl_bg=11 inherited_occ=3 inherited_unobs=12 session_sup=0 session_con=0 session_samples=0 cur_verts=1446 candidate_verts=0
1094,EVIDENCE,EVIDENCE inst=7 inherited_support=46 inherited_contradiction=16 session_support=0 session_contradiction=0 inherited_absent_flag=0 cur_verts=1446 observed_verts=0
1095,MOBILITY_PRIOR,MOBILITY_PRIOR inst=7 session=0 class=74 changes=0 continuations=0 alpha=0.25 beta=1.75 q=0.125
1096,MOBILITY_PRIOR,MOBILITY_PRIOR inst=7 session=0 class=74 changes=0 continuations=0 alpha=0.25 beta=1.75 q=0.125
1097,TOP_ABSORB,TOP_ABSORB inst=7 geom=0 support=46 high_mobility=0 absorb=1
1098,STATE_EVIDENCE_WINDOW,STATE_EVIDENCE_WINDOW inst=10 after=1786279245967644000 latest_measured_support=1786279248100977000 through=1786279248100977000 projected=1 support=117 contradiction=83 reliable=492 reliable_in_view=148 reliable_seen_through=39 absence_llr=0 absent_samples=66 total_samples=371 absence_coverage_sufficient=0
1099,STATE_SLICE,STATE_SLICE inst=10 stamp=1786279248100977000 inherited_sup=117 inherited_con=83 inherited_samples=371 inherited_supported=117 inherited_free=3 inherited_repl_other=13 inherited_repl_bg=67 inherited_occ=2 inherited_unobs=257 session_sup=0 session_con=0 session_samples=0 cur_verts=16446 candidate_verts=0
1100,EVIDENCE,EVIDENCE inst=10 inherited_support=117 inherited_contradiction=83 session_support=0 session_contradiction=0 inherited_absent_flag=0 cur_verts=16446 observed_verts=0
1101,MOBILITY_PRIOR,MOBILITY_PRIOR inst=10 session=0 class=75 changes=0 continuations=1 alpha=0.272727 beta=1.72727 q=0.0909091
1102,MOBILITY_PRIOR,MOBILITY_PRIOR inst=10 session=0 class=75 changes=0 continuations=1 alpha=0.272727 beta=1.72727 q=0.0909091
1103,TOP_ABSORB,TOP_ABSORB inst=10 geom=0 support=117 high_mobility=0 absorb=1
1104,STATE_EVIDENCE_WINDOW,STATE_EVIDENCE_WINDOW inst=11 after=1786279226800977000 latest_measured_support=0 through=1786279248100977000 projected=0 support=0 contradiction=0 reliable=1060 reliable_in_view=0 reliable_seen_through=0 absence_llr=0.00339523 absent_samples=0 total_samples=8794 absence_coverage_sufficient=0
1105,STATE_SLICE,STATE_SLICE inst=11 stamp=1786279248100977000 inherited_sup=0 inherited_con=0 inherited_samples=8794 inherited_supported=0 inherited_free=0 inherited_repl_other=0 inherited_repl_bg=0 inherited_occ=0 inherited_unobs=8794 session_sup=0 session_con=0 session_samples=0 cur_verts=26382 candidate_verts=0
1106,EVIDENCE,EVIDENCE inst=11 inherited_support=0 inherited_contradiction=0 session_support=0 session_contradiction=0 inherited_absent_flag=0 cur_verts=26382 observed_verts=0
1107,STATE_EVIDENCE_WINDOW,STATE_EVIDENCE_WINDOW inst=13 after=1786279225167633000 latest_measured_support=0 through=1786279248100977000 projected=1 support=0 contradiction=14 reliable=352 reliable_in_view=0 reliable_seen_through=0 absence_llr=0 absent_samples=10 total_samples=255 absence_coverage_sufficient=0
1108,STATE_SLICE,STATE_SLICE inst=13 stamp=1786279248100977000 inherited_sup=0 inherited_con=14 inherited_samples=255 inherited_supported=0 inherited_free=0 inherited_repl_other=0 inherited_repl_bg=14 inherited_occ=16 inherited_unobs=142 session_sup=0 session_con=0 session_samples=0 cur_verts=9204 candidate_verts=0
1109,EVIDENCE,EVIDENCE inst=13 inherited_support=0 inherited_contradiction=14 session_support=0 session_contradiction=0 inherited_absent_flag=0 cur_verts=9204 observed_verts=0
1110,STATE_EVIDENCE_WINDOW,STATE_EVIDENCE_WINDOW inst=14 after=1786279236367666000 latest_measured_support=0 through=1786279248100977000 projected=0 support=0 contradiction=0 reliable=132 reliable_in_view=0 reliable_seen_through=0 absence_llr=0.789442 absent_samples=0 total_samples=2784 absence_coverage_sufficient=0
1111,STATE_SLICE,STATE_SLICE inst=14 stamp=1786279248100977000 inherited_sup=0 inherited_con=0 inherited_samples=2784 inherited_supported=0 inherited_free=0 inherited_repl_other=0 inherited_repl_bg=0 inherited_occ=0 inherited_unobs=2784 session_sup=0 session_con=0 session_samples=0 cur_verts=8352 candidate_verts=0
1112,EVIDENCE,EVIDENCE inst=14 inherited_support=0 inherited_contradiction=0 session_support=0 session_contradiction=0 inherited_absent_flag=0 cur_verts=8352 observed_verts=0
1113,STATE_EVIDENCE_WINDOW,STATE_EVIDENCE_WINDOW inst=16 after=1786279234067633000 latest_measured_support=0 through=1786279248100977000 projected=0 support=0 contradiction=0 reliable=489 reliable_in_view=0 reliable_seen_through=0 absence_llr=0 absent_samples=0 total_samples=4406 absence_coverage_sufficient=0
1114,STATE_SLICE,STATE_SLICE inst=16 stamp=1786279248100977000 inherited_sup=0 inherited_con=0 inherited_samples=4406 inherited_supported=0 inherited_free=0 inherited_repl_other=0 inherited_repl_bg=0 inherited_occ=0 inherited_unobs=4406 session_sup=0 session_con=0 session_samples=0 cur_verts=13218 candidate_verts=0
1115,EVIDENCE,EVIDENCE inst=16 inherited_support=0 inherited_contradiction=0 session_support=0 session_contradiction=0 inherited_absent_flag=0 cur_verts=13218 observed_verts=0
1116,STATE_EVIDENCE_WINDOW,STATE_EVIDENCE_WINDOW inst=17 after=1786279239934311000 latest_measured_support=0 through=1786279248100977000 projected=1 support=0 contradiction=14 reliable=650 reliable_in_view=0 reliable_seen_through=0 absence_llr=0 absent_samples=14 total_samples=314 absence_coverage_sufficient=0
1117,STATE_SLICE,STATE_SLICE inst=17 stamp=1786279248100977000 inherited_sup=0 inherited_con=14 inherited_samples=314 inherited_supported=0 inherited_free=0 inherited_repl_other=0 inherited_repl_bg=14 inherited_occ=2 inherited_unobs=296 session_sup=0 session_con=0 session_samples=0 cur_verts=17130 candidate_verts=0
1118,EVIDENCE,EVIDENCE inst=17 inherited_support=0 inherited_contradiction=14 session_support=0 session_contradiction=0 inherited_absent_flag=0 cur_verts=17130 observed_verts=0
1119,STATE_EVIDENCE_WINDOW,STATE_EVIDENCE_WINDOW inst=18 after=1786279224667644000 latest_measured_support=0 through=1786279248100977000 projected=0 support=0 contradiction=0 reliable=485 reliable_in_view=0 reliable_seen_through=0 absence_llr=0 absent_samples=0 total_samples=4475 absence_coverage_sufficient=0
1120,STATE_SLICE,STATE_SLICE inst=18 stamp=1786279248100977000 inherited_sup=0 inherited_con=0 inherited_samples=4475 inherited_supported=0 inherited_free=0 inherited_repl_other=0 inherited_repl_bg=0 inherited_occ=0 inherited_unobs=4475 session_sup=0 session_con=0 session_samples=0 cur_verts=13425 candidate_verts=0
1121,EVIDENCE,EVIDENCE inst=18 inherited_support=0 inherited_contradiction=0 session_support=0 session_contradiction=0 inherited_absent_flag=0 cur_verts=13425 observed_verts=0
1122,STATE_EVIDENCE_WINDOW,STATE_EVIDENCE_WINDOW inst=19 after=1786279222500966000 latest_measured_support=0 through=1786279248100977000 projected=0 support=0 contradiction=0 reliable=406 reliable_in_view=0 reliable_seen_through=0 absence_llr=0 absent_samples=0 total_samples=4066 absence_coverage_sufficient=0
1123,STATE_SLICE,STATE_SLICE inst=19 stamp=1786279248100977000 inherited_sup=0 inherited_con=0 inherited_samples=4066 inherited_supported=0 inherited_free=0 inherited_repl_other=0 inherited_repl_bg=0 inherited_occ=0 inherited_unobs=4066 session_sup=0 session_con=0 session_samples=0 cur_verts=12198 candidate_verts=0
1124,EVIDENCE,EVIDENCE inst=19 inherited_support=0 inherited_contradiction=0 session_support=0 session_contradiction=0 inherited_absent_flag=0 cur_verts=12198 observed_verts=0
1125,OBJECT_EXTRACTION_INPUT,OBJECT_EXTRACTION_INPUT inst=5 first=1786279238634311000 last=1786279246134300000 observations=226 dynamic=0 motion_history=0 last_motion=0 displacement=0 static_fallback=0
1126,STATIC_SURFACE_FRAMES,STATIC_SURFACE_FRAMES inst=5 candidates=67 selected=67 first=1786279239467633000 last=1786279246067633000
1127,OBJECT_EXTRACTION_INPUT,OBJECT_EXTRACTION_INPUT inst=3 first=1786279239067644000 last=1786279249767655000 observations=309 dynamic=0 motion_history=0 last_motion=0 displacement=0 static_fallback=0
1128,STATIC_SURFACE_FRAMES,STATIC_SURFACE_FRAMES inst=3 candidates=97 selected=97 first=1786279239867644000 last=1786279249767655000
1138,STATE_EVIDENCE_WINDOW,STATE_EVIDENCE_WINDOW inst=3 after=1786279247667644000 latest_measured_support=0 through=1786279250200977000 projected=1 support=0 contradiction=1 reliable=113 reliable_in_view=0 reliable_seen_through=0 absence_llr=0.682088 absent_samples=1 total_samples=131 absence_coverage_sufficient=0
1139,STATE_SLICE,STATE_SLICE inst=3 stamp=1786279250200977000 inherited_sup=0 inherited_con=1 inherited_samples=131 inherited_supported=0 inherited_free=0 inherited_repl_other=0 inherited_repl_bg=1 inherited_occ=19 inherited_unobs=106 session_sup=0 session_con=0 session_samples=0 cur_verts=2559 candidate_verts=0
1140,EVIDENCE,EVIDENCE inst=3 inherited_support=0 inherited_contradiction=1 session_support=0 session_contradiction=0 inherited_absent_flag=0 cur_verts=2559 observed_verts=0
1141,STATE_EVIDENCE_WINDOW,STATE_EVIDENCE_WINDOW inst=6 after=1786279238500966000 latest_measured_support=0 through=1786279250200977000 projected=0 support=0 contradiction=0 reliable=214 reliable_in_view=0 reliable_seen_through=0 absence_llr=2.24525 absent_samples=0 total_samples=28393 absence_coverage_sufficient=0
1142,STATE_SLICE,STATE_SLICE inst=6 stamp=1786279250200977000 inherited_sup=0 inherited_con=0 inherited_samples=28393 inherited_supported=0 inherited_free=0 inherited_repl_other=0 inherited_repl_bg=0 inherited_occ=0 inherited_unobs=28393 session_sup=0 session_con=0 session_samples=0 cur_verts=85179 candidate_verts=0
1143,EVIDENCE,EVIDENCE inst=6 inherited_support=0 inherited_contradiction=0 session_support=0 session_contradiction=0 inherited_absent_flag=0 cur_verts=85179 observed_verts=0
1144,STATE_EVIDENCE_WINDOW,STATE_EVIDENCE_WINDOW inst=7 after=1786279248100977000 latest_measured_support=0 through=1786279250200977000 projected=0 support=0 contradiction=0 reliable=87 reliable_in_view=0 reliable_seen_through=0 absence_llr=0.0680023 absent_samples=0 total_samples=482 absence_coverage_sufficient=0
1145,STATE_SLICE,STATE_SLICE inst=7 stamp=1786279250200977000 inherited_sup=0 inherited_con=0 inherited_samples=482 inherited_supported=0 inherited_free=0 inherited_repl_other=0 inherited_repl_bg=0 inherited_occ=0 inherited_unobs=482 session_sup=0 session_con=0 session_samples=0 cur_verts=1446 candidate_verts=0
1146,EVIDENCE,EVIDENCE inst=7 inherited_support=0 inherited_contradiction=0 session_support=0 session_contradiction=0 inherited_absent_flag=0 cur_verts=1446 observed_verts=0
1147,STATE_EVIDENCE_WINDOW,STATE_EVIDENCE_WINDOW inst=10 after=1786279248100977000 latest_measured_support=1786279248934311000 through=1786279250200977000 projected=1 support=16 contradiction=4 reliable=471 reliable_in_view=16 reliable_seen_through=6 absence_llr=0 absent_samples=2 total_samples=371 absence_coverage_sufficient=0
1148,STATE_SLICE,STATE_SLICE inst=10 stamp=1786279250200977000 inherited_sup=16 inherited_con=4 inherited_samples=371 inherited_supported=16 inherited_free=4 inherited_repl_other=0 inherited_repl_bg=0 inherited_occ=0 inherited_unobs=337 session_sup=0 session_con=0 session_samples=0 cur_verts=16446 candidate_verts=0
1149,EVIDENCE,EVIDENCE inst=10 inherited_support=16 inherited_contradiction=4 session_support=0 session_contradiction=0 inherited_absent_flag=0 cur_verts=16446 observed_verts=0
1150,MOBILITY_PRIOR,MOBILITY_PRIOR inst=10 session=0 class=75 changes=0 continuations=1 alpha=0.272727 beta=1.72727 q=0.0909091
1151,MOBILITY_PRIOR,MOBILITY_PRIOR inst=10 session=0 class=75 changes=0 continuations=1 alpha=0.272727 beta=1.72727 q=0.0909091
1152,TOP_ABSORB,TOP_ABSORB inst=10 geom=0 support=16 high_mobility=0 absorb=1
1153,STATE_EVIDENCE_WINDOW,STATE_EVIDENCE_WINDOW inst=11 after=1786279226800977000 latest_measured_support=0 through=1786279250200977000 projected=0 support=0 contradiction=0 reliable=1060 reliable_in_view=0 reliable_seen_through=0 absence_llr=0.00339523 absent_samples=0 total_samples=8794 absence_coverage_sufficient=0
1154,STATE_SLICE,STATE_SLICE inst=11 stamp=1786279250200977000 inherited_sup=0 inherited_con=0 inherited_samples=8794 inherited_supported=0 inherited_free=0 inherited_repl_other=0 inherited_repl_bg=0 inherited_occ=0 inherited_unobs=8794 session_sup=0 session_con=0 session_samples=0 cur_verts=26382 candidate_verts=0
1155,EVIDENCE,EVIDENCE inst=11 inherited_support=0 inherited_contradiction=0 session_support=0 session_contradiction=0 inherited_absent_flag=0 cur_verts=26382 observed_verts=0
1156,STATE_EVIDENCE_WINDOW,STATE_EVIDENCE_WINDOW inst=13 after=1786279225167633000 latest_measured_support=0 through=1786279250200977000 projected=1 support=0 contradiction=14 reliable=352 reliable_in_view=0 reliable_seen_through=0 absence_llr=0 absent_samples=10 total_samples=255 absence_coverage_sufficient=0
1157,STATE_SLICE,STATE_SLICE inst=13 stamp=1786279250200977000 inherited_sup=0 inherited_con=14 inherited_samples=255 inherited_supported=0 inherited_free=0 inherited_repl_other=0 inherited_repl_bg=14 inherited_occ=16 inherited_unobs=142 session_sup=0 session_con=0 session_samples=0 cur_verts=9204 candidate_verts=0
1158,EVIDENCE,EVIDENCE inst=13 inherited_support=0 inherited_contradiction=14 session_support=0 session_contradiction=0 inherited_absent_flag=0 cur_verts=9204 observed_verts=0
1159,STATE_EVIDENCE_WINDOW,STATE_EVIDENCE_WINDOW inst=14 after=1786279236367666000 latest_measured_support=0 through=1786279250200977000 projected=0 support=0 contradiction=0 reliable=132 reliable_in_view=0 reliable_seen_through=0 absence_llr=0.789442 absent_samples=0 total_samples=2784 absence_coverage_sufficient=0
1160,STATE_SLICE,STATE_SLICE inst=14 stamp=1786279250200977000 inherited_sup=0 inherited_con=0 inherited_samples=2784 inherited_supported=0 inherited_free=0 inherited_repl_other=0 inherited_repl_bg=0 inherited_occ=0 inherited_unobs=2784 session_sup=0 session_con=0 session_samples=0 cur_verts=8352 candidate_verts=0
1161,EVIDENCE,EVIDENCE inst=14 inherited_support=0 inherited_contradiction=0 session_support=0 session_contradiction=0 inherited_absent_flag=0 cur_verts=8352 observed_verts=0
1162,STATE_EVIDENCE_WINDOW,STATE_EVIDENCE_WINDOW inst=16 after=1786279234067633000 latest_measured_support=0 through=1786279250200977000 projected=0 support=0 contradiction=0 reliable=489 reliable_in_view=0 reliable_seen_through=0 absence_llr=0 absent_samples=0 total_samples=4406 absence_coverage_sufficient=0
1163,STATE_SLICE,STATE_SLICE inst=16 stamp=1786279250200977000 inherited_sup=0 inherited_con=0 inherited_samples=4406 inherited_supported=0 inherited_free=0 inherited_repl_other=0 inherited_repl_bg=0 inherited_occ=0 inherited_unobs=4406 session_sup=0 session_con=0 session_samples=0 cur_verts=13218 candidate_verts=0
1164,EVIDENCE,EVIDENCE inst=16 inherited_support=0 inherited_contradiction=0 session_support=0 session_contradiction=0 inherited_absent_flag=0 cur_verts=13218 observed_verts=0
1165,STATE_EVIDENCE_WINDOW,STATE_EVIDENCE_WINDOW inst=17 after=1786279239934311000 latest_measured_support=0 through=1786279250200977000 projected=1 support=0 contradiction=14 reliable=650 reliable_in_view=0 reliable_seen_through=0 absence_llr=0 absent_samples=14 total_samples=314 absence_coverage_sufficient=0
1166,STATE_SLICE,STATE_SLICE inst=17 stamp=1786279250200977000 inherited_sup=0 inherited_con=14 inherited_samples=314 inherited_supported=0 inherited_free=0 inherited_repl_other=0 inherited_repl_bg=14 inherited_occ=2 inherited_unobs=296 session_sup=0 session_con=0 session_samples=0 cur_verts=17130 candidate_verts=0
1167,EVIDENCE,EVIDENCE inst=17 inherited_support=0 inherited_contradiction=14 session_support=0 session_contradiction=0 inherited_absent_flag=0 cur_verts=17130 observed_verts=0
1168,STATE_EVIDENCE_WINDOW,STATE_EVIDENCE_WINDOW inst=18 after=1786279224667644000 latest_measured_support=0 through=1786279250200977000 projected=0 support=0 contradiction=0 reliable=485 reliable_in_view=0 reliable_seen_through=0 absence_llr=0 absent_samples=0 total_samples=4475 absence_coverage_sufficient=0
1169,STATE_SLICE,STATE_SLICE inst=18 stamp=1786279250200977000 inherited_sup=0 inherited_con=0 inherited_samples=4475 inherited_supported=0 inherited_free=0 inherited_repl_other=0 inherited_repl_bg=0 inherited_occ=0 inherited_unobs=4475 session_sup=0 session_con=0 session_samples=0 cur_verts=13425 candidate_verts=0
1170,EVIDENCE,EVIDENCE inst=18 inherited_support=0 inherited_contradiction=0 session_support=0 session_contradiction=0 inherited_absent_flag=0 cur_verts=13425 observed_verts=0
1171,STATE_EVIDENCE_WINDOW,STATE_EVIDENCE_WINDOW inst=19 after=1786279222500966000 latest_measured_support=0 through=1786279250200977000 projected=0 support=0 contradiction=0 reliable=406 reliable_in_view=0 reliable_seen_through=0 absence_llr=0 absent_samples=0 total_samples=4066 absence_coverage_sufficient=0
1172,STATE_SLICE,STATE_SLICE inst=19 stamp=1786279250200977000 inherited_sup=0 inherited_con=0 inherited_samples=4066 inherited_supported=0 inherited_free=0 inherited_repl_other=0 inherited_repl_bg=0 inherited_occ=0 inherited_unobs=4066 session_sup=0 session_con=0 session_samples=0 cur_verts=12198 candidate_verts=0
1173,EVIDENCE,EVIDENCE inst=19 inherited_support=0 inherited_contradiction=0 session_support=0 session_contradiction=0 inherited_absent_flag=0 cur_verts=12198 observed_verts=0
1174,INGEST,INGEST inst=5 first=1786279239s seg_verts=8715 cur_verts=0 observed_verts=0
1175,OBJECT_EXTRACTION_INPUT,OBJECT_EXTRACTION_INPUT inst=20 first=1786279244134311000 last=1786279247834311000 observations=112 dynamic=0 motion_history=0 last_motion=0 displacement=0 static_fallback=0
1176,STATIC_SURFACE_FRAMES,STATIC_SURFACE_FRAMES inst=20 candidates=37 selected=37 first=1786279244167644000 last=1786279247767644000
1177,OBJECT_EXTRACTION_INPUT,OBJECT_EXTRACTION_INPUT inst=7 first=1786279239634300000 last=1786279248867644000 observations=277 dynamic=0 motion_history=0 last_motion=0 displacement=0 static_fallback=0
1178,STATIC_SURFACE_FRAMES,STATIC_SURFACE_FRAMES inst=7 candidates=69 selected=69 first=1786279242067633000 last=1786279248867644000
1179,STATE_EVIDENCE_WINDOW,STATE_EVIDENCE_WINDOW inst=3 after=1786279247667644000 latest_measured_support=0 through=1786279252334300000 projected=1 support=0 contradiction=1 reliable=113 reliable_in_view=0 reliable_seen_through=0 absence_llr=0.682088 absent_samples=1 total_samples=131 absence_coverage_sufficient=0
1180,STATE_SLICE,STATE_SLICE inst=3 stamp=1786279252334300000 inherited_sup=0 inherited_con=1 inherited_samples=131 inherited_supported=0 inherited_free=0 inherited_repl_other=0 inherited_repl_bg=1 inherited_occ=19 inherited_unobs=106 session_sup=0 session_con=0 session_samples=0 cur_verts=2559 candidate_verts=0
1181,EVIDENCE,EVIDENCE inst=3 inherited_support=0 inherited_contradiction=1 session_support=0 session_contradiction=0 inherited_absent_flag=0 cur_verts=2559 observed_verts=0
1182,STATE_EVIDENCE_WINDOW,STATE_EVIDENCE_WINDOW inst=5 after=1786279246134300000 latest_measured_support=0 through=1786279252334300000 projected=0 support=0 contradiction=0 reliable=596 reliable_in_view=596 reliable_seen_through=0 absence_llr=0 absent_samples=0 total_samples=2905 absence_coverage_sufficient=0
1183,STATE_SLICE,STATE_SLICE inst=5 stamp=1786279252334300000 inherited_sup=0 inherited_con=0 inherited_samples=2905 inherited_supported=0 inherited_free=0 inherited_repl_other=0 inherited_repl_bg=0 inherited_occ=0 inherited_unobs=2905 session_sup=0 session_con=0 session_samples=0 cur_verts=8715 candidate_verts=0
1184,EVIDENCE,EVIDENCE inst=5 inherited_support=0 inherited_contradiction=0 session_support=0 session_contradiction=0 inherited_absent_flag=0 cur_verts=8715 observed_verts=0
1185,STATE_EVIDENCE_WINDOW,STATE_EVIDENCE_WINDOW inst=6 after=1786279238500966000 latest_measured_support=0 through=1786279252334300000 projected=0 support=0 contradiction=0 reliable=214 reliable_in_view=0 reliable_seen_through=0 absence_llr=2.24525 absent_samples=0 total_samples=28393 absence_coverage_sufficient=0
1186,STATE_SLICE,STATE_SLICE inst=6 stamp=1786279252334300000 inherited_sup=0 inherited_con=0 inherited_samples=28393 inherited_supported=0 inherited_free=0 inherited_repl_other=0 inherited_repl_bg=0 inherited_occ=0 inherited_unobs=28393 session_sup=0 session_con=0 session_samples=0 cur_verts=85179 candidate_verts=0
1187,EVIDENCE,EVIDENCE inst=6 inherited_support=0 inherited_contradiction=0 session_support=0 session_contradiction=0 inherited_absent_flag=0 cur_verts=85179 observed_verts=0
1188,STATE_EVIDENCE_WINDOW,STATE_EVIDENCE_WINDOW inst=7 after=1786279248100977000 latest_measured_support=0 through=1786279252334300000 projected=0 support=0 contradiction=0 reliable=87 reliable_in_view=0 reliable_seen_through=0 absence_llr=0.0680023 absent_samples=0 total_samples=482 absence_coverage_sufficient=0
1189,STATE_SLICE,STATE_SLICE inst=7 stamp=1786279252334300000 inherited_sup=0 inherited_con=0 inherited_samples=482 inherited_supported=0 inherited_free=0 inherited_repl_other=0 inherited_repl_bg=0 inherited_occ=0 inherited_unobs=482 session_sup=0 session_con=0 session_samples=0 cur_verts=1446 candidate_verts=0
1190,EVIDENCE,EVIDENCE inst=7 inherited_support=0 inherited_contradiction=0 session_support=0 session_contradiction=0 inherited_absent_flag=0 cur_verts=1446 observed_verts=0
1191,STATE_EVIDENCE_WINDOW,STATE_EVIDENCE_WINDOW inst=10 after=1786279248934311000 latest_measured_support=0 through=1786279252334300000 projected=1 support=0 contradiction=2 reliable=466 reliable_in_view=0 reliable_seen_through=0 absence_llr=0 absent_samples=2 total_samples=371 absence_coverage_sufficient=0
1192,STATE_SLICE,STATE_SLICE inst=10 stamp=1786279252334300000 inherited_sup=0 inherited_con=2 inherited_samples=371 inherited_supported=0 inherited_free=2 inherited_repl_other=0 inherited_repl_bg=0 inherited_occ=0 inherited_unobs=367 session_sup=0 session_con=0 session_samples=0 cur_verts=16446 candidate_verts=0
1193,EVIDENCE,EVIDENCE inst=10 inherited_support=0 inherited_contradiction=2 session_support=0 session_contradiction=0 inherited_absent_flag=0 cur_verts=16446 observed_verts=0
1194,STATE_EVIDENCE_WINDOW,STATE_EVIDENCE_WINDOW inst=11 after=1786279226800977000 latest_measured_support=0 through=1786279252334300000 projected=0 support=0 contradiction=0 reliable=1060 reliable_in_view=0 reliable_seen_through=0 absence_llr=0.00339523 absent_samples=0 total_samples=8794 absence_coverage_sufficient=0
1195,STATE_SLICE,STATE_SLICE inst=11 stamp=1786279252334300000 inherited_sup=0 inherited_con=0 inherited_samples=8794 inherited_supported=0 inherited_free=0 inherited_repl_other=0 inherited_repl_bg=0 inherited_occ=0 inherited_unobs=8794 session_sup=0 session_con=0 session_samples=0 cur_verts=26382 candidate_verts=0
1196,EVIDENCE,EVIDENCE inst=11 inherited_support=0 inherited_contradiction=0 session_support=0 session_contradiction=0 inherited_absent_flag=0 cur_verts=26382 observed_verts=0
1197,STATE_EVIDENCE_WINDOW,STATE_EVIDENCE_WINDOW inst=13 after=1786279225167633000 latest_measured_support=0 through=1786279252334300000 projected=1 support=0 contradiction=14 reliable=352 reliable_in_view=0 reliable_seen_through=0 absence_llr=0 absent_samples=10 total_samples=255 absence_coverage_sufficient=0
1198,STATE_SLICE,STATE_SLICE inst=13 stamp=1786279252334300000 inherited_sup=0 inherited_con=14 inherited_samples=255 inherited_supported=0 inherited_free=0 inherited_repl_other=0 inherited_repl_bg=14 inherited_occ=16 inherited_unobs=142 session_sup=0 session_con=0 session_samples=0 cur_verts=9204 candidate_verts=0
1199,EVIDENCE,EVIDENCE inst=13 inherited_support=0 inherited_contradiction=14 session_support=0 session_contradiction=0 inherited_absent_flag=0 cur_verts=9204 observed_verts=0
1200,STATE_EVIDENCE_WINDOW,STATE_EVIDENCE_WINDOW inst=14 after=1786279236367666000 latest_measured_support=0 through=1786279252334300000 projected=0 support=0 contradiction=0 reliable=132 reliable_in_view=0 reliable_seen_through=0 absence_llr=0.789442 absent_samples=0 total_samples=2784 absence_coverage_sufficient=0
1201,STATE_SLICE,STATE_SLICE inst=14 stamp=1786279252334300000 inherited_sup=0 inherited_con=0 inherited_samples=2784 inherited_supported=0 inherited_free=0 inherited_repl_other=0 inherited_repl_bg=0 inherited_occ=0 inherited_unobs=2784 session_sup=0 session_con=0 session_samples=0 cur_verts=8352 candidate_verts=0
1202,EVIDENCE,EVIDENCE inst=14 inherited_support=0 inherited_contradiction=0 session_support=0 session_contradiction=0 inherited_absent_flag=0 cur_verts=8352 observed_verts=0
1203,STATE_EVIDENCE_WINDOW,STATE_EVIDENCE_WINDOW inst=16 after=1786279234067633000 latest_measured_support=0 through=1786279252334300000 projected=0 support=0 contradiction=0 reliable=489 reliable_in_view=0 reliable_seen_through=0 absence_llr=0 absent_samples=0 total_samples=4406 absence_coverage_sufficient=0
1204,STATE_SLICE,STATE_SLICE inst=16 stamp=1786279252334300000 inherited_sup=0 inherited_con=0 inherited_samples=4406 inherited_supported=0 inherited_free=0 inherited_repl_other=0 inherited_repl_bg=0 inherited_occ=0 inherited_unobs=4406 session_sup=0 session_con=0 session_samples=0 cur_verts=13218 candidate_verts=0
1205,EVIDENCE,EVIDENCE inst=16 inherited_support=0 inherited_contradiction=0 session_support=0 session_contradiction=0 inherited_absent_flag=0 cur_verts=13218 observed_verts=0
1206,STATE_EVIDENCE_WINDOW,STATE_EVIDENCE_WINDOW inst=17 after=1786279239934311000 latest_measured_support=0 through=1786279252334300000 projected=1 support=0 contradiction=14 reliable=650 reliable_in_view=0 reliable_seen_through=0 absence_llr=0 absent_samples=14 total_samples=314 absence_coverage_sufficient=0
1207,STATE_SLICE,STATE_SLICE inst=17 stamp=1786279252334300000 inherited_sup=0 inherited_con=14 inherited_samples=314 inherited_supported=0 inherited_free=0 inherited_repl_other=0 inherited_repl_bg=14 inherited_occ=2 inherited_unobs=296 session_sup=0 session_con=0 session_samples=0 cur_verts=17130 candidate_verts=0
1208,EVIDENCE,EVIDENCE inst=17 inherited_support=0 inherited_contradiction=14 session_support=0 session_contradiction=0 inherited_absent_flag=0 cur_verts=17130 observed_verts=0
1209,STATE_EVIDENCE_WINDOW,STATE_EVIDENCE_WINDOW inst=18 after=1786279224667644000 latest_measured_support=0 through=1786279252334300000 projected=0 support=0 contradiction=0 reliable=485 reliable_in_view=0 reliable_seen_through=0 absence_llr=0 absent_samples=0 total_samples=4475 absence_coverage_sufficient=0
1210,STATE_SLICE,STATE_SLICE inst=18 stamp=1786279252334300000 inherited_sup=0 inherited_con=0 inherited_samples=4475 inherited_supported=0 inherited_free=0 inherited_repl_other=0 inherited_repl_bg=0 inherited_occ=0 inherited_unobs=4475 session_sup=0 session_con=0 session_samples=0 cur_verts=13425 candidate_verts=0
1211,EVIDENCE,EVIDENCE inst=18 inherited_support=0 inherited_contradiction=0 session_support=0 session_contradiction=0 inherited_absent_flag=0 cur_verts=13425 observed_verts=0
1212,STATE_EVIDENCE_WINDOW,STATE_EVIDENCE_WINDOW inst=19 after=1786279222500966000 latest_measured_support=0 through=1786279252334300000 projected=0 support=0 contradiction=0 reliable=406 reliable_in_view=0 reliable_seen_through=0 absence_llr=0 absent_samples=0 total_samples=4066 absence_coverage_sufficient=0
1213,STATE_SLICE,STATE_SLICE inst=19 stamp=1786279252334300000 inherited_sup=0 inherited_con=0 inherited_samples=4066 inherited_supported=0 inherited_free=0 inherited_repl_other=0 inherited_repl_bg=0 inherited_occ=0 inherited_unobs=4066 session_sup=0 session_con=0 session_samples=0 cur_verts=12198 candidate_verts=0
1214,EVIDENCE,EVIDENCE inst=19 inherited_support=0 inherited_contradiction=0 session_support=0 session_contradiction=0 inherited_absent_flag=0 cur_verts=12198 observed_verts=0
1215,INGEST,INGEST inst=3 first=1786279239s seg_verts=14907 cur_verts=2559 observed_verts=0
1216,INGEST_DECIDE,INGEST_DECIDE inst=3 same_session_overlap=1 contradicted=0
1217,INGEST,INGEST inst=7 first=1786279242s seg_verts=9354 cur_verts=1446 observed_verts=0
1218,INGEST_DECIDE,INGEST_DECIDE inst=7 same_session_overlap=1 contradicted=0
1219,INGEST,INGEST inst=20 first=1786279244s seg_verts=90 cur_verts=0 observed_verts=0
1220,OBJECT_EXTRACTION_INPUT,OBJECT_EXTRACTION_INPUT inst=10 first=1786279245467633000 last=1786279249400966000 observations=119 dynamic=0 motion_history=0 last_motion=0 displacement=0 static_fallback=0
1221,STATIC_SURFACE_FRAMES,STATIC_SURFACE_FRAMES inst=10 candidates=40 selected=40 first=1786279245467633000 last=1786279249367644000
1222,OBJECT_EXTRACTION_INPUT,OBJECT_EXTRACTION_INPUT inst=3 first=1786279239067644000 last=1786279250134300000 observations=320 dynamic=0 motion_history=0 last_motion=0 displacement=0 static_fallback=0
1223,STATIC_SURFACE_FRAMES,STATIC_SURFACE_FRAMES inst=3 candidates=65 selected=65 first=1786279243367633000 last=1786279250067644000
1233,OBJECT_EXTRACTION_INPUT,OBJECT_EXTRACTION_INPUT inst=4 first=1786279246067633000 last=1786279251300966000 observations=158 dynamic=0 motion_history=0 last_motion=0 displacement=0 static_fallback=0
1234,STATIC_SURFACE_BOUNDARY,STATIC_SURFACE_BOUNDARY inst=4 rejected_stamp=1786279248667633000 current_stamp=1786279251267633000 forward_support=5 forward_free=0 reverse_support=261 reverse_free=66 forward_sampled=509 reverse_sampled=459
1235,STATIC_SURFACE_FRAMES,STATIC_SURFACE_FRAMES inst=4 candidates=53 selected=26 first=1786279248767633000 last=1786279251267633000
1236,STATE_EVIDENCE_WINDOW,STATE_EVIDENCE_WINDOW inst=3 after=1786279249767655000 latest_measured_support=0 through=1786279254467644000 projected=1 support=0 contradiction=7 reliable=86 reliable_in_view=0 reliable_seen_through=0 absence_llr=0.682088 absent_samples=7 total_samples=746 absence_coverage_sufficient=0
1237,STATE_SLICE,STATE_SLICE inst=3 stamp=1786279254467644000 inherited_sup=0 inherited_con=7 inherited_samples=746 inherited_supported=0 inherited_free=0 inherited_repl_other=7 inherited_repl_bg=0 inherited_occ=4 inherited_unobs=697 session_sup=0 session_con=0 session_samples=0 cur_verts=17466 candidate_verts=0
1238,EVIDENCE,EVIDENCE inst=3 inherited_support=0 inherited_contradiction=7 session_support=0 session_contradiction=0 inherited_absent_flag=0 cur_verts=17466 observed_verts=0
1239,STATE_EVIDENCE_WINDOW,STATE_EVIDENCE_WINDOW inst=5 after=1786279246134300000 latest_measured_support=0 through=1786279254467644000 projected=0 support=0 contradiction=0 reliable=514 reliable_in_view=0 reliable_seen_through=0 absence_llr=0 absent_samples=0 total_samples=2905 absence_coverage_sufficient=0
1240,STATE_SLICE,STATE_SLICE inst=5 stamp=1786279254467644000 inherited_sup=0 inherited_con=0 inherited_samples=2905 inherited_supported=0 inherited_free=0 inherited_repl_other=0 inherited_repl_bg=0 inherited_occ=0 inherited_unobs=2905 session_sup=0 session_con=0 session_samples=0 cur_verts=8715 candidate_verts=0
1241,EVIDENCE,EVIDENCE inst=5 inherited_support=0 inherited_contradiction=0 session_support=0 session_contradiction=0 inherited_absent_flag=0 cur_verts=8715 observed_verts=0
1242,STATE_EVIDENCE_WINDOW,STATE_EVIDENCE_WINDOW inst=6 after=1786279238500966000 latest_measured_support=0 through=1786279254467644000 projected=0 support=0 contradiction=0 reliable=214 reliable_in_view=0 reliable_seen_through=0 absence_llr=2.24525 absent_samples=0 total_samples=28393 absence_coverage_sufficient=0
1243,STATE_SLICE,STATE_SLICE inst=6 stamp=1786279254467644000 inherited_sup=0 inherited_con=0 inherited_samples=28393 inherited_supported=0 inherited_free=0 inherited_repl_other=0 inherited_repl_bg=0 inherited_occ=0 inherited_unobs=28393 session_sup=0 session_con=0 session_samples=0 cur_verts=85179 candidate_verts=0
1244,EVIDENCE,EVIDENCE inst=6 inherited_support=0 inherited_contradiction=0 session_support=0 session_contradiction=0 inherited_absent_flag=0 cur_verts=85179 observed_verts=0
1245,STATE_EVIDENCE_WINDOW,STATE_EVIDENCE_WINDOW inst=7 after=1786279248867644000 latest_measured_support=0 through=1786279254467644000 projected=0 support=0 contradiction=0 reliable=87 reliable_in_view=0 reliable_seen_through=0 absence_llr=0.0680023 absent_samples=0 total_samples=3600 absence_coverage_sufficient=0
1246,STATE_SLICE,STATE_SLICE inst=7 stamp=1786279254467644000 inherited_sup=0 inherited_con=0 inherited_samples=3600 inherited_supported=0 inherited_free=0 inherited_repl_other=0 inherited_repl_bg=0 inherited_occ=0 inherited_unobs=3600 session_sup=0 session_con=0 session_samples=0 cur_verts=10800 candidate_verts=0
1247,EVIDENCE,EVIDENCE inst=7 inherited_support=0 inherited_contradiction=0 session_support=0 session_contradiction=0 inherited_absent_flag=0 cur_verts=10800 observed_verts=0
1248,STATE_EVIDENCE_WINDOW,STATE_EVIDENCE_WINDOW inst=10 after=1786279248934311000 latest_measured_support=0 through=1786279254467644000 projected=1 support=0 contradiction=2 reliable=466 reliable_in_view=0 reliable_seen_through=0 absence_llr=0 absent_samples=2 total_samples=371 absence_coverage_sufficient=0
1249,STATE_SLICE,STATE_SLICE inst=10 stamp=1786279254467644000 inherited_sup=0 inherited_con=2 inherited_samples=371 inherited_supported=0 inherited_free=2 inherited_repl_other=0 inherited_repl_bg=0 inherited_occ=0 inherited_unobs=367 session_sup=0 session_con=0 session_samples=0 cur_verts=16446 candidate_verts=0
1250,EVIDENCE,EVIDENCE inst=10 inherited_support=0 inherited_contradiction=2 session_support=0 session_contradiction=0 inherited_absent_flag=0 cur_verts=16446 observed_verts=0
1251,STATE_EVIDENCE_WINDOW,STATE_EVIDENCE_WINDOW inst=11 after=1786279226800977000 latest_measured_support=1786279254467644000 through=1786279254467644000 projected=1 support=374 contradiction=161 reliable=1060 reliable_in_view=149 reliable_seen_through=113 absence_llr=0.914484 absent_samples=77 total_samples=579 absence_coverage_sufficient=0
1252,STATE_SLICE,STATE_SLICE inst=11 stamp=1786279254467644000 inherited_sup=374 inherited_con=161 inherited_samples=579 inherited_supported=383 inherited_free=160 inherited_repl_other=0 inherited_repl_bg=1 inherited_occ=162 inherited_unobs=5 session_sup=0 session_con=0 session_samples=0 cur_verts=26382 candidate_verts=0
1253,EVIDENCE,EVIDENCE inst=11 inherited_support=374 inherited_contradiction=161 session_support=0 session_contradiction=0 inherited_absent_flag=0 cur_verts=26382 observed_verts=0
1254,MOBILITY_PRIOR,MOBILITY_PRIOR inst=11 session=0 class=92 changes=0 continuations=1 alpha=0.272727 beta=3.72727 q=0.0545455
1255,MOBILITY_PRIOR,MOBILITY_PRIOR inst=11 session=0 class=92 changes=0 continuations=1 alpha=0.272727 beta=3.72727 q=0.0545455
1256,TOP_ABSORB,TOP_ABSORB inst=11 geom=0 support=374 high_mobility=0 absorb=1
1257,STATE_EVIDENCE_WINDOW,STATE_EVIDENCE_WINDOW inst=13 after=1786279225167633000 latest_measured_support=0 through=1786279254467644000 projected=1 support=0 contradiction=14 reliable=352 reliable_in_view=0 reliable_seen_through=0 absence_llr=0 absent_samples=10 total_samples=255 absence_coverage_sufficient=0
1258,STATE_SLICE,STATE_SLICE inst=13 stamp=1786279254467644000 inherited_sup=0 inherited_con=14 inherited_samples=255 inherited_supported=0 inherited_free=0 inherited_repl_other=0 inherited_repl_bg=14 inherited_occ=16 inherited_unobs=142 session_sup=0 session_con=0 session_samples=0 cur_verts=9204 candidate_verts=0
1259,EVIDENCE,EVIDENCE inst=13 inherited_support=0 inherited_contradiction=14 session_support=0 session_contradiction=0 inherited_absent_flag=0 cur_verts=9204 observed_verts=0
1260,STATE_EVIDENCE_WINDOW,STATE_EVIDENCE_WINDOW inst=14 after=1786279236367666000 latest_measured_support=0 through=1786279254467644000 projected=0 support=0 contradiction=0 reliable=132 reliable_in_view=0 reliable_seen_through=0 absence_llr=0.789442 absent_samples=0 total_samples=2784 absence_coverage_sufficient=0
1261,STATE_SLICE,STATE_SLICE inst=14 stamp=1786279254467644000 inherited_sup=0 inherited_con=0 inherited_samples=2784 inherited_supported=0 inherited_free=0 inherited_repl_other=0 inherited_repl_bg=0 inherited_occ=0 inherited_unobs=2784 session_sup=0 session_con=0 session_samples=0 cur_verts=8352 candidate_verts=0
1262,EVIDENCE,EVIDENCE inst=14 inherited_support=0 inherited_contradiction=0 session_support=0 session_contradiction=0 inherited_absent_flag=0 cur_verts=8352 observed_verts=0
1263,STATE_EVIDENCE_WINDOW,STATE_EVIDENCE_WINDOW inst=16 after=1786279234067633000 latest_measured_support=0 through=1786279254467644000 projected=0 support=0 contradiction=0 reliable=489 reliable_in_view=0 reliable_seen_through=0 absence_llr=0 absent_samples=0 total_samples=4406 absence_coverage_sufficient=0
1264,STATE_SLICE,STATE_SLICE inst=16 stamp=1786279254467644000 inherited_sup=0 inherited_con=0 inherited_samples=4406 inherited_supported=0 inherited_free=0 inherited_repl_other=0 inherited_repl_bg=0 inherited_occ=0 inherited_unobs=4406 session_sup=0 session_con=0 session_samples=0 cur_verts=13218 candidate_verts=0
1265,EVIDENCE,EVIDENCE inst=16 inherited_support=0 inherited_contradiction=0 session_support=0 session_contradiction=0 inherited_absent_flag=0 cur_verts=13218 observed_verts=0
1266,STATE_EVIDENCE_WINDOW,STATE_EVIDENCE_WINDOW inst=17 after=1786279239934311000 latest_measured_support=0 through=1786279254467644000 projected=1 support=0 contradiction=14 reliable=650 reliable_in_view=0 reliable_seen_through=0 absence_llr=0 absent_samples=14 total_samples=314 absence_coverage_sufficient=0
1267,STATE_SLICE,STATE_SLICE inst=17 stamp=1786279254467644000 inherited_sup=0 inherited_con=14 inherited_samples=314 inherited_supported=0 inherited_free=0 inherited_repl_other=0 inherited_repl_bg=14 inherited_occ=2 inherited_unobs=296 session_sup=0 session_con=0 session_samples=0 cur_verts=17130 candidate_verts=0
1268,EVIDENCE,EVIDENCE inst=17 inherited_support=0 inherited_contradiction=14 session_support=0 session_contradiction=0 inherited_absent_flag=0 cur_verts=17130 observed_verts=0
1269,STATE_EVIDENCE_WINDOW,STATE_EVIDENCE_WINDOW inst=18 after=1786279224667644000 latest_measured_support=0 through=1786279254467644000 projected=1 support=0 contradiction=20 reliable=485 reliable_in_view=10 reliable_seen_through=9 absence_llr=0 absent_samples=20 total_samples=332 absence_coverage_sufficient=0
1270,STATE_SLICE,STATE_SLICE inst=18 stamp=1786279254467644000 inherited_sup=0 inherited_con=20 inherited_samples=332 inherited_supported=0 inherited_free=19 inherited_repl_other=0 inherited_repl_bg=1 inherited_occ=5 inherited_unobs=304 session_sup=0 session_con=0 session_samples=0 cur_verts=13425 candidate_verts=0
1271,EVIDENCE,EVIDENCE inst=18 inherited_support=0 inherited_contradiction=20 session_support=0 session_contradiction=0 inherited_absent_flag=0 cur_verts=13425 observed_verts=0
1272,STATE_EVIDENCE_WINDOW,STATE_EVIDENCE_WINDOW inst=19 after=1786279222500966000 latest_measured_support=1786279254467644000 through=1786279254467644000 projected=1 support=239 contradiction=139 reliable=441 reliable_in_view=176 reliable_seen_through=98 absence_llr=0.933291 absent_samples=68 total_samples=298 absence_coverage_sufficient=0
1273,STATE_SLICE,STATE_SLICE inst=19 stamp=1786279254467644000 inherited_sup=239 inherited_con=139 inherited_samples=298 inherited_supported=239 inherited_free=122 inherited_repl_other=0 inherited_repl_bg=17 inherited_occ=102 inherited_unobs=82 session_sup=0 session_con=0 session_samples=0 cur_verts=12198 candidate_verts=0
1274,EVIDENCE,EVIDENCE inst=19 inherited_support=239 inherited_contradiction=139 session_support=0 session_contradiction=0 inherited_absent_flag=0 cur_verts=12198 observed_verts=0
1275,MOBILITY_PRIOR,MOBILITY_PRIOR inst=19 session=0 class=139 changes=0 continuations=1 alpha=0.230769 beta=1.76923 q=0.0769231
1276,MOBILITY_PRIOR,MOBILITY_PRIOR inst=19 session=0 class=139 changes=0 continuations=1 alpha=0.230769 beta=1.76923 q=0.0769231
1277,TOP_ABSORB,TOP_ABSORB inst=19 geom=0 support=239 high_mobility=0 absorb=1
1278,STATE_EVIDENCE_WINDOW,STATE_EVIDENCE_WINDOW inst=20 after=1786279247834311000 latest_measured_support=0 through=1786279254467644000 projected=0 support=0 contradiction=0 reliable=0 reliable_in_view=0 reliable_seen_through=0 absence_llr=0 absent_samples=0 total_samples=30 absence_coverage_sufficient=0
1279,STATE_SLICE,STATE_SLICE inst=20 stamp=1786279254467644000 inherited_sup=0 inherited_con=0 inherited_samples=30 inherited_supported=0 inherited_free=0 inherited_repl_other=0 inherited_repl_bg=0 inherited_occ=0 inherited_unobs=30 session_sup=0 session_con=0 session_samples=0 cur_verts=90 candidate_verts=0
1280,EVIDENCE,EVIDENCE inst=20 inherited_support=0 inherited_contradiction=0 session_support=0 session_contradiction=0 inherited_absent_flag=0 cur_verts=90 observed_verts=0
1281,INGEST,INGEST inst=3 first=1786279243s seg_verts=13869 cur_verts=17466 observed_verts=0
1282,INGEST_DECIDE,INGEST_DECIDE inst=3 same_session_overlap=1 contradicted=0
1283,INGEST,INGEST inst=10 first=1786279245s seg_verts=8268 cur_verts=16446 observed_verts=0
1284,INGEST_DECIDE,INGEST_DECIDE inst=10 same_session_overlap=1 contradicted=0
1293,STATE_EVIDENCE_WINDOW,STATE_EVIDENCE_WINDOW inst=3 after=1786279250134300000 latest_measured_support=0 through=1786279256634311000 projected=1 support=0 contradiction=7 reliable=85 reliable_in_view=0 reliable_seen_through=0 absence_llr=0.682088 absent_samples=7 total_samples=772 absence_coverage_sufficient=0
1294,STATE_SLICE,STATE_SLICE inst=3 stamp=1786279256634311000 inherited_sup=0 inherited_con=7 inherited_samples=772 inherited_supported=0 inherited_free=0 inherited_repl_other=7 inherited_repl_bg=0 inherited_occ=4 inherited_unobs=723 session_sup=0 session_con=0 session_samples=0 cur_verts=31335 candidate_verts=0
1295,EVIDENCE,EVIDENCE inst=3 inherited_support=0 inherited_contradiction=7 session_support=0 session_contradiction=0 inherited_absent_flag=0 cur_verts=31335 observed_verts=0
1296,STATE_EVIDENCE_WINDOW,STATE_EVIDENCE_WINDOW inst=5 after=1786279246134300000 latest_measured_support=0 through=1786279256634311000 projected=0 support=0 contradiction=0 reliable=514 reliable_in_view=0 reliable_seen_through=0 absence_llr=0 absent_samples=0 total_samples=2905 absence_coverage_sufficient=0
1297,STATE_SLICE,STATE_SLICE inst=5 stamp=1786279256634311000 inherited_sup=0 inherited_con=0 inherited_samples=2905 inherited_supported=0 inherited_free=0 inherited_repl_other=0 inherited_repl_bg=0 inherited_occ=0 inherited_unobs=2905 session_sup=0 session_con=0 session_samples=0 cur_verts=8715 candidate_verts=0
1298,EVIDENCE,EVIDENCE inst=5 inherited_support=0 inherited_contradiction=0 session_support=0 session_contradiction=0 inherited_absent_flag=0 cur_verts=8715 observed_verts=0
1299,STATE_EVIDENCE_WINDOW,STATE_EVIDENCE_WINDOW inst=6 after=1786279238500966000 latest_measured_support=0 through=1786279256634311000 projected=0 support=0 contradiction=0 reliable=214 reliable_in_view=0 reliable_seen_through=0 absence_llr=2.24525 absent_samples=0 total_samples=28393 absence_coverage_sufficient=0
1300,STATE_SLICE,STATE_SLICE inst=6 stamp=1786279256634311000 inherited_sup=0 inherited_con=0 inherited_samples=28393 inherited_supported=0 inherited_free=0 inherited_repl_other=0 inherited_repl_bg=0 inherited_occ=0 inherited_unobs=28393 session_sup=0 session_con=0 session_samples=0 cur_verts=85179 candidate_verts=0
1301,EVIDENCE,EVIDENCE inst=6 inherited_support=0 inherited_contradiction=0 session_support=0 session_contradiction=0 inherited_absent_flag=0 cur_verts=85179 observed_verts=0
1302,STATE_EVIDENCE_WINDOW,STATE_EVIDENCE_WINDOW inst=7 after=1786279248867644000 latest_measured_support=0 through=1786279256634311000 projected=0 support=0 contradiction=0 reliable=87 reliable_in_view=0 reliable_seen_through=0 absence_llr=0.0680023 absent_samples=0 total_samples=3600 absence_coverage_sufficient=0
1303,STATE_SLICE,STATE_SLICE inst=7 stamp=1786279256634311000 inherited_sup=0 inherited_con=0 inherited_samples=3600 inherited_supported=0 inherited_free=0 inherited_repl_other=0 inherited_repl_bg=0 inherited_occ=0 inherited_unobs=3600 session_sup=0 session_con=0 session_samples=0 cur_verts=10800 candidate_verts=0
1304,EVIDENCE,EVIDENCE inst=7 inherited_support=0 inherited_contradiction=0 session_support=0 session_contradiction=0 inherited_absent_flag=0 cur_verts=10800 observed_verts=0
1305,STATE_EVIDENCE_WINDOW,STATE_EVIDENCE_WINDOW inst=10 after=1786279249400966000 latest_measured_support=0 through=1786279256634311000 projected=1 support=0 contradiction=7 reliable=386 reliable_in_view=0 reliable_seen_through=0 absence_llr=0 absent_samples=6 total_samples=666 absence_coverage_sufficient=0
1306,STATE_SLICE,STATE_SLICE inst=10 stamp=1786279256634311000 inherited_sup=0 inherited_con=7 inherited_samples=666 inherited_supported=0 inherited_free=0 inherited_repl_other=1 inherited_repl_bg=6 inherited_occ=38 inherited_unobs=596 session_sup=0 session_con=0 session_samples=0 cur_verts=24714 candidate_verts=0
1307,EVIDENCE,EVIDENCE inst=10 inherited_support=0 inherited_contradiction=7 session_support=0 session_contradiction=0 inherited_absent_flag=0 cur_verts=24714 observed_verts=0
1308,STATE_EVIDENCE_WINDOW,STATE_EVIDENCE_WINDOW inst=11 after=1786279254467644000 latest_measured_support=1786279256200977000 through=1786279256634311000 projected=1 support=726 contradiction=279 reliable=1060 reliable_in_view=154 reliable_seen_through=117 absence_llr=1.0685 absent_samples=86 total_samples=579 absence_coverage_sufficient=0
1309,STATE_SLICE,STATE_SLICE inst=11 stamp=1786279256634311000 inherited_sup=726 inherited_con=279 inherited_samples=579 inherited_supported=741 inherited_free=277 inherited_repl_other=0 inherited_repl_bg=2 inherited_occ=375 inherited_unobs=18 session_sup=0 session_con=0 session_samples=0 cur_verts=26382 candidate_verts=0
1310,EVIDENCE,EVIDENCE inst=11 inherited_support=726 inherited_contradiction=279 session_support=0 session_contradiction=0 inherited_absent_flag=0 cur_verts=26382 observed_verts=0
1311,MOBILITY_PRIOR,MOBILITY_PRIOR inst=11 session=0 class=92 changes=0 continuations=1 alpha=0.230769 beta=3.76923 q=0.0461538
1312,MOBILITY_PRIOR,MOBILITY_PRIOR inst=11 session=0 class=92 changes=0 continuations=1 alpha=0.230769 beta=3.76923 q=0.0461538
1313,TOP_ABSORB,TOP_ABSORB inst=11 geom=0 support=726 high_mobility=0 absorb=1
1314,STATE_EVIDENCE_WINDOW,STATE_EVIDENCE_WINDOW inst=13 after=1786279225167633000 latest_measured_support=0 through=1786279256634311000 projected=1 support=0 contradiction=14 reliable=352 reliable_in_view=0 reliable_seen_through=0 absence_llr=0 absent_samples=10 total_samples=255 absence_coverage_sufficient=0
1315,STATE_SLICE,STATE_SLICE inst=13 stamp=1786279256634311000 inherited_sup=0 inherited_con=14 inherited_samples=255 inherited_supported=0 inherited_free=0 inherited_repl_other=0 inherited_repl_bg=14 inherited_occ=16 inherited_unobs=142 session_sup=0 session_con=0 session_samples=0 cur_verts=9204 candidate_verts=0
1316,EVIDENCE,EVIDENCE inst=13 inherited_support=0 inherited_contradiction=14 session_support=0 session_contradiction=0 inherited_absent_flag=0 cur_verts=9204 observed_verts=0
1317,STATE_EVIDENCE_WINDOW,STATE_EVIDENCE_WINDOW inst=14 after=1786279236367666000 latest_measured_support=0 through=1786279256634311000 projected=0 support=0 contradiction=0 reliable=132 reliable_in_view=0 reliable_seen_through=0 absence_llr=0.789442 absent_samples=0 total_samples=2784 absence_coverage_sufficient=0
1318,STATE_SLICE,STATE_SLICE inst=14 stamp=1786279256634311000 inherited_sup=0 inherited_con=0 inherited_samples=2784 inherited_supported=0 inherited_free=0 inherited_repl_other=0 inherited_repl_bg=0 inherited_occ=0 inherited_unobs=2784 session_sup=0 session_con=0 session_samples=0 cur_verts=8352 candidate_verts=0
1319,EVIDENCE,EVIDENCE inst=14 inherited_support=0 inherited_contradiction=0 session_support=0 session_contradiction=0 inherited_absent_flag=0 cur_verts=8352 observed_verts=0
1320,STATE_EVIDENCE_WINDOW,STATE_EVIDENCE_WINDOW inst=16 after=1786279234067633000 latest_measured_support=0 through=1786279256634311000 projected=0 support=0 contradiction=0 reliable=489 reliable_in_view=0 reliable_seen_through=0 absence_llr=0 absent_samples=0 total_samples=4406 absence_coverage_sufficient=0
1321,STATE_SLICE,STATE_SLICE inst=16 stamp=1786279256634311000 inherited_sup=0 inherited_con=0 inherited_samples=4406 inherited_supported=0 inherited_free=0 inherited_repl_other=0 inherited_repl_bg=0 inherited_occ=0 inherited_unobs=4406 session_sup=0 session_con=0 session_samples=0 cur_verts=13218 candidate_verts=0
1322,EVIDENCE,EVIDENCE inst=16 inherited_support=0 inherited_contradiction=0 session_support=0 session_contradiction=0 inherited_absent_flag=0 cur_verts=13218 observed_verts=0
1323,STATE_EVIDENCE_WINDOW,STATE_EVIDENCE_WINDOW inst=17 after=1786279239934311000 latest_measured_support=0 through=1786279256634311000 projected=1 support=0 contradiction=14 reliable=650 reliable_in_view=0 reliable_seen_through=0 absence_llr=0 absent_samples=14 total_samples=314 absence_coverage_sufficient=0
1324,STATE_SLICE,STATE_SLICE inst=17 stamp=1786279256634311000 inherited_sup=0 inherited_con=14 inherited_samples=314 inherited_supported=0 inherited_free=0 inherited_repl_other=0 inherited_repl_bg=14 inherited_occ=2 inherited_unobs=296 session_sup=0 session_con=0 session_samples=0 cur_verts=17130 candidate_verts=0
1325,EVIDENCE,EVIDENCE inst=17 inherited_support=0 inherited_contradiction=14 session_support=0 session_contradiction=0 inherited_absent_flag=0 cur_verts=17130 observed_verts=0
1326,STATE_EVIDENCE_WINDOW,STATE_EVIDENCE_WINDOW inst=18 after=1786279224667644000 latest_measured_support=0 through=1786279256634311000 projected=1 support=0 contradiction=25 reliable=485 reliable_in_view=0 reliable_seen_through=0 absence_llr=0 absent_samples=20 total_samples=332 absence_coverage_sufficient=0
1327,STATE_SLICE,STATE_SLICE inst=18 stamp=1786279256634311000 inherited_sup=0 inherited_con=25 inherited_samples=332 inherited_supported=0 inherited_free=24 inherited_repl_other=0 inherited_repl_bg=1 inherited_occ=5 inherited_unobs=304 session_sup=0 session_con=0 session_samples=0 cur_verts=13425 candidate_verts=0
1328,EVIDENCE,EVIDENCE inst=18 inherited_support=0 inherited_contradiction=25 session_support=0 session_contradiction=0 inherited_absent_flag=0 cur_verts=13425 observed_verts=0
1329,STATE_EVIDENCE_WINDOW,STATE_EVIDENCE_WINDOW inst=19 after=1786279254467644000 latest_measured_support=1786279256634311000 through=1786279256634311000 projected=1 support=206 contradiction=100 reliable=402 reliable_in_view=134 reliable_seen_through=10 absence_llr=0.793424 absent_samples=43 total_samples=298 absence_coverage_sufficient=0
1330,STATE_SLICE,STATE_SLICE inst=19 stamp=1786279256634311000 inherited_sup=206 inherited_con=100 inherited_samples=298 inherited_supported=207 inherited_free=72 inherited_repl_other=9 inherited_repl_bg=20 inherited_occ=243 inherited_unobs=103 session_sup=0 session_con=0 session_samples=0 cur_verts=12198 candidate_verts=0
1331,EVIDENCE,EVIDENCE inst=19 inherited_support=206 inherited_contradiction=100 session_support=0 session_contradiction=0 inherited_absent_flag=0 cur_verts=12198 observed_verts=0
1332,MOBILITY_PRIOR,MOBILITY_PRIOR inst=19 session=0 class=139 changes=0 continuations=1 alpha=0.2 beta=1.8 q=0.0666667
1333,MOBILITY_PRIOR,MOBILITY_PRIOR inst=19 session=0 class=139 changes=0 continuations=1 alpha=0.2 beta=1.8 q=0.0666667
1334,TOP_ABSORB,TOP_ABSORB inst=19 geom=0 support=206 high_mobility=0 absorb=1
1335,STATE_EVIDENCE_WINDOW,STATE_EVIDENCE_WINDOW inst=20 after=1786279247834311000 latest_measured_support=0 through=1786279256634311000 projected=0 support=0 contradiction=0 reliable=0 reliable_in_view=0 reliable_seen_through=0 absence_llr=0 absent_samples=0 total_samples=30 absence_coverage_sufficient=0
1336,STATE_SLICE,STATE_SLICE inst=20 stamp=1786279256634311000 inherited_sup=0 inherited_con=0 inherited_samples=30 inherited_supported=0 inherited_free=0 inherited_repl_other=0 inherited_repl_bg=0 inherited_occ=0 inherited_unobs=30 session_sup=0 session_con=0 session_samples=0 cur_verts=90 candidate_verts=0
1337,EVIDENCE,EVIDENCE inst=20 inherited_support=0 inherited_contradiction=0 session_support=0 session_contradiction=0 inherited_absent_flag=0 cur_verts=90 observed_verts=0
1338,INGEST,INGEST inst=4 first=1786279248s seg_verts=43059 cur_verts=0 observed_verts=0
1340,OBJECT_EXTRACTION_INPUT,OBJECT_EXTRACTION_INPUT inst=1 first=1786279247567633000 last=1786279258334311000 observations=304 dynamic=0 motion_history=0 last_motion=0 displacement=0 static_fallback=0
1341,STATIC_SURFACE_FRAMES,STATIC_SURFACE_FRAMES inst=1 candidates=93 selected=93 first=1786279248467644000 last=1786279258334311000
1342,STATE_EVIDENCE_WINDOW,STATE_EVIDENCE_WINDOW inst=3 after=1786279250134300000 latest_measured_support=0 through=1786279258734333000 projected=1 support=0 contradiction=7 reliable=85 reliable_in_view=0 reliable_seen_through=0 absence_llr=0.682088 absent_samples=7 total_samples=772 absence_coverage_sufficient=0
1343,STATE_SLICE,STATE_SLICE inst=3 stamp=1786279258734333000 inherited_sup=0 inherited_con=7 inherited_samples=772 inherited_supported=0 inherited_free=0 inherited_repl_other=7 inherited_repl_bg=0 inherited_occ=4 inherited_unobs=723 session_sup=0 session_con=0 session_samples=0 cur_verts=31335 candidate_verts=0
1344,EVIDENCE,EVIDENCE inst=3 inherited_support=0 inherited_contradiction=7 session_support=0 session_contradiction=0 inherited_absent_flag=0 cur_verts=31335 observed_verts=0
1345,STATE_EVIDENCE_WINDOW,STATE_EVIDENCE_WINDOW inst=4 after=1786279251300966000 latest_measured_support=0 through=1786279258734333000 projected=0 support=0 contradiction=0 reliable=1245 reliable_in_view=1245 reliable_seen_through=1 absence_llr=0 absent_samples=0 total_samples=14353 absence_coverage_sufficient=0
1346,STATE_SLICE,STATE_SLICE inst=4 stamp=1786279258734333000 inherited_sup=0 inherited_con=0 inherited_samples=14353 inherited_supported=0 inherited_free=0 inherited_repl_other=0 inherited_repl_bg=0 inherited_occ=0 inherited_unobs=14353 session_sup=0 session_con=0 session_samples=0 cur_verts=43059 candidate_verts=0
1347,EVIDENCE,EVIDENCE inst=4 inherited_support=0 inherited_contradiction=0 session_support=0 session_contradiction=0 inherited_absent_flag=0 cur_verts=43059 observed_verts=0
1348,STATE_EVIDENCE_WINDOW,STATE_EVIDENCE_WINDOW inst=5 after=1786279246134300000 latest_measured_support=0 through=1786279258734333000 projected=0 support=0 contradiction=0 reliable=514 reliable_in_view=0 reliable_seen_through=0 absence_llr=0 absent_samples=0 total_samples=2905 absence_coverage_sufficient=0
1349,STATE_SLICE,STATE_SLICE inst=5 stamp=1786279258734333000 inherited_sup=0 inherited_con=0 inherited_samples=2905 inherited_supported=0 inherited_free=0 inherited_repl_other=0 inherited_repl_bg=0 inherited_occ=0 inherited_unobs=2905 session_sup=0 session_con=0 session_samples=0 cur_verts=8715 candidate_verts=0
1350,EVIDENCE,EVIDENCE inst=5 inherited_support=0 inherited_contradiction=0 session_support=0 session_contradiction=0 inherited_absent_flag=0 cur_verts=8715 observed_verts=0
1351,STATE_EVIDENCE_WINDOW,STATE_EVIDENCE_WINDOW inst=6 after=1786279238500966000 latest_measured_support=0 through=1786279258734333000 projected=0 support=0 contradiction=0 reliable=214 reliable_in_view=0 reliable_seen_through=0 absence_llr=2.24525 absent_samples=0 total_samples=28393 absence_coverage_sufficient=0
1352,STATE_SLICE,STATE_SLICE inst=6 stamp=1786279258734333000 inherited_sup=0 inherited_con=0 inherited_samples=28393 inherited_supported=0 inherited_free=0 inherited_repl_other=0 inherited_repl_bg=0 inherited_occ=0 inherited_unobs=28393 session_sup=0 session_con=0 session_samples=0 cur_verts=85179 candidate_verts=0
1353,EVIDENCE,EVIDENCE inst=6 inherited_support=0 inherited_contradiction=0 session_support=0 session_contradiction=0 inherited_absent_flag=0 cur_verts=85179 observed_verts=0
1354,STATE_EVIDENCE_WINDOW,STATE_EVIDENCE_WINDOW inst=7 after=1786279248867644000 latest_measured_support=0 through=1786279258734333000 projected=0 support=0 contradiction=0 reliable=87 reliable_in_view=0 reliable_seen_through=0 absence_llr=0.0680023 absent_samples=0 total_samples=3600 absence_coverage_sufficient=0
1355,STATE_SLICE,STATE_SLICE inst=7 stamp=1786279258734333000 inherited_sup=0 inherited_con=0 inherited_samples=3600 inherited_supported=0 inherited_free=0 inherited_repl_other=0 inherited_repl_bg=0 inherited_occ=0 inherited_unobs=3600 session_sup=0 session_con=0 session_samples=0 cur_verts=10800 candidate_verts=0
1356,EVIDENCE,EVIDENCE inst=7 inherited_support=0 inherited_contradiction=0 session_support=0 session_contradiction=0 inherited_absent_flag=0 cur_verts=10800 observed_verts=0
1357,STATE_EVIDENCE_WINDOW,STATE_EVIDENCE_WINDOW inst=10 after=1786279249400966000 latest_measured_support=0 through=1786279258734333000 projected=1 support=0 contradiction=7 reliable=386 reliable_in_view=0 reliable_seen_through=0 absence_llr=0 absent_samples=6 total_samples=666 absence_coverage_sufficient=0
1358,STATE_SLICE,STATE_SLICE inst=10 stamp=1786279258734333000 inherited_sup=0 inherited_con=7 inherited_samples=666 inherited_supported=0 inherited_free=0 inherited_repl_other=1 inherited_repl_bg=6 inherited_occ=38 inherited_unobs=596 session_sup=0 session_con=0 session_samples=0 cur_verts=24714 candidate_verts=0
1359,EVIDENCE,EVIDENCE inst=10 inherited_support=0 inherited_contradiction=7 session_support=0 session_contradiction=0 inherited_absent_flag=0 cur_verts=24714 observed_verts=0
1360,STATE_EVIDENCE_WINDOW,STATE_EVIDENCE_WINDOW inst=11 after=1786279256200977000 latest_measured_support=0 through=1786279258734333000 projected=0 support=0 contradiction=0 reliable=1060 reliable_in_view=0 reliable_seen_through=0 absence_llr=1.0685 absent_samples=0 total_samples=8794 absence_coverage_sufficient=0
1361,STATE_SLICE,STATE_SLICE inst=11 stamp=1786279258734333000 inherited_sup=0 inherited_con=0 inherited_samples=8794 inherited_supported=0 inherited_free=0 inherited_repl_other=0 inherited_repl_bg=0 inherited_occ=0 inherited_unobs=8794 session_sup=0 session_con=0 session_samples=0 cur_verts=26382 candidate_verts=0
1362,EVIDENCE,EVIDENCE inst=11 inherited_support=0 inherited_contradiction=0 session_support=0 session_contradiction=0 inherited_absent_flag=0 cur_verts=26382 observed_verts=0
1363,STATE_EVIDENCE_WINDOW,STATE_EVIDENCE_WINDOW inst=13 after=1786279225167633000 latest_measured_support=0 through=1786279258734333000 projected=1 support=0 contradiction=14 reliable=352 reliable_in_view=0 reliable_seen_through=0 absence_llr=0 absent_samples=10 total_samples=255 absence_coverage_sufficient=0
1364,STATE_SLICE,STATE_SLICE inst=13 stamp=1786279258734333000 inherited_sup=0 inherited_con=14 inherited_samples=255 inherited_supported=0 inherited_free=0 inherited_repl_other=0 inherited_repl_bg=14 inherited_occ=16 inherited_unobs=142 session_sup=0 session_con=0 session_samples=0 cur_verts=9204 candidate_verts=0
1365,EVIDENCE,EVIDENCE inst=13 inherited_support=0 inherited_contradiction=14 session_support=0 session_contradiction=0 inherited_absent_flag=0 cur_verts=9204 observed_verts=0
1366,STATE_EVIDENCE_WINDOW,STATE_EVIDENCE_WINDOW inst=14 after=1786279236367666000 latest_measured_support=0 through=1786279258734333000 projected=0 support=0 contradiction=0 reliable=132 reliable_in_view=0 reliable_seen_through=0 absence_llr=0.789442 absent_samples=0 total_samples=2784 absence_coverage_sufficient=0
1367,STATE_SLICE,STATE_SLICE inst=14 stamp=1786279258734333000 inherited_sup=0 inherited_con=0 inherited_samples=2784 inherited_supported=0 inherited_free=0 inherited_repl_other=0 inherited_repl_bg=0 inherited_occ=0 inherited_unobs=2784 session_sup=0 session_con=0 session_samples=0 cur_verts=8352 candidate_verts=0
1368,EVIDENCE,EVIDENCE inst=14 inherited_support=0 inherited_contradiction=0 session_support=0 session_contradiction=0 inherited_absent_flag=0 cur_verts=8352 observed_verts=0
1369,STATE_EVIDENCE_WINDOW,STATE_EVIDENCE_WINDOW inst=16 after=1786279234067633000 latest_measured_support=0 through=1786279258734333000 projected=0 support=0 contradiction=0 reliable=489 reliable_in_view=0 reliable_seen_through=0 absence_llr=0 absent_samples=0 total_samples=4406 absence_coverage_sufficient=0
1370,STATE_SLICE,STATE_SLICE inst=16 stamp=1786279258734333000 inherited_sup=0 inherited_con=0 inherited_samples=4406 inherited_supported=0 inherited_free=0 inherited_repl_other=0 inherited_repl_bg=0 inherited_occ=0 inherited_unobs=4406 session_sup=0 session_con=0 session_samples=0 cur_verts=13218 candidate_verts=0
1371,EVIDENCE,EVIDENCE inst=16 inherited_support=0 inherited_contradiction=0 session_support=0 session_contradiction=0 inherited_absent_flag=0 cur_verts=13218 observed_verts=0
1372,STATE_EVIDENCE_WINDOW,STATE_EVIDENCE_WINDOW inst=17 after=1786279239934311000 latest_measured_support=0 through=1786279258734333000 projected=1 support=0 contradiction=14 reliable=650 reliable_in_view=0 reliable_seen_through=0 absence_llr=0 absent_samples=14 total_samples=314 absence_coverage_sufficient=0
1373,STATE_SLICE,STATE_SLICE inst=17 stamp=1786279258734333000 inherited_sup=0 inherited_con=14 inherited_samples=314 inherited_supported=0 inherited_free=0 inherited_repl_other=0 inherited_repl_bg=14 inherited_occ=2 inherited_unobs=296 session_sup=0 session_con=0 session_samples=0 cur_verts=17130 candidate_verts=0
1374,EVIDENCE,EVIDENCE inst=17 inherited_support=0 inherited_contradiction=14 session_support=0 session_contradiction=0 inherited_absent_flag=0 cur_verts=17130 observed_verts=0
1375,STATE_EVIDENCE_WINDOW,STATE_EVIDENCE_WINDOW inst=18 after=1786279224667644000 latest_measured_support=0 through=1786279258734333000 projected=1 support=0 contradiction=25 reliable=485 reliable_in_view=0 reliable_seen_through=0 absence_llr=0 absent_samples=20 total_samples=332 absence_coverage_sufficient=0
1376,STATE_SLICE,STATE_SLICE inst=18 stamp=1786279258734333000 inherited_sup=0 inherited_con=25 inherited_samples=332 inherited_supported=0 inherited_free=24 inherited_repl_other=0 inherited_repl_bg=1 inherited_occ=5 inherited_unobs=304 session_sup=0 session_con=0 session_samples=0 cur_verts=13425 candidate_verts=0
1377,EVIDENCE,EVIDENCE inst=18 inherited_support=0 inherited_contradiction=25 session_support=0 session_contradiction=0 inherited_absent_flag=0 cur_verts=13425 observed_verts=0
1378,STATE_EVIDENCE_WINDOW,STATE_EVIDENCE_WINDOW inst=19 after=1786279256634311000 latest_measured_support=0 through=1786279258734333000 projected=0 support=0 contradiction=0 reliable=377 reliable_in_view=0 reliable_seen_through=0 absence_llr=0.793424 absent_samples=0 total_samples=4066 absence_coverage_sufficient=0
1379,STATE_SLICE,STATE_SLICE inst=19 stamp=1786279258734333000 inherited_sup=0 inherited_con=0 inherited_samples=4066 inherited_supported=0 inherited_free=0 inherited_repl_other=0 inherited_repl_bg=0 inherited_occ=0 inherited_unobs=4066 session_sup=0 session_con=0 session_samples=0 cur_verts=12198 candidate_verts=0
1380,EVIDENCE,EVIDENCE inst=19 inherited_support=0 inherited_contradiction=0 session_support=0 session_contradiction=0 inherited_absent_flag=0 cur_verts=12198 observed_verts=0
1381,STATE_EVIDENCE_WINDOW,STATE_EVIDENCE_WINDOW inst=20 after=1786279247834311000 latest_measured_support=0 through=1786279258734333000 projected=0 support=0 contradiction=0 reliable=0 reliable_in_view=0 reliable_seen_through=0 absence_llr=0 absent_samples=0 total_samples=30 absence_coverage_sufficient=0
1382,STATE_SLICE,STATE_SLICE inst=20 stamp=1786279258734333000 inherited_sup=0 inherited_con=0 inherited_samples=30 inherited_supported=0 inherited_free=0 inherited_repl_other=0 inherited_repl_bg=0 inherited_occ=0 inherited_unobs=30 session_sup=0 session_con=0 session_samples=0 cur_verts=90 candidate_verts=0
1383,EVIDENCE,EVIDENCE inst=20 inherited_support=0 inherited_contradiction=0 session_support=0 session_contradiction=0 inherited_absent_flag=0 cur_verts=90 observed_verts=0
1384,OBJECT_EXTRACTION_INPUT,OBJECT_EXTRACTION_INPUT inst=11 first=1786279253367644000 last=1786279256467644000 observations=94 dynamic=0 motion_history=0 last_motion=0 displacement=0 static_fallback=0
1385,STATIC_SURFACE_FRAMES,STATIC_SURFACE_FRAMES inst=11 candidates=32 selected=32 first=1786279253367644000 last=1786279256467644000
1395,OBJECT_EXTRACTION_INPUT,OBJECT_EXTRACTION_INPUT inst=19 first=1786279252567644000 last=1786279256734300000 observations=126 dynamic=0 motion_history=0 last_motion=0 displacement=0 static_fallback=0
1396,STATIC_SURFACE_BOUNDARY,STATIC_SURFACE_BOUNDARY inst=19 rejected_stamp=1786279253867633000 current_stamp=1786279256667644000 forward_support=3 forward_free=1 reverse_support=15 reverse_free=299 forward_sampled=502 reverse_sampled=503
1397,STATIC_SURFACE_FRAMES,STATIC_SURFACE_FRAMES inst=19 candidates=42 selected=28 first=1786279253967644000 last=1786279256667644000
1398,STATE_EVIDENCE_WINDOW,STATE_EVIDENCE_WINDOW inst=3 after=1786279250134300000 latest_measured_support=0 through=1786279260867633000 projected=1 support=0 contradiction=7 reliable=85 reliable_in_view=0 reliable_seen_through=0 absence_llr=0.682088 absent_samples=7 total_samples=772 absence_coverage_sufficient=0
1399,STATE_SLICE,STATE_SLICE inst=3 stamp=1786279260867633000 inherited_sup=0 inherited_con=7 inherited_samples=772 inherited_supported=0 inherited_free=0 inherited_repl_other=7 inherited_repl_bg=0 inherited_occ=4 inherited_unobs=723 session_sup=0 session_con=0 session_samples=0 cur_verts=31335 candidate_verts=0
1400,EVIDENCE,EVIDENCE inst=3 inherited_support=0 inherited_contradiction=7 session_support=0 session_contradiction=0 inherited_absent_flag=0 cur_verts=31335 observed_verts=0
1401,STATE_EVIDENCE_WINDOW,STATE_EVIDENCE_WINDOW inst=4 after=1786279251300966000 latest_measured_support=0 through=1786279260867633000 projected=0 support=0 contradiction=0 reliable=1213 reliable_in_view=0 reliable_seen_through=0 absence_llr=0 absent_samples=0 total_samples=14353 absence_coverage_sufficient=0
1402,STATE_SLICE,STATE_SLICE inst=4 stamp=1786279260867633000 inherited_sup=0 inherited_con=0 inherited_samples=14353 inherited_supported=0 inherited_free=0 inherited_repl_other=0 inherited_repl_bg=0 inherited_occ=0 inherited_unobs=14353 session_sup=0 session_con=0 session_samples=0 cur_verts=43059 candidate_verts=0
1403,EVIDENCE,EVIDENCE inst=4 inherited_support=0 inherited_contradiction=0 session_support=0 session_contradiction=0 inherited_absent_flag=0 cur_verts=43059 observed_verts=0
1404,STATE_EVIDENCE_WINDOW,STATE_EVIDENCE_WINDOW inst=5 after=1786279246134300000 latest_measured_support=0 through=1786279260867633000 projected=0 support=0 contradiction=0 reliable=514 reliable_in_view=0 reliable_seen_through=0 absence_llr=0 absent_samples=0 total_samples=2905 absence_coverage_sufficient=0
1405,STATE_SLICE,STATE_SLICE inst=5 stamp=1786279260867633000 inherited_sup=0 inherited_con=0 inherited_samples=2905 inherited_supported=0 inherited_free=0 inherited_repl_other=0 inherited_repl_bg=0 inherited_occ=0 inherited_unobs=2905 session_sup=0 session_con=0 session_samples=0 cur_verts=8715 candidate_verts=0
1406,EVIDENCE,EVIDENCE inst=5 inherited_support=0 inherited_contradiction=0 session_support=0 session_contradiction=0 inherited_absent_flag=0 cur_verts=8715 observed_verts=0
1407,STATE_EVIDENCE_WINDOW,STATE_EVIDENCE_WINDOW inst=6 after=1786279238500966000 latest_measured_support=0 through=1786279260867633000 projected=0 support=0 contradiction=0 reliable=214 reliable_in_view=0 reliable_seen_through=0 absence_llr=2.24525 absent_samples=0 total_samples=28393 absence_coverage_sufficient=0
1408,STATE_SLICE,STATE_SLICE inst=6 stamp=1786279260867633000 inherited_sup=0 inherited_con=0 inherited_samples=28393 inherited_supported=0 inherited_free=0 inherited_repl_other=0 inherited_repl_bg=0 inherited_occ=0 inherited_unobs=28393 session_sup=0 session_con=0 session_samples=0 cur_verts=85179 candidate_verts=0
1409,EVIDENCE,EVIDENCE inst=6 inherited_support=0 inherited_contradiction=0 session_support=0 session_contradiction=0 inherited_absent_flag=0 cur_verts=85179 observed_verts=0
1410,STATE_EVIDENCE_WINDOW,STATE_EVIDENCE_WINDOW inst=7 after=1786279248867644000 latest_measured_support=0 through=1786279260867633000 projected=0 support=0 contradiction=0 reliable=87 reliable_in_view=0 reliable_seen_through=0 absence_llr=0.0680023 absent_samples=0 total_samples=3600 absence_coverage_sufficient=0
1411,STATE_SLICE,STATE_SLICE inst=7 stamp=1786279260867633000 inherited_sup=0 inherited_con=0 inherited_samples=3600 inherited_supported=0 inherited_free=0 inherited_repl_other=0 inherited_repl_bg=0 inherited_occ=0 inherited_unobs=3600 session_sup=0 session_con=0 session_samples=0 cur_verts=10800 candidate_verts=0
1412,EVIDENCE,EVIDENCE inst=7 inherited_support=0 inherited_contradiction=0 session_support=0 session_contradiction=0 inherited_absent_flag=0 cur_verts=10800 observed_verts=0
1413,STATE_EVIDENCE_WINDOW,STATE_EVIDENCE_WINDOW inst=10 after=1786279249400966000 latest_measured_support=0 through=1786279260867633000 projected=1 support=0 contradiction=7 reliable=386 reliable_in_view=0 reliable_seen_through=0 absence_llr=0 absent_samples=6 total_samples=666 absence_coverage_sufficient=0
1414,STATE_SLICE,STATE_SLICE inst=10 stamp=1786279260867633000 inherited_sup=0 inherited_con=7 inherited_samples=666 inherited_supported=0 inherited_free=0 inherited_repl_other=1 inherited_repl_bg=6 inherited_occ=38 inherited_unobs=596 session_sup=0 session_con=0 session_samples=0 cur_verts=24714 candidate_verts=0
1415,EVIDENCE,EVIDENCE inst=10 inherited_support=0 inherited_contradiction=7 session_support=0 session_contradiction=0 inherited_absent_flag=0 cur_verts=24714 observed_verts=0
1416,STATE_EVIDENCE_WINDOW,STATE_EVIDENCE_WINDOW inst=11 after=1786279256200977000 latest_measured_support=0 through=1786279260867633000 projected=0 support=0 contradiction=0 reliable=1060 reliable_in_view=0 reliable_seen_through=0 absence_llr=1.0685 absent_samples=0 total_samples=8794 absence_coverage_sufficient=0
1417,STATE_SLICE,STATE_SLICE inst=11 stamp=1786279260867633000 inherited_sup=0 inherited_con=0 inherited_samples=8794 inherited_supported=0 inherited_free=0 inherited_repl_other=0 inherited_repl_bg=0 inherited_occ=0 inherited_unobs=8794 session_sup=0 session_con=0 session_samples=0 cur_verts=26382 candidate_verts=0
1418,EVIDENCE,EVIDENCE inst=11 inherited_support=0 inherited_contradiction=0 session_support=0 session_contradiction=0 inherited_absent_flag=0 cur_verts=26382 observed_verts=0
1419,STATE_EVIDENCE_WINDOW,STATE_EVIDENCE_WINDOW inst=13 after=1786279225167633000 latest_measured_support=0 through=1786279260867633000 projected=1 support=0 contradiction=14 reliable=352 reliable_in_view=0 reliable_seen_through=0 absence_llr=0 absent_samples=10 total_samples=255 absence_coverage_sufficient=0
1420,STATE_SLICE,STATE_SLICE inst=13 stamp=1786279260867633000 inherited_sup=0 inherited_con=14 inherited_samples=255 inherited_supported=0 inherited_free=0 inherited_repl_other=0 inherited_repl_bg=14 inherited_occ=16 inherited_unobs=142 session_sup=0 session_con=0 session_samples=0 cur_verts=9204 candidate_verts=0
1421,EVIDENCE,EVIDENCE inst=13 inherited_support=0 inherited_contradiction=14 session_support=0 session_contradiction=0 inherited_absent_flag=0 cur_verts=9204 observed_verts=0
1422,STATE_EVIDENCE_WINDOW,STATE_EVIDENCE_WINDOW inst=14 after=1786279236367666000 latest_measured_support=0 through=1786279260867633000 projected=0 support=0 contradiction=0 reliable=132 reliable_in_view=0 reliable_seen_through=0 absence_llr=0.789442 absent_samples=0 total_samples=2784 absence_coverage_sufficient=0
1423,STATE_SLICE,STATE_SLICE inst=14 stamp=1786279260867633000 inherited_sup=0 inherited_con=0 inherited_samples=2784 inherited_supported=0 inherited_free=0 inherited_repl_other=0 inherited_repl_bg=0 inherited_occ=0 inherited_unobs=2784 session_sup=0 session_con=0 session_samples=0 cur_verts=8352 candidate_verts=0
1424,EVIDENCE,EVIDENCE inst=14 inherited_support=0 inherited_contradiction=0 session_support=0 session_contradiction=0 inherited_absent_flag=0 cur_verts=8352 observed_verts=0
1425,STATE_EVIDENCE_WINDOW,STATE_EVIDENCE_WINDOW inst=16 after=1786279234067633000 latest_measured_support=0 through=1786279260867633000 projected=0 support=0 contradiction=0 reliable=489 reliable_in_view=0 reliable_seen_through=0 absence_llr=0 absent_samples=0 total_samples=4406 absence_coverage_sufficient=0
1426,STATE_SLICE,STATE_SLICE inst=16 stamp=1786279260867633000 inherited_sup=0 inherited_con=0 inherited_samples=4406 inherited_supported=0 inherited_free=0 inherited_repl_other=0 inherited_repl_bg=0 inherited_occ=0 inherited_unobs=4406 session_sup=0 session_con=0 session_samples=0 cur_verts=13218 candidate_verts=0
1427,EVIDENCE,EVIDENCE inst=16 inherited_support=0 inherited_contradiction=0 session_support=0 session_contradiction=0 inherited_absent_flag=0 cur_verts=13218 observed_verts=0
1428,STATE_EVIDENCE_WINDOW,STATE_EVIDENCE_WINDOW inst=17 after=1786279239934311000 latest_measured_support=0 through=1786279260867633000 projected=1 support=0 contradiction=14 reliable=650 reliable_in_view=0 reliable_seen_through=0 absence_llr=0 absent_samples=14 total_samples=314 absence_coverage_sufficient=0
1429,STATE_SLICE,STATE_SLICE inst=17 stamp=1786279260867633000 inherited_sup=0 inherited_con=14 inherited_samples=314 inherited_supported=0 inherited_free=0 inherited_repl_other=0 inherited_repl_bg=14 inherited_occ=2 inherited_unobs=296 session_sup=0 session_con=0 session_samples=0 cur_verts=17130 candidate_verts=0
1430,EVIDENCE,EVIDENCE inst=17 inherited_support=0 inherited_contradiction=14 session_support=0 session_contradiction=0 inherited_absent_flag=0 cur_verts=17130 observed_verts=0
1431,STATE_EVIDENCE_WINDOW,STATE_EVIDENCE_WINDOW inst=18 after=1786279224667644000 latest_measured_support=0 through=1786279260867633000 projected=1 support=0 contradiction=25 reliable=485 reliable_in_view=0 reliable_seen_through=0 absence_llr=0 absent_samples=20 total_samples=332 absence_coverage_sufficient=0
1432,STATE_SLICE,STATE_SLICE inst=18 stamp=1786279260867633000 inherited_sup=0 inherited_con=25 inherited_samples=332 inherited_supported=0 inherited_free=24 inherited_repl_other=0 inherited_repl_bg=1 inherited_occ=5 inherited_unobs=304 session_sup=0 session_con=0 session_samples=0 cur_verts=13425 candidate_verts=0
1433,EVIDENCE,EVIDENCE inst=18 inherited_support=0 inherited_contradiction=25 session_support=0 session_contradiction=0 inherited_absent_flag=0 cur_verts=13425 observed_verts=0
1434,STATE_EVIDENCE_WINDOW,STATE_EVIDENCE_WINDOW inst=19 after=1786279256634311000 latest_measured_support=0 through=1786279260867633000 projected=0 support=0 contradiction=0 reliable=377 reliable_in_view=0 reliable_seen_through=0 absence_llr=0.793424 absent_samples=0 total_samples=4066 absence_coverage_sufficient=0
1435,STATE_SLICE,STATE_SLICE inst=19 stamp=1786279260867633000 inherited_sup=0 inherited_con=0 inherited_samples=4066 inherited_supported=0 inherited_free=0 inherited_repl_other=0 inherited_repl_bg=0 inherited_occ=0 inherited_unobs=4066 session_sup=0 session_con=0 session_samples=0 cur_verts=12198 candidate_verts=0
1436,EVIDENCE,EVIDENCE inst=19 inherited_support=0 inherited_contradiction=0 session_support=0 session_contradiction=0 inherited_absent_flag=0 cur_verts=12198 observed_verts=0
1437,STATE_EVIDENCE_WINDOW,STATE_EVIDENCE_WINDOW inst=20 after=1786279247834311000 latest_measured_support=0 through=1786279260867633000 projected=0 support=0 contradiction=0 reliable=0 reliable_in_view=0 reliable_seen_through=0 absence_llr=0 absent_samples=0 total_samples=30 absence_coverage_sufficient=0
1438,STATE_SLICE,STATE_SLICE inst=20 stamp=1786279260867633000 inherited_sup=0 inherited_con=0 inherited_samples=30 inherited_supported=0 inherited_free=0 inherited_repl_other=0 inherited_repl_bg=0 inherited_occ=0 inherited_unobs=30 session_sup=0 session_con=0 session_samples=0 cur_verts=90 candidate_verts=0
1439,EVIDENCE,EVIDENCE inst=20 inherited_support=0 inherited_contradiction=0 session_support=0 session_contradiction=0 inherited_absent_flag=0 cur_verts=90 observed_verts=0
1440,INGEST,INGEST inst=1 first=1786279248s seg_verts=76413 cur_verts=0 observed_verts=0
1441,INGEST,INGEST inst=11 first=1786279253s seg_verts=10149 cur_verts=26382 observed_verts=0
1442,INGEST_DECIDE,INGEST_DECIDE inst=11 same_session_overlap=1 contradicted=0
1443,INGEST,INGEST inst=19 first=1786279253s seg_verts=4062 cur_verts=12198 observed_verts=0
1444,INGEST_DECIDE,INGEST_DECIDE inst=19 same_session_overlap=1 contradicted=0
1453,STATE_EVIDENCE_WINDOW,STATE_EVIDENCE_WINDOW inst=1 after=1786279258334311000 latest_measured_support=1786279259167633000 through=1786279263000966000 projected=0 support=80 contradiction=32 reliable=1321 reliable_in_view=1321 reliable_seen_through=253 absence_llr=0 absent_samples=0 total_samples=25471 absence_coverage_sufficient=0
1454,STATE_SLICE,STATE_SLICE inst=1 stamp=1786279263000966000 inherited_sup=80 inherited_con=32 inherited_samples=25471 inherited_supported=4659 inherited_free=0 inherited_repl_other=0 inherited_repl_bg=551 inherited_occ=2068 inherited_unobs=15521 session_sup=0 session_con=0 session_samples=0 cur_verts=76413 candidate_verts=0
1455,EVIDENCE,EVIDENCE inst=1 inherited_support=80 inherited_contradiction=32 session_support=0 session_contradiction=0 inherited_absent_flag=0 cur_verts=76413 observed_verts=0
1456,MOBILITY_PRIOR,MOBILITY_PRIOR inst=1 session=0 class=7 changes=0 continuations=0 alpha=0.25 beta=1.75 q=0.125
1457,MOBILITY_PRIOR,MOBILITY_PRIOR inst=1 session=0 class=7 changes=0 continuations=0 alpha=0.25 beta=1.75 q=0.125
1458,TOP_ABSORB,TOP_ABSORB inst=1 geom=0 support=80 high_mobility=0 absorb=1
1459,STATE_EVIDENCE_WINDOW,STATE_EVIDENCE_WINDOW inst=3 after=1786279250134300000 latest_measured_support=0 through=1786279263000966000 projected=1 support=0 contradiction=7 reliable=85 reliable_in_view=0 reliable_seen_through=0 absence_llr=0.682088 absent_samples=7 total_samples=772 absence_coverage_sufficient=0
1460,STATE_SLICE,STATE_SLICE inst=3 stamp=1786279263000966000 inherited_sup=0 inherited_con=7 inherited_samples=772 inherited_supported=0 inherited_free=0 inherited_repl_other=7 inherited_repl_bg=0 inherited_occ=4 inherited_unobs=723 session_sup=0 session_con=0 session_samples=0 cur_verts=31335 candidate_verts=0
1461,EVIDENCE,EVIDENCE inst=3 inherited_support=0 inherited_contradiction=7 session_support=0 session_contradiction=0 inherited_absent_flag=0 cur_verts=31335 observed_verts=0
1462,STATE_EVIDENCE_WINDOW,STATE_EVIDENCE_WINDOW inst=4 after=1786279251300966000 latest_measured_support=0 through=1786279263000966000 projected=0 support=0 contradiction=0 reliable=1213 reliable_in_view=0 reliable_seen_through=0 absence_llr=0 absent_samples=0 total_samples=14353 absence_coverage_sufficient=0
1463,STATE_SLICE,STATE_SLICE inst=4 stamp=1786279263000966000 inherited_sup=0 inherited_con=0 inherited_samples=14353 inherited_supported=0 inherited_free=0 inherited_repl_other=0 inherited_repl_bg=0 inherited_occ=0 inherited_unobs=14353 session_sup=0 session_con=0 session_samples=0 cur_verts=43059 candidate_verts=0
1464,EVIDENCE,EVIDENCE inst=4 inherited_support=0 inherited_contradiction=0 session_support=0 session_contradiction=0 inherited_absent_flag=0 cur_verts=43059 observed_verts=0
1465,STATE_EVIDENCE_WINDOW,STATE_EVIDENCE_WINDOW inst=5 after=1786279246134300000 latest_measured_support=0 through=1786279263000966000 projected=0 support=0 contradiction=0 reliable=514 reliable_in_view=0 reliable_seen_through=0 absence_llr=0 absent_samples=0 total_samples=2905 absence_coverage_sufficient=0
1466,STATE_SLICE,STATE_SLICE inst=5 stamp=1786279263000966000 inherited_sup=0 inherited_con=0 inherited_samples=2905 inherited_supported=0 inherited_free=0 inherited_repl_other=0 inherited_repl_bg=0 inherited_occ=0 inherited_unobs=2905 session_sup=0 session_con=0 session_samples=0 cur_verts=8715 candidate_verts=0
1467,EVIDENCE,EVIDENCE inst=5 inherited_support=0 inherited_contradiction=0 session_support=0 session_contradiction=0 inherited_absent_flag=0 cur_verts=8715 observed_verts=0
1468,STATE_EVIDENCE_WINDOW,STATE_EVIDENCE_WINDOW inst=6 after=1786279238500966000 latest_measured_support=0 through=1786279263000966000 projected=0 support=0 contradiction=0 reliable=214 reliable_in_view=0 reliable_seen_through=0 absence_llr=2.24525 absent_samples=0 total_samples=28393 absence_coverage_sufficient=0
1469,STATE_SLICE,STATE_SLICE inst=6 stamp=1786279263000966000 inherited_sup=0 inherited_con=0 inherited_samples=28393 inherited_supported=0 inherited_free=0 inherited_repl_other=0 inherited_repl_bg=0 inherited_occ=0 inherited_unobs=28393 session_sup=0 session_con=0 session_samples=0 cur_verts=85179 candidate_verts=0
1470,EVIDENCE,EVIDENCE inst=6 inherited_support=0 inherited_contradiction=0 session_support=0 session_contradiction=0 inherited_absent_flag=0 cur_verts=85179 observed_verts=0
1471,STATE_EVIDENCE_WINDOW,STATE_EVIDENCE_WINDOW inst=7 after=1786279248867644000 latest_measured_support=0 through=1786279263000966000 projected=0 support=0 contradiction=0 reliable=87 reliable_in_view=0 reliable_seen_through=0 absence_llr=0.0680023 absent_samples=0 total_samples=3600 absence_coverage_sufficient=0
1472,STATE_SLICE,STATE_SLICE inst=7 stamp=1786279263000966000 inherited_sup=0 inherited_con=0 inherited_samples=3600 inherited_supported=0 inherited_free=0 inherited_repl_other=0 inherited_repl_bg=0 inherited_occ=0 inherited_unobs=3600 session_sup=0 session_con=0 session_samples=0 cur_verts=10800 candidate_verts=0
1473,EVIDENCE,EVIDENCE inst=7 inherited_support=0 inherited_contradiction=0 session_support=0 session_contradiction=0 inherited_absent_flag=0 cur_verts=10800 observed_verts=0
1474,STATE_EVIDENCE_WINDOW,STATE_EVIDENCE_WINDOW inst=10 after=1786279249400966000 latest_measured_support=0 through=1786279263000966000 projected=1 support=0 contradiction=7 reliable=386 reliable_in_view=0 reliable_seen_through=0 absence_llr=0 absent_samples=6 total_samples=666 absence_coverage_sufficient=0
1475,STATE_SLICE,STATE_SLICE inst=10 stamp=1786279263000966000 inherited_sup=0 inherited_con=7 inherited_samples=666 inherited_supported=0 inherited_free=0 inherited_repl_other=1 inherited_repl_bg=6 inherited_occ=38 inherited_unobs=596 session_sup=0 session_con=0 session_samples=0 cur_verts=24714 candidate_verts=0
1476,EVIDENCE,EVIDENCE inst=10 inherited_support=0 inherited_contradiction=7 session_support=0 session_contradiction=0 inherited_absent_flag=0 cur_verts=24714 observed_verts=0
1477,STATE_EVIDENCE_WINDOW,STATE_EVIDENCE_WINDOW inst=11 after=1786279256467644000 latest_measured_support=0 through=1786279263000966000 projected=0 support=0 contradiction=0 reliable=695 reliable_in_view=0 reliable_seen_through=0 absence_llr=1.0685 absent_samples=0 total_samples=12177 absence_coverage_sufficient=0
1478,STATE_SLICE,STATE_SLICE inst=11 stamp=1786279263000966000 inherited_sup=0 inherited_con=0 inherited_samples=12177 inherited_supported=0 inherited_free=0 inherited_repl_other=0 inherited_repl_bg=0 inherited_occ=0 inherited_unobs=12177 session_sup=0 session_con=0 session_samples=0 cur_verts=36531 candidate_verts=0
1479,EVIDENCE,EVIDENCE inst=11 inherited_support=0 inherited_contradiction=0 session_support=0 session_contradiction=0 inherited_absent_flag=0 cur_verts=36531 observed_verts=0
1480,STATE_EVIDENCE_WINDOW,STATE_EVIDENCE_WINDOW inst=13 after=1786279225167633000 latest_measured_support=0 through=1786279263000966000 projected=1 support=0 contradiction=14 reliable=352 reliable_in_view=0 reliable_seen_through=0 absence_llr=0 absent_samples=10 total_samples=255 absence_coverage_sufficient=0
1481,STATE_SLICE,STATE_SLICE inst=13 stamp=1786279263000966000 inherited_sup=0 inherited_con=14 inherited_samples=255 inherited_supported=0 inherited_free=0 inherited_repl_other=0 inherited_repl_bg=14 inherited_occ=16 inherited_unobs=142 session_sup=0 session_con=0 session_samples=0 cur_verts=9204 candidate_verts=0
1482,EVIDENCE,EVIDENCE inst=13 inherited_support=0 inherited_contradiction=14 session_support=0 session_contradiction=0 inherited_absent_flag=0 cur_verts=9204 observed_verts=0
1483,STATE_EVIDENCE_WINDOW,STATE_EVIDENCE_WINDOW inst=14 after=1786279236367666000 latest_measured_support=0 through=1786279263000966000 projected=0 support=0 contradiction=0 reliable=132 reliable_in_view=0 reliable_seen_through=0 absence_llr=0.789442 absent_samples=0 total_samples=2784 absence_coverage_sufficient=0
1484,STATE_SLICE,STATE_SLICE inst=14 stamp=1786279263000966000 inherited_sup=0 inherited_con=0 inherited_samples=2784 inherited_supported=0 inherited_free=0 inherited_repl_other=0 inherited_repl_bg=0 inherited_occ=0 inherited_unobs=2784 session_sup=0 session_con=0 session_samples=0 cur_verts=8352 candidate_verts=0
1485,EVIDENCE,EVIDENCE inst=14 inherited_support=0 inherited_contradiction=0 session_support=0 session_contradiction=0 inherited_absent_flag=0 cur_verts=8352 observed_verts=0
1486,STATE_EVIDENCE_WINDOW,STATE_EVIDENCE_WINDOW inst=16 after=1786279234067633000 latest_measured_support=0 through=1786279263000966000 projected=0 support=0 contradiction=0 reliable=489 reliable_in_view=0 reliable_seen_through=0 absence_llr=0 absent_samples=0 total_samples=4406 absence_coverage_sufficient=0
1487,STATE_SLICE,STATE_SLICE inst=16 stamp=1786279263000966000 inherited_sup=0 inherited_con=0 inherited_samples=4406 inherited_supported=0 inherited_free=0 inherited_repl_other=0 inherited_repl_bg=0 inherited_occ=0 inherited_unobs=4406 session_sup=0 session_con=0 session_samples=0 cur_verts=13218 candidate_verts=0
1488,EVIDENCE,EVIDENCE inst=16 inherited_support=0 inherited_contradiction=0 session_support=0 session_contradiction=0 inherited_absent_flag=0 cur_verts=13218 observed_verts=0
1489,STATE_EVIDENCE_WINDOW,STATE_EVIDENCE_WINDOW inst=17 after=1786279239934311000 latest_measured_support=0 through=1786279263000966000 projected=1 support=0 contradiction=14 reliable=650 reliable_in_view=0 reliable_seen_through=0 absence_llr=0 absent_samples=14 total_samples=314 absence_coverage_sufficient=0
1490,STATE_SLICE,STATE_SLICE inst=17 stamp=1786279263000966000 inherited_sup=0 inherited_con=14 inherited_samples=314 inherited_supported=0 inherited_free=0 inherited_repl_other=0 inherited_repl_bg=14 inherited_occ=2 inherited_unobs=296 session_sup=0 session_con=0 session_samples=0 cur_verts=17130 candidate_verts=0
1491,EVIDENCE,EVIDENCE inst=17 inherited_support=0 inherited_contradiction=14 session_support=0 session_contradiction=0 inherited_absent_flag=0 cur_verts=17130 observed_verts=0
1492,STATE_EVIDENCE_WINDOW,STATE_EVIDENCE_WINDOW inst=18 after=1786279224667644000 latest_measured_support=0 through=1786279263000966000 projected=1 support=0 contradiction=25 reliable=485 reliable_in_view=0 reliable_seen_through=0 absence_llr=0 absent_samples=20 total_samples=332 absence_coverage_sufficient=0
1493,STATE_SLICE,STATE_SLICE inst=18 stamp=1786279263000966000 inherited_sup=0 inherited_con=25 inherited_samples=332 inherited_supported=0 inherited_free=24 inherited_repl_other=0 inherited_repl_bg=1 inherited_occ=5 inherited_unobs=304 session_sup=0 session_con=0 session_samples=0 cur_verts=13425 candidate_verts=0
1494,EVIDENCE,EVIDENCE inst=18 inherited_support=0 inherited_contradiction=25 session_support=0 session_contradiction=0 inherited_absent_flag=0 cur_verts=13425 observed_verts=0
1495,STATE_EVIDENCE_WINDOW,STATE_EVIDENCE_WINDOW inst=19 after=1786279256734300000 latest_measured_support=0 through=1786279263000966000 projected=0 support=0 contradiction=0 reliable=377 reliable_in_view=0 reliable_seen_through=0 absence_llr=0.793424 absent_samples=0 total_samples=5420 absence_coverage_sufficient=0
1496,STATE_SLICE,STATE_SLICE inst=19 stamp=1786279263000966000 inherited_sup=0 inherited_con=0 inherited_samples=5420 inherited_supported=0 inherited_free=0 inherited_repl_other=0 inherited_repl_bg=0 inherited_occ=0 inherited_unobs=5420 session_sup=0 session_con=0 session_samples=0 cur_verts=16260 candidate_verts=0
1497,EVIDENCE,EVIDENCE inst=19 inherited_support=0 inherited_contradiction=0 session_support=0 session_contradiction=0 inherited_absent_flag=0 cur_verts=16260 observed_verts=0
1498,STATE_EVIDENCE_WINDOW,STATE_EVIDENCE_WINDOW inst=20 after=1786279247834311000 latest_measured_support=0 through=1786279263000966000 projected=0 support=0 contradiction=0 reliable=0 reliable_in_view=0 reliable_seen_through=0 absence_llr=0 absent_samples=0 total_samples=30 absence_coverage_sufficient=0
1499,STATE_SLICE,STATE_SLICE inst=20 stamp=1786279263000966000 inherited_sup=0 inherited_con=0 inherited_samples=30 inherited_supported=0 inherited_free=0 inherited_repl_other=0 inherited_repl_bg=0 inherited_occ=0 inherited_unobs=30 session_sup=0 session_con=0 session_samples=0 cur_verts=90 candidate_verts=0
1500,EVIDENCE,EVIDENCE inst=20 inherited_support=0 inherited_contradiction=0 session_support=0 session_contradiction=0 inherited_absent_flag=0 cur_verts=90 observed_verts=0
1502,STATE_EVIDENCE_WINDOW,STATE_EVIDENCE_WINDOW inst=1 after=1786279259167633000 latest_measured_support=1786279260000977000 through=1786279265100988000 projected=0 support=173 contradiction=13 reliable=1137 reliable_in_view=449 reliable_seen_through=24 absence_llr=0 absent_samples=0 total_samples=25471 absence_coverage_sufficient=0
1503,STATE_SLICE,STATE_SLICE inst=1 stamp=1786279265100988000 inherited_sup=173 inherited_con=13 inherited_samples=25471 inherited_supported=12429 inherited_free=0 inherited_repl_other=0 inherited_repl_bg=353 inherited_occ=723 inherited_unobs=10183 session_sup=0 session_con=0 session_samples=0 cur_verts=76413 candidate_verts=0
1504,EVIDENCE,EVIDENCE inst=1 inherited_support=173 inherited_contradiction=13 session_support=0 session_contradiction=0 inherited_absent_flag=0 cur_verts=76413 observed_verts=0
1505,MOBILITY_PRIOR,MOBILITY_PRIOR inst=1 session=0 class=7 changes=0 continuations=0 alpha=0.25 beta=1.75 q=0.125
1506,MOBILITY_PRIOR,MOBILITY_PRIOR inst=1 session=0 class=7 changes=0 continuations=0 alpha=0.25 beta=1.75 q=0.125
1507,TOP_ABSORB,TOP_ABSORB inst=1 geom=0 support=173 high_mobility=0 absorb=1
1508,STATE_EVIDENCE_WINDOW,STATE_EVIDENCE_WINDOW inst=3 after=1786279250134300000 latest_measured_support=1786279265100988000 through=1786279265100988000 projected=1 support=73 contradiction=52 reliable=85 reliable_in_view=2 reliable_seen_through=0 absence_llr=0.682088 absent_samples=52 total_samples=772 absence_coverage_sufficient=0
1509,STATE_SLICE,STATE_SLICE inst=3 stamp=1786279265100988000 inherited_sup=73 inherited_con=52 inherited_samples=772 inherited_supported=76 inherited_free=12 inherited_repl_other=12 inherited_repl_bg=28 inherited_occ=103 inherited_unobs=0 session_sup=0 session_con=0 session_samples=0 cur_verts=31335 candidate_verts=0
1510,EVIDENCE,EVIDENCE inst=3 inherited_support=73 inherited_contradiction=52 session_support=0 session_contradiction=0 inherited_absent_flag=0 cur_verts=31335 observed_verts=0
1511,MOBILITY_PRIOR,MOBILITY_PRIOR inst=3 session=0 class=15 changes=0 continuations=2 alpha=0.1875 beta=1.8125 q=0.046875
1512,MOBILITY_PRIOR,MOBILITY_PRIOR inst=3 session=0 class=15 changes=0 continuations=2 alpha=0.1875 beta=1.8125 q=0.046875
1513,TOP_ABSORB,TOP_ABSORB inst=3 geom=0 support=73 high_mobility=0 absorb=1
1514,STATE_EVIDENCE_WINDOW,STATE_EVIDENCE_WINDOW inst=4 after=1786279251300966000 latest_measured_support=1786279265100988000 through=1786279265100988000 projected=1 support=1128 contradiction=102 reliable=1243 reliable_in_view=482 reliable_seen_through=36 absence_llr=0 absent_samples=68 total_samples=1422 absence_coverage_sufficient=0
1515,STATE_SLICE,STATE_SLICE inst=4 stamp=1786279265100988000 inherited_sup=1128 inherited_con=102 inherited_samples=1422 inherited_supported=1136 inherited_free=106 inherited_repl_other=0 inherited_repl_bg=0 inherited_occ=468 inherited_unobs=14 session_sup=0 session_con=0 session_samples=0 cur_verts=43059 candidate_verts=0
1516,EVIDENCE,EVIDENCE inst=4 inherited_support=1128 inherited_contradiction=102 session_support=0 session_contradiction=0 inherited_absent_flag=0 cur_verts=43059 observed_verts=0
1517,MOBILITY_PRIOR,MOBILITY_PRIOR inst=4 session=0 class=24 changes=0 continuations=0 alpha=0.25 beta=1.75 q=0.125
1518,MOBILITY_PRIOR,MOBILITY_PRIOR inst=4 session=0 class=24 changes=0 continuations=0 alpha=0.25 beta=1.75 q=0.125
1519,TOP_ABSORB,TOP_ABSORB inst=4 geom=0 support=1128 high_mobility=0 absorb=1
1520,STATE_EVIDENCE_WINDOW,STATE_EVIDENCE_WINDOW inst=5 after=1786279246134300000 latest_measured_support=1786279265100988000 through=1786279265100988000 projected=1 support=1 contradiction=0 reliable=514 reliable_in_view=0 reliable_seen_through=0 absence_llr=0 absent_samples=0 total_samples=299 absence_coverage_sufficient=0
1521,STATE_SLICE,STATE_SLICE inst=5 stamp=1786279265100988000 inherited_sup=1 inherited_con=0 inherited_samples=299 inherited_supported=1 inherited_free=0 inherited_repl_other=0 inherited_repl_bg=0 inherited_occ=9 inherited_unobs=0 session_sup=0 session_con=0 session_samples=0 cur_verts=8715 candidate_verts=0
1522,EVIDENCE,EVIDENCE inst=5 inherited_support=1 inherited_contradiction=0 session_support=0 session_contradiction=0 inherited_absent_flag=0 cur_verts=8715 observed_verts=0
1523,MOBILITY_PRIOR,MOBILITY_PRIOR inst=5 session=0 class=33 changes=0 continuations=0 alpha=0.25 beta=1.75 q=0.125
1524,MOBILITY_PRIOR,MOBILITY_PRIOR inst=5 session=0 class=33 changes=0 continuations=0 alpha=0.25 beta=1.75 q=0.125
1525,TOP_ABSORB,TOP_ABSORB inst=5 geom=0 support=1 high_mobility=0 absorb=1
1526,STATE_EVIDENCE_WINDOW,STATE_EVIDENCE_WINDOW inst=6 after=1786279238500966000 latest_measured_support=0 through=1786279265100988000 projected=0 support=0 contradiction=0 reliable=214 reliable_in_view=0 reliable_seen_through=0 absence_llr=2.24525 absent_samples=0 total_samples=28393 absence_coverage_sufficient=0
1527,STATE_SLICE,STATE_SLICE inst=6 stamp=1786279265100988000 inherited_sup=0 inherited_con=0 inherited_samples=28393 inherited_supported=0 inherited_free=0 inherited_repl_other=0 inherited_repl_bg=0 inherited_occ=0 inherited_unobs=28393 session_sup=0 session_con=0 session_samples=0 cur_verts=85179 candidate_verts=0
1528,EVIDENCE,EVIDENCE inst=6 inherited_support=0 inherited_contradiction=0 session_support=0 session_contradiction=0 inherited_absent_flag=0 cur_verts=85179 observed_verts=0
1529,STATE_EVIDENCE_WINDOW,STATE_EVIDENCE_WINDOW inst=7 after=1786279248867644000 latest_measured_support=1786279265100988000 through=1786279265100988000 projected=1 support=32 contradiction=43 reliable=87 reliable_in_view=15 reliable_seen_through=0 absence_llr=0.0680023 absent_samples=45 total_samples=358 absence_coverage_sufficient=0
1530,STATE_SLICE,STATE_SLICE inst=7 stamp=1786279265100988000 inherited_sup=32 inherited_con=43 inherited_samples=358 inherited_supported=33 inherited_free=30 inherited_repl_other=1 inherited_repl_bg=14 inherited_occ=25 inherited_unobs=0 session_sup=0 session_con=0 session_samples=0 cur_verts=10800 candidate_verts=0
1531,EVIDENCE,EVIDENCE inst=7 inherited_support=32 inherited_contradiction=43 session_support=0 session_contradiction=0 inherited_absent_flag=0 cur_verts=10800 observed_verts=0
1532,MOBILITY_PRIOR,MOBILITY_PRIOR inst=7 session=0 class=74 changes=0 continuations=1 alpha=0.176471 beta=1.82353 q=0.0588235
1533,MOBILITY_PRIOR,MOBILITY_PRIOR inst=7 session=0 class=74 changes=0 continuations=1 alpha=0.176471 beta=1.82353 q=0.0588235
1534,TOP_ABSORB,TOP_ABSORB inst=7 geom=0 support=32 high_mobility=0 absorb=1
1535,STATE_EVIDENCE_WINDOW,STATE_EVIDENCE_WINDOW inst=10 after=1786279249400966000 latest_measured_support=0 through=1786279265100988000 projected=1 support=0 contradiction=74 reliable=386 reliable_in_view=22 reliable_seen_through=22 absence_llr=0 absent_samples=79 total_samples=666 absence_coverage_sufficient=0
1536,STATE_SLICE,STATE_SLICE inst=10 stamp=1786279265100988000 inherited_sup=0 inherited_con=74 inherited_samples=666 inherited_supported=0 inherited_free=4 inherited_repl_other=28 inherited_repl_bg=48 inherited_occ=158 inherited_unobs=204 session_sup=0 session_con=0 session_samples=0 cur_verts=24714 candidate_verts=0
1537,EVIDENCE,EVIDENCE inst=10 inherited_support=0 inherited_contradiction=74 session_support=0 session_contradiction=0 inherited_absent_flag=0 cur_verts=24714 observed_verts=0
1538,STATE_EVIDENCE_WINDOW,STATE_EVIDENCE_WINDOW inst=11 after=1786279256467644000 latest_measured_support=0 through=1786279265100988000 projected=0 support=0 contradiction=0 reliable=695 reliable_in_view=0 reliable_seen_through=0 absence_llr=1.0685 absent_samples=0 total_samples=12177 absence_coverage_sufficient=0
1539,STATE_SLICE,STATE_SLICE inst=11 stamp=1786279265100988000 inherited_sup=0 inherited_con=0 inherited_samples=12177 inherited_supported=0 inherited_free=0 inherited_repl_other=0 inherited_repl_bg=0 inherited_occ=0 inherited_unobs=12177 session_sup=0 session_con=0 session_samples=0 cur_verts=36531 candidate_verts=0
1540,EVIDENCE,EVIDENCE inst=11 inherited_support=0 inherited_contradiction=0 session_support=0 session_contradiction=0 inherited_absent_flag=0 cur_verts=36531 observed_verts=0
1541,STATE_EVIDENCE_WINDOW,STATE_EVIDENCE_WINDOW inst=13 after=1786279225167633000 latest_measured_support=0 through=1786279265100988000 projected=1 support=0 contradiction=14 reliable=352 reliable_in_view=0 reliable_seen_through=0 absence_llr=0 absent_samples=10 total_samples=255 absence_coverage_sufficient=0
1542,STATE_SLICE,STATE_SLICE inst=13 stamp=1786279265100988000 inherited_sup=0 inherited_con=14 inherited_samples=255 inherited_supported=0 inherited_free=0 inherited_repl_other=0 inherited_repl_bg=14 inherited_occ=16 inherited_unobs=142 session_sup=0 session_con=0 session_samples=0 cur_verts=9204 candidate_verts=0
1543,EVIDENCE,EVIDENCE inst=13 inherited_support=0 inherited_contradiction=14 session_support=0 session_contradiction=0 inherited_absent_flag=0 cur_verts=9204 observed_verts=0
1544,STATE_EVIDENCE_WINDOW,STATE_EVIDENCE_WINDOW inst=14 after=1786279236367666000 latest_measured_support=0 through=1786279265100988000 projected=0 support=0 contradiction=0 reliable=132 reliable_in_view=0 reliable_seen_through=0 absence_llr=0.789442 absent_samples=0 total_samples=2784 absence_coverage_sufficient=0
1545,STATE_SLICE,STATE_SLICE inst=14 stamp=1786279265100988000 inherited_sup=0 inherited_con=0 inherited_samples=2784 inherited_supported=0 inherited_free=0 inherited_repl_other=0 inherited_repl_bg=0 inherited_occ=0 inherited_unobs=2784 session_sup=0 session_con=0 session_samples=0 cur_verts=8352 candidate_verts=0
1546,EVIDENCE,EVIDENCE inst=14 inherited_support=0 inherited_contradiction=0 session_support=0 session_contradiction=0 inherited_absent_flag=0 cur_verts=8352 observed_verts=0
1547,STATE_EVIDENCE_WINDOW,STATE_EVIDENCE_WINDOW inst=16 after=1786279234067633000 latest_measured_support=0 through=1786279265100988000 projected=0 support=0 contradiction=0 reliable=489 reliable_in_view=0 reliable_seen_through=0 absence_llr=0 absent_samples=0 total_samples=4406 absence_coverage_sufficient=0
1548,STATE_SLICE,STATE_SLICE inst=16 stamp=1786279265100988000 inherited_sup=0 inherited_con=0 inherited_samples=4406 inherited_supported=0 inherited_free=0 inherited_repl_other=0 inherited_repl_bg=0 inherited_occ=0 inherited_unobs=4406 session_sup=0 session_con=0 session_samples=0 cur_verts=13218 candidate_verts=0
1549,EVIDENCE,EVIDENCE inst=16 inherited_support=0 inherited_contradiction=0 session_support=0 session_contradiction=0 inherited_absent_flag=0 cur_verts=13218 observed_verts=0
1550,STATE_EVIDENCE_WINDOW,STATE_EVIDENCE_WINDOW inst=17 after=1786279239934311000 latest_measured_support=0 through=1786279265100988000 projected=1 support=0 contradiction=14 reliable=650 reliable_in_view=0 reliable_seen_through=0 absence_llr=0 absent_samples=14 total_samples=314 absence_coverage_sufficient=0
1551,STATE_SLICE,STATE_SLICE inst=17 stamp=1786279265100988000 inherited_sup=0 inherited_con=14 inherited_samples=314 inherited_supported=0 inherited_free=0 inherited_repl_other=0 inherited_repl_bg=14 inherited_occ=2 inherited_unobs=296 session_sup=0 session_con=0 session_samples=0 cur_verts=17130 candidate_verts=0
1552,EVIDENCE,EVIDENCE inst=17 inherited_support=0 inherited_contradiction=14 session_support=0 session_contradiction=0 inherited_absent_flag=0 cur_verts=17130 observed_verts=0
1553,STATE_EVIDENCE_WINDOW,STATE_EVIDENCE_WINDOW inst=18 after=1786279224667644000 latest_measured_support=0 through=1786279265100988000 projected=1 support=0 contradiction=25 reliable=485 reliable_in_view=0 reliable_seen_through=0 absence_llr=0 absent_samples=20 total_samples=332 absence_coverage_sufficient=0
1554,STATE_SLICE,STATE_SLICE inst=18 stamp=1786279265100988000 inherited_sup=0 inherited_con=25 inherited_samples=332 inherited_supported=0 inherited_free=24 inherited_repl_other=0 inherited_repl_bg=1 inherited_occ=5 inherited_unobs=304 session_sup=0 session_con=0 session_samples=0 cur_verts=13425 candidate_verts=0
1555,EVIDENCE,EVIDENCE inst=18 inherited_support=0 inherited_contradiction=25 session_support=0 session_contradiction=0 inherited_absent_flag=0 cur_verts=13425 observed_verts=0
1556,STATE_EVIDENCE_WINDOW,STATE_EVIDENCE_WINDOW inst=19 after=1786279256734300000 latest_measured_support=0 through=1786279265100988000 projected=0 support=0 contradiction=0 reliable=377 reliable_in_view=0 reliable_seen_through=0 absence_llr=0.793424 absent_samples=0 total_samples=5420 absence_coverage_sufficient=0
1557,STATE_SLICE,STATE_SLICE inst=19 stamp=1786279265100988000 inherited_sup=0 inherited_con=0 inherited_samples=5420 inherited_supported=0 inherited_free=0 inherited_repl_other=0 inherited_repl_bg=0 inherited_occ=0 inherited_unobs=5420 session_sup=0 session_con=0 session_samples=0 cur_verts=16260 candidate_verts=0
1558,EVIDENCE,EVIDENCE inst=19 inherited_support=0 inherited_contradiction=0 session_support=0 session_contradiction=0 inherited_absent_flag=0 cur_verts=16260 observed_verts=0
1559,STATE_EVIDENCE_WINDOW,STATE_EVIDENCE_WINDOW inst=20 after=1786279247834311000 latest_measured_support=0 through=1786279265100988000 projected=1 support=0 contradiction=1 reliable=0 reliable_in_view=0 reliable_seen_through=0 absence_llr=0 absent_samples=1 total_samples=14 absence_coverage_sufficient=0
1560,STATE_SLICE,STATE_SLICE inst=20 stamp=1786279265100988000 inherited_sup=0 inherited_con=1 inherited_samples=14 inherited_supported=0 inherited_free=1 inherited_repl_other=0 inherited_repl_bg=0 inherited_occ=3 inherited_unobs=0 session_sup=0 session_con=0 session_samples=0 cur_verts=90 candidate_verts=0
1561,EVIDENCE,EVIDENCE inst=20 inherited_support=0 inherited_contradiction=1 session_support=0 session_contradiction=0 inherited_absent_flag=0 cur_verts=90 observed_verts=0
1567,STATE_EVIDENCE_WINDOW,STATE_EVIDENCE_WINDOW inst=1 after=1786279260000977000 latest_measured_support=1786279267234311000 through=1786279267234311000 projected=1 support=6153 contradiction=1089 reliable=1125 reliable_in_view=221 reliable_seen_through=9 absence_llr=0 absent_samples=231 total_samples=2352 absence_coverage_sufficient=0
1568,STATE_SLICE,STATE_SLICE inst=1 stamp=1786279267234311000 inherited_sup=6153 inherited_con=1089 inherited_samples=2352 inherited_supported=6186 inherited_free=247 inherited_repl_other=0 inherited_repl_bg=859 inherited_occ=1373 inherited_unobs=428 session_sup=0 session_con=0 session_samples=0 cur_verts=76413 candidate_verts=0
1569,EVIDENCE,EVIDENCE inst=1 inherited_support=6153 inherited_contradiction=1089 session_support=0 session_contradiction=0 inherited_absent_flag=0 cur_verts=76413 observed_verts=0
1570,MOBILITY_PRIOR,MOBILITY_PRIOR inst=1 session=0 class=7 changes=0 continuations=0 alpha=0.25 beta=1.75 q=0.125
1571,MOBILITY_PRIOR,MOBILITY_PRIOR inst=1 session=0 class=7 changes=0 continuations=0 alpha=0.25 beta=1.75 q=0.125
1572,TOP_ABSORB,TOP_ABSORB inst=1 geom=0 support=6153 high_mobility=0 absorb=1
1573,STATE_EVIDENCE_WINDOW,STATE_EVIDENCE_WINDOW inst=3 after=1786279265100988000 latest_measured_support=1786279267234311000 through=1786279267234311000 projected=1 support=477 contradiction=434 reliable=152 reliable_in_view=81 reliable_seen_through=7 absence_llr=0.0556804 absent_samples=133 total_samples=772 absence_coverage_sufficient=0
1574,STATE_SLICE,STATE_SLICE inst=3 stamp=1786279267234311000 inherited_sup=477 inherited_con=434 inherited_samples=772 inherited_supported=506 inherited_free=252 inherited_repl_other=31 inherited_repl_bg=162 inherited_occ=529 inherited_unobs=0 session_sup=0 session_con=0 session_samples=0 cur_verts=31335 candidate_verts=0
1575,EVIDENCE,EVIDENCE inst=3 inherited_support=477 inherited_contradiction=434 session_support=0 session_contradiction=0 inherited_absent_flag=0 cur_verts=31335 observed_verts=0
1576,MOBILITY_PRIOR,MOBILITY_PRIOR inst=3 session=0 class=15 changes=0 continuations=2 alpha=0.1875 beta=1.8125 q=0.046875
1577,MOBILITY_PRIOR,MOBILITY_PRIOR inst=3 session=0 class=15 changes=0 continuations=2 alpha=0.1875 beta=1.8125 q=0.046875
1578,TOP_ABSORB,TOP_ABSORB inst=3 geom=0 support=477 high_mobility=0 absorb=1
1579,STATE_EVIDENCE_WINDOW,STATE_EVIDENCE_WINDOW inst=4 after=1786279265100988000 latest_measured_support=1786279267234311000 through=1786279267234311000 projected=1 support=4179 contradiction=204 reliable=1229 reliable_in_view=681 reliable_seen_through=6 absence_llr=0 absent_samples=54 total_samples=1422 absence_coverage_sufficient=0
1580,STATE_SLICE,STATE_SLICE inst=4 stamp=1786279267234311000 inherited_sup=4179 inherited_con=204 inherited_samples=1422 inherited_supported=4226 inherited_free=210 inherited_repl_other=8 inherited_repl_bg=1 inherited_occ=1278 inherited_unobs=0 session_sup=0 session_con=0 session_samples=0 cur_verts=43059 candidate_verts=0
1581,EVIDENCE,EVIDENCE inst=4 inherited_support=4179 inherited_contradiction=204 session_support=0 session_contradiction=0 inherited_absent_flag=0 cur_verts=43059 observed_verts=0
1582,MOBILITY_PRIOR,MOBILITY_PRIOR inst=4 session=0 class=24 changes=0 continuations=0 alpha=0.25 beta=1.75 q=0.125
1583,MOBILITY_PRIOR,MOBILITY_PRIOR inst=4 session=0 class=24 changes=0 continuations=0 alpha=0.25 beta=1.75 q=0.125
1584,TOP_ABSORB,TOP_ABSORB inst=4 geom=0 support=4179 high_mobility=0 absorb=1
1585,STATE_EVIDENCE_WINDOW,STATE_EVIDENCE_WINDOW inst=5 after=1786279265100988000 latest_measured_support=1786279267234311000 through=1786279267234311000 projected=1 support=9 contradiction=190 reliable=514 reliable_in_view=116 reliable_seen_through=66 absence_llr=0.681611 absent_samples=58 total_samples=299 absence_coverage_sufficient=0
1586,STATE_SLICE,STATE_SLICE inst=5 stamp=1786279267234311000 inherited_sup=9 inherited_con=190 inherited_samples=299 inherited_supported=9 inherited_free=23 inherited_repl_other=25 inherited_repl_bg=154 inherited_occ=280 inherited_unobs=0 session_sup=0 session_con=0 session_samples=0 cur_verts=8715 candidate_verts=0
1587,EVIDENCE,EVIDENCE inst=5 inherited_support=9 inherited_contradiction=190 session_support=0 session_contradiction=0 inherited_absent_flag=0 cur_verts=8715 observed_verts=0
1588,MOBILITY_PRIOR,MOBILITY_PRIOR inst=5 session=0 class=33 changes=0 continuations=0 alpha=0.25 beta=1.75 q=0.125
1589,MOBILITY_PRIOR,MOBILITY_PRIOR inst=5 session=0 class=33 changes=0 continuations=0 alpha=0.25 beta=1.75 q=0.125
1590,TOP_ABSORB,TOP_ABSORB inst=5 geom=0 support=9 high_mobility=0 absorb=1
1591,STATE_EVIDENCE_WINDOW,STATE_EVIDENCE_WINDOW inst=6 after=1786279238500966000 latest_measured_support=0 through=1786279267234311000 projected=0 support=0 contradiction=0 reliable=214 reliable_in_view=0 reliable_seen_through=0 absence_llr=2.24525 absent_samples=0 total_samples=28393 absence_coverage_sufficient=0
1592,STATE_SLICE,STATE_SLICE inst=6 stamp=1786279267234311000 inherited_sup=0 inherited_con=0 inherited_samples=28393 inherited_supported=0 inherited_free=0 inherited_repl_other=0 inherited_repl_bg=0 inherited_occ=0 inherited_unobs=28393 session_sup=0 session_con=0 session_samples=0 cur_verts=85179 candidate_verts=0
1593,EVIDENCE,EVIDENCE inst=6 inherited_support=0 inherited_contradiction=0 session_support=0 session_contradiction=0 inherited_absent_flag=0 cur_verts=85179 observed_verts=0
1594,STATE_EVIDENCE_WINDOW,STATE_EVIDENCE_WINDOW inst=7 after=1786279265100988000 latest_measured_support=1786279267234311000 through=1786279267234311000 projected=1 support=178 contradiction=214 reliable=93 reliable_in_view=53 reliable_seen_through=7 absence_llr=0 absent_samples=60 total_samples=358 absence_coverage_sufficient=0
1595,STATE_SLICE,STATE_SLICE inst=7 stamp=1786279267234311000 inherited_sup=178 inherited_con=214 inherited_samples=358 inherited_supported=192 inherited_free=150 inherited_repl_other=0 inherited_repl_bg=71 inherited_occ=151 inherited_unobs=0 session_sup=0 session_con=0 session_samples=0 cur_verts=10800 candidate_verts=0
1596,EVIDENCE,EVIDENCE inst=7 inherited_support=178 inherited_contradiction=214 session_support=0 session_contradiction=0 inherited_absent_flag=0 cur_verts=10800 observed_verts=0
1597,MOBILITY_PRIOR,MOBILITY_PRIOR inst=7 session=0 class=74 changes=0 continuations=1 alpha=0.176471 beta=1.82353 q=0.0588235
1598,MOBILITY_PRIOR,MOBILITY_PRIOR inst=7 session=0 class=74 changes=0 continuations=1 alpha=0.176471 beta=1.82353 q=0.0588235
1599,TOP_ABSORB,TOP_ABSORB inst=7 geom=0 support=178 high_mobility=0 absorb=1
1600,STATE_EVIDENCE_WINDOW,STATE_EVIDENCE_WINDOW inst=10 after=1786279249400966000 latest_measured_support=1786279267234311000 through=1786279267234311000 projected=1 support=50 contradiction=1062 reliable=386 reliable_in_view=119 reliable_seen_through=73 absence_llr=1.17248 absent_samples=293 total_samples=666 absence_coverage_sufficient=0
1601,STATE_SLICE,STATE_SLICE inst=10 stamp=1786279267234311000 inherited_sup=50 inherited_con=1062 inherited_samples=666 inherited_supported=50 inherited_free=692 inherited_repl_other=80 inherited_repl_bg=396 inherited_occ=863 inherited_unobs=0 session_sup=0 session_con=0 session_samples=0 cur_verts=24714 candidate_verts=0
1602,EVIDENCE,EVIDENCE inst=10 inherited_support=50 inherited_contradiction=1062 session_support=0 session_contradiction=0 inherited_absent_flag=0 cur_verts=24714 observed_verts=0
1603,MOBILITY_PRIOR,MOBILITY_PRIOR inst=10 session=0 class=75 changes=0 continuations=2 alpha=0.1875 beta=1.8125 q=0.046875
1604,MOBILITY_PRIOR,MOBILITY_PRIOR inst=10 session=0 class=75 changes=0 continuations=2 alpha=0.1875 beta=1.8125 q=0.046875
1605,TOP_ABSORB,TOP_ABSORB inst=10 geom=0 support=50 high_mobility=0 absorb=1
1606,STATE_EVIDENCE_WINDOW,STATE_EVIDENCE_WINDOW inst=11 after=1786279256467644000 latest_measured_support=0 through=1786279267234311000 projected=0 support=0 contradiction=0 reliable=695 reliable_in_view=0 reliable_seen_through=0 absence_llr=1.0685 absent_samples=0 total_samples=12177 absence_coverage_sufficient=0
1607,STATE_SLICE,STATE_SLICE inst=11 stamp=1786279267234311000 inherited_sup=0 inherited_con=0 inherited_samples=12177 inherited_supported=0 inherited_free=0 inherited_repl_other=0 inherited_repl_bg=0 inherited_occ=0 inherited_unobs=12177 session_sup=0 session_con=0 session_samples=0 cur_verts=36531 candidate_verts=0
1608,EVIDENCE,EVIDENCE inst=11 inherited_support=0 inherited_contradiction=0 session_support=0 session_contradiction=0 inherited_absent_flag=0 cur_verts=36531 observed_verts=0
1609,STATE_EVIDENCE_WINDOW,STATE_EVIDENCE_WINDOW inst=13 after=1786279225167633000 latest_measured_support=0 through=1786279267234311000 projected=1 support=0 contradiction=14 reliable=352 reliable_in_view=0 reliable_seen_through=0 absence_llr=0 absent_samples=10 total_samples=255 absence_coverage_sufficient=0
1610,STATE_SLICE,STATE_SLICE inst=13 stamp=1786279267234311000 inherited_sup=0 inherited_con=14 inherited_samples=255 inherited_supported=0 inherited_free=0 inherited_repl_other=0 inherited_repl_bg=14 inherited_occ=16 inherited_unobs=142 session_sup=0 session_con=0 session_samples=0 cur_verts=9204 candidate_verts=0
1611,EVIDENCE,EVIDENCE inst=13 inherited_support=0 inherited_contradiction=14 session_support=0 session_contradiction=0 inherited_absent_flag=0 cur_verts=9204 observed_verts=0
1612,STATE_EVIDENCE_WINDOW,STATE_EVIDENCE_WINDOW inst=14 after=1786279236367666000 latest_measured_support=0 through=1786279267234311000 projected=0 support=0 contradiction=0 reliable=132 reliable_in_view=0 reliable_seen_through=0 absence_llr=0.789442 absent_samples=0 total_samples=2784 absence_coverage_sufficient=0
1613,STATE_SLICE,STATE_SLICE inst=14 stamp=1786279267234311000 inherited_sup=0 inherited_con=0 inherited_samples=2784 inherited_supported=0 inherited_free=0 inherited_repl_other=0 inherited_repl_bg=0 inherited_occ=0 inherited_unobs=2784 session_sup=0 session_con=0 session_samples=0 cur_verts=8352 candidate_verts=0
1614,EVIDENCE,EVIDENCE inst=14 inherited_support=0 inherited_contradiction=0 session_support=0 session_contradiction=0 inherited_absent_flag=0 cur_verts=8352 observed_verts=0
1615,STATE_EVIDENCE_WINDOW,STATE_EVIDENCE_WINDOW inst=16 after=1786279234067633000 latest_measured_support=0 through=1786279267234311000 projected=0 support=0 contradiction=0 reliable=489 reliable_in_view=0 reliable_seen_through=0 absence_llr=0 absent_samples=0 total_samples=4406 absence_coverage_sufficient=0
1616,STATE_SLICE,STATE_SLICE inst=16 stamp=1786279267234311000 inherited_sup=0 inherited_con=0 inherited_samples=4406 inherited_supported=0 inherited_free=0 inherited_repl_other=0 inherited_repl_bg=0 inherited_occ=0 inherited_unobs=4406 session_sup=0 session_con=0 session_samples=0 cur_verts=13218 candidate_verts=0
1617,EVIDENCE,EVIDENCE inst=16 inherited_support=0 inherited_contradiction=0 session_support=0 session_contradiction=0 inherited_absent_flag=0 cur_verts=13218 observed_verts=0
1618,STATE_EVIDENCE_WINDOW,STATE_EVIDENCE_WINDOW inst=17 after=1786279239934311000 latest_measured_support=1786279267234311000 through=1786279267234311000 projected=1 support=186 contradiction=18 reliable=655 reliable_in_view=207 reliable_seen_through=0 absence_llr=0 absent_samples=12 total_samples=314 absence_coverage_sufficient=0
1619,STATE_SLICE,STATE_SLICE inst=17 stamp=1786279267234311000 inherited_sup=186 inherited_con=18 inherited_samples=314 inherited_supported=191 inherited_free=0 inherited_repl_other=0 inherited_repl_bg=18 inherited_occ=36 inherited_unobs=0 session_sup=0 session_con=0 session_samples=0 cur_verts=17130 candidate_verts=0
1620,EVIDENCE,EVIDENCE inst=17 inherited_support=186 inherited_contradiction=18 session_support=0 session_contradiction=0 inherited_absent_flag=0 cur_verts=17130 observed_verts=0
1621,MOBILITY_PRIOR,MOBILITY_PRIOR inst=17 session=0 class=115 changes=0 continuations=2 alpha=0.214286 beta=3.78571 q=0.0357143
1622,MOBILITY_PRIOR,MOBILITY_PRIOR inst=17 session=0 class=115 changes=0 continuations=2 alpha=0.214286 beta=3.78571 q=0.0357143
1623,TOP_ABSORB,TOP_ABSORB inst=17 geom=0 support=186 high_mobility=0 absorb=1
1624,STATE_EVIDENCE_WINDOW,STATE_EVIDENCE_WINDOW inst=18 after=1786279224667644000 latest_measured_support=0 through=1786279267234311000 projected=1 support=0 contradiction=25 reliable=485 reliable_in_view=0 reliable_seen_through=0 absence_llr=0 absent_samples=20 total_samples=332 absence_coverage_sufficient=0
1625,STATE_SLICE,STATE_SLICE inst=18 stamp=1786279267234311000 inherited_sup=0 inherited_con=25 inherited_samples=332 inherited_supported=0 inherited_free=24 inherited_repl_other=0 inherited_repl_bg=1 inherited_occ=5 inherited_unobs=304 session_sup=0 session_con=0 session_samples=0 cur_verts=13425 candidate_verts=0
1626,EVIDENCE,EVIDENCE inst=18 inherited_support=0 inherited_contradiction=25 session_support=0 session_contradiction=0 inherited_absent_flag=0 cur_verts=13425 observed_verts=0
1627,STATE_EVIDENCE_WINDOW,STATE_EVIDENCE_WINDOW inst=19 after=1786279256734300000 latest_measured_support=0 through=1786279267234311000 projected=0 support=0 contradiction=0 reliable=377 reliable_in_view=0 reliable_seen_through=0 absence_llr=0.793424 absent_samples=0 total_samples=5420 absence_coverage_sufficient=0
1628,STATE_SLICE,STATE_SLICE inst=19 stamp=1786279267234311000 inherited_sup=0 inherited_con=0 inherited_samples=5420 inherited_supported=0 inherited_free=0 inherited_repl_other=0 inherited_repl_bg=0 inherited_occ=0 inherited_unobs=5420 session_sup=0 session_con=0 session_samples=0 cur_verts=16260 candidate_verts=0
1629,EVIDENCE,EVIDENCE inst=19 inherited_support=0 inherited_contradiction=0 session_support=0 session_contradiction=0 inherited_absent_flag=0 cur_verts=16260 observed_verts=0
1630,STATE_EVIDENCE_WINDOW,STATE_EVIDENCE_WINDOW inst=20 after=1786279247834311000 latest_measured_support=0 through=1786279267234311000 projected=1 support=0 contradiction=6 reliable=0 reliable_in_view=0 reliable_seen_through=0 absence_llr=0 absent_samples=1 total_samples=14 absence_coverage_sufficient=0
1631,STATE_SLICE,STATE_SLICE inst=20 stamp=1786279267234311000 inherited_sup=0 inherited_con=6 inherited_samples=14 inherited_supported=0 inherited_free=6 inherited_repl_other=0 inherited_repl_bg=0 inherited_occ=3 inherited_unobs=0 session_sup=0 session_con=0 session_samples=0 cur_verts=90 candidate_verts=0
1632,EVIDENCE,EVIDENCE inst=20 inherited_support=0 inherited_contradiction=6 session_support=0 session_contradiction=0 inherited_absent_flag=0 cur_verts=90 observed_verts=0
1634,OBJECT_EXTRACTION_INPUT,OBJECT_EXTRACTION_INPUT inst=1 first=1786279247567633000 last=1786279268400966000 observations=606 dynamic=0 motion_history=0 last_motion=0 displacement=0 static_fallback=0
1635,STATIC_SURFACE_FRAMES,STATIC_SURFACE_FRAMES inst=1 candidates=98 selected=98 first=1786279258667655000 last=1786279268367644000
1641,STATE_EVIDENCE_WINDOW,STATE_EVIDENCE_WINDOW inst=1 after=1786279267234311000 latest_measured_support=1786279268100977000 through=1786279269400966000 projected=1 support=268 contradiction=44 reliable=1115 reliable_in_view=77 reliable_seen_through=0 absence_llr=0 absent_samples=29 total_samples=2352 absence_coverage_sufficient=0
1642,STATE_SLICE,STATE_SLICE inst=1 stamp=1786279269400966000 inherited_sup=268 inherited_con=44 inherited_samples=2352 inherited_supported=270 inherited_free=44 inherited_repl_other=0 inherited_repl_bg=0 inherited_occ=176 inherited_unobs=1922 session_sup=0 session_con=0 session_samples=0 cur_verts=76413 candidate_verts=0
1643,EVIDENCE,EVIDENCE inst=1 inherited_support=268 inherited_contradiction=44 session_support=0 session_contradiction=0 inherited_absent_flag=0 cur_verts=76413 observed_verts=0
1644,MOBILITY_PRIOR,MOBILITY_PRIOR inst=1 session=0 class=7 changes=0 continuations=0 alpha=0.25 beta=1.75 q=0.125
1645,MOBILITY_PRIOR,MOBILITY_PRIOR inst=1 session=0 class=7 changes=0 continuations=0 alpha=0.25 beta=1.75 q=0.125
1646,TOP_ABSORB,TOP_ABSORB inst=1 geom=0 support=268 high_mobility=0 absorb=1
1647,STATE_EVIDENCE_WINDOW,STATE_EVIDENCE_WINDOW inst=3 after=1786279267234311000 latest_measured_support=1786279269400966000 through=1786279269400966000 projected=1 support=676 contradiction=253 reliable=209 reliable_in_view=144 reliable_seen_through=4 absence_llr=0 absent_samples=92 total_samples=772 absence_coverage_sufficient=0
1648,STATE_SLICE,STATE_SLICE inst=3 stamp=1786279269400966000 inherited_sup=676 inherited_con=253 inherited_samples=772 inherited_supported=715 inherited_free=122 inherited_repl_other=49 inherited_repl_bg=87 inherited_occ=782 inherited_unobs=0 session_sup=0 session_con=0 session_samples=0 cur_verts=31335 candidate_verts=0
1649,EVIDENCE,EVIDENCE inst=3 inherited_support=676 inherited_contradiction=253 session_support=0 session_contradiction=0 inherited_absent_flag=0 cur_verts=31335 observed_verts=0
1650,MOBILITY_PRIOR,MOBILITY_PRIOR inst=3 session=0 class=15 changes=0 continuations=2 alpha=0.1875 beta=1.8125 q=0.046875
1651,MOBILITY_PRIOR,MOBILITY_PRIOR inst=3 session=0 class=15 changes=0 continuations=2 alpha=0.1875 beta=1.8125 q=0.046875
1652,TOP_ABSORB,TOP_ABSORB inst=3 geom=0 support=676 high_mobility=0 absorb=1
1653,STATE_EVIDENCE_WINDOW,STATE_EVIDENCE_WINDOW inst=4 after=1786279267234311000 latest_measured_support=1786279269400966000 through=1786279269400966000 projected=1 support=3415 contradiction=47 reliable=1243 reliable_in_view=732 reliable_seen_through=1 absence_llr=0 absent_samples=13 total_samples=1422 absence_coverage_sufficient=0
1654,STATE_SLICE,STATE_SLICE inst=4 stamp=1786279269400966000 inherited_sup=3415 inherited_con=47 inherited_samples=1422 inherited_supported=3441 inherited_free=51 inherited_repl_other=1 inherited_repl_bg=0 inherited_occ=292 inherited_unobs=0 session_sup=0 session_con=0 session_samples=0 cur_verts=43059 candidate_verts=0
1655,EVIDENCE,EVIDENCE inst=4 inherited_support=3415 inherited_contradiction=47 session_support=0 session_contradiction=0 inherited_absent_flag=0 cur_verts=43059 observed_verts=0
1656,MOBILITY_PRIOR,MOBILITY_PRIOR inst=4 session=0 class=24 changes=0 continuations=0 alpha=0.25 beta=1.75 q=0.125
1657,MOBILITY_PRIOR,MOBILITY_PRIOR inst=4 session=0 class=24 changes=0 continuations=0 alpha=0.25 beta=1.75 q=0.125
1658,TOP_ABSORB,TOP_ABSORB inst=4 geom=0 support=3415 high_mobility=0 absorb=1
1659,STATE_EVIDENCE_WINDOW,STATE_EVIDENCE_WINDOW inst=5 after=1786279267234311000 latest_measured_support=1786279269400966000 through=1786279269400966000 projected=1 support=15 contradiction=182 reliable=514 reliable_in_view=102 reliable_seen_through=52 absence_llr=0.771934 absent_samples=58 total_samples=299 absence_coverage_sufficient=0
1660,STATE_SLICE,STATE_SLICE inst=5 stamp=1786279269400966000 inherited_sup=15 inherited_con=182 inherited_samples=299 inherited_supported=15 inherited_free=9 inherited_repl_other=20 inherited_repl_bg=176 inherited_occ=222 inherited_unobs=0 session_sup=0 session_con=0 session_samples=0 cur_verts=8715 candidate_verts=0
1661,EVIDENCE,EVIDENCE inst=5 inherited_support=15 inherited_contradiction=182 session_support=0 session_contradiction=0 inherited_absent_flag=0 cur_verts=8715 observed_verts=0
1662,MOBILITY_PRIOR,MOBILITY_PRIOR inst=5 session=0 class=33 changes=0 continuations=0 alpha=0.25 beta=1.75 q=0.125
1663,MOBILITY_PRIOR,MOBILITY_PRIOR inst=5 session=0 class=33 changes=0 continuations=0 alpha=0.25 beta=1.75 q=0.125
1664,TOP_ABSORB,TOP_ABSORB inst=5 geom=0 support=15 high_mobility=0 absorb=1
1665,STATE_EVIDENCE_WINDOW,STATE_EVIDENCE_WINDOW inst=6 after=1786279238500966000 latest_measured_support=0 through=1786279269400966000 projected=0 support=0 contradiction=0 reliable=214 reliable_in_view=0 reliable_seen_through=0 absence_llr=2.24525 absent_samples=0 total_samples=28393 absence_coverage_sufficient=0
1666,STATE_SLICE,STATE_SLICE inst=6 stamp=1786279269400966000 inherited_sup=0 inherited_con=0 inherited_samples=28393 inherited_supported=0 inherited_free=0 inherited_repl_other=0 inherited_repl_bg=0 inherited_occ=0 inherited_unobs=28393 session_sup=0 session_con=0 session_samples=0 cur_verts=85179 candidate_verts=0
1667,EVIDENCE,EVIDENCE inst=6 inherited_support=0 inherited_contradiction=0 session_support=0 session_contradiction=0 inherited_absent_flag=0 cur_verts=85179 observed_verts=0
1668,STATE_EVIDENCE_WINDOW,STATE_EVIDENCE_WINDOW inst=7 after=1786279267234311000 latest_measured_support=1786279269400966000 through=1786279269400966000 projected=1 support=189 contradiction=160 reliable=95 reliable_in_view=25 reliable_seen_through=1 absence_llr=0 absent_samples=51 total_samples=358 absence_coverage_sufficient=0
1669,STATE_SLICE,STATE_SLICE inst=7 stamp=1786279269400966000 inherited_sup=189 inherited_con=160 inherited_samples=358 inherited_supported=201 inherited_free=74 inherited_repl_other=8 inherited_repl_bg=82 inherited_occ=230 inherited_unobs=0 session_sup=0 session_con=0 session_samples=0 cur_verts=10800 candidate_verts=0
1670,EVIDENCE,EVIDENCE inst=7 inherited_support=189 inherited_contradiction=160 session_support=0 session_contradiction=0 inherited_absent_flag=0 cur_verts=10800 observed_verts=0
1671,MOBILITY_PRIOR,MOBILITY_PRIOR inst=7 session=0 class=74 changes=0 continuations=1 alpha=0.176471 beta=1.82353 q=0.0588235
1672,MOBILITY_PRIOR,MOBILITY_PRIOR inst=7 session=0 class=74 changes=0 continuations=1 alpha=0.176471 beta=1.82353 q=0.0588235
1673,TOP_ABSORB,TOP_ABSORB inst=7 geom=0 support=189 high_mobility=0 absorb=1
1674,STATE_EVIDENCE_WINDOW,STATE_EVIDENCE_WINDOW inst=10 after=1786279267234311000 latest_measured_support=1786279269400966000 through=1786279269400966000 projected=1 support=357 contradiction=710 reliable=406 reliable_in_view=249 reliable_seen_through=32 absence_llr=0.736948 absent_samples=217 total_samples=666 absence_coverage_sufficient=0
1675,STATE_SLICE,STATE_SLICE inst=10 stamp=1786279269400966000 inherited_sup=357 inherited_con=710 inherited_samples=666 inherited_supported=364 inherited_free=376 inherited_repl_other=24 inherited_repl_bg=342 inherited_occ=748 inherited_unobs=0 session_sup=0 session_con=0 session_samples=0 cur_verts=24714 candidate_verts=0
1676,EVIDENCE,EVIDENCE inst=10 inherited_support=357 inherited_contradiction=710 session_support=0 session_contradiction=0 inherited_absent_flag=0 cur_verts=24714 observed_verts=0
1677,MOBILITY_PRIOR,MOBILITY_PRIOR inst=10 session=0 class=75 changes=0 continuations=2 alpha=0.1875 beta=1.8125 q=0.046875
1678,MOBILITY_PRIOR,MOBILITY_PRIOR inst=10 session=0 class=75 changes=0 continuations=2 alpha=0.1875 beta=1.8125 q=0.046875
1679,TOP_ABSORB,TOP_ABSORB inst=10 geom=0 support=357 high_mobility=0 absorb=1
1680,STATE_EVIDENCE_WINDOW,STATE_EVIDENCE_WINDOW inst=11 after=1786279256467644000 latest_measured_support=0 through=1786279269400966000 projected=0 support=0 contradiction=0 reliable=695 reliable_in_view=0 reliable_seen_through=0 absence_llr=1.0685 absent_samples=0 total_samples=12177 absence_coverage_sufficient=0
1681,STATE_SLICE,STATE_SLICE inst=11 stamp=1786279269400966000 inherited_sup=0 inherited_con=0 inherited_samples=12177 inherited_supported=0 inherited_free=0 inherited_repl_other=0 inherited_repl_bg=0 inherited_occ=0 inherited_unobs=12177 session_sup=0 session_con=0 session_samples=0 cur_verts=36531 candidate_verts=0
1682,EVIDENCE,EVIDENCE inst=11 inherited_support=0 inherited_contradiction=0 session_support=0 session_contradiction=0 inherited_absent_flag=0 cur_verts=36531 observed_verts=0
1683,STATE_EVIDENCE_WINDOW,STATE_EVIDENCE_WINDOW inst=13 after=1786279225167633000 latest_measured_support=0 through=1786279269400966000 projected=1 support=0 contradiction=14 reliable=352 reliable_in_view=0 reliable_seen_through=0 absence_llr=0 absent_samples=10 total_samples=255 absence_coverage_sufficient=0
1684,STATE_SLICE,STATE_SLICE inst=13 stamp=1786279269400966000 inherited_sup=0 inherited_con=14 inherited_samples=255 inherited_supported=0 inherited_free=0 inherited_repl_other=0 inherited_repl_bg=14 inherited_occ=16 inherited_unobs=142 session_sup=0 session_con=0 session_samples=0 cur_verts=9204 candidate_verts=0
1685,EVIDENCE,EVIDENCE inst=13 inherited_support=0 inherited_contradiction=14 session_support=0 session_contradiction=0 inherited_absent_flag=0 cur_verts=9204 observed_verts=0
1686,STATE_EVIDENCE_WINDOW,STATE_EVIDENCE_WINDOW inst=14 after=1786279236367666000 latest_measured_support=0 through=1786279269400966000 projected=0 support=0 contradiction=0 reliable=132 reliable_in_view=0 reliable_seen_through=0 absence_llr=0.789442 absent_samples=0 total_samples=2784 absence_coverage_sufficient=0
1687,STATE_SLICE,STATE_SLICE inst=14 stamp=1786279269400966000 inherited_sup=0 inherited_con=0 inherited_samples=2784 inherited_supported=0 inherited_free=0 inherited_repl_other=0 inherited_repl_bg=0 inherited_occ=0 inherited_unobs=2784 session_sup=0 session_con=0 session_samples=0 cur_verts=8352 candidate_verts=0
1688,EVIDENCE,EVIDENCE inst=14 inherited_support=0 inherited_contradiction=0 session_support=0 session_contradiction=0 inherited_absent_flag=0 cur_verts=8352 observed_verts=0
1689,STATE_EVIDENCE_WINDOW,STATE_EVIDENCE_WINDOW inst=16 after=1786279234067633000 latest_measured_support=1786279268967633000 through=1786279269400966000 projected=1 support=321 contradiction=14 reliable=502 reliable_in_view=239 reliable_seen_through=16 absence_llr=0 absent_samples=7 total_samples=262 absence_coverage_sufficient=0
1690,STATE_SLICE,STATE_SLICE inst=16 stamp=1786279269400966000 inherited_sup=321 inherited_con=14 inherited_samples=262 inherited_supported=338 inherited_free=0 inherited_repl_other=4 inherited_repl_bg=10 inherited_occ=30 inherited_unobs=0 session_sup=0 session_con=0 session_samples=0 cur_verts=13218 candidate_verts=0
1691,EVIDENCE,EVIDENCE inst=16 inherited_support=321 inherited_contradiction=14 session_support=0 session_contradiction=0 inherited_absent_flag=0 cur_verts=13218 observed_verts=0
1692,MOBILITY_PRIOR,MOBILITY_PRIOR inst=16 session=0 class=115 changes=0 continuations=1 alpha=0.214286 beta=4.78571 q=0.0357143
1693,MOBILITY_PRIOR,MOBILITY_PRIOR inst=16 session=0 class=115 changes=0 continuations=1 alpha=0.214286 beta=4.78571 q=0.0357143
1694,TOP_ABSORB,TOP_ABSORB inst=16 geom=0 support=321 high_mobility=0 absorb=1
1695,STATE_EVIDENCE_WINDOW,STATE_EVIDENCE_WINDOW inst=17 after=1786279267234311000 latest_measured_support=1786279269400966000 through=1786279269400966000 projected=1 support=932 contradiction=60 reliable=761 reliable_in_view=712 reliable_seen_through=10 absence_llr=0 absent_samples=20 total_samples=314 absence_coverage_sufficient=0
1696,STATE_SLICE,STATE_SLICE inst=17 stamp=1786279269400966000 inherited_sup=932 inherited_con=60 inherited_samples=314 inherited_supported=966 inherited_free=32 inherited_repl_other=0 inherited_repl_bg=32 inherited_occ=117 inherited_unobs=0 session_sup=0 session_con=0 session_samples=0 cur_verts=17130 candidate_verts=0
1697,EVIDENCE,EVIDENCE inst=17 inherited_support=932 inherited_contradiction=60 session_support=0 session_contradiction=0 inherited_absent_flag=0 cur_verts=17130 observed_verts=0
1698,MOBILITY_PRIOR,MOBILITY_PRIOR inst=17 session=0 class=115 changes=0 continuations=2 alpha=0.214286 beta=3.78571 q=0.0357143
1699,MOBILITY_PRIOR,MOBILITY_PRIOR inst=17 session=0 class=115 changes=0 continuations=2 alpha=0.214286 beta=3.78571 q=0.0357143
1700,TOP_ABSORB,TOP_ABSORB inst=17 geom=0 support=932 high_mobility=0 absorb=1
1701,STATE_EVIDENCE_WINDOW,STATE_EVIDENCE_WINDOW inst=18 after=1786279224667644000 latest_measured_support=0 through=1786279269400966000 projected=1 support=0 contradiction=25 reliable=485 reliable_in_view=0 reliable_seen_through=0 absence_llr=0 absent_samples=20 total_samples=332 absence_coverage_sufficient=0
1702,STATE_SLICE,STATE_SLICE inst=18 stamp=1786279269400966000 inherited_sup=0 inherited_con=25 inherited_samples=332 inherited_supported=0 inherited_free=24 inherited_repl_other=0 inherited_repl_bg=1 inherited_occ=5 inherited_unobs=304 session_sup=0 session_con=0 session_samples=0 cur_verts=13425 candidate_verts=0
1703,EVIDENCE,EVIDENCE inst=18 inherited_support=0 inherited_contradiction=25 session_support=0 session_contradiction=0 inherited_absent_flag=0 cur_verts=13425 observed_verts=0
1704,STATE_EVIDENCE_WINDOW,STATE_EVIDENCE_WINDOW inst=19 after=1786279256734300000 latest_measured_support=0 through=1786279269400966000 projected=0 support=0 contradiction=0 reliable=377 reliable_in_view=0 reliable_seen_through=0 absence_llr=0.793424 absent_samples=0 total_samples=5420 absence_coverage_sufficient=0
1705,STATE_SLICE,STATE_SLICE inst=19 stamp=1786279269400966000 inherited_sup=0 inherited_con=0 inherited_samples=5420 inherited_supported=0 inherited_free=0 inherited_repl_other=0 inherited_repl_bg=0 inherited_occ=0 inherited_unobs=5420 session_sup=0 session_con=0 session_samples=0 cur_verts=16260 candidate_verts=0
1706,EVIDENCE,EVIDENCE inst=19 inherited_support=0 inherited_contradiction=0 session_support=0 session_contradiction=0 inherited_absent_flag=0 cur_verts=16260 observed_verts=0
1707,STATE_EVIDENCE_WINDOW,STATE_EVIDENCE_WINDOW inst=20 after=1786279247834311000 latest_measured_support=0 through=1786279269400966000 projected=1 support=0 contradiction=6 reliable=0 reliable_in_view=0 reliable_seen_through=0 absence_llr=0 absent_samples=1 total_samples=14 absence_coverage_sufficient=0
1708,STATE_SLICE,STATE_SLICE inst=20 stamp=1786279269400966000 inherited_sup=0 inherited_con=6 inherited_samples=14 inherited_supported=0 inherited_free=6 inherited_repl_other=0 inherited_repl_bg=0 inherited_occ=12 inherited_unobs=0 session_sup=0 session_con=0 session_samples=0 cur_verts=90 candidate_verts=0
1709,EVIDENCE,EVIDENCE inst=20 inherited_support=0 inherited_contradiction=6 session_support=0 session_contradiction=0 inherited_absent_flag=0 cur_verts=90 observed_verts=0
1711,STATE_EVIDENCE_WINDOW,STATE_EVIDENCE_WINDOW inst=1 after=1786279268100977000 latest_measured_support=1786279271500977000 through=1786279271500977000 projected=1 support=908 contradiction=317 reliable=1116 reliable_in_view=136 reliable_seen_through=2 absence_llr=0 absent_samples=126 total_samples=2352 absence_coverage_sufficient=0
1712,STATE_SLICE,STATE_SLICE inst=1 stamp=1786279271500977000 inherited_sup=908 inherited_con=317 inherited_samples=2352 inherited_supported=914 inherited_free=310 inherited_repl_other=1 inherited_repl_bg=16 inherited_occ=566 inherited_unobs=1576 session_sup=0 session_con=0 session_samples=0 cur_verts=76413 candidate_verts=0
1713,EVIDENCE,EVIDENCE inst=1 inherited_support=908 inherited_contradiction=317 session_support=0 session_contradiction=0 inherited_absent_flag=0 cur_verts=76413 observed_verts=0
1714,MOBILITY_PRIOR,MOBILITY_PRIOR inst=1 session=0 class=7 changes=0 continuations=0 alpha=0.25 beta=1.75 q=0.125
1715,MOBILITY_PRIOR,MOBILITY_PRIOR inst=1 session=0 class=7 changes=0 continuations=0 alpha=0.25 beta=1.75 q=0.125
1716,TOP_ABSORB,TOP_ABSORB inst=1 geom=0 support=908 high_mobility=0 absorb=1
1717,STATE_EVIDENCE_WINDOW,STATE_EVIDENCE_WINDOW inst=3 after=1786279269400966000 latest_measured_support=1786279271500977000 through=1786279271500977000 projected=1 support=578 contradiction=224 reliable=254 reliable_in_view=172 reliable_seen_through=3 absence_llr=0 absent_samples=76 total_samples=772 absence_coverage_sufficient=0
1718,STATE_SLICE,STATE_SLICE inst=3 stamp=1786279271500977000 inherited_sup=578 inherited_con=224 inherited_samples=772 inherited_supported=589 inherited_free=34 inherited_repl_other=69 inherited_repl_bg=122 inherited_occ=407 inherited_unobs=0 session_sup=0 session_con=0 session_samples=0 cur_verts=31335 candidate_verts=0
1719,EVIDENCE,EVIDENCE inst=3 inherited_support=578 inherited_contradiction=224 session_support=0 session_contradiction=0 inherited_absent_flag=0 cur_verts=31335 observed_verts=0
1720,MOBILITY_PRIOR,MOBILITY_PRIOR inst=3 session=0 class=15 changes=0 continuations=2 alpha=0.1875 beta=1.8125 q=0.046875
1721,MOBILITY_PRIOR,MOBILITY_PRIOR inst=3 session=0 class=15 changes=0 continuations=2 alpha=0.1875 beta=1.8125 q=0.046875
1722,TOP_ABSORB,TOP_ABSORB inst=3 geom=0 support=578 high_mobility=0 absorb=1
1723,STATE_EVIDENCE_WINDOW,STATE_EVIDENCE_WINDOW inst=4 after=1786279269400966000 latest_measured_support=1786279271500977000 through=1786279271500977000 projected=1 support=4298 contradiction=118 reliable=1247 reliable_in_view=875 reliable_seen_through=6 absence_llr=0 absent_samples=40 total_samples=1422 absence_coverage_sufficient=0
1724,STATE_SLICE,STATE_SLICE inst=4 stamp=1786279271500977000 inherited_sup=4298 inherited_con=118 inherited_samples=1422 inherited_supported=4323 inherited_free=94 inherited_repl_other=23 inherited_repl_bg=4 inherited_occ=369 inherited_unobs=0 session_sup=0 session_con=0 session_samples=0 cur_verts=43059 candidate_verts=0
1725,EVIDENCE,EVIDENCE inst=4 inherited_support=4298 inherited_contradiction=118 session_support=0 session_contradiction=0 inherited_absent_flag=0 cur_verts=43059 observed_verts=0
1726,MOBILITY_PRIOR,MOBILITY_PRIOR inst=4 session=0 class=24 changes=0 continuations=0 alpha=0.25 beta=1.75 q=0.125
1727,MOBILITY_PRIOR,MOBILITY_PRIOR inst=4 session=0 class=24 changes=0 continuations=0 alpha=0.25 beta=1.75 q=0.125
1728,TOP_ABSORB,TOP_ABSORB inst=4 geom=0 support=4298 high_mobility=0 absorb=1
1729,STATE_EVIDENCE_WINDOW,STATE_EVIDENCE_WINDOW inst=5 after=1786279269400966000 latest_measured_support=0 through=1786279271500977000 projected=1 support=0 contradiction=79 reliable=514 reliable_in_view=89 reliable_seen_through=46 absence_llr=0.804191 absent_samples=51 total_samples=299 absence_coverage_sufficient=0
1730,STATE_SLICE,STATE_SLICE inst=5 stamp=1786279271500977000 inherited_sup=0 inherited_con=79 inherited_samples=299 inherited_supported=0 inherited_free=3 inherited_repl_other=43 inherited_repl_bg=41 inherited_occ=148 inherited_unobs=0 session_sup=0 session_con=0 session_samples=0 cur_verts=8715 candidate_verts=0
1731,EVIDENCE,EVIDENCE inst=5 inherited_support=0 inherited_contradiction=79 session_support=0 session_contradiction=0 inherited_absent_flag=0 cur_verts=8715 observed_verts=0
1732,STATE_EVIDENCE_WINDOW,STATE_EVIDENCE_WINDOW inst=6 after=1786279238500966000 latest_measured_support=0 through=1786279271500977000 projected=0 support=0 contradiction=0 reliable=214 reliable_in_view=0 reliable_seen_through=0 absence_llr=2.24525 absent_samples=0 total_samples=28393 absence_coverage_sufficient=0
1733,STATE_SLICE,STATE_SLICE inst=6 stamp=1786279271500977000 inherited_sup=0 inherited_con=0 inherited_samples=28393 inherited_supported=0 inherited_free=0 inherited_repl_other=0 inherited_repl_bg=0 inherited_occ=0 inherited_unobs=28393 session_sup=0 session_con=0 session_samples=0 cur_verts=85179 candidate_verts=0
1734,EVIDENCE,EVIDENCE inst=6 inherited_support=0 inherited_contradiction=0 session_support=0 session_contradiction=0 inherited_absent_flag=0 cur_verts=85179 observed_verts=0
1735,STATE_EVIDENCE_WINDOW,STATE_EVIDENCE_WINDOW inst=7 after=1786279269400966000 latest_measured_support=1786279271500977000 through=1786279271500977000 projected=1 support=234 contradiction=94 reliable=122 reliable_in_view=59 reliable_seen_through=2 absence_llr=0 absent_samples=37 total_samples=358 absence_coverage_sufficient=0
1736,STATE_SLICE,STATE_SLICE inst=7 stamp=1786279271500977000 inherited_sup=234 inherited_con=94 inherited_samples=358 inherited_supported=243 inherited_free=22 inherited_repl_other=12 inherited_repl_bg=60 inherited_occ=81 inherited_unobs=0 session_sup=0 session_con=0 session_samples=0 cur_verts=10800 candidate_verts=0
1737,EVIDENCE,EVIDENCE inst=7 inherited_support=234 inherited_contradiction=94 session_support=0 session_contradiction=0 inherited_absent_flag=0 cur_verts=10800 observed_verts=0
1738,MOBILITY_PRIOR,MOBILITY_PRIOR inst=7 session=0 class=74 changes=0 continuations=1 alpha=0.176471 beta=1.82353 q=0.0588235
1739,MOBILITY_PRIOR,MOBILITY_PRIOR inst=7 session=0 class=74 changes=0 continuations=1 alpha=0.176471 beta=1.82353 q=0.0588235
1740,TOP_ABSORB,TOP_ABSORB inst=7 geom=0 support=234 high_mobility=0 absorb=1
1741,STATE_EVIDENCE_WINDOW,STATE_EVIDENCE_WINDOW inst=10 after=1786279269400966000 latest_measured_support=1786279271100966000 through=1786279271500977000 projected=1 support=133 contradiction=307 reliable=419 reliable_in_view=105 reliable_seen_through=2 absence_llr=0.663472 absent_samples=127 total_samples=666 absence_coverage_sufficient=0
1742,STATE_SLICE,STATE_SLICE inst=10 stamp=1786279271500977000 inherited_sup=133 inherited_con=307 inherited_samples=666 inherited_supported=136 inherited_free=172 inherited_repl_other=30 inherited_repl_bg=110 inherited_occ=569 inherited_unobs=0 session_sup=0 session_con=0 session_samples=0 cur_verts=24714 candidate_verts=0
1743,EVIDENCE,EVIDENCE inst=10 inherited_support=133 inherited_contradiction=307 session_support=0 session_contradiction=0 inherited_absent_flag=0 cur_verts=24714 observed_verts=0
1744,MOBILITY_PRIOR,MOBILITY_PRIOR inst=10 session=0 class=75 changes=0 continuations=2 alpha=0.1875 beta=1.8125 q=0.046875
1745,MOBILITY_PRIOR,MOBILITY_PRIOR inst=10 session=0 class=75 changes=0 continuations=2 alpha=0.1875 beta=1.8125 q=0.046875
1746,TOP_ABSORB,TOP_ABSORB inst=10 geom=0 support=133 high_mobility=0 absorb=1
1747,STATE_EVIDENCE_WINDOW,STATE_EVIDENCE_WINDOW inst=11 after=1786279256467644000 latest_measured_support=0 through=1786279271500977000 projected=0 support=0 contradiction=0 reliable=695 reliable_in_view=0 reliable_seen_through=0 absence_llr=1.0685 absent_samples=0 total_samples=12177 absence_coverage_sufficient=0
1748,STATE_SLICE,STATE_SLICE inst=11 stamp=1786279271500977000 inherited_sup=0 inherited_con=0 inherited_samples=12177 inherited_supported=0 inherited_free=0 inherited_repl_other=0 inherited_repl_bg=0 inherited_occ=0 inherited_unobs=12177 session_sup=0 session_con=0 session_samples=0 cur_verts=36531 candidate_verts=0
1749,EVIDENCE,EVIDENCE inst=11 inherited_support=0 inherited_contradiction=0 session_support=0 session_contradiction=0 inherited_absent_flag=0 cur_verts=36531 observed_verts=0
1750,STATE_EVIDENCE_WINDOW,STATE_EVIDENCE_WINDOW inst=13 after=1786279225167633000 latest_measured_support=0 through=1786279271500977000 projected=1 support=0 contradiction=14 reliable=352 reliable_in_view=0 reliable_seen_through=0 absence_llr=0 absent_samples=10 total_samples=255 absence_coverage_sufficient=0
1751,STATE_SLICE,STATE_SLICE inst=13 stamp=1786279271500977000 inherited_sup=0 inherited_con=14 inherited_samples=255 inherited_supported=0 inherited_free=0 inherited_repl_other=0 inherited_repl_bg=14 inherited_occ=16 inherited_unobs=142 session_sup=0 session_con=0 session_samples=0 cur_verts=9204 candidate_verts=0
1752,EVIDENCE,EVIDENCE inst=13 inherited_support=0 inherited_contradiction=14 session_support=0 session_contradiction=0 inherited_absent_flag=0 cur_verts=9204 observed_verts=0
1753,STATE_EVIDENCE_WINDOW,STATE_EVIDENCE_WINDOW inst=14 after=1786279236367666000 latest_measured_support=0 through=1786279271500977000 projected=0 support=0 contradiction=0 reliable=132 reliable_in_view=0 reliable_seen_through=0 absence_llr=0.789442 absent_samples=0 total_samples=2784 absence_coverage_sufficient=0
1754,STATE_SLICE,STATE_SLICE inst=14 stamp=1786279271500977000 inherited_sup=0 inherited_con=0 inherited_samples=2784 inherited_supported=0 inherited_free=0 inherited_repl_other=0 inherited_repl_bg=0 inherited_occ=0 inherited_unobs=2784 session_sup=0 session_con=0 session_samples=0 cur_verts=8352 candidate_verts=0
1755,EVIDENCE,EVIDENCE inst=14 inherited_support=0 inherited_contradiction=0 session_support=0 session_contradiction=0 inherited_absent_flag=0 cur_verts=8352 observed_verts=0
1756,STATE_EVIDENCE_WINDOW,STATE_EVIDENCE_WINDOW inst=16 after=1786279268967633000 latest_measured_support=0 through=1786279271500977000 projected=0 support=0 contradiction=0 reliable=483 reliable_in_view=0 reliable_seen_through=0 absence_llr=0 absent_samples=0 total_samples=4406 absence_coverage_sufficient=0
1757,STATE_SLICE,STATE_SLICE inst=16 stamp=1786279271500977000 inherited_sup=0 inherited_con=0 inherited_samples=4406 inherited_supported=0 inherited_free=0 inherited_repl_other=0 inherited_repl_bg=0 inherited_occ=0 inherited_unobs=4406 session_sup=0 session_con=0 session_samples=0 cur_verts=13218 candidate_verts=0
1758,EVIDENCE,EVIDENCE inst=16 inherited_support=0 inherited_contradiction=0 session_support=0 session_contradiction=0 inherited_absent_flag=0 cur_verts=13218 observed_verts=0
1759,STATE_EVIDENCE_WINDOW,STATE_EVIDENCE_WINDOW inst=17 after=1786279269400966000 latest_measured_support=0 through=1786279271500977000 projected=0 support=0 contradiction=0 reliable=739 reliable_in_view=0 reliable_seen_through=0 absence_llr=0 absent_samples=0 total_samples=5710 absence_coverage_sufficient=0
1760,STATE_SLICE,STATE_SLICE inst=17 stamp=1786279271500977000 inherited_sup=0 inherited_con=0 inherited_samples=5710 inherited_supported=0 inherited_free=0 inherited_repl_other=0 inherited_repl_bg=0 inherited_occ=0 inherited_unobs=5710 session_sup=0 session_con=0 session_samples=0 cur_verts=17130 candidate_verts=0
1761,EVIDENCE,EVIDENCE inst=17 inherited_support=0 inherited_contradiction=0 session_support=0 session_contradiction=0 inherited_absent_flag=0 cur_verts=17130 observed_verts=0
1762,STATE_EVIDENCE_WINDOW,STATE_EVIDENCE_WINDOW inst=18 after=1786279224667644000 latest_measured_support=0 through=1786279271500977000 projected=1 support=0 contradiction=25 reliable=485 reliable_in_view=0 reliable_seen_through=0 absence_llr=0 absent_samples=20 total_samples=332 absence_coverage_sufficient=0
1763,STATE_SLICE,STATE_SLICE inst=18 stamp=1786279271500977000 inherited_sup=0 inherited_con=25 inherited_samples=332 inherited_supported=0 inherited_free=24 inherited_repl_other=0 inherited_repl_bg=1 inherited_occ=5 inherited_unobs=304 session_sup=0 session_con=0 session_samples=0 cur_verts=13425 candidate_verts=0
1764,EVIDENCE,EVIDENCE inst=18 inherited_support=0 inherited_contradiction=25 session_support=0 session_contradiction=0 inherited_absent_flag=0 cur_verts=13425 observed_verts=0
1765,STATE_EVIDENCE_WINDOW,STATE_EVIDENCE_WINDOW inst=19 after=1786279256734300000 latest_measured_support=0 through=1786279271500977000 projected=0 support=0 contradiction=0 reliable=377 reliable_in_view=0 reliable_seen_through=0 absence_llr=0.793424 absent_samples=0 total_samples=5420 absence_coverage_sufficient=0
1766,STATE_SLICE,STATE_SLICE inst=19 stamp=1786279271500977000 inherited_sup=0 inherited_con=0 inherited_samples=5420 inherited_supported=0 inherited_free=0 inherited_repl_other=0 inherited_repl_bg=0 inherited_occ=0 inherited_unobs=5420 session_sup=0 session_con=0 session_samples=0 cur_verts=16260 candidate_verts=0
1767,EVIDENCE,EVIDENCE inst=19 inherited_support=0 inherited_contradiction=0 session_support=0 session_contradiction=0 inherited_absent_flag=0 cur_verts=16260 observed_verts=0
1768,STATE_EVIDENCE_WINDOW,STATE_EVIDENCE_WINDOW inst=20 after=1786279247834311000 latest_measured_support=0 through=1786279271500977000 projected=1 support=0 contradiction=6 reliable=0 reliable_in_view=0 reliable_seen_through=0 absence_llr=0 absent_samples=1 total_samples=14 absence_coverage_sufficient=0
1769,STATE_SLICE,STATE_SLICE inst=20 stamp=1786279271500977000 inherited_sup=0 inherited_con=6 inherited_samples=14 inherited_supported=0 inherited_free=6 inherited_repl_other=0 inherited_repl_bg=0 inherited_occ=21 inherited_unobs=0 session_sup=0 session_con=0 session_samples=0 cur_verts=90 candidate_verts=0
1770,EVIDENCE,EVIDENCE inst=20 inherited_support=0 inherited_contradiction=6 session_support=0 session_contradiction=0 inherited_absent_flag=0 cur_verts=90 observed_verts=0
1771,OBJECT_EXTRACTION_INPUT,OBJECT_EXTRACTION_INPUT inst=16 first=1786279267800966000 last=1786279269300977000 observations=46 dynamic=0 motion_history=0 last_motion=0 displacement=0 static_fallback=0
1772,STATIC_SURFACE_FRAMES,STATIC_SURFACE_FRAMES inst=16 candidates=15 selected=15 first=1786279267867644000 last=1786279269267644000
1773,OBJECT_EXTRACTION_INPUT,OBJECT_EXTRACTION_INPUT inst=17 first=1786279266000977000 last=1786279269600977000 observations=109 dynamic=0 motion_history=0 last_motion=0 displacement=0 static_fallback=0
1774,STATIC_SURFACE_FRAMES,STATIC_SURFACE_FRAMES inst=17 candidates=36 selected=36 first=1786279266067644000 last=1786279269567644000
1780,STATE_EVIDENCE_WINDOW,STATE_EVIDENCE_WINDOW inst=1 after=1786279271500977000 latest_measured_support=1786279273667644000 through=1786279273667644000 projected=1 support=1295 contradiction=397 reliable=1115 reliable_in_view=227 reliable_seen_through=0 absence_llr=0 absent_samples=95 total_samples=2352 absence_coverage_sufficient=0
1781,STATE_SLICE,STATE_SLICE inst=1 stamp=1786279273667644000 inherited_sup=1295 inherited_con=397 inherited_samples=2352 inherited_supported=1300 inherited_free=182 inherited_repl_other=77 inherited_repl_bg=156 inherited_occ=174 inherited_unobs=1279 session_sup=0 session_con=0 session_samples=0 cur_verts=76413 candidate_verts=0
1782,EVIDENCE,EVIDENCE inst=1 inherited_support=1295 inherited_contradiction=397 session_support=0 session_contradiction=0 inherited_absent_flag=0 cur_verts=76413 observed_verts=0
1783,MOBILITY_PRIOR,MOBILITY_PRIOR inst=1 session=0 class=7 changes=0 continuations=0 alpha=0.25 beta=1.75 q=0.125
1784,MOBILITY_PRIOR,MOBILITY_PRIOR inst=1 session=0 class=7 changes=0 continuations=0 alpha=0.25 beta=1.75 q=0.125
1785,TOP_ABSORB,TOP_ABSORB inst=1 geom=0 support=1295 high_mobility=0 absorb=1
1786,STATE_EVIDENCE_WINDOW,STATE_EVIDENCE_WINDOW inst=3 after=1786279271500977000 latest_measured_support=1786279273667644000 through=1786279273667644000 projected=1 support=110 contradiction=79 reliable=256 reliable_in_view=43 reliable_seen_through=0 absence_llr=0 absent_samples=20 total_samples=772 absence_coverage_sufficient=0
1787,STATE_SLICE,STATE_SLICE inst=3 stamp=1786279273667644000 inherited_sup=110 inherited_con=79 inherited_samples=772 inherited_supported=110 inherited_free=0 inherited_repl_other=67 inherited_repl_bg=12 inherited_occ=73 inherited_unobs=534 session_sup=0 session_con=0 session_samples=0 cur_verts=31335 candidate_verts=0
1788,EVIDENCE,EVIDENCE inst=3 inherited_support=110 inherited_contradiction=79 session_support=0 session_contradiction=0 inherited_absent_flag=0 cur_verts=31335 observed_verts=0
1789,MOBILITY_PRIOR,MOBILITY_PRIOR inst=3 session=0 class=15 changes=0 continuations=2 alpha=0.1875 beta=1.8125 q=0.046875
1790,MOBILITY_PRIOR,MOBILITY_PRIOR inst=3 session=0 class=15 changes=0 continuations=2 alpha=0.1875 beta=1.8125 q=0.046875
1791,TOP_ABSORB,TOP_ABSORB inst=3 geom=0 support=110 high_mobility=0 absorb=1
1792,STATE_EVIDENCE_WINDOW,STATE_EVIDENCE_WINDOW inst=4 after=1786279271500977000 latest_measured_support=1786279273667644000 through=1786279273667644000 projected=1 support=4685 contradiction=159 reliable=1212 reliable_in_view=829 reliable_seen_through=2 absence_llr=0 absent_samples=37 total_samples=1422 absence_coverage_sufficient=0
1793,STATE_SLICE,STATE_SLICE inst=4 stamp=1786279273667644000 inherited_sup=4685 inherited_con=159 inherited_samples=1422 inherited_supported=4749 inherited_free=84 inherited_repl_other=31 inherited_repl_bg=46 inherited_occ=22 inherited_unobs=123 session_sup=0 session_con=0 session_samples=0 cur_verts=43059 candidate_verts=0
1794,EVIDENCE,EVIDENCE inst=4 inherited_support=4685 inherited_contradiction=159 session_support=0 session_contradiction=0 inherited_absent_flag=0 cur_verts=43059 observed_verts=0
1795,MOBILITY_PRIOR,MOBILITY_PRIOR inst=4 session=0 class=24 changes=0 continuations=0 alpha=0.25 beta=1.75 q=0.125
1796,MOBILITY_PRIOR,MOBILITY_PRIOR inst=4 session=0 class=24 changes=0 continuations=0 alpha=0.25 beta=1.75 q=0.125
1797,TOP_ABSORB,TOP_ABSORB inst=4 geom=0 support=4685 high_mobility=0 absorb=1
1798,STATE_EVIDENCE_WINDOW,STATE_EVIDENCE_WINDOW inst=5 after=1786279269400966000 latest_measured_support=0 through=1786279273667644000 projected=1 support=0 contradiction=79 reliable=514 reliable_in_view=0 reliable_seen_through=0 absence_llr=0.804191 absent_samples=51 total_samples=299 absence_coverage_sufficient=0
1799,STATE_SLICE,STATE_SLICE inst=5 stamp=1786279273667644000 inherited_sup=0 inherited_con=79 inherited_samples=299 inherited_supported=0 inherited_free=3 inherited_repl_other=43 inherited_repl_bg=41 inherited_occ=148 inherited_unobs=0 session_sup=0 session_con=0 session_samples=0 cur_verts=8715 candidate_verts=0
1800,EVIDENCE,EVIDENCE inst=5 inherited_support=0 inherited_contradiction=79 session_support=0 session_contradiction=0 inherited_absent_flag=0 cur_verts=8715 observed_verts=0
1801,STATE_EVIDENCE_WINDOW,STATE_EVIDENCE_WINDOW inst=6 after=1786279238500966000 latest_measured_support=0 through=1786279273667644000 projected=0 support=0 contradiction=0 reliable=214 reliable_in_view=0 reliable_seen_through=0 absence_llr=2.24525 absent_samples=0 total_samples=28393 absence_coverage_sufficient=0
1802,STATE_SLICE,STATE_SLICE inst=6 stamp=1786279273667644000 inherited_sup=0 inherited_con=0 inherited_samples=28393 inherited_supported=0 inherited_free=0 inherited_repl_other=0 inherited_repl_bg=0 inherited_occ=0 inherited_unobs=28393 session_sup=0 session_con=0 session_samples=0 cur_verts=85179 candidate_verts=0
1803,EVIDENCE,EVIDENCE inst=6 inherited_support=0 inherited_contradiction=0 session_support=0 session_contradiction=0 inherited_absent_flag=0 cur_verts=85179 observed_verts=0
1804,STATE_EVIDENCE_WINDOW,STATE_EVIDENCE_WINDOW inst=7 after=1786279271500977000 latest_measured_support=1786279273667644000 through=1786279273667644000 projected=1 support=14 contradiction=17 reliable=108 reliable_in_view=4 reliable_seen_through=0 absence_llr=0 absent_samples=7 total_samples=358 absence_coverage_sufficient=0
1805,STATE_SLICE,STATE_SLICE inst=7 stamp=1786279273667644000 inherited_sup=14 inherited_con=17 inherited_samples=358 inherited_supported=14 inherited_free=0 inherited_repl_other=0 inherited_repl_bg=17 inherited_occ=0 inherited_unobs=139 session_sup=0 session_con=0 session_samples=0 cur_verts=10800 candidate_verts=0
1806,EVIDENCE,EVIDENCE inst=7 inherited_support=14 inherited_contradiction=17 session_support=0 session_contradiction=0 inherited_absent_flag=0 cur_verts=10800 observed_verts=0
1807,MOBILITY_PRIOR,MOBILITY_PRIOR inst=7 session=0 class=74 changes=0 continuations=1 alpha=0.176471 beta=1.82353 q=0.0588235
1808,MOBILITY_PRIOR,MOBILITY_PRIOR inst=7 session=0 class=74 changes=0 continuations=1 alpha=0.176471 beta=1.82353 q=0.0588235
1809,TOP_ABSORB,TOP_ABSORB inst=7 geom=0 support=14 high_mobility=0 absorb=1
1810,STATE_EVIDENCE_WINDOW,STATE_EVIDENCE_WINDOW inst=10 after=1786279271100966000 latest_measured_support=0 through=1786279273667644000 projected=1 support=0 contradiction=118 reliable=417 reliable_in_view=0 reliable_seen_through=0 absence_llr=0.663472 absent_samples=36 total_samples=666 absence_coverage_sufficient=0
1811,STATE_SLICE,STATE_SLICE inst=10 stamp=1786279273667644000 inherited_sup=0 inherited_con=118 inherited_samples=666 inherited_supported=0 inherited_free=9 inherited_repl_other=24 inherited_repl_bg=85 inherited_occ=547 inherited_unobs=418 session_sup=0 session_con=0 session_samples=0 cur_verts=24714 candidate_verts=0
1812,EVIDENCE,EVIDENCE inst=10 inherited_support=0 inherited_contradiction=118 session_support=0 session_contradiction=0 inherited_absent_flag=0 cur_verts=24714 observed_verts=0
1813,STATE_EVIDENCE_WINDOW,STATE_EVIDENCE_WINDOW inst=11 after=1786279256467644000 latest_measured_support=0 through=1786279273667644000 projected=0 support=0 contradiction=0 reliable=695 reliable_in_view=0 reliable_seen_through=0 absence_llr=1.0685 absent_samples=0 total_samples=12177 absence_coverage_sufficient=0
1814,STATE_SLICE,STATE_SLICE inst=11 stamp=1786279273667644000 inherited_sup=0 inherited_con=0 inherited_samples=12177 inherited_supported=0 inherited_free=0 inherited_repl_other=0 inherited_repl_bg=0 inherited_occ=0 inherited_unobs=12177 session_sup=0 session_con=0 session_samples=0 cur_verts=36531 candidate_verts=0
1815,EVIDENCE,EVIDENCE inst=11 inherited_support=0 inherited_contradiction=0 session_support=0 session_contradiction=0 inherited_absent_flag=0 cur_verts=36531 observed_verts=0
1816,STATE_EVIDENCE_WINDOW,STATE_EVIDENCE_WINDOW inst=13 after=1786279225167633000 latest_measured_support=0 through=1786279273667644000 projected=1 support=0 contradiction=14 reliable=352 reliable_in_view=0 reliable_seen_through=0 absence_llr=0 absent_samples=10 total_samples=255 absence_coverage_sufficient=0
1817,STATE_SLICE,STATE_SLICE inst=13 stamp=1786279273667644000 inherited_sup=0 inherited_con=14 inherited_samples=255 inherited_supported=0 inherited_free=0 inherited_repl_other=0 inherited_repl_bg=14 inherited_occ=16 inherited_unobs=142 session_sup=0 session_con=0 session_samples=0 cur_verts=9204 candidate_verts=0
1818,EVIDENCE,EVIDENCE inst=13 inherited_support=0 inherited_contradiction=14 session_support=0 session_contradiction=0 inherited_absent_flag=0 cur_verts=9204 observed_verts=0
1819,STATE_EVIDENCE_WINDOW,STATE_EVIDENCE_WINDOW inst=14 after=1786279236367666000 latest_measured_support=0 through=1786279273667644000 projected=0 support=0 contradiction=0 reliable=132 reliable_in_view=0 reliable_seen_through=0 absence_llr=0.789442 absent_samples=0 total_samples=2784 absence_coverage_sufficient=0
1820,STATE_SLICE,STATE_SLICE inst=14 stamp=1786279273667644000 inherited_sup=0 inherited_con=0 inherited_samples=2784 inherited_supported=0 inherited_free=0 inherited_repl_other=0 inherited_repl_bg=0 inherited_occ=0 inherited_unobs=2784 session_sup=0 session_con=0 session_samples=0 cur_verts=8352 candidate_verts=0
1821,EVIDENCE,EVIDENCE inst=14 inherited_support=0 inherited_contradiction=0 session_support=0 session_contradiction=0 inherited_absent_flag=0 cur_verts=8352 observed_verts=0
1822,STATE_EVIDENCE_WINDOW,STATE_EVIDENCE_WINDOW inst=16 after=1786279268967633000 latest_measured_support=0 through=1786279273667644000 projected=0 support=0 contradiction=0 reliable=483 reliable_in_view=0 reliable_seen_through=0 absence_llr=0 absent_samples=0 total_samples=4406 absence_coverage_sufficient=0
1823,STATE_SLICE,STATE_SLICE inst=16 stamp=1786279273667644000 inherited_sup=0 inherited_con=0 inherited_samples=4406 inherited_supported=0 inherited_free=0 inherited_repl_other=0 inherited_repl_bg=0 inherited_occ=0 inherited_unobs=4406 session_sup=0 session_con=0 session_samples=0 cur_verts=13218 candidate_verts=0
1824,EVIDENCE,EVIDENCE inst=16 inherited_support=0 inherited_contradiction=0 session_support=0 session_contradiction=0 inherited_absent_flag=0 cur_verts=13218 observed_verts=0
1825,STATE_EVIDENCE_WINDOW,STATE_EVIDENCE_WINDOW inst=17 after=1786279269400966000 latest_measured_support=0 through=1786279273667644000 projected=0 support=0 contradiction=0 reliable=739 reliable_in_view=0 reliable_seen_through=0 absence_llr=0 absent_samples=0 total_samples=5710 absence_coverage_sufficient=0
1826,STATE_SLICE,STATE_SLICE inst=17 stamp=1786279273667644000 inherited_sup=0 inherited_con=0 inherited_samples=5710 inherited_supported=0 inherited_free=0 inherited_repl_other=0 inherited_repl_bg=0 inherited_occ=0 inherited_unobs=5710 session_sup=0 session_con=0 session_samples=0 cur_verts=17130 candidate_verts=0
1827,EVIDENCE,EVIDENCE inst=17 inherited_support=0 inherited_contradiction=0 session_support=0 session_contradiction=0 inherited_absent_flag=0 cur_verts=17130 observed_verts=0
1828,STATE_EVIDENCE_WINDOW,STATE_EVIDENCE_WINDOW inst=18 after=1786279224667644000 latest_measured_support=0 through=1786279273667644000 projected=1 support=0 contradiction=25 reliable=485 reliable_in_view=0 reliable_seen_through=0 absence_llr=0 absent_samples=20 total_samples=332 absence_coverage_sufficient=0
1829,STATE_SLICE,STATE_SLICE inst=18 stamp=1786279273667644000 inherited_sup=0 inherited_con=25 inherited_samples=332 inherited_supported=0 inherited_free=24 inherited_repl_other=0 inherited_repl_bg=1 inherited_occ=5 inherited_unobs=304 session_sup=0 session_con=0 session_samples=0 cur_verts=13425 candidate_verts=0
1830,EVIDENCE,EVIDENCE inst=18 inherited_support=0 inherited_contradiction=25 session_support=0 session_contradiction=0 inherited_absent_flag=0 cur_verts=13425 observed_verts=0
1831,STATE_EVIDENCE_WINDOW,STATE_EVIDENCE_WINDOW inst=19 after=1786279256734300000 latest_measured_support=0 through=1786279273667644000 projected=0 support=0 contradiction=0 reliable=377 reliable_in_view=0 reliable_seen_through=0 absence_llr=0.793424 absent_samples=0 total_samples=5420 absence_coverage_sufficient=0
1832,STATE_SLICE,STATE_SLICE inst=19 stamp=1786279273667644000 inherited_sup=0 inherited_con=0 inherited_samples=5420 inherited_supported=0 inherited_free=0 inherited_repl_other=0 inherited_repl_bg=0 inherited_occ=0 inherited_unobs=5420 session_sup=0 session_con=0 session_samples=0 cur_verts=16260 candidate_verts=0
1833,EVIDENCE,EVIDENCE inst=19 inherited_support=0 inherited_contradiction=0 session_support=0 session_contradiction=0 inherited_absent_flag=0 cur_verts=16260 observed_verts=0
1834,STATE_EVIDENCE_WINDOW,STATE_EVIDENCE_WINDOW inst=20 after=1786279247834311000 latest_measured_support=0 through=1786279273667644000 projected=1 support=0 contradiction=6 reliable=0 reliable_in_view=0 reliable_seen_through=0 absence_llr=0 absent_samples=1 total_samples=14 absence_coverage_sufficient=0
1835,STATE_SLICE,STATE_SLICE inst=20 stamp=1786279273667644000 inherited_sup=0 inherited_con=6 inherited_samples=14 inherited_supported=0 inherited_free=6 inherited_repl_other=0 inherited_repl_bg=0 inherited_occ=21 inherited_unobs=0 session_sup=0 session_con=0 session_samples=0 cur_verts=90 candidate_verts=0
1836,EVIDENCE,EVIDENCE inst=20 inherited_support=0 inherited_contradiction=6 session_support=0 session_contradiction=0 inherited_absent_flag=0 cur_verts=90 observed_verts=0
1837,INGEST,INGEST inst=16 first=1786279267s seg_verts=4077 cur_verts=13218 observed_verts=0
1838,INGEST_DECIDE,INGEST_DECIDE inst=16 same_session_overlap=1 contradicted=0
1839,INGEST,INGEST inst=17 first=1786279266s seg_verts=7611 cur_verts=17130 observed_verts=0
1840,INGEST_DECIDE,INGEST_DECIDE inst=17 same_session_overlap=1 contradicted=0
1841,OBJECT_EXTRACTION_INPUT,OBJECT_EXTRACTION_INPUT inst=5 first=1786279265100988000 last=1786279271100966000 observations=181 dynamic=0 motion_history=0 last_motion=0 displacement=0 static_fallback=0
1842,OBJECT_EXTRACTION_INPUT,OBJECT_EXTRACTION_INPUT inst=4 first=1786279263834311000 last=1786279274100977000 observations=309 dynamic=0 motion_history=0 last_motion=0 displacement=0 static_fallback=0
1843,STATIC_SURFACE_FRAMES,STATIC_SURFACE_FRAMES inst=5 candidates=60 selected=60 first=1786279265167666000 last=1786279271067633000
1844,STATIC_SURFACE_BOUNDARY,STATIC_SURFACE_BOUNDARY inst=4 rejected_stamp=1786279266267644000 current_stamp=1786279274100977000 forward_support=194 forward_free=62 reverse_support=277 reverse_free=4 forward_sampled=509 reverse_sampled=511
1845,STATIC_SURFACE_FRAMES,STATIC_SURFACE_FRAMES inst=4 candidates=100 selected=79 first=1786279266367633000 last=1786279274100977000
1847,OBJECT_EXTRACTION_INPUT,OBJECT_EXTRACTION_INPUT inst=3 first=1786279264767644000 last=1786279274934311000 observations=306 dynamic=0 motion_history=0 last_motion=0 displacement=0 static_fallback=0
1848,STATIC_SURFACE_BOUNDARY,STATIC_SURFACE_BOUNDARY inst=3 rejected_stamp=1786279266767644000 current_stamp=1786279274934311000 forward_support=165 forward_free=84 reverse_support=243 reverse_free=3 forward_sampled=479 reverse_sampled=509
1849,STATIC_SURFACE_FRAMES,STATIC_SURFACE_FRAMES inst=3 candidates=100 selected=82 first=1786279266867633000 last=1786279274934311000
1856,STATE_EVIDENCE_WINDOW,STATE_EVIDENCE_WINDOW inst=1 after=1786279273667644000 latest_measured_support=1786279274100977000 through=1786279275800977000 projected=1 support=53 contradiction=2 reliable=1109 reliable_in_view=28 reliable_seen_through=0 absence_llr=0 absent_samples=2 total_samples=2352 absence_coverage_sufficient=0
1857,STATE_SLICE,STATE_SLICE inst=1 stamp=1786279275800977000 inherited_sup=53 inherited_con=2 inherited_samples=2352 inherited_supported=53 inherited_free=0 inherited_repl_other=1 inherited_repl_bg=1 inherited_occ=0 inherited_unobs=2099 session_sup=0 session_con=0 session_samples=0 cur_verts=76413 candidate_verts=0
1858,EVIDENCE,EVIDENCE inst=1 inherited_support=53 inherited_contradiction=2 session_support=0 session_contradiction=0 inherited_absent_flag=0 cur_verts=76413 observed_verts=0
1859,MOBILITY_PRIOR,MOBILITY_PRIOR inst=1 session=0 class=7 changes=0 continuations=0 alpha=0.25 beta=1.75 q=0.125
1860,MOBILITY_PRIOR,MOBILITY_PRIOR inst=1 session=0 class=7 changes=0 continuations=0 alpha=0.25 beta=1.75 q=0.125
1861,TOP_ABSORB,TOP_ABSORB inst=1 geom=0 support=53 high_mobility=0 absorb=1
1862,STATE_EVIDENCE_WINDOW,STATE_EVIDENCE_WINDOW inst=3 after=1786279273667644000 latest_measured_support=1786279275800977000 through=1786279275800977000 projected=1 support=645 contradiction=69 reliable=339 reliable_in_view=219 reliable_seen_through=3 absence_llr=0 absent_samples=38 total_samples=772 absence_coverage_sufficient=0
1863,STATE_SLICE,STATE_SLICE inst=3 stamp=1786279275800977000 inherited_sup=645 inherited_con=69 inherited_samples=772 inherited_supported=648 inherited_free=3 inherited_repl_other=41 inherited_repl_bg=25 inherited_occ=270 inherited_unobs=0 session_sup=0 session_con=0 session_samples=0 cur_verts=31335 candidate_verts=0
1864,EVIDENCE,EVIDENCE inst=3 inherited_support=645 inherited_contradiction=69 session_support=0 session_contradiction=0 inherited_absent_flag=0 cur_verts=31335 observed_verts=0
1865,MOBILITY_PRIOR,MOBILITY_PRIOR inst=3 session=0 class=15 changes=0 continuations=2 alpha=0.166667 beta=1.83333 q=0.0416667
1866,MOBILITY_PRIOR,MOBILITY_PRIOR inst=3 session=0 class=15 changes=0 continuations=2 alpha=0.166667 beta=1.83333 q=0.0416667
1867,TOP_ABSORB,TOP_ABSORB inst=3 geom=0 support=645 high_mobility=0 absorb=1
1868,STATE_EVIDENCE_WINDOW,STATE_EVIDENCE_WINDOW inst=4 after=1786279273667644000 latest_measured_support=1786279275800977000 through=1786279275800977000 projected=1 support=3048 contradiction=70 reliable=1223 reliable_in_view=898 reliable_seen_through=2 absence_llr=0 absent_samples=15 total_samples=1422 absence_coverage_sufficient=0
1869,STATE_SLICE,STATE_SLICE inst=4 stamp=1786279275800977000 inherited_sup=3048 inherited_con=70 inherited_samples=1422 inherited_supported=3062 inherited_free=56 inherited_repl_other=7 inherited_repl_bg=8 inherited_occ=20 inherited_unobs=78 session_sup=0 session_con=0 session_samples=0 cur_verts=43059 candidate_verts=0
1870,EVIDENCE,EVIDENCE inst=4 inherited_support=3048 inherited_contradiction=70 session_support=0 session_contradiction=0 inherited_absent_flag=0 cur_verts=43059 observed_verts=0
1871,MOBILITY_PRIOR,MOBILITY_PRIOR inst=4 session=0 class=24 changes=0 continuations=0 alpha=0.25 beta=1.75 q=0.125
1872,MOBILITY_PRIOR,MOBILITY_PRIOR inst=4 session=0 class=24 changes=0 continuations=0 alpha=0.25 beta=1.75 q=0.125
1873,TOP_ABSORB,TOP_ABSORB inst=4 geom=0 support=3048 high_mobility=0 absorb=1
1874,STATE_EVIDENCE_WINDOW,STATE_EVIDENCE_WINDOW inst=5 after=1786279269400966000 latest_measured_support=0 through=1786279275800977000 projected=1 support=0 contradiction=79 reliable=514 reliable_in_view=2 reliable_seen_through=1 absence_llr=0.804191 absent_samples=51 total_samples=299 absence_coverage_sufficient=0
1875,STATE_SLICE,STATE_SLICE inst=5 stamp=1786279275800977000 inherited_sup=0 inherited_con=79 inherited_samples=299 inherited_supported=0 inherited_free=3 inherited_repl_other=43 inherited_repl_bg=41 inherited_occ=189 inherited_unobs=0 session_sup=0 session_con=0 session_samples=0 cur_verts=8715 candidate_verts=0
1876,EVIDENCE,EVIDENCE inst=5 inherited_support=0 inherited_contradiction=79 session_support=0 session_contradiction=0 inherited_absent_flag=0 cur_verts=8715 observed_verts=0
1877,STATE_EVIDENCE_WINDOW,STATE_EVIDENCE_WINDOW inst=6 after=1786279238500966000 latest_measured_support=0 through=1786279275800977000 projected=0 support=0 contradiction=0 reliable=214 reliable_in_view=0 reliable_seen_through=0 absence_llr=2.24525 absent_samples=0 total_samples=28393 absence_coverage_sufficient=0
1878,STATE_SLICE,STATE_SLICE inst=6 stamp=1786279275800977000 inherited_sup=0 inherited_con=0 inherited_samples=28393 inherited_supported=0 inherited_free=0 inherited_repl_other=0 inherited_repl_bg=0 inherited_occ=0 inherited_unobs=28393 session_sup=0 session_con=0 session_samples=0 cur_verts=85179 candidate_verts=0
1879,EVIDENCE,EVIDENCE inst=6 inherited_support=0 inherited_contradiction=0 session_support=0 session_contradiction=0 inherited_absent_flag=0 cur_verts=85179 observed_verts=0
1880,STATE_EVIDENCE_WINDOW,STATE_EVIDENCE_WINDOW inst=7 after=1786279273667644000 latest_measured_support=1786279275800977000 through=1786279275800977000 projected=1 support=639 contradiction=109 reliable=456 reliable_in_view=411 reliable_seen_through=14 absence_llr=0 absent_samples=49 total_samples=358 absence_coverage_sufficient=0
1881,STATE_SLICE,STATE_SLICE inst=7 stamp=1786279275800977000 inherited_sup=639 inherited_con=109 inherited_samples=358 inherited_supported=643 inherited_free=13 inherited_repl_other=28 inherited_repl_bg=68 inherited_occ=70 inherited_unobs=0 session_sup=0 session_con=0 session_samples=0 cur_verts=10800 candidate_verts=0
1882,EVIDENCE,EVIDENCE inst=7 inherited_support=639 inherited_contradiction=109 session_support=0 session_contradiction=0 inherited_absent_flag=0 cur_verts=10800 observed_verts=0
1883,MOBILITY_PRIOR,MOBILITY_PRIOR inst=7 session=0 class=74 changes=0 continuations=1 alpha=0.157895 beta=1.84211 q=0.0526316
1884,MOBILITY_PRIOR,MOBILITY_PRIOR inst=7 session=0 class=74 changes=0 continuations=1 alpha=0.157895 beta=1.84211 q=0.0526316
1885,TOP_ABSORB,TOP_ABSORB inst=7 geom=0 support=639 high_mobility=0 absorb=1
1886,STATE_EVIDENCE_WINDOW,STATE_EVIDENCE_WINDOW inst=10 after=1786279271100966000 latest_measured_support=1786279275800977000 through=1786279275800977000 projected=1 support=12 contradiction=513 reliable=417 reliable_in_view=35 reliable_seen_through=31 absence_llr=0.663472 absent_samples=171 total_samples=666 absence_coverage_sufficient=0
1887,STATE_SLICE,STATE_SLICE inst=10 stamp=1786279275800977000 inherited_sup=12 inherited_con=513 inherited_samples=666 inherited_supported=12 inherited_free=90 inherited_repl_other=75 inherited_repl_bg=355 inherited_occ=924 inherited_unobs=236 session_sup=0 session_con=0 session_samples=0 cur_verts=24714 candidate_verts=0
1888,EVIDENCE,EVIDENCE inst=10 inherited_support=12 inherited_contradiction=513 session_support=0 session_contradiction=0 inherited_absent_flag=0 cur_verts=24714 observed_verts=0
1889,MOBILITY_PRIOR,MOBILITY_PRIOR inst=10 session=0 class=75 changes=0 continuations=2 alpha=0.166667 beta=1.83333 q=0.0416667
1890,MOBILITY_PRIOR,MOBILITY_PRIOR inst=10 session=0 class=75 changes=0 continuations=2 alpha=0.166667 beta=1.83333 q=0.0416667
1891,TOP_ABSORB,TOP_ABSORB inst=10 geom=0 support=12 high_mobility=0 absorb=1
1892,STATE_EVIDENCE_WINDOW,STATE_EVIDENCE_WINDOW inst=11 after=1786279256467644000 latest_measured_support=0 through=1786279275800977000 projected=0 support=0 contradiction=0 reliable=695 reliable_in_view=0 reliable_seen_through=0 absence_llr=1.0685 absent_samples=0 total_samples=12177 absence_coverage_sufficient=0
1893,STATE_SLICE,STATE_SLICE inst=11 stamp=1786279275800977000 inherited_sup=0 inherited_con=0 inherited_samples=12177 inherited_supported=0 inherited_free=0 inherited_repl_other=0 inherited_repl_bg=0 inherited_occ=0 inherited_unobs=12177 session_sup=0 session_con=0 session_samples=0 cur_verts=36531 candidate_verts=0
1894,EVIDENCE,EVIDENCE inst=11 inherited_support=0 inherited_contradiction=0 session_support=0 session_contradiction=0 inherited_absent_flag=0 cur_verts=36531 observed_verts=0
1895,STATE_EVIDENCE_WINDOW,STATE_EVIDENCE_WINDOW inst=13 after=1786279225167633000 latest_measured_support=0 through=1786279275800977000 projected=1 support=0 contradiction=14 reliable=352 reliable_in_view=0 reliable_seen_through=0 absence_llr=0 absent_samples=10 total_samples=255 absence_coverage_sufficient=0
1896,STATE_SLICE,STATE_SLICE inst=13 stamp=1786279275800977000 inherited_sup=0 inherited_con=14 inherited_samples=255 inherited_supported=0 inherited_free=0 inherited_repl_other=0 inherited_repl_bg=14 inherited_occ=16 inherited_unobs=142 session_sup=0 session_con=0 session_samples=0 cur_verts=9204 candidate_verts=0
1897,EVIDENCE,EVIDENCE inst=13 inherited_support=0 inherited_contradiction=14 session_support=0 session_contradiction=0 inherited_absent_flag=0 cur_verts=9204 observed_verts=0
1898,STATE_EVIDENCE_WINDOW,STATE_EVIDENCE_WINDOW inst=14 after=1786279236367666000 latest_measured_support=0 through=1786279275800977000 projected=0 support=0 contradiction=0 reliable=132 reliable_in_view=0 reliable_seen_through=0 absence_llr=0.789442 absent_samples=0 total_samples=2784 absence_coverage_sufficient=0
1899,STATE_SLICE,STATE_SLICE inst=14 stamp=1786279275800977000 inherited_sup=0 inherited_con=0 inherited_samples=2784 inherited_supported=0 inherited_free=0 inherited_repl_other=0 inherited_repl_bg=0 inherited_occ=0 inherited_unobs=2784 session_sup=0 session_con=0 session_samples=0 cur_verts=8352 candidate_verts=0
1900,EVIDENCE,EVIDENCE inst=14 inherited_support=0 inherited_contradiction=0 session_support=0 session_contradiction=0 inherited_absent_flag=0 cur_verts=8352 observed_verts=0
1901,STATE_EVIDENCE_WINDOW,STATE_EVIDENCE_WINDOW inst=16 after=1786279269300977000 latest_measured_support=0 through=1786279275800977000 projected=0 support=0 contradiction=0 reliable=483 reliable_in_view=0 reliable_seen_through=0 absence_llr=0 absent_samples=0 total_samples=5765 absence_coverage_sufficient=0
1902,STATE_SLICE,STATE_SLICE inst=16 stamp=1786279275800977000 inherited_sup=0 inherited_con=0 inherited_samples=5765 inherited_supported=0 inherited_free=0 inherited_repl_other=0 inherited_repl_bg=0 inherited_occ=0 inherited_unobs=5765 session_sup=0 session_con=0 session_samples=0 cur_verts=17295 candidate_verts=0
1903,EVIDENCE,EVIDENCE inst=16 inherited_support=0 inherited_contradiction=0 session_support=0 session_contradiction=0 inherited_absent_flag=0 cur_verts=17295 observed_verts=0
1904,STATE_EVIDENCE_WINDOW,STATE_EVIDENCE_WINDOW inst=17 after=1786279269600977000 latest_measured_support=0 through=1786279275800977000 projected=0 support=0 contradiction=0 reliable=739 reliable_in_view=0 reliable_seen_through=0 absence_llr=0 absent_samples=0 total_samples=8247 absence_coverage_sufficient=0
1905,STATE_SLICE,STATE_SLICE inst=17 stamp=1786279275800977000 inherited_sup=0 inherited_con=0 inherited_samples=8247 inherited_supported=0 inherited_free=0 inherited_repl_other=0 inherited_repl_bg=0 inherited_occ=0 inherited_unobs=8247 session_sup=0 session_con=0 session_samples=0 cur_verts=24741 candidate_verts=0
1906,EVIDENCE,EVIDENCE inst=17 inherited_support=0 inherited_contradiction=0 session_support=0 session_contradiction=0 inherited_absent_flag=0 cur_verts=24741 observed_verts=0
1907,STATE_EVIDENCE_WINDOW,STATE_EVIDENCE_WINDOW inst=18 after=1786279224667644000 latest_measured_support=0 through=1786279275800977000 projected=1 support=0 contradiction=25 reliable=485 reliable_in_view=0 reliable_seen_through=0 absence_llr=0 absent_samples=20 total_samples=332 absence_coverage_sufficient=0
1908,STATE_SLICE,STATE_SLICE inst=18 stamp=1786279275800977000 inherited_sup=0 inherited_con=25 inherited_samples=332 inherited_supported=0 inherited_free=24 inherited_repl_other=0 inherited_repl_bg=1 inherited_occ=5 inherited_unobs=304 session_sup=0 session_con=0 session_samples=0 cur_verts=13425 candidate_verts=0
1909,EVIDENCE,EVIDENCE inst=18 inherited_support=0 inherited_contradiction=25 session_support=0 session_contradiction=0 inherited_absent_flag=0 cur_verts=13425 observed_verts=0
1910,STATE_EVIDENCE_WINDOW,STATE_EVIDENCE_WINDOW inst=19 after=1786279256734300000 latest_measured_support=0 through=1786279275800977000 projected=0 support=0 contradiction=0 reliable=377 reliable_in_view=0 reliable_seen_through=0 absence_llr=0.793424 absent_samples=0 total_samples=5420 absence_coverage_sufficient=0
1911,STATE_SLICE,STATE_SLICE inst=19 stamp=1786279275800977000 inherited_sup=0 inherited_con=0 inherited_samples=5420 inherited_supported=0 inherited_free=0 inherited_repl_other=0 inherited_repl_bg=0 inherited_occ=0 inherited_unobs=5420 session_sup=0 session_con=0 session_samples=0 cur_verts=16260 candidate_verts=0
1912,EVIDENCE,EVIDENCE inst=19 inherited_support=0 inherited_contradiction=0 session_support=0 session_contradiction=0 inherited_absent_flag=0 cur_verts=16260 observed_verts=0
1913,STATE_EVIDENCE_WINDOW,STATE_EVIDENCE_WINDOW inst=20 after=1786279247834311000 latest_measured_support=0 through=1786279275800977000 projected=1 support=0 contradiction=6 reliable=0 reliable_in_view=0 reliable_seen_through=0 absence_llr=0 absent_samples=1 total_samples=14 absence_coverage_sufficient=0
1914,STATE_SLICE,STATE_SLICE inst=20 stamp=1786279275800977000 inherited_sup=0 inherited_con=6 inherited_samples=14 inherited_supported=0 inherited_free=6 inherited_repl_other=0 inherited_repl_bg=0 inherited_occ=29 inherited_unobs=0 session_sup=0 session_con=0 session_samples=0 cur_verts=90 candidate_verts=0
1915,EVIDENCE,EVIDENCE inst=20 inherited_support=0 inherited_contradiction=6 session_support=0 session_contradiction=0 inherited_absent_flag=0 cur_verts=90 observed_verts=0
1916,INGEST,INGEST inst=3 first=1786279266s seg_verts=16137 cur_verts=31335 observed_verts=0
1917,INGEST_DECIDE,INGEST_DECIDE inst=3 same_session_overlap=1 contradicted=0
1918,INGEST,INGEST inst=4 first=1786279266s seg_verts=68208 cur_verts=43059 observed_verts=0
1919,INGEST_DECIDE,INGEST_DECIDE inst=4 same_session_overlap=1 contradicted=0
1920,INGEST,INGEST inst=5 first=1786279265s seg_verts=2937 cur_verts=8715 observed_verts=0
1921,INGEST_DECIDE,INGEST_DECIDE inst=5 same_session_overlap=1 contradicted=0
1922,OBJECT_EXTRACTION_INPUT,OBJECT_EXTRACTION_INPUT inst=7 first=1786279264967633000 last=1786279276234311000 observations=303 dynamic=0 motion_history=0 last_motion=0 displacement=0 static_fallback=0
1923,STATIC_SURFACE_BOUNDARY,STATIC_SURFACE_BOUNDARY inst=7 rejected_stamp=1786279274267633000 current_stamp=1786279276234311000 forward_support=259 forward_free=130 reverse_support=316 reverse_free=0 forward_sampled=489 reverse_sampled=506
1924,STATIC_SURFACE_FRAMES,STATIC_SURFACE_FRAMES inst=7 candidates=88 selected=20 first=1786279274367644000 last=1786279276234311000
1925,OBJECT_EXTRACTION_INPUT,OBJECT_EXTRACTION_INPUT inst=1 first=1786279247567633000 last=1786279274467633000 observations=754 dynamic=0 motion_history=0 last_motion=0 displacement=0 static_fallback=0
1926,STATIC_SURFACE_FRAMES,STATIC_SURFACE_FRAMES inst=1 candidates=58 selected=58 first=1786279267667655000 last=1786279274467633000
1927,STATE_EVIDENCE_WINDOW,STATE_EVIDENCE_WINDOW inst=1 after=1786279274100977000 latest_measured_support=0 through=1786279277934333000 projected=0 support=0 contradiction=0 reliable=1109 reliable_in_view=0 reliable_seen_through=0 absence_llr=0 absent_samples=0 total_samples=25471 absence_coverage_sufficient=0
1928,STATE_SLICE,STATE_SLICE inst=1 stamp=1786279277934333000 inherited_sup=0 inherited_con=0 inherited_samples=25471 inherited_supported=0 inherited_free=0 inherited_repl_other=0 inherited_repl_bg=0 inherited_occ=0 inherited_unobs=25471 session_sup=0 session_con=0 session_samples=0 cur_verts=76413 candidate_verts=0
1929,EVIDENCE,EVIDENCE inst=1 inherited_support=0 inherited_contradiction=0 session_support=0 session_contradiction=0 inherited_absent_flag=0 cur_verts=76413 observed_verts=0
1930,STATE_EVIDENCE_WINDOW,STATE_EVIDENCE_WINDOW inst=3 after=1786279275800977000 latest_measured_support=1786279277934333000 through=1786279277934333000 projected=1 support=1852 contradiction=187 reliable=424 reliable_in_view=369 reliable_seen_through=8 absence_llr=0 absent_samples=90 total_samples=1262 absence_coverage_sufficient=0
1931,STATE_SLICE,STATE_SLICE inst=3 stamp=1786279277934333000 inherited_sup=1852 inherited_con=187 inherited_samples=1262 inherited_supported=1868 inherited_free=85 inherited_repl_other=41 inherited_repl_bg=63 inherited_occ=1282 inherited_unobs=159 session_sup=0 session_con=0 session_samples=0 cur_verts=47472 candidate_verts=0
1932,EVIDENCE,EVIDENCE inst=3 inherited_support=1852 inherited_contradiction=187 session_support=0 session_contradiction=0 inherited_absent_flag=0 cur_verts=47472 observed_verts=0
1933,MOBILITY_PRIOR,MOBILITY_PRIOR inst=3 session=0 class=15 changes=0 continuations=3 alpha=0.166667 beta=1.83333 q=0.0333333
1934,MOBILITY_PRIOR,MOBILITY_PRIOR inst=3 session=0 class=15 changes=0 continuations=3 alpha=0.166667 beta=1.83333 q=0.0333333
1935,TOP_ABSORB,TOP_ABSORB inst=3 geom=0 support=1852 high_mobility=0 absorb=1
1936,STATE_EVIDENCE_WINDOW,STATE_EVIDENCE_WINDOW inst=4 after=1786279275800977000 latest_measured_support=1786279277534300000 through=1786279277934333000 projected=1 support=419 contradiction=41 reliable=239 reliable_in_view=30 reliable_seen_through=0 absence_llr=0 absent_samples=13 total_samples=2347 absence_coverage_sufficient=0
1937,STATE_SLICE,STATE_SLICE inst=4 stamp=1786279277934333000 inherited_sup=419 inherited_con=41 inherited_samples=2347 inherited_supported=421 inherited_free=35 inherited_repl_other=0 inherited_repl_bg=6 inherited_occ=42 inherited_unobs=1772 session_sup=0 session_con=0 session_samples=0 cur_verts=111267 candidate_verts=0
1938,EVIDENCE,EVIDENCE inst=4 inherited_support=419 inherited_contradiction=41 session_support=0 session_contradiction=0 inherited_absent_flag=0 cur_verts=111267 observed_verts=0
1939,MOBILITY_PRIOR,MOBILITY_PRIOR inst=4 session=0 class=24 changes=0 continuations=1 alpha=0.2 beta=1.8 q=0.0666667
1940,MOBILITY_PRIOR,MOBILITY_PRIOR inst=4 session=0 class=24 changes=0 continuations=1 alpha=0.2 beta=1.8 q=0.0666667
1941,TOP_ABSORB,TOP_ABSORB inst=4 geom=0 support=419 high_mobility=0 absorb=1
1942,STATE_EVIDENCE_WINDOW,STATE_EVIDENCE_WINDOW inst=5 after=1786279271100966000 latest_measured_support=0 through=1786279277934333000 projected=1 support=0 contradiction=10 reliable=514 reliable_in_view=12 reliable_seen_through=3 absence_llr=0.804191 absent_samples=9 total_samples=412 absence_coverage_sufficient=0
1943,STATE_SLICE,STATE_SLICE inst=5 stamp=1786279277934333000 inherited_sup=0 inherited_con=10 inherited_samples=412 inherited_supported=0 inherited_free=1 inherited_repl_other=9 inherited_repl_bg=0 inherited_occ=1088 inherited_unobs=1 session_sup=0 session_con=0 session_samples=0 cur_verts=11652 candidate_verts=0
1944,EVIDENCE,EVIDENCE inst=5 inherited_support=0 inherited_contradiction=10 session_support=0 session_contradiction=0 inherited_absent_flag=0 cur_verts=11652 observed_verts=0
1945,STATE_EVIDENCE_WINDOW,STATE_EVIDENCE_WINDOW inst=6 after=1786279238500966000 latest_measured_support=0 through=1786279277934333000 projected=0 support=0 contradiction=0 reliable=214 reliable_in_view=0 reliable_seen_through=0 absence_llr=2.24525 absent_samples=0 total_samples=28393 absence_coverage_sufficient=0
1946,STATE_SLICE,STATE_SLICE inst=6 stamp=1786279277934333000 inherited_sup=0 inherited_con=0 inherited_samples=28393 inherited_supported=0 inherited_free=0 inherited_repl_other=0 inherited_repl_bg=0 inherited_occ=0 inherited_unobs=28393 session_sup=0 session_con=0 session_samples=0 cur_verts=85179 candidate_verts=0
1947,EVIDENCE,EVIDENCE inst=6 inherited_support=0 inherited_contradiction=0 session_support=0 session_contradiction=0 inherited_absent_flag=0 cur_verts=85179 observed_verts=0
1948,STATE_EVIDENCE_WINDOW,STATE_EVIDENCE_WINDOW inst=7 after=1786279275800977000 latest_measured_support=1786279277934333000 through=1786279277934333000 projected=1 support=381 contradiction=292 reliable=438 reliable_in_view=352 reliable_seen_through=24 absence_llr=0 absent_samples=94 total_samples=358 absence_coverage_sufficient=0
1949,STATE_SLICE,STATE_SLICE inst=7 stamp=1786279277934333000 inherited_sup=381 inherited_con=292 inherited_samples=358 inherited_supported=382 inherited_free=100 inherited_repl_other=15 inherited_repl_bg=180 inherited_occ=111 inherited_unobs=0 session_sup=0 session_con=0 session_samples=0 cur_verts=10800 candidate_verts=0
1950,EVIDENCE,EVIDENCE inst=7 inherited_support=381 inherited_contradiction=292 session_support=0 session_contradiction=0 inherited_absent_flag=0 cur_verts=10800 observed_verts=0
1951,MOBILITY_PRIOR,MOBILITY_PRIOR inst=7 session=0 class=74 changes=0 continuations=1 alpha=0.15 beta=1.85 q=0.05
1952,MOBILITY_PRIOR,MOBILITY_PRIOR inst=7 session=0 class=74 changes=0 continuations=1 alpha=0.15 beta=1.85 q=0.05
1953,TOP_ABSORB,TOP_ABSORB inst=7 geom=0 support=381 high_mobility=0 absorb=1
1954,STATE_EVIDENCE_WINDOW,STATE_EVIDENCE_WINDOW inst=10 after=1786279275800977000 latest_measured_support=1786279277100977000 through=1786279277934333000 projected=1 support=13 contradiction=702 reliable=417 reliable_in_view=40 reliable_seen_through=29 absence_llr=0.740783 absent_samples=209 total_samples=666 absence_coverage_sufficient=0
1955,STATE_SLICE,STATE_SLICE inst=10 stamp=1786279277934333000 inherited_sup=13 inherited_con=702 inherited_samples=666 inherited_supported=13 inherited_free=96 inherited_repl_other=110 inherited_repl_bg=508 inherited_occ=217 inherited_unobs=235 session_sup=0 session_con=0 session_samples=0 cur_verts=24714 candidate_verts=0
1956,EVIDENCE,EVIDENCE inst=10 inherited_support=13 inherited_contradiction=702 session_support=0 session_contradiction=0 inherited_absent_flag=0 cur_verts=24714 observed_verts=0
1957,MOBILITY_PRIOR,MOBILITY_PRIOR inst=10 session=0 class=75 changes=0 continuations=2 alpha=0.157895 beta=1.84211 q=0.0394737
1958,MOBILITY_PRIOR,MOBILITY_PRIOR inst=10 session=0 class=75 changes=0 continuations=2 alpha=0.157895 beta=1.84211 q=0.0394737
1959,TOP_ABSORB,TOP_ABSORB inst=10 geom=0 support=13 high_mobility=0 absorb=1
1960,STATE_EVIDENCE_WINDOW,STATE_EVIDENCE_WINDOW inst=11 after=1786279256467644000 latest_measured_support=0 through=1786279277934333000 projected=0 support=0 contradiction=0 reliable=695 reliable_in_view=0 reliable_seen_through=0 absence_llr=1.0685 absent_samples=0 total_samples=12177 absence_coverage_sufficient=0
1961,STATE_SLICE,STATE_SLICE inst=11 stamp=1786279277934333000 inherited_sup=0 inherited_con=0 inherited_samples=12177 inherited_supported=0 inherited_free=0 inherited_repl_other=0 inherited_repl_bg=0 inherited_occ=0 inherited_unobs=12177 session_sup=0 session_con=0 session_samples=0 cur_verts=36531 candidate_verts=0
1962,EVIDENCE,EVIDENCE inst=11 inherited_support=0 inherited_contradiction=0 session_support=0 session_contradiction=0 inherited_absent_flag=0 cur_verts=36531 observed_verts=0
1963,STATE_EVIDENCE_WINDOW,STATE_EVIDENCE_WINDOW inst=13 after=1786279225167633000 latest_measured_support=0 through=1786279277934333000 projected=1 support=0 contradiction=14 reliable=352 reliable_in_view=0 reliable_seen_through=0 absence_llr=0 absent_samples=10 total_samples=255 absence_coverage_sufficient=0
1964,STATE_SLICE,STATE_SLICE inst=13 stamp=1786279277934333000 inherited_sup=0 inherited_con=14 inherited_samples=255 inherited_supported=0 inherited_free=0 inherited_repl_other=0 inherited_repl_bg=14 inherited_occ=16 inherited_unobs=142 session_sup=0 session_con=0 session_samples=0 cur_verts=9204 candidate_verts=0
1965,EVIDENCE,EVIDENCE inst=13 inherited_support=0 inherited_contradiction=14 session_support=0 session_contradiction=0 inherited_absent_flag=0 cur_verts=9204 observed_verts=0
1966,STATE_EVIDENCE_WINDOW,STATE_EVIDENCE_WINDOW inst=14 after=1786279236367666000 latest_measured_support=0 through=1786279277934333000 projected=0 support=0 contradiction=0 reliable=132 reliable_in_view=0 reliable_seen_through=0 absence_llr=0.789442 absent_samples=0 total_samples=2784 absence_coverage_sufficient=0
1967,STATE_SLICE,STATE_SLICE inst=14 stamp=1786279277934333000 inherited_sup=0 inherited_con=0 inherited_samples=2784 inherited_supported=0 inherited_free=0 inherited_repl_other=0 inherited_repl_bg=0 inherited_occ=0 inherited_unobs=2784 session_sup=0 session_con=0 session_samples=0 cur_verts=8352 candidate_verts=0
1968,EVIDENCE,EVIDENCE inst=14 inherited_support=0 inherited_contradiction=0 session_support=0 session_contradiction=0 inherited_absent_flag=0 cur_verts=8352 observed_verts=0
1969,STATE_EVIDENCE_WINDOW,STATE_EVIDENCE_WINDOW inst=16 after=1786279269300977000 latest_measured_support=0 through=1786279277934333000 projected=0 support=0 contradiction=0 reliable=483 reliable_in_view=0 reliable_seen_through=0 absence_llr=0 absent_samples=0 total_samples=5765 absence_coverage_sufficient=0
1970,STATE_SLICE,STATE_SLICE inst=16 stamp=1786279277934333000 inherited_sup=0 inherited_con=0 inherited_samples=5765 inherited_supported=0 inherited_free=0 inherited_repl_other=0 inherited_repl_bg=0 inherited_occ=0 inherited_unobs=5765 session_sup=0 session_con=0 session_samples=0 cur_verts=17295 candidate_verts=0
1971,EVIDENCE,EVIDENCE inst=16 inherited_support=0 inherited_contradiction=0 session_support=0 session_contradiction=0 inherited_absent_flag=0 cur_verts=17295 observed_verts=0
1972,STATE_EVIDENCE_WINDOW,STATE_EVIDENCE_WINDOW inst=17 after=1786279269600977000 latest_measured_support=0 through=1786279277934333000 projected=0 support=0 contradiction=0 reliable=739 reliable_in_view=0 reliable_seen_through=0 absence_llr=0 absent_samples=0 total_samples=8247 absence_coverage_sufficient=0
1973,STATE_SLICE,STATE_SLICE inst=17 stamp=1786279277934333000 inherited_sup=0 inherited_con=0 inherited_samples=8247 inherited_supported=0 inherited_free=0 inherited_repl_other=0 inherited_repl_bg=0 inherited_occ=0 inherited_unobs=8247 session_sup=0 session_con=0 session_samples=0 cur_verts=24741 candidate_verts=0
1974,EVIDENCE,EVIDENCE inst=17 inherited_support=0 inherited_contradiction=0 session_support=0 session_contradiction=0 inherited_absent_flag=0 cur_verts=24741 observed_verts=0
1975,STATE_EVIDENCE_WINDOW,STATE_EVIDENCE_WINDOW inst=18 after=1786279224667644000 latest_measured_support=0 through=1786279277934333000 projected=1 support=0 contradiction=25 reliable=485 reliable_in_view=0 reliable_seen_through=0 absence_llr=0 absent_samples=20 total_samples=332 absence_coverage_sufficient=0
1976,STATE_SLICE,STATE_SLICE inst=18 stamp=1786279277934333000 inherited_sup=0 inherited_con=25 inherited_samples=332 inherited_supported=0 inherited_free=24 inherited_repl_other=0 inherited_repl_bg=1 inherited_occ=5 inherited_unobs=304 session_sup=0 session_con=0 session_samples=0 cur_verts=13425 candidate_verts=0
1977,EVIDENCE,EVIDENCE inst=18 inherited_support=0 inherited_contradiction=25 session_support=0 session_contradiction=0 inherited_absent_flag=0 cur_verts=13425 observed_verts=0
1978,STATE_EVIDENCE_WINDOW,STATE_EVIDENCE_WINDOW inst=19 after=1786279256734300000 latest_measured_support=0 through=1786279277934333000 projected=0 support=0 contradiction=0 reliable=377 reliable_in_view=0 reliable_seen_through=0 absence_llr=0.793424 absent_samples=0 total_samples=5420 absence_coverage_sufficient=0
1979,STATE_SLICE,STATE_SLICE inst=19 stamp=1786279277934333000 inherited_sup=0 inherited_con=0 inherited_samples=5420 inherited_supported=0 inherited_free=0 inherited_repl_other=0 inherited_repl_bg=0 inherited_occ=0 inherited_unobs=5420 session_sup=0 session_con=0 session_samples=0 cur_verts=16260 candidate_verts=0
1980,EVIDENCE,EVIDENCE inst=19 inherited_support=0 inherited_contradiction=0 session_support=0 session_contradiction=0 inherited_absent_flag=0 cur_verts=16260 observed_verts=0
1981,STATE_EVIDENCE_WINDOW,STATE_EVIDENCE_WINDOW inst=20 after=1786279247834311000 latest_measured_support=1786279277934333000 through=1786279277934333000 projected=1 support=10 contradiction=13 reliable=1 reliable_in_view=1 reliable_seen_through=0 absence_llr=0 absent_samples=6 total_samples=14 absence_coverage_sufficient=0
1982,STATE_SLICE,STATE_SLICE inst=20 stamp=1786279277934333000 inherited_sup=10 inherited_con=13 inherited_samples=14 inherited_supported=10 inherited_free=10 inherited_repl_other=3 inherited_repl_bg=0 inherited_occ=38 inherited_unobs=0 session_sup=0 session_con=0 session_samples=0 cur_verts=90 candidate_verts=0
1983,EVIDENCE,EVIDENCE inst=20 inherited_support=10 inherited_contradiction=13 session_support=0 session_contradiction=0 inherited_absent_flag=0 cur_verts=90 observed_verts=0
1984,MOBILITY_PRIOR,MOBILITY_PRIOR inst=20 session=0 class=74 changes=0 continuations=0 alpha=0.15 beta=2.85 q=0.05
1985,MOBILITY_PRIOR,MOBILITY_PRIOR inst=20 session=0 class=74 changes=0 continuations=0 alpha=0.15 beta=2.85 q=0.05
1986,TOP_ABSORB,TOP_ABSORB inst=20 geom=0 support=10 high_mobility=0 absorb=1
1987,INGEST,INGEST inst=1 first=1786279267s seg_verts=15783 cur_verts=76413 observed_verts=0
1988,INGEST_DECIDE,INGEST_DECIDE inst=1 same_session_overlap=1 contradicted=0
1989,INGEST,INGEST inst=7 first=1786279274s seg_verts=5811 cur_verts=10800 observed_verts=0
1990,INGEST_DECIDE,INGEST_DECIDE inst=7 same_session_overlap=1 contradicted=0
1991,OBJECT_EXTRACTION_INPUT,OBJECT_EXTRACTION_INPUT inst=10 first=1786279265234311000 last=1786279278800977000 observations=310 dynamic=0 motion_history=0 last_motion=0 displacement=0 static_fallback=0
1992,STATIC_SURFACE_BOUNDARY,STATIC_SURFACE_BOUNDARY inst=10 rejected_stamp=1786279277567644000 current_stamp=1786279278800977000 forward_support=176 forward_free=116 reverse_support=110 reverse_free=0 forward_sampled=347 reverse_sampled=473
1993,STATIC_SURFACE_FRAMES,STATIC_SURFACE_FRAMES inst=10 candidates=68 selected=13 first=1786279277667644000 last=1786279278800977000
2000,STATE_EVIDENCE_WINDOW,STATE_EVIDENCE_WINDOW inst=1 after=1786279274467633000 latest_measured_support=0 through=1786279280100977000 projected=0 support=0 contradiction=0 reliable=206 reliable_in_view=0 reliable_seen_through=0 absence_llr=0 absent_samples=0 total_samples=30732 absence_coverage_sufficient=0
2001,STATE_SLICE,STATE_SLICE inst=1 stamp=1786279280100977000 inherited_sup=0 inherited_con=0 inherited_samples=30732 inherited_supported=0 inherited_free=0 inherited_repl_other=0 inherited_repl_bg=0 inherited_occ=0 inherited_unobs=30732 session_sup=0 session_con=0 session_samples=0 cur_verts=92196 candidate_verts=0
2002,EVIDENCE,EVIDENCE inst=1 inherited_support=0 inherited_contradiction=0 session_support=0 session_contradiction=0 inherited_absent_flag=0 cur_verts=92196 observed_verts=0
2003,STATE_EVIDENCE_WINDOW,STATE_EVIDENCE_WINDOW inst=3 after=1786279277934333000 latest_measured_support=1786279280100977000 through=1786279280100977000 projected=1 support=1758 contradiction=541 reliable=469 reliable_in_view=366 reliable_seen_through=13 absence_llr=0 absent_samples=138 total_samples=1262 absence_coverage_sufficient=0
2004,STATE_SLICE,STATE_SLICE inst=3 stamp=1786279280100977000 inherited_sup=1758 inherited_con=541 inherited_samples=1262 inherited_supported=1771 inherited_free=398 inherited_repl_other=78 inherited_repl_bg=70 inherited_occ=1303 inherited_unobs=256 session_sup=0 session_con=0 session_samples=0 cur_verts=47472 candidate_verts=0
2005,EVIDENCE,EVIDENCE inst=3 inherited_support=1758 inherited_contradiction=541 session_support=0 session_contradiction=0 inherited_absent_flag=0 cur_verts=47472 observed_verts=0
2006,MOBILITY_PRIOR,MOBILITY_PRIOR inst=3 session=0 class=15 changes=0 continuations=3 alpha=0.157895 beta=1.84211 q=0.0315789
2007,MOBILITY_PRIOR,MOBILITY_PRIOR inst=3 session=0 class=15 changes=0 continuations=3 alpha=0.157895 beta=1.84211 q=0.0315789
2008,TOP_ABSORB,TOP_ABSORB inst=3 geom=0 support=1758 high_mobility=0 absorb=1
2009,STATE_EVIDENCE_WINDOW,STATE_EVIDENCE_WINDOW inst=4 after=1786279277534300000 latest_measured_support=0 through=1786279280100977000 projected=0 support=0 contradiction=0 reliable=239 reliable_in_view=0 reliable_seen_through=0 absence_llr=0 absent_samples=0 total_samples=37089 absence_coverage_sufficient=0
2010,STATE_SLICE,STATE_SLICE inst=4 stamp=1786279280100977000 inherited_sup=0 inherited_con=0 inherited_samples=37089 inherited_supported=0 inherited_free=0 inherited_repl_other=0 inherited_repl_bg=0 inherited_occ=0 inherited_unobs=37089 session_sup=0 session_con=0 session_samples=0 cur_verts=111267 candidate_verts=0
2011,EVIDENCE,EVIDENCE inst=4 inherited_support=0 inherited_contradiction=0 session_support=0 session_contradiction=0 inherited_absent_flag=0 cur_verts=111267 observed_verts=0
2012,STATE_EVIDENCE_WINDOW,STATE_EVIDENCE_WINDOW inst=5 after=1786279271100966000 latest_measured_support=0 through=1786279280100977000 projected=1 support=0 contradiction=52 reliable=514 reliable_in_view=18 reliable_seen_through=10 absence_llr=0.804191 absent_samples=23 total_samples=412 absence_coverage_sufficient=0
2013,STATE_SLICE,STATE_SLICE inst=5 stamp=1786279280100977000 inherited_sup=0 inherited_con=52 inherited_samples=412 inherited_supported=0 inherited_free=8 inherited_repl_other=34 inherited_repl_bg=10 inherited_occ=2651 inherited_unobs=1 session_sup=0 session_con=0 session_samples=0 cur_verts=11652 candidate_verts=0
2014,EVIDENCE,EVIDENCE inst=5 inherited_support=0 inherited_contradiction=52 session_support=0 session_contradiction=0 inherited_absent_flag=0 cur_verts=11652 observed_verts=0
2015,STATE_EVIDENCE_WINDOW,STATE_EVIDENCE_WINDOW inst=6 after=1786279238500966000 latest_measured_support=0 through=1786279280100977000 projected=0 support=0 contradiction=0 reliable=214 reliable_in_view=0 reliable_seen_through=0 absence_llr=2.24525 absent_samples=0 total_samples=28393 absence_coverage_sufficient=0
2016,STATE_SLICE,STATE_SLICE inst=6 stamp=1786279280100977000 inherited_sup=0 inherited_con=0 inherited_samples=28393 inherited_supported=0 inherited_free=0 inherited_repl_other=0 inherited_repl_bg=0 inherited_occ=0 inherited_unobs=28393 session_sup=0 session_con=0 session_samples=0 cur_verts=85179 candidate_verts=0
2017,EVIDENCE,EVIDENCE inst=6 inherited_support=0 inherited_contradiction=0 session_support=0 session_contradiction=0 inherited_absent_flag=0 cur_verts=85179 observed_verts=0
2018,STATE_EVIDENCE_WINDOW,STATE_EVIDENCE_WINDOW inst=7 after=1786279277934333000 latest_measured_support=1786279280100977000 through=1786279280100977000 projected=1 support=419 contradiction=394 reliable=461 reliable_in_view=331 reliable_seen_through=35 absence_llr=0 absent_samples=126 total_samples=439 absence_coverage_sufficient=0
2019,STATE_SLICE,STATE_SLICE inst=7 stamp=1786279280100977000 inherited_sup=419 inherited_con=394 inherited_samples=439 inherited_supported=423 inherited_free=165 inherited_repl_other=27 inherited_repl_bg=207 inherited_occ=73 inherited_unobs=0 session_sup=0 session_con=0 session_samples=0 cur_verts=16611 candidate_verts=0
2020,EVIDENCE,EVIDENCE inst=7 inherited_support=419 inherited_contradiction=394 session_support=0 session_contradiction=0 inherited_absent_flag=0 cur_verts=16611 observed_verts=0
2021,MOBILITY_PRIOR,MOBILITY_PRIOR inst=7 session=0 class=74 changes=0 continuations=2 alpha=0.15 beta=1.85 q=0.0375
2022,MOBILITY_PRIOR,MOBILITY_PRIOR inst=7 session=0 class=74 changes=0 continuations=2 alpha=0.15 beta=1.85 q=0.0375
2023,TOP_ABSORB,TOP_ABSORB inst=7 geom=0 support=419 high_mobility=0 absorb=1
2024,STATE_EVIDENCE_WINDOW,STATE_EVIDENCE_WINDOW inst=10 after=1786279277100977000 latest_measured_support=0 through=1786279280100977000 projected=1 support=0 contradiction=645 reliable=417 reliable_in_view=59 reliable_seen_through=27 absence_llr=0.830855 absent_samples=182 total_samples=666 absence_coverage_sufficient=0
2025,STATE_SLICE,STATE_SLICE inst=10 stamp=1786279280100977000 inherited_sup=0 inherited_con=645 inherited_samples=666 inherited_supported=0 inherited_free=13 inherited_repl_other=183 inherited_repl_bg=461 inherited_occ=192 inherited_unobs=270 session_sup=0 session_con=0 session_samples=0 cur_verts=24714 candidate_verts=0
2026,EVIDENCE,EVIDENCE inst=10 inherited_support=0 inherited_contradiction=645 session_support=0 session_contradiction=0 inherited_absent_flag=0 cur_verts=24714 observed_verts=0
2027,STATE_EVIDENCE_WINDOW,STATE_EVIDENCE_WINDOW inst=11 after=1786279256467644000 latest_measured_support=0 through=1786279280100977000 projected=0 support=0 contradiction=0 reliable=695 reliable_in_view=0 reliable_seen_through=0 absence_llr=1.0685 absent_samples=0 total_samples=12177 absence_coverage_sufficient=0
2028,STATE_SLICE,STATE_SLICE inst=11 stamp=1786279280100977000 inherited_sup=0 inherited_con=0 inherited_samples=12177 inherited_supported=0 inherited_free=0 inherited_repl_other=0 inherited_repl_bg=0 inherited_occ=0 inherited_unobs=12177 session_sup=0 session_con=0 session_samples=0 cur_verts=36531 candidate_verts=0
2029,EVIDENCE,EVIDENCE inst=11 inherited_support=0 inherited_contradiction=0 session_support=0 session_contradiction=0 inherited_absent_flag=0 cur_verts=36531 observed_verts=0
2030,STATE_EVIDENCE_WINDOW,STATE_EVIDENCE_WINDOW inst=13 after=1786279225167633000 latest_measured_support=0 through=1786279280100977000 projected=1 support=0 contradiction=14 reliable=352 reliable_in_view=0 reliable_seen_through=0 absence_llr=0 absent_samples=10 total_samples=255 absence_coverage_sufficient=0
2031,STATE_SLICE,STATE_SLICE inst=13 stamp=1786279280100977000 inherited_sup=0 inherited_con=14 inherited_samples=255 inherited_supported=0 inherited_free=0 inherited_repl_other=0 inherited_repl_bg=14 inherited_occ=16 inherited_unobs=142 session_sup=0 session_con=0 session_samples=0 cur_verts=9204 candidate_verts=0
2032,EVIDENCE,EVIDENCE inst=13 inherited_support=0 inherited_contradiction=14 session_support=0 session_contradiction=0 inherited_absent_flag=0 cur_verts=9204 observed_verts=0
2033,STATE_EVIDENCE_WINDOW,STATE_EVIDENCE_WINDOW inst=14 after=1786279236367666000 latest_measured_support=0 through=1786279280100977000 projected=0 support=0 contradiction=0 reliable=132 reliable_in_view=0 reliable_seen_through=0 absence_llr=0.789442 absent_samples=0 total_samples=2784 absence_coverage_sufficient=0
2034,STATE_SLICE,STATE_SLICE inst=14 stamp=1786279280100977000 inherited_sup=0 inherited_con=0 inherited_samples=2784 inherited_supported=0 inherited_free=0 inherited_repl_other=0 inherited_repl_bg=0 inherited_occ=0 inherited_unobs=2784 session_sup=0 session_con=0 session_samples=0 cur_verts=8352 candidate_verts=0
2035,EVIDENCE,EVIDENCE inst=14 inherited_support=0 inherited_contradiction=0 session_support=0 session_contradiction=0 inherited_absent_flag=0 cur_verts=8352 observed_verts=0
2036,STATE_EVIDENCE_WINDOW,STATE_EVIDENCE_WINDOW inst=16 after=1786279269300977000 latest_measured_support=0 through=1786279280100977000 projected=0 support=0 contradiction=0 reliable=483 reliable_in_view=0 reliable_seen_through=0 absence_llr=0 absent_samples=0 total_samples=5765 absence_coverage_sufficient=0
2037,STATE_SLICE,STATE_SLICE inst=16 stamp=1786279280100977000 inherited_sup=0 inherited_con=0 inherited_samples=5765 inherited_supported=0 inherited_free=0 inherited_repl_other=0 inherited_repl_bg=0 inherited_occ=0 inherited_unobs=5765 session_sup=0 session_con=0 session_samples=0 cur_verts=17295 candidate_verts=0
2038,EVIDENCE,EVIDENCE inst=16 inherited_support=0 inherited_contradiction=0 session_support=0 session_contradiction=0 inherited_absent_flag=0 cur_verts=17295 observed_verts=0
2039,STATE_EVIDENCE_WINDOW,STATE_EVIDENCE_WINDOW inst=17 after=1786279269600977000 latest_measured_support=0 through=1786279280100977000 projected=0 support=0 contradiction=0 reliable=739 reliable_in_view=0 reliable_seen_through=0 absence_llr=0 absent_samples=0 total_samples=8247 absence_coverage_sufficient=0
2040,STATE_SLICE,STATE_SLICE inst=17 stamp=1786279280100977000 inherited_sup=0 inherited_con=0 inherited_samples=8247 inherited_supported=0 inherited_free=0 inherited_repl_other=0 inherited_repl_bg=0 inherited_occ=0 inherited_unobs=8247 session_sup=0 session_con=0 session_samples=0 cur_verts=24741 candidate_verts=0
2041,EVIDENCE,EVIDENCE inst=17 inherited_support=0 inherited_contradiction=0 session_support=0 session_contradiction=0 inherited_absent_flag=0 cur_verts=24741 observed_verts=0
2042,STATE_EVIDENCE_WINDOW,STATE_EVIDENCE_WINDOW inst=18 after=1786279224667644000 latest_measured_support=0 through=1786279280100977000 projected=1 support=0 contradiction=25 reliable=485 reliable_in_view=0 reliable_seen_through=0 absence_llr=0 absent_samples=20 total_samples=332 absence_coverage_sufficient=0
2043,STATE_SLICE,STATE_SLICE inst=18 stamp=1786279280100977000 inherited_sup=0 inherited_con=25 inherited_samples=332 inherited_supported=0 inherited_free=24 inherited_repl_other=0 inherited_repl_bg=1 inherited_occ=5 inherited_unobs=304 session_sup=0 session_con=0 session_samples=0 cur_verts=13425 candidate_verts=0
2044,EVIDENCE,EVIDENCE inst=18 inherited_support=0 inherited_contradiction=25 session_support=0 session_contradiction=0 inherited_absent_flag=0 cur_verts=13425 observed_verts=0
2045,STATE_EVIDENCE_WINDOW,STATE_EVIDENCE_WINDOW inst=19 after=1786279256734300000 latest_measured_support=0 through=1786279280100977000 projected=0 support=0 contradiction=0 reliable=377 reliable_in_view=0 reliable_seen_through=0 absence_llr=0.793424 absent_samples=0 total_samples=5420 absence_coverage_sufficient=0
2046,STATE_SLICE,STATE_SLICE inst=19 stamp=1786279280100977000 inherited_sup=0 inherited_con=0 inherited_samples=5420 inherited_supported=0 inherited_free=0 inherited_repl_other=0 inherited_repl_bg=0 inherited_occ=0 inherited_unobs=5420 session_sup=0 session_con=0 session_samples=0 cur_verts=16260 candidate_verts=0
2047,EVIDENCE,EVIDENCE inst=19 inherited_support=0 inherited_contradiction=0 session_support=0 session_contradiction=0 inherited_absent_flag=0 cur_verts=16260 observed_verts=0
2048,STATE_EVIDENCE_WINDOW,STATE_EVIDENCE_WINDOW inst=20 after=1786279277934333000 latest_measured_support=1786279280100977000 through=1786279280100977000 projected=1 support=17 contradiction=12 reliable=1 reliable_in_view=1 reliable_seen_through=0 absence_llr=0 absent_samples=5 total_samples=14 absence_coverage_sufficient=0
2049,STATE_SLICE,STATE_SLICE inst=20 stamp=1786279280100977000 inherited_sup=17 inherited_con=12 inherited_samples=14 inherited_supported=17 inherited_free=8 inherited_repl_other=4 inherited_repl_bg=0 inherited_occ=9 inherited_unobs=0 session_sup=0 session_con=0 session_samples=0 cur_verts=90 candidate_verts=0
2050,EVIDENCE,EVIDENCE inst=20 inherited_support=17 inherited_contradiction=12 session_support=0 session_contradiction=0 inherited_absent_flag=0 cur_verts=90 observed_verts=0
2051,MOBILITY_PRIOR,MOBILITY_PRIOR inst=20 session=0 class=74 changes=0 continuations=0 alpha=0.15 beta=3.85 q=0.0375
2052,MOBILITY_PRIOR,MOBILITY_PRIOR inst=20 session=0 class=74 changes=0 continuations=0 alpha=0.15 beta=3.85 q=0.0375
2053,TOP_ABSORB,TOP_ABSORB inst=20 geom=0 support=17 high_mobility=0 absorb=1
2054,OBJECT_EXTRACTION_INPUT,OBJECT_EXTRACTION_INPUT inst=4 first=1786279263834311000 last=1786279277567644000 observations=413 dynamic=0 motion_history=0 last_motion=0 displacement=0 static_fallback=0
2055,STATIC_SURFACE_FRAMES,STATIC_SURFACE_FRAMES inst=4 candidates=66 selected=66 first=1786279271067633000 last=1786279277567644000
2061,STATE_EVIDENCE_WINDOW,STATE_EVIDENCE_WINDOW inst=1 after=1786279274467633000 latest_measured_support=0 through=1786279282234311000 projected=0 support=0 contradiction=0 reliable=206 reliable_in_view=0 reliable_seen_through=0 absence_llr=0 absent_samples=0 total_samples=30732 absence_coverage_sufficient=0
2062,STATE_SLICE,STATE_SLICE inst=1 stamp=1786279282234311000 inherited_sup=0 inherited_con=0 inherited_samples=30732 inherited_supported=0 inherited_free=0 inherited_repl_other=0 inherited_repl_bg=0 inherited_occ=0 inherited_unobs=30732 session_sup=0 session_con=0 session_samples=0 cur_verts=92196 candidate_verts=0
2063,EVIDENCE,EVIDENCE inst=1 inherited_support=0 inherited_contradiction=0 session_support=0 session_contradiction=0 inherited_absent_flag=0 cur_verts=92196 observed_verts=0
2064,STATE_EVIDENCE_WINDOW,STATE_EVIDENCE_WINDOW inst=3 after=1786279280100977000 latest_measured_support=1786279282234311000 through=1786279282234311000 projected=1 support=876 contradiction=303 reliable=473 reliable_in_view=223 reliable_seen_through=8 absence_llr=0 absent_samples=98 total_samples=1262 absence_coverage_sufficient=0
2065,STATE_SLICE,STATE_SLICE inst=3 stamp=1786279282234311000 inherited_sup=876 inherited_con=303 inherited_samples=1262 inherited_supported=880 inherited_free=131 inherited_repl_other=72 inherited_repl_bg=100 inherited_occ=276 inherited_unobs=634 session_sup=0 session_con=0 session_samples=0 cur_verts=47472 candidate_verts=0
2066,EVIDENCE,EVIDENCE inst=3 inherited_support=876 inherited_contradiction=303 session_support=0 session_contradiction=0 inherited_absent_flag=0 cur_verts=47472 observed_verts=0
2067,MOBILITY_PRIOR,MOBILITY_PRIOR inst=3 session=0 class=15 changes=0 continuations=3 alpha=0.157895 beta=1.84211 q=0.0315789
2068,MOBILITY_PRIOR,MOBILITY_PRIOR inst=3 session=0 class=15 changes=0 continuations=3 alpha=0.157895 beta=1.84211 q=0.0315789
2069,TOP_ABSORB,TOP_ABSORB inst=3 geom=0 support=876 high_mobility=0 absorb=1
2070,STATE_EVIDENCE_WINDOW,STATE_EVIDENCE_WINDOW inst=4 after=1786279277534300000 latest_measured_support=0 through=1786279282234311000 projected=0 support=0 contradiction=0 reliable=239 reliable_in_view=0 reliable_seen_through=0 absence_llr=0 absent_samples=0 total_samples=37089 absence_coverage_sufficient=0
2071,STATE_SLICE,STATE_SLICE inst=4 stamp=1786279282234311000 inherited_sup=0 inherited_con=0 inherited_samples=37089 inherited_supported=0 inherited_free=0 inherited_repl_other=0 inherited_repl_bg=0 inherited_occ=0 inherited_unobs=37089 session_sup=0 session_con=0 session_samples=0 cur_verts=111267 candidate_verts=0
2072,EVIDENCE,EVIDENCE inst=4 inherited_support=0 inherited_contradiction=0 session_support=0 session_contradiction=0 inherited_absent_flag=0 cur_verts=111267 observed_verts=0
2073,STATE_EVIDENCE_WINDOW,STATE_EVIDENCE_WINDOW inst=5 after=1786279271100966000 latest_measured_support=0 through=1786279282234311000 projected=1 support=0 contradiction=131 reliable=514 reliable_in_view=55 reliable_seen_through=12 absence_llr=0.74079 absent_samples=37 total_samples=412 absence_coverage_sufficient=0
2074,STATE_SLICE,STATE_SLICE inst=5 stamp=1786279282234311000 inherited_sup=0 inherited_con=131 inherited_samples=412 inherited_supported=0 inherited_free=11 inherited_repl_other=66 inherited_repl_bg=54 inherited_occ=3202 inherited_unobs=1 session_sup=0 session_con=0 session_samples=0 cur_verts=11652 candidate_verts=0
2075,EVIDENCE,EVIDENCE inst=5 inherited_support=0 inherited_contradiction=131 session_support=0 session_contradiction=0 inherited_absent_flag=0 cur_verts=11652 observed_verts=0
2076,STATE_EVIDENCE_WINDOW,STATE_EVIDENCE_WINDOW inst=6 after=1786279238500966000 latest_measured_support=0 through=1786279282234311000 projected=0 support=0 contradiction=0 reliable=214 reliable_in_view=0 reliable_seen_through=0 absence_llr=2.24525 absent_samples=0 total_samples=28393 absence_coverage_sufficient=0
2077,STATE_SLICE,STATE_SLICE inst=6 stamp=1786279282234311000 inherited_sup=0 inherited_con=0 inherited_samples=28393 inherited_supported=0 inherited_free=0 inherited_repl_other=0 inherited_repl_bg=0 inherited_occ=0 inherited_unobs=28393 session_sup=0 session_con=0 session_samples=0 cur_verts=85179 candidate_verts=0
2078,EVIDENCE,EVIDENCE inst=6 inherited_support=0 inherited_contradiction=0 session_support=0 session_contradiction=0 inherited_absent_flag=0 cur_verts=85179 observed_verts=0
2079,STATE_EVIDENCE_WINDOW,STATE_EVIDENCE_WINDOW inst=7 after=1786279280100977000 latest_measured_support=1786279282234311000 through=1786279282234311000 projected=1 support=358 contradiction=331 reliable=471 reliable_in_view=206 reliable_seen_through=20 absence_llr=0 absent_samples=101 total_samples=439 absence_coverage_sufficient=0
2080,STATE_SLICE,STATE_SLICE inst=7 stamp=1786279282234311000 inherited_sup=358 inherited_con=331 inherited_samples=439 inherited_supported=358 inherited_free=52 inherited_repl_other=50 inherited_repl_bg=234 inherited_occ=89 inherited_unobs=51 session_sup=0 session_con=0 session_samples=0 cur_verts=16611 candidate_verts=0
2081,EVIDENCE,EVIDENCE inst=7 inherited_support=358 inherited_contradiction=331 session_support=0 session_contradiction=0 inherited_absent_flag=0 cur_verts=16611 observed_verts=0
2082,MOBILITY_PRIOR,MOBILITY_PRIOR inst=7 session=0 class=74 changes=0 continuations=2 alpha=0.15 beta=1.85 q=0.0375
2083,MOBILITY_PRIOR,MOBILITY_PRIOR inst=7 session=0 class=74 changes=0 continuations=2 alpha=0.15 beta=1.85 q=0.0375
2084,TOP_ABSORB,TOP_ABSORB inst=7 geom=0 support=358 high_mobility=0 absorb=1
2085,STATE_EVIDENCE_WINDOW,STATE_EVIDENCE_WINDOW inst=10 after=1786279277100977000 latest_measured_support=0 through=1786279282234311000 projected=1 support=0 contradiction=964 reliable=417 reliable_in_view=46 reliable_seen_through=34 absence_llr=0.830855 absent_samples=188 total_samples=666 absence_coverage_sufficient=0
2086,STATE_SLICE,STATE_SLICE inst=10 stamp=1786279282234311000 inherited_sup=0 inherited_con=964 inherited_samples=666 inherited_supported=0 inherited_free=14 inherited_repl_other=204 inherited_repl_bg=758 inherited_occ=243 inherited_unobs=270 session_sup=0 session_con=0 session_samples=0 cur_verts=24714 candidate_verts=0
2087,EVIDENCE,EVIDENCE inst=10 inherited_support=0 inherited_contradiction=964 session_support=0 session_contradiction=0 inherited_absent_flag=0 cur_verts=24714 observed_verts=0
2088,STATE_EVIDENCE_WINDOW,STATE_EVIDENCE_WINDOW inst=11 after=1786279256467644000 latest_measured_support=0 through=1786279282234311000 projected=0 support=0 contradiction=0 reliable=695 reliable_in_view=0 reliable_seen_through=0 absence_llr=1.0685 absent_samples=0 total_samples=12177 absence_coverage_sufficient=0
2089,STATE_SLICE,STATE_SLICE inst=11 stamp=1786279282234311000 inherited_sup=0 inherited_con=0 inherited_samples=12177 inherited_supported=0 inherited_free=0 inherited_repl_other=0 inherited_repl_bg=0 inherited_occ=0 inherited_unobs=12177 session_sup=0 session_con=0 session_samples=0 cur_verts=36531 candidate_verts=0
2090,EVIDENCE,EVIDENCE inst=11 inherited_support=0 inherited_contradiction=0 session_support=0 session_contradiction=0 inherited_absent_flag=0 cur_verts=36531 observed_verts=0
2091,STATE_EVIDENCE_WINDOW,STATE_EVIDENCE_WINDOW inst=13 after=1786279225167633000 latest_measured_support=0 through=1786279282234311000 projected=1 support=0 contradiction=14 reliable=352 reliable_in_view=0 reliable_seen_through=0 absence_llr=0 absent_samples=10 total_samples=255 absence_coverage_sufficient=0
2092,STATE_SLICE,STATE_SLICE inst=13 stamp=1786279282234311000 inherited_sup=0 inherited_con=14 inherited_samples=255 inherited_supported=0 inherited_free=0 inherited_repl_other=0 inherited_repl_bg=14 inherited_occ=16 inherited_unobs=142 session_sup=0 session_con=0 session_samples=0 cur_verts=9204 candidate_verts=0
2093,EVIDENCE,EVIDENCE inst=13 inherited_support=0 inherited_contradiction=14 session_support=0 session_contradiction=0 inherited_absent_flag=0 cur_verts=9204 observed_verts=0
2094,STATE_EVIDENCE_WINDOW,STATE_EVIDENCE_WINDOW inst=14 after=1786279236367666000 latest_measured_support=0 through=1786279282234311000 projected=0 support=0 contradiction=0 reliable=132 reliable_in_view=0 reliable_seen_through=0 absence_llr=0.789442 absent_samples=0 total_samples=2784 absence_coverage_sufficient=0
2095,STATE_SLICE,STATE_SLICE inst=14 stamp=1786279282234311000 inherited_sup=0 inherited_con=0 inherited_samples=2784 inherited_supported=0 inherited_free=0 inherited_repl_other=0 inherited_repl_bg=0 inherited_occ=0 inherited_unobs=2784 session_sup=0 session_con=0 session_samples=0 cur_verts=8352 candidate_verts=0
2096,EVIDENCE,EVIDENCE inst=14 inherited_support=0 inherited_contradiction=0 session_support=0 session_contradiction=0 inherited_absent_flag=0 cur_verts=8352 observed_verts=0
2097,STATE_EVIDENCE_WINDOW,STATE_EVIDENCE_WINDOW inst=16 after=1786279269300977000 latest_measured_support=0 through=1786279282234311000 projected=0 support=0 contradiction=0 reliable=483 reliable_in_view=0 reliable_seen_through=0 absence_llr=0 absent_samples=0 total_samples=5765 absence_coverage_sufficient=0
2098,STATE_SLICE,STATE_SLICE inst=16 stamp=1786279282234311000 inherited_sup=0 inherited_con=0 inherited_samples=5765 inherited_supported=0 inherited_free=0 inherited_repl_other=0 inherited_repl_bg=0 inherited_occ=0 inherited_unobs=5765 session_sup=0 session_con=0 session_samples=0 cur_verts=17295 candidate_verts=0
2099,EVIDENCE,EVIDENCE inst=16 inherited_support=0 inherited_contradiction=0 session_support=0 session_contradiction=0 inherited_absent_flag=0 cur_verts=17295 observed_verts=0
2100,STATE_EVIDENCE_WINDOW,STATE_EVIDENCE_WINDOW inst=17 after=1786279269600977000 latest_measured_support=0 through=1786279282234311000 projected=0 support=0 contradiction=0 reliable=739 reliable_in_view=0 reliable_seen_through=0 absence_llr=0 absent_samples=0 total_samples=8247 absence_coverage_sufficient=0
2101,STATE_SLICE,STATE_SLICE inst=17 stamp=1786279282234311000 inherited_sup=0 inherited_con=0 inherited_samples=8247 inherited_supported=0 inherited_free=0 inherited_repl_other=0 inherited_repl_bg=0 inherited_occ=0 inherited_unobs=8247 session_sup=0 session_con=0 session_samples=0 cur_verts=24741 candidate_verts=0
2102,EVIDENCE,EVIDENCE inst=17 inherited_support=0 inherited_contradiction=0 session_support=0 session_contradiction=0 inherited_absent_flag=0 cur_verts=24741 observed_verts=0
2103,STATE_EVIDENCE_WINDOW,STATE_EVIDENCE_WINDOW inst=18 after=1786279224667644000 latest_measured_support=0 through=1786279282234311000 projected=1 support=0 contradiction=25 reliable=485 reliable_in_view=0 reliable_seen_through=0 absence_llr=0 absent_samples=20 total_samples=332 absence_coverage_sufficient=0
2104,STATE_SLICE,STATE_SLICE inst=18 stamp=1786279282234311000 inherited_sup=0 inherited_con=25 inherited_samples=332 inherited_supported=0 inherited_free=24 inherited_repl_other=0 inherited_repl_bg=1 inherited_occ=5 inherited_unobs=304 session_sup=0 session_con=0 session_samples=0 cur_verts=13425 candidate_verts=0
2105,EVIDENCE,EVIDENCE inst=18 inherited_support=0 inherited_contradiction=25 session_support=0 session_contradiction=0 inherited_absent_flag=0 cur_verts=13425 observed_verts=0
2106,STATE_EVIDENCE_WINDOW,STATE_EVIDENCE_WINDOW inst=19 after=1786279256734300000 latest_measured_support=0 through=1786279282234311000 projected=0 support=0 contradiction=0 reliable=377 reliable_in_view=0 reliable_seen_through=0 absence_llr=0.793424 absent_samples=0 total_samples=5420 absence_coverage_sufficient=0
2107,STATE_SLICE,STATE_SLICE inst=19 stamp=1786279282234311000 inherited_sup=0 inherited_con=0 inherited_samples=5420 inherited_supported=0 inherited_free=0 inherited_repl_other=0 inherited_repl_bg=0 inherited_occ=0 inherited_unobs=5420 session_sup=0 session_con=0 session_samples=0 cur_verts=16260 candidate_verts=0
2108,EVIDENCE,EVIDENCE inst=19 inherited_support=0 inherited_contradiction=0 session_support=0 session_contradiction=0 inherited_absent_flag=0 cur_verts=16260 observed_verts=0
2109,STATE_EVIDENCE_WINDOW,STATE_EVIDENCE_WINDOW inst=20 after=1786279280100977000 latest_measured_support=0 through=1786279282234311000 projected=1 support=0 contradiction=1 reliable=1 reliable_in_view=0 reliable_seen_through=0 absence_llr=0 absent_samples=1 total_samples=14 absence_coverage_sufficient=0
2110,STATE_SLICE,STATE_SLICE inst=20 stamp=1786279282234311000 inherited_sup=0 inherited_con=1 inherited_samples=14 inherited_supported=0 inherited_free=0 inherited_repl_other=1 inherited_repl_bg=0 inherited_occ=0 inherited_unobs=13 session_sup=0 session_con=0 session_samples=0 cur_verts=90 candidate_verts=0
2111,EVIDENCE,EVIDENCE inst=20 inherited_support=0 inherited_contradiction=1 session_support=0 session_contradiction=0 inherited_absent_flag=0 cur_verts=90 observed_verts=0
2112,INGEST,INGEST inst=4 first=1786279271s seg_verts=52209 cur_verts=111267 observed_verts=0
2113,INGEST_DECIDE,INGEST_DECIDE inst=4 same_session_overlap=1 contradicted=0
2114,OBJECT_EXTRACTION_INPUT,OBJECT_EXTRACTION_INPUT inst=20 first=1786279275600977000 last=1786279280367666000 observations=143 dynamic=0 motion_history=0 last_motion=0 displacement=0 static_fallback=0
2115,STATIC_SURFACE_BOUNDARY,STATIC_SURFACE_BOUNDARY inst=20 rejected_stamp=1786279277867655000 current_stamp=1786279280367666000 forward_support=71 forward_free=0 reverse_support=188 reverse_free=70 forward_sampled=512 reverse_sampled=463
2116,STATIC_SURFACE_FRAMES,STATIC_SURFACE_FRAMES inst=20 candidates=48 selected=25 first=1786279277967633000 last=1786279280367666000
2118,STATE_EVIDENCE_WINDOW,STATE_EVIDENCE_WINDOW inst=1 after=1786279274467633000 latest_measured_support=0 through=1786279284400966000 projected=0 support=0 contradiction=0 reliable=206 reliable_in_view=0 reliable_seen_through=0 absence_llr=0 absent_samples=0 total_samples=30732 absence_coverage_sufficient=0
2119,STATE_SLICE,STATE_SLICE inst=1 stamp=1786279284400966000 inherited_sup=0 inherited_con=0 inherited_samples=30732 inherited_supported=0 inherited_free=0 inherited_repl_other=0 inherited_repl_bg=0 inherited_occ=0 inherited_unobs=30732 session_sup=0 session_con=0 session_samples=0 cur_verts=92196 candidate_verts=0
2120,EVIDENCE,EVIDENCE inst=1 inherited_support=0 inherited_contradiction=0 session_support=0 session_contradiction=0 inherited_absent_flag=0 cur_verts=92196 observed_verts=0
2121,STATE_EVIDENCE_WINDOW,STATE_EVIDENCE_WINDOW inst=3 after=1786279282234311000 latest_measured_support=1786279284400966000 through=1786279284400966000 projected=1 support=444 contradiction=192 reliable=480 reliable_in_view=114 reliable_seen_through=5 absence_llr=0 absent_samples=70 total_samples=1262 absence_coverage_sufficient=0
2122,STATE_SLICE,STATE_SLICE inst=3 stamp=1786279284400966000 inherited_sup=444 inherited_con=192 inherited_samples=1262 inherited_supported=446 inherited_free=36 inherited_repl_other=27 inherited_repl_bg=131 inherited_occ=82 inherited_unobs=749 session_sup=0 session_con=0 session_samples=0 cur_verts=47472 candidate_verts=0
2123,EVIDENCE,EVIDENCE inst=3 inherited_support=444 inherited_contradiction=192 session_support=0 session_contradiction=0 inherited_absent_flag=0 cur_verts=47472 observed_verts=0
2124,MOBILITY_PRIOR,MOBILITY_PRIOR inst=3 session=0 class=15 changes=0 continuations=3 alpha=0.157895 beta=1.84211 q=0.0315789
2125,MOBILITY_PRIOR,MOBILITY_PRIOR inst=3 session=0 class=15 changes=0 continuations=3 alpha=0.157895 beta=1.84211 q=0.0315789
2126,TOP_ABSORB,TOP_ABSORB inst=3 geom=0 support=444 high_mobility=0 absorb=1
2127,STATE_EVIDENCE_WINDOW,STATE_EVIDENCE_WINDOW inst=4 after=1786279277567644000 latest_measured_support=0 through=1786279284400966000 projected=0 support=0 contradiction=0 reliable=195 reliable_in_view=0 reliable_seen_through=0 absence_llr=0 absent_samples=0 total_samples=54492 absence_coverage_sufficient=0
2128,STATE_SLICE,STATE_SLICE inst=4 stamp=1786279284400966000 inherited_sup=0 inherited_con=0 inherited_samples=54492 inherited_supported=0 inherited_free=0 inherited_repl_other=0 inherited_repl_bg=0 inherited_occ=0 inherited_unobs=54492 session_sup=0 session_con=0 session_samples=0 cur_verts=163476 candidate_verts=0
2129,EVIDENCE,EVIDENCE inst=4 inherited_support=0 inherited_contradiction=0 session_support=0 session_contradiction=0 inherited_absent_flag=0 cur_verts=163476 observed_verts=0
2130,STATE_EVIDENCE_WINDOW,STATE_EVIDENCE_WINDOW inst=5 after=1786279271100966000 latest_measured_support=1786279284400966000 through=1786279284400966000 projected=1 support=83 contradiction=228 reliable=518 reliable_in_view=170 reliable_seen_through=23 absence_llr=0.497212 absent_samples=55 total_samples=412 absence_coverage_sufficient=0
2131,STATE_SLICE,STATE_SLICE inst=5 stamp=1786279284400966000 inherited_sup=83 inherited_con=228 inherited_samples=412 inherited_supported=84 inherited_free=18 inherited_repl_other=91 inherited_repl_bg=119 inherited_occ=3433 inherited_unobs=1 session_sup=0 session_con=0 session_samples=0 cur_verts=11652 candidate_verts=0
2132,EVIDENCE,EVIDENCE inst=5 inherited_support=83 inherited_contradiction=228 session_support=0 session_contradiction=0 inherited_absent_flag=0 cur_verts=11652 observed_verts=0
2133,MOBILITY_PRIOR,MOBILITY_PRIOR inst=5 session=0 class=33 changes=0 continuations=1 alpha=0.142857 beta=1.85714 q=0.047619
2134,MOBILITY_PRIOR,MOBILITY_PRIOR inst=5 session=0 class=33 changes=0 continuations=1 alpha=0.142857 beta=1.85714 q=0.047619
2135,TOP_ABSORB,TOP_ABSORB inst=5 geom=0 support=83 high_mobility=0 absorb=1
2136,STATE_EVIDENCE_WINDOW,STATE_EVIDENCE_WINDOW inst=6 after=1786279238500966000 latest_measured_support=0 through=1786279284400966000 projected=0 support=0 contradiction=0 reliable=214 reliable_in_view=0 reliable_seen_through=0 absence_llr=2.24525 absent_samples=0 total_samples=28393 absence_coverage_sufficient=0
2137,STATE_SLICE,STATE_SLICE inst=6 stamp=1786279284400966000 inherited_sup=0 inherited_con=0 inherited_samples=28393 inherited_supported=0 inherited_free=0 inherited_repl_other=0 inherited_repl_bg=0 inherited_occ=0 inherited_unobs=28393 session_sup=0 session_con=0 session_samples=0 cur_verts=85179 candidate_verts=0
2138,EVIDENCE,EVIDENCE inst=6 inherited_support=0 inherited_contradiction=0 session_support=0 session_contradiction=0 inherited_absent_flag=0 cur_verts=85179 observed_verts=0
2139,STATE_EVIDENCE_WINDOW,STATE_EVIDENCE_WINDOW inst=7 after=1786279282234311000 latest_measured_support=1786279283534300000 through=1786279284400966000 projected=1 support=39 contradiction=160 reliable=433 reliable_in_view=48 reliable_seen_through=5 absence_llr=0 absent_samples=61 total_samples=439 absence_coverage_sufficient=0
2140,STATE_SLICE,STATE_SLICE inst=7 stamp=1786279284400966000 inherited_sup=39 inherited_con=160 inherited_samples=439 inherited_supported=39 inherited_free=3 inherited_repl_other=35 inherited_repl_bg=126 inherited_occ=90 inherited_unobs=123 session_sup=0 session_con=0 session_samples=0 cur_verts=16611 candidate_verts=0
2141,EVIDENCE,EVIDENCE inst=7 inherited_support=39 inherited_contradiction=160 session_support=0 session_contradiction=0 inherited_absent_flag=0 cur_verts=16611 observed_verts=0
2142,MOBILITY_PRIOR,MOBILITY_PRIOR inst=7 session=0 class=74 changes=0 continuations=2 alpha=0.15 beta=1.85 q=0.0375
2143,MOBILITY_PRIOR,MOBILITY_PRIOR inst=7 session=0 class=74 changes=0 continuations=2 alpha=0.15 beta=1.85 q=0.0375
2144,TOP_ABSORB,TOP_ABSORB inst=7 geom=0 support=39 high_mobility=0 absorb=1
2145,STATE_EVIDENCE_WINDOW,STATE_EVIDENCE_WINDOW inst=10 after=1786279277100977000 latest_measured_support=0 through=1786279284400966000 projected=1 support=0 contradiction=1194 reliable=417 reliable_in_view=101 reliable_seen_through=59 absence_llr=0.877827 absent_samples=213 total_samples=666 absence_coverage_sufficient=0
2146,STATE_SLICE,STATE_SLICE inst=10 stamp=1786279284400966000 inherited_sup=0 inherited_con=1194 inherited_samples=666 inherited_supported=0 inherited_free=14 inherited_repl_other=213 inherited_repl_bg=983 inherited_occ=246 inherited_unobs=270 session_sup=0 session_con=0 session_samples=0 cur_verts=24714 candidate_verts=0
2147,EVIDENCE,EVIDENCE inst=10 inherited_support=0 inherited_contradiction=1194 session_support=0 session_contradiction=0 inherited_absent_flag=0 cur_verts=24714 observed_verts=0
2153,STATE_EVIDENCE_WINDOW,STATE_EVIDENCE_WINDOW inst=11 after=1786279256467644000 latest_measured_support=0 through=1786279284400966000 projected=0 support=0 contradiction=0 reliable=695 reliable_in_view=0 reliable_seen_through=0 absence_llr=1.0685 absent_samples=0 total_samples=12177 absence_coverage_sufficient=0
2154,STATE_SLICE,STATE_SLICE inst=11 stamp=1786279284400966000 inherited_sup=0 inherited_con=0 inherited_samples=12177 inherited_supported=0 inherited_free=0 inherited_repl_other=0 inherited_repl_bg=0 inherited_occ=0 inherited_unobs=12177 session_sup=0 session_con=0 session_samples=0 cur_verts=36531 candidate_verts=0
2155,EVIDENCE,EVIDENCE inst=11 inherited_support=0 inherited_contradiction=0 session_support=0 session_contradiction=0 inherited_absent_flag=0 cur_verts=36531 observed_verts=0
2156,STATE_EVIDENCE_WINDOW,STATE_EVIDENCE_WINDOW inst=13 after=1786279225167633000 latest_measured_support=0 through=1786279284400966000 projected=1 support=0 contradiction=14 reliable=352 reliable_in_view=0 reliable_seen_through=0 absence_llr=0 absent_samples=10 total_samples=255 absence_coverage_sufficient=0
2157,STATE_SLICE,STATE_SLICE inst=13 stamp=1786279284400966000 inherited_sup=0 inherited_con=14 inherited_samples=255 inherited_supported=0 inherited_free=0 inherited_repl_other=0 inherited_repl_bg=14 inherited_occ=16 inherited_unobs=142 session_sup=0 session_con=0 session_samples=0 cur_verts=9204 candidate_verts=0
2158,EVIDENCE,EVIDENCE inst=13 inherited_support=0 inherited_contradiction=14 session_support=0 session_contradiction=0 inherited_absent_flag=0 cur_verts=9204 observed_verts=0
2159,STATE_EVIDENCE_WINDOW,STATE_EVIDENCE_WINDOW inst=14 after=1786279236367666000 latest_measured_support=0 through=1786279284400966000 projected=0 support=0 contradiction=0 reliable=132 reliable_in_view=0 reliable_seen_through=0 absence_llr=0.789442 absent_samples=0 total_samples=2784 absence_coverage_sufficient=0
2160,STATE_SLICE,STATE_SLICE inst=14 stamp=1786279284400966000 inherited_sup=0 inherited_con=0 inherited_samples=2784 inherited_supported=0 inherited_free=0 inherited_repl_other=0 inherited_repl_bg=0 inherited_occ=0 inherited_unobs=2784 session_sup=0 session_con=0 session_samples=0 cur_verts=8352 candidate_verts=0
2161,EVIDENCE,EVIDENCE inst=14 inherited_support=0 inherited_contradiction=0 session_support=0 session_contradiction=0 inherited_absent_flag=0 cur_verts=8352 observed_verts=0
2162,STATE_EVIDENCE_WINDOW,STATE_EVIDENCE_WINDOW inst=16 after=1786279269300977000 latest_measured_support=1786279284400966000 through=1786279284400966000 projected=1 support=21 contradiction=24 reliable=483 reliable_in_view=36 reliable_seen_through=8 absence_llr=0 absent_samples=24 total_samples=305 absence_coverage_sufficient=0
2163,STATE_SLICE,STATE_SLICE inst=16 stamp=1786279284400966000 inherited_sup=21 inherited_con=24 inherited_samples=305 inherited_supported=21 inherited_free=0 inherited_repl_other=0 inherited_repl_bg=24 inherited_occ=2 inherited_unobs=0 session_sup=0 session_con=0 session_samples=0 cur_verts=17295 candidate_verts=0
2164,EVIDENCE,EVIDENCE inst=16 inherited_support=21 inherited_contradiction=24 session_support=0 session_contradiction=0 inherited_absent_flag=0 cur_verts=17295 observed_verts=0
2165,MOBILITY_PRIOR,MOBILITY_PRIOR inst=16 session=0 class=115 changes=0 continuations=2 alpha=0.1875 beta=5.8125 q=0.0234375
2166,MOBILITY_PRIOR,MOBILITY_PRIOR inst=16 session=0 class=115 changes=0 continuations=2 alpha=0.1875 beta=5.8125 q=0.0234375
2167,TOP_ABSORB,TOP_ABSORB inst=16 geom=0 support=21 high_mobility=0 absorb=1
2168,STATE_EVIDENCE_WINDOW,STATE_EVIDENCE_WINDOW inst=17 after=1786279269600977000 latest_measured_support=1786279284400966000 through=1786279284400966000 projected=1 support=154 contradiction=88 reliable=740 reliable_in_view=216 reliable_seen_through=108 absence_llr=1.18928 absent_samples=68 total_samples=384 absence_coverage_sufficient=0
2169,STATE_SLICE,STATE_SLICE inst=17 stamp=1786279284400966000 inherited_sup=154 inherited_con=88 inherited_samples=384 inherited_supported=155 inherited_free=11 inherited_repl_other=0 inherited_repl_bg=77 inherited_occ=23 inherited_unobs=76 session_sup=0 session_con=0 session_samples=0 cur_verts=24741 candidate_verts=0
2170,EVIDENCE,EVIDENCE inst=17 inherited_support=154 inherited_contradiction=88 session_support=0 session_contradiction=0 inherited_absent_flag=0 cur_verts=24741 observed_verts=0
2171,MOBILITY_PRIOR,MOBILITY_PRIOR inst=17 session=0 class=115 changes=0 continuations=3 alpha=0.1875 beta=4.8125 q=0.0234375
2172,MOBILITY_PRIOR,MOBILITY_PRIOR inst=17 session=0 class=115 changes=0 continuations=3 alpha=0.1875 beta=4.8125 q=0.0234375
2173,TOP_ABSORB,TOP_ABSORB inst=17 geom=0 support=154 high_mobility=0 absorb=1
2174,STATE_EVIDENCE_WINDOW,STATE_EVIDENCE_WINDOW inst=18 after=1786279224667644000 latest_measured_support=0 through=1786279284400966000 projected=1 support=0 contradiction=25 reliable=485 reliable_in_view=0 reliable_seen_through=0 absence_llr=0 absent_samples=20 total_samples=332 absence_coverage_sufficient=0
2175,STATE_SLICE,STATE_SLICE inst=18 stamp=1786279284400966000 inherited_sup=0 inherited_con=25 inherited_samples=332 inherited_supported=0 inherited_free=24 inherited_repl_other=0 inherited_repl_bg=1 inherited_occ=5 inherited_unobs=304 session_sup=0 session_con=0 session_samples=0 cur_verts=13425 candidate_verts=0
2176,EVIDENCE,EVIDENCE inst=18 inherited_support=0 inherited_contradiction=25 session_support=0 session_contradiction=0 inherited_absent_flag=0 cur_verts=13425 observed_verts=0
2177,STATE_EVIDENCE_WINDOW,STATE_EVIDENCE_WINDOW inst=19 after=1786279256734300000 latest_measured_support=0 through=1786279284400966000 projected=0 support=0 contradiction=0 reliable=377 reliable_in_view=0 reliable_seen_through=0 absence_llr=0.793424 absent_samples=0 total_samples=5420 absence_coverage_sufficient=0
2178,STATE_SLICE,STATE_SLICE inst=19 stamp=1786279284400966000 inherited_sup=0 inherited_con=0 inherited_samples=5420 inherited_supported=0 inherited_free=0 inherited_repl_other=0 inherited_repl_bg=0 inherited_occ=0 inherited_unobs=5420 session_sup=0 session_con=0 session_samples=0 cur_verts=16260 candidate_verts=0
2179,EVIDENCE,EVIDENCE inst=19 inherited_support=0 inherited_contradiction=0 session_support=0 session_contradiction=0 inherited_absent_flag=0 cur_verts=16260 observed_verts=0
2180,STATE_EVIDENCE_WINDOW,STATE_EVIDENCE_WINDOW inst=20 after=1786279280100977000 latest_measured_support=0 through=1786279284400966000 projected=1 support=0 contradiction=1 reliable=1 reliable_in_view=0 reliable_seen_through=0 absence_llr=0 absent_samples=1 total_samples=14 absence_coverage_sufficient=0
2181,STATE_SLICE,STATE_SLICE inst=20 stamp=1786279284400966000 inherited_sup=0 inherited_con=1 inherited_samples=14 inherited_supported=0 inherited_free=0 inherited_repl_other=1 inherited_repl_bg=0 inherited_occ=0 inherited_unobs=13 session_sup=0 session_con=0 session_samples=0 cur_verts=90 candidate_verts=0
2182,EVIDENCE,EVIDENCE inst=20 inherited_support=0 inherited_contradiction=1 session_support=0 session_contradiction=0 inherited_absent_flag=0 cur_verts=90 observed_verts=0
2183,INGEST,INGEST inst=20 first=1786279277s seg_verts=2859 cur_verts=90 observed_verts=0
2184,INGEST_DECIDE,INGEST_DECIDE inst=20 same_session_overlap=1 contradicted=0
2185,OBJECT_EXTRACTION_INPUT,OBJECT_EXTRACTION_INPUT inst=10 first=1786279265234311000 last=1786279282734322000 observations=345 dynamic=0 motion_history=0 last_motion=0 displacement=0 static_fallback=0
2186,STATIC_SURFACE_FRAMES,STATIC_SURFACE_FRAMES inst=10 candidates=37 selected=37 first=1786279276167644000 last=1786279282667644000
2188,STATE_EVIDENCE_WINDOW,STATE_EVIDENCE_WINDOW inst=1 after=1786279274467633000 latest_measured_support=0 through=1786279286500966000 projected=0 support=0 contradiction=0 reliable=206 reliable_in_view=0 reliable_seen_through=0 absence_llr=0 absent_samples=0 total_samples=30732 absence_coverage_sufficient=0
2189,STATE_SLICE,STATE_SLICE inst=1 stamp=1786279286500966000 inherited_sup=0 inherited_con=0 inherited_samples=30732 inherited_supported=0 inherited_free=0 inherited_repl_other=0 inherited_repl_bg=0 inherited_occ=0 inherited_unobs=30732 session_sup=0 session_con=0 session_samples=0 cur_verts=92196 candidate_verts=0
2190,EVIDENCE,EVIDENCE inst=1 inherited_support=0 inherited_contradiction=0 session_support=0 session_contradiction=0 inherited_absent_flag=0 cur_verts=92196 observed_verts=0
2191,STATE_EVIDENCE_WINDOW,STATE_EVIDENCE_WINDOW inst=3 after=1786279284400966000 latest_measured_support=0 through=1786279286500966000 projected=0 support=0 contradiction=0 reliable=473 reliable_in_view=0 reliable_seen_through=0 absence_llr=0 absent_samples=0 total_samples=15824 absence_coverage_sufficient=0
2192,STATE_SLICE,STATE_SLICE inst=3 stamp=1786279286500966000 inherited_sup=0 inherited_con=0 inherited_samples=15824 inherited_supported=0 inherited_free=0 inherited_repl_other=0 inherited_repl_bg=0 inherited_occ=0 inherited_unobs=15824 session_sup=0 session_con=0 session_samples=0 cur_verts=47472 candidate_verts=0
2193,EVIDENCE,EVIDENCE inst=3 inherited_support=0 inherited_contradiction=0 session_support=0 session_contradiction=0 inherited_absent_flag=0 cur_verts=47472 observed_verts=0
2194,STATE_EVIDENCE_WINDOW,STATE_EVIDENCE_WINDOW inst=4 after=1786279277567644000 latest_measured_support=0 through=1786279286500966000 projected=0 support=0 contradiction=0 reliable=195 reliable_in_view=0 reliable_seen_through=0 absence_llr=0 absent_samples=0 total_samples=54492 absence_coverage_sufficient=0
2195,STATE_SLICE,STATE_SLICE inst=4 stamp=1786279286500966000 inherited_sup=0 inherited_con=0 inherited_samples=54492 inherited_supported=0 inherited_free=0 inherited_repl_other=0 inherited_repl_bg=0 inherited_occ=0 inherited_unobs=54492 session_sup=0 session_con=0 session_samples=0 cur_verts=163476 candidate_verts=0
2196,EVIDENCE,EVIDENCE inst=4 inherited_support=0 inherited_contradiction=0 session_support=0 session_contradiction=0 inherited_absent_flag=0 cur_verts=163476 observed_verts=0
2197,STATE_EVIDENCE_WINDOW,STATE_EVIDENCE_WINDOW inst=5 after=1786279284400966000 latest_measured_support=0 through=1786279286500966000 projected=0 support=0 contradiction=0 reliable=454 reliable_in_view=0 reliable_seen_through=0 absence_llr=0.497212 absent_samples=0 total_samples=3884 absence_coverage_sufficient=0
2198,STATE_SLICE,STATE_SLICE inst=5 stamp=1786279286500966000 inherited_sup=0 inherited_con=0 inherited_samples=3884 inherited_supported=0 inherited_free=0 inherited_repl_other=0 inherited_repl_bg=0 inherited_occ=0 inherited_unobs=3884 session_sup=0 session_con=0 session_samples=0 cur_verts=11652 candidate_verts=0
2199,EVIDENCE,EVIDENCE inst=5 inherited_support=0 inherited_contradiction=0 session_support=0 session_contradiction=0 inherited_absent_flag=0 cur_verts=11652 observed_verts=0
2200,STATE_EVIDENCE_WINDOW,STATE_EVIDENCE_WINDOW inst=6 after=1786279238500966000 latest_measured_support=1786279286500966000 through=1786279286500966000 projected=1 support=642 contradiction=76 reliable=256 reliable_in_view=52 reliable_seen_through=10 absence_llr=2.23326 absent_samples=32 total_samples=1941 absence_coverage_sufficient=0
2201,STATE_SLICE,STATE_SLICE inst=6 stamp=1786279286500966000 inherited_sup=642 inherited_con=76 inherited_samples=1941 inherited_supported=647 inherited_free=0 inherited_repl_other=0 inherited_repl_bg=76 inherited_occ=63 inherited_unobs=1328 session_sup=0 session_con=0 session_samples=0 cur_verts=85179 candidate_verts=0
2202,EVIDENCE,EVIDENCE inst=6 inherited_support=642 inherited_contradiction=76 session_support=0 session_contradiction=0 inherited_absent_flag=0 cur_verts=85179 observed_verts=0
2203,MOBILITY_PRIOR,MOBILITY_PRIOR inst=6 session=0 class=35 changes=0 continuations=2 alpha=0.166667 beta=1.83333 q=0.0416667
2204,MOBILITY_PRIOR,MOBILITY_PRIOR inst=6 session=0 class=35 changes=0 continuations=2 alpha=0.166667 beta=1.83333 q=0.0416667
2205,TOP_ABSORB,TOP_ABSORB inst=6 geom=0 support=642 high_mobility=0 absorb=1
2206,STATE_EVIDENCE_WINDOW,STATE_EVIDENCE_WINDOW inst=7 after=1786279283534300000 latest_measured_support=0 through=1786279286500966000 projected=1 support=0 contradiction=27 reliable=427 reliable_in_view=0 reliable_seen_through=0 absence_llr=0 absent_samples=22 total_samples=439 absence_coverage_sufficient=0
2207,STATE_SLICE,STATE_SLICE inst=7 stamp=1786279286500966000 inherited_sup=0 inherited_con=27 inherited_samples=439 inherited_supported=0 inherited_free=0 inherited_repl_other=0 inherited_repl_bg=28 inherited_occ=1 inherited_unobs=337 session_sup=0 session_con=0 session_samples=0 cur_verts=16611 candidate_verts=0
2208,EVIDENCE,EVIDENCE inst=7 inherited_support=0 inherited_contradiction=27 session_support=0 session_contradiction=0 inherited_absent_flag=0 cur_verts=16611 observed_verts=0
2209,STATE_EVIDENCE_WINDOW,STATE_EVIDENCE_WINDOW inst=10 after=1786279277100977000 latest_measured_support=0 through=1786279286500966000 projected=1 support=0 contradiction=1194 reliable=417 reliable_in_view=0 reliable_seen_through=0 absence_llr=0.877827 absent_samples=213 total_samples=666 absence_coverage_sufficient=0
2210,STATE_SLICE,STATE_SLICE inst=10 stamp=1786279286500966000 inherited_sup=0 inherited_con=1194 inherited_samples=666 inherited_supported=0 inherited_free=14 inherited_repl_other=213 inherited_repl_bg=983 inherited_occ=246 inherited_unobs=270 session_sup=0 session_con=0 session_samples=0 cur_verts=24714 candidate_verts=0
2211,EVIDENCE,EVIDENCE inst=10 inherited_support=0 inherited_contradiction=1194 session_support=0 session_contradiction=0 inherited_absent_flag=0 cur_verts=24714 observed_verts=0
2212,STATE_EVIDENCE_WINDOW,STATE_EVIDENCE_WINDOW inst=11 after=1786279256467644000 latest_measured_support=0 through=1786279286500966000 projected=0 support=0 contradiction=0 reliable=695 reliable_in_view=0 reliable_seen_through=0 absence_llr=1.0685 absent_samples=0 total_samples=12177 absence_coverage_sufficient=0
2213,STATE_SLICE,STATE_SLICE inst=11 stamp=1786279286500966000 inherited_sup=0 inherited_con=0 inherited_samples=12177 inherited_supported=0 inherited_free=0 inherited_repl_other=0 inherited_repl_bg=0 inherited_occ=0 inherited_unobs=12177 session_sup=0 session_con=0 session_samples=0 cur_verts=36531 candidate_verts=0
2214,EVIDENCE,EVIDENCE inst=11 inherited_support=0 inherited_contradiction=0 session_support=0 session_contradiction=0 inherited_absent_flag=0 cur_verts=36531 observed_verts=0
2215,STATE_EVIDENCE_WINDOW,STATE_EVIDENCE_WINDOW inst=13 after=1786279225167633000 latest_measured_support=0 through=1786279286500966000 projected=1 support=0 contradiction=14 reliable=352 reliable_in_view=0 reliable_seen_through=0 absence_llr=0 absent_samples=10 total_samples=255 absence_coverage_sufficient=0
2216,STATE_SLICE,STATE_SLICE inst=13 stamp=1786279286500966000 inherited_sup=0 inherited_con=14 inherited_samples=255 inherited_supported=0 inherited_free=0 inherited_repl_other=0 inherited_repl_bg=14 inherited_occ=16 inherited_unobs=142 session_sup=0 session_con=0 session_samples=0 cur_verts=9204 candidate_verts=0
2217,EVIDENCE,EVIDENCE inst=13 inherited_support=0 inherited_contradiction=14 session_support=0 session_contradiction=0 inherited_absent_flag=0 cur_verts=9204 observed_verts=0
2218,STATE_EVIDENCE_WINDOW,STATE_EVIDENCE_WINDOW inst=14 after=1786279236367666000 latest_measured_support=0 through=1786279286500966000 projected=0 support=0 contradiction=0 reliable=132 reliable_in_view=0 reliable_seen_through=0 absence_llr=0.789442 absent_samples=0 total_samples=2784 absence_coverage_sufficient=0
2219,STATE_SLICE,STATE_SLICE inst=14 stamp=1786279286500966000 inherited_sup=0 inherited_con=0 inherited_samples=2784 inherited_supported=0 inherited_free=0 inherited_repl_other=0 inherited_repl_bg=0 inherited_occ=0 inherited_unobs=2784 session_sup=0 session_con=0 session_samples=0 cur_verts=8352 candidate_verts=0
2220,EVIDENCE,EVIDENCE inst=14 inherited_support=0 inherited_contradiction=0 session_support=0 session_contradiction=0 inherited_absent_flag=0 cur_verts=8352 observed_verts=0
2221,STATE_EVIDENCE_WINDOW,STATE_EVIDENCE_WINDOW inst=16 after=1786279284400966000 latest_measured_support=1786279284800977000 through=1786279286500966000 projected=1 support=11 contradiction=47 reliable=483 reliable_in_view=14 reliable_seen_through=5 absence_llr=0 absent_samples=28 total_samples=305 absence_coverage_sufficient=0
2222,STATE_SLICE,STATE_SLICE inst=16 stamp=1786279286500966000 inherited_sup=11 inherited_con=47 inherited_samples=305 inherited_supported=11 inherited_free=0 inherited_repl_other=0 inherited_repl_bg=47 inherited_occ=1 inherited_unobs=264 session_sup=0 session_con=0 session_samples=0 cur_verts=17295 candidate_verts=0
2223,EVIDENCE,EVIDENCE inst=16 inherited_support=11 inherited_contradiction=47 session_support=0 session_contradiction=0 inherited_absent_flag=0 cur_verts=17295 observed_verts=0
2224,MOBILITY_PRIOR,MOBILITY_PRIOR inst=16 session=0 class=115 changes=0 continuations=2 alpha=0.176471 beta=5.82353 q=0.0220588
2225,MOBILITY_PRIOR,MOBILITY_PRIOR inst=16 session=0 class=115 changes=0 continuations=2 alpha=0.176471 beta=5.82353 q=0.0220588
2226,TOP_ABSORB,TOP_ABSORB inst=16 geom=0 support=11 high_mobility=0 absorb=1
2227,STATE_EVIDENCE_WINDOW,STATE_EVIDENCE_WINDOW inst=17 after=1786279284400966000 latest_measured_support=1786279286067644000 through=1786279286500966000 projected=1 support=223 contradiction=96 reliable=784 reliable_in_view=207 reliable_seen_through=49 absence_llr=1.18066 absent_samples=41 total_samples=384 absence_coverage_sufficient=0
2228,STATE_SLICE,STATE_SLICE inst=17 stamp=1786279286500966000 inherited_sup=223 inherited_con=96 inherited_samples=384 inherited_supported=223 inherited_free=0 inherited_repl_other=0 inherited_repl_bg=96 inherited_occ=11 inherited_unobs=241 session_sup=0 session_con=0 session_samples=0 cur_verts=24741 candidate_verts=0
2229,EVIDENCE,EVIDENCE inst=17 inherited_support=223 inherited_contradiction=96 session_support=0 session_contradiction=0 inherited_absent_flag=0 cur_verts=24741 observed_verts=0
2230,MOBILITY_PRIOR,MOBILITY_PRIOR inst=17 session=0 class=115 changes=0 continuations=3 alpha=0.176471 beta=4.82353 q=0.0220588
2231,MOBILITY_PRIOR,MOBILITY_PRIOR inst=17 session=0 class=115 changes=0 continuations=3 alpha=0.176471 beta=4.82353 q=0.0220588
2232,TOP_ABSORB,TOP_ABSORB inst=17 geom=0 support=223 high_mobility=0 absorb=1
2233,STATE_EVIDENCE_WINDOW,STATE_EVIDENCE_WINDOW inst=18 after=1786279224667644000 latest_measured_support=0 through=1786279286500966000 projected=1 support=0 contradiction=25 reliable=485 reliable_in_view=0 reliable_seen_through=0 absence_llr=0 absent_samples=20 total_samples=332 absence_coverage_sufficient=0
2234,STATE_SLICE,STATE_SLICE inst=18 stamp=1786279286500966000 inherited_sup=0 inherited_con=25 inherited_samples=332 inherited_supported=0 inherited_free=24 inherited_repl_other=0 inherited_repl_bg=1 inherited_occ=5 inherited_unobs=304 session_sup=0 session_con=0 session_samples=0 cur_verts=13425 candidate_verts=0
2235,EVIDENCE,EVIDENCE inst=18 inherited_support=0 inherited_contradiction=25 session_support=0 session_contradiction=0 inherited_absent_flag=0 cur_verts=13425 observed_verts=0
2236,STATE_EVIDENCE_WINDOW,STATE_EVIDENCE_WINDOW inst=19 after=1786279256734300000 latest_measured_support=0 through=1786279286500966000 projected=0 support=0 contradiction=0 reliable=377 reliable_in_view=0 reliable_seen_through=0 absence_llr=0.793424 absent_samples=0 total_samples=5420 absence_coverage_sufficient=0
2237,STATE_SLICE,STATE_SLICE inst=19 stamp=1786279286500966000 inherited_sup=0 inherited_con=0 inherited_samples=5420 inherited_supported=0 inherited_free=0 inherited_repl_other=0 inherited_repl_bg=0 inherited_occ=0 inherited_unobs=5420 session_sup=0 session_con=0 session_samples=0 cur_verts=16260 candidate_verts=0
2238,EVIDENCE,EVIDENCE inst=19 inherited_support=0 inherited_contradiction=0 session_support=0 session_contradiction=0 inherited_absent_flag=0 cur_verts=16260 observed_verts=0
2239,STATE_EVIDENCE_WINDOW,STATE_EVIDENCE_WINDOW inst=20 after=1786279280367666000 latest_measured_support=0 through=1786279286500966000 projected=1 support=0 contradiction=102 reliable=1 reliable_in_view=0 reliable_seen_through=0 absence_llr=0 absent_samples=54 total_samples=119 absence_coverage_sufficient=0
2240,STATE_SLICE,STATE_SLICE inst=20 stamp=1786279286500966000 inherited_sup=0 inherited_con=102 inherited_samples=119 inherited_supported=0 inherited_free=0 inherited_repl_other=21 inherited_repl_bg=87 inherited_occ=53 inherited_unobs=52 session_sup=0 session_con=0 session_samples=0 cur_verts=2949 candidate_verts=0
2241,EVIDENCE,EVIDENCE inst=20 inherited_support=0 inherited_contradiction=102 session_support=0 session_contradiction=0 inherited_absent_flag=0 cur_verts=2949 observed_verts=0
2242,INGEST,INGEST inst=10 first=1786279276s seg_verts=510 cur_verts=24714 observed_verts=0
2243,INGEST_DECIDE,INGEST_DECIDE inst=10 same_session_overlap=1 contradicted=0
2244,OBJECT_EXTRACTION_INPUT,OBJECT_EXTRACTION_INPUT inst=7 first=1786279264967633000 last=1786279284234300000 observations=542 dynamic=0 motion_history=0 last_motion=0 displacement=0 static_fallback=0
2245,STATIC_SURFACE_FRAMES,STATIC_SURFACE_FRAMES inst=7 candidates=68 selected=68 first=1786279277467633000 last=1786279284167644000
2246,OBJECT_EXTRACTION_INPUT,OBJECT_EXTRACTION_INPUT inst=3 first=1786279264767644000 last=1786279284567644000 observations=595 dynamic=0 motion_history=0 last_motion=0 displacement=0 static_fallback=0
2247,OBJECT_EXTRACTION_INPUT,OBJECT_EXTRACTION_INPUT inst=5 first=1786279282034300000 last=1786279284634300000 observations=56 dynamic=0 motion_history=0 last_motion=0 displacement=0 static_fallback=0
2248,STATIC_SURFACE_BOUNDARY,STATIC_SURFACE_BOUNDARY inst=5 rejected_stamp=1786279283567644000 current_stamp=1786279284567644000 forward_support=72 forward_free=0 reverse_support=118 reverse_free=33 forward_sampled=372 reverse_sampled=280
2249,STATIC_SURFACE_FRAMES,STATIC_SURFACE_FRAMES inst=5 candidates=18 selected=10 first=1786279283667633000 last=1786279284567644000
2250,STATIC_SURFACE_BOUNDARY,STATIC_SURFACE_BOUNDARY inst=3 rejected_stamp=1786279281267644000 current_stamp=1786279284567644000 forward_support=0 forward_free=4 reverse_support=1 reverse_free=64 forward_sampled=509 reverse_sampled=129
2251,STATIC_SURFACE_FRAMES,STATIC_SURFACE_FRAMES inst=3 candidates=68 selected=33 first=1786279281367644000 last=1786279284567644000
2252,OBJECT_EXTRACTION_INPUT,OBJECT_EXTRACTION_INPUT inst=16 first=1786279284267644000 last=1786279285034300000 observations=24 dynamic=0 motion_history=0 last_motion=0 displacement=0 static_fallback=0
2253,STATIC_SURFACE_FRAMES,STATIC_SURFACE_FRAMES inst=16 candidates=8 selected=8 first=1786279284267644000 last=1786279284967644000
2259,STATE_EVIDENCE_WINDOW,STATE_EVIDENCE_WINDOW inst=1 after=1786279274467633000 latest_measured_support=0 through=1786279288600977000 projected=0 support=0 contradiction=0 reliable=206 reliable_in_view=0 reliable_seen_through=0 absence_llr=0 absent_samples=0 total_samples=30732 absence_coverage_sufficient=0
2260,STATE_SLICE,STATE_SLICE inst=1 stamp=1786279288600977000 inherited_sup=0 inherited_con=0 inherited_samples=30732 inherited_supported=0 inherited_free=0 inherited_repl_other=0 inherited_repl_bg=0 inherited_occ=0 inherited_unobs=30732 session_sup=0 session_con=0 session_samples=0 cur_verts=92196 candidate_verts=0
2261,EVIDENCE,EVIDENCE inst=1 inherited_support=0 inherited_contradiction=0 session_support=0 session_contradiction=0 inherited_absent_flag=0 cur_verts=92196 observed_verts=0
2262,STATE_EVIDENCE_WINDOW,STATE_EVIDENCE_WINDOW inst=3 after=1786279284400966000 latest_measured_support=0 through=1786279288600977000 projected=0 support=0 contradiction=0 reliable=473 reliable_in_view=0 reliable_seen_through=0 absence_llr=0 absent_samples=0 total_samples=15824 absence_coverage_sufficient=0
2263,STATE_SLICE,STATE_SLICE inst=3 stamp=1786279288600977000 inherited_sup=0 inherited_con=0 inherited_samples=15824 inherited_supported=0 inherited_free=0 inherited_repl_other=0 inherited_repl_bg=0 inherited_occ=0 inherited_unobs=15824 session_sup=0 session_con=0 session_samples=0 cur_verts=47472 candidate_verts=0
2264,EVIDENCE,EVIDENCE inst=3 inherited_support=0 inherited_contradiction=0 session_support=0 session_contradiction=0 inherited_absent_flag=0 cur_verts=47472 observed_verts=0
2265,STATE_EVIDENCE_WINDOW,STATE_EVIDENCE_WINDOW inst=4 after=1786279277567644000 latest_measured_support=0 through=1786279288600977000 projected=0 support=0 contradiction=0 reliable=195 reliable_in_view=0 reliable_seen_through=0 absence_llr=0 absent_samples=0 total_samples=54492 absence_coverage_sufficient=0
2266,STATE_SLICE,STATE_SLICE inst=4 stamp=1786279288600977000 inherited_sup=0 inherited_con=0 inherited_samples=54492 inherited_supported=0 inherited_free=0 inherited_repl_other=0 inherited_repl_bg=0 inherited_occ=0 inherited_unobs=54492 session_sup=0 session_con=0 session_samples=0 cur_verts=163476 candidate_verts=0
2267,EVIDENCE,EVIDENCE inst=4 inherited_support=0 inherited_contradiction=0 session_support=0 session_contradiction=0 inherited_absent_flag=0 cur_verts=163476 observed_verts=0
2268,STATE_EVIDENCE_WINDOW,STATE_EVIDENCE_WINDOW inst=5 after=1786279284400966000 latest_measured_support=0 through=1786279288600977000 projected=0 support=0 contradiction=0 reliable=454 reliable_in_view=0 reliable_seen_through=0 absence_llr=0.497212 absent_samples=0 total_samples=3884 absence_coverage_sufficient=0
2269,STATE_SLICE,STATE_SLICE inst=5 stamp=1786279288600977000 inherited_sup=0 inherited_con=0 inherited_samples=3884 inherited_supported=0 inherited_free=0 inherited_repl_other=0 inherited_repl_bg=0 inherited_occ=0 inherited_unobs=3884 session_sup=0 session_con=0 session_samples=0 cur_verts=11652 candidate_verts=0
2270,EVIDENCE,EVIDENCE inst=5 inherited_support=0 inherited_contradiction=0 session_support=0 session_contradiction=0 inherited_absent_flag=0 cur_verts=11652 observed_verts=0
2271,STATE_EVIDENCE_WINDOW,STATE_EVIDENCE_WINDOW inst=6 after=1786279286500966000 latest_measured_support=1786279288167644000 through=1786279288600977000 projected=1 support=562 contradiction=101 reliable=265 reliable_in_view=60 reliable_seen_through=6 absence_llr=2.22759 absent_samples=33 total_samples=1941 absence_coverage_sufficient=0
2272,STATE_SLICE,STATE_SLICE inst=6 stamp=1786279288600977000 inherited_sup=562 inherited_con=101 inherited_samples=1941 inherited_supported=563 inherited_free=0 inherited_repl_other=0 inherited_repl_bg=103 inherited_occ=10 inherited_unobs=1643 session_sup=0 session_con=0 session_samples=0 cur_verts=85179 candidate_verts=0
2273,EVIDENCE,EVIDENCE inst=6 inherited_support=562 inherited_contradiction=101 session_support=0 session_contradiction=0 inherited_absent_flag=0 cur_verts=85179 observed_verts=0
2274,MOBILITY_PRIOR,MOBILITY_PRIOR inst=6 session=0 class=35 changes=0 continuations=2 alpha=0.166667 beta=1.83333 q=0.0416667
2275,MOBILITY_PRIOR,MOBILITY_PRIOR inst=6 session=0 class=35 changes=0 continuations=2 alpha=0.166667 beta=1.83333 q=0.0416667
2276,TOP_ABSORB,TOP_ABSORB inst=6 geom=0 support=562 high_mobility=0 absorb=1
2277,STATE_EVIDENCE_WINDOW,STATE_EVIDENCE_WINDOW inst=7 after=1786279283534300000 latest_measured_support=0 through=1786279288600977000 projected=1 support=0 contradiction=27 reliable=427 reliable_in_view=0 reliable_seen_through=0 absence_llr=0 absent_samples=22 total_samples=439 absence_coverage_sufficient=0
2278,STATE_SLICE,STATE_SLICE inst=7 stamp=1786279288600977000 inherited_sup=0 inherited_con=27 inherited_samples=439 inherited_supported=0 inherited_free=0 inherited_repl_other=0 inherited_repl_bg=28 inherited_occ=1 inherited_unobs=337 session_sup=0 session_con=0 session_samples=0 cur_verts=16611 candidate_verts=0
2279,EVIDENCE,EVIDENCE inst=7 inherited_support=0 inherited_contradiction=27 session_support=0 session_contradiction=0 inherited_absent_flag=0 cur_verts=16611 observed_verts=0
2280,STATE_EVIDENCE_WINDOW,STATE_EVIDENCE_WINDOW inst=10 after=1786279282734322000 latest_measured_support=0 through=1786279288600977000 projected=1 support=0 contradiction=176 reliable=404 reliable_in_view=0 reliable_seen_through=0 absence_llr=0.877827 absent_samples=112 total_samples=702 absence_coverage_sufficient=0
2281,STATE_SLICE,STATE_SLICE inst=10 stamp=1786279288600977000 inherited_sup=0 inherited_con=176 inherited_samples=702 inherited_supported=0 inherited_free=0 inherited_repl_other=12 inherited_repl_bg=168 inherited_occ=10 inherited_unobs=562 session_sup=0 session_con=0 session_samples=0 cur_verts=25224 candidate_verts=0
2282,EVIDENCE,EVIDENCE inst=10 inherited_support=0 inherited_contradiction=176 session_support=0 session_contradiction=0 inherited_absent_flag=0 cur_verts=25224 observed_verts=0
2283,STATE_EVIDENCE_WINDOW,STATE_EVIDENCE_WINDOW inst=11 after=1786279256467644000 latest_measured_support=0 through=1786279288600977000 projected=0 support=0 contradiction=0 reliable=695 reliable_in_view=0 reliable_seen_through=0 absence_llr=1.0685 absent_samples=0 total_samples=12177 absence_coverage_sufficient=0
2284,STATE_SLICE,STATE_SLICE inst=11 stamp=1786279288600977000 inherited_sup=0 inherited_con=0 inherited_samples=12177 inherited_supported=0 inherited_free=0 inherited_repl_other=0 inherited_repl_bg=0 inherited_occ=0 inherited_unobs=12177 session_sup=0 session_con=0 session_samples=0 cur_verts=36531 candidate_verts=0
2285,EVIDENCE,EVIDENCE inst=11 inherited_support=0 inherited_contradiction=0 session_support=0 session_contradiction=0 inherited_absent_flag=0 cur_verts=36531 observed_verts=0
2286,STATE_EVIDENCE_WINDOW,STATE_EVIDENCE_WINDOW inst=13 after=1786279225167633000 latest_measured_support=0 through=1786279288600977000 projected=1 support=0 contradiction=14 reliable=352 reliable_in_view=0 reliable_seen_through=0 absence_llr=0 absent_samples=10 total_samples=255 absence_coverage_sufficient=0
2287,STATE_SLICE,STATE_SLICE inst=13 stamp=1786279288600977000 inherited_sup=0 inherited_con=14 inherited_samples=255 inherited_supported=0 inherited_free=0 inherited_repl_other=0 inherited_repl_bg=14 inherited_occ=16 inherited_unobs=142 session_sup=0 session_con=0 session_samples=0 cur_verts=9204 candidate_verts=0
2288,EVIDENCE,EVIDENCE inst=13 inherited_support=0 inherited_contradiction=14 session_support=0 session_contradiction=0 inherited_absent_flag=0 cur_verts=9204 observed_verts=0
2289,STATE_EVIDENCE_WINDOW,STATE_EVIDENCE_WINDOW inst=14 after=1786279236367666000 latest_measured_support=0 through=1786279288600977000 projected=0 support=0 contradiction=0 reliable=132 reliable_in_view=0 reliable_seen_through=0 absence_llr=0.789442 absent_samples=0 total_samples=2784 absence_coverage_sufficient=0
2290,STATE_SLICE,STATE_SLICE inst=14 stamp=1786279288600977000 inherited_sup=0 inherited_con=0 inherited_samples=2784 inherited_supported=0 inherited_free=0 inherited_repl_other=0 inherited_repl_bg=0 inherited_occ=0 inherited_unobs=2781 session_sup=0 session_con=0 session_samples=0 cur_verts=8352 candidate_verts=0
2291,EVIDENCE,EVIDENCE inst=14 inherited_support=0 inherited_contradiction=0 session_support=0 session_contradiction=0 inherited_absent_flag=0 cur_verts=8352 observed_verts=0
2292,STATE_EVIDENCE_WINDOW,STATE_EVIDENCE_WINDOW inst=16 after=1786279284800977000 latest_measured_support=0 through=1786279288600977000 projected=1 support=0 contradiction=20 reliable=483 reliable_in_view=0 reliable_seen_through=0 absence_llr=0 absent_samples=13 total_samples=305 absence_coverage_sufficient=0
2293,STATE_SLICE,STATE_SLICE inst=16 stamp=1786279288600977000 inherited_sup=0 inherited_con=20 inherited_samples=305 inherited_supported=0 inherited_free=0 inherited_repl_other=0 inherited_repl_bg=20 inherited_occ=0 inherited_unobs=292 session_sup=0 session_con=0 session_samples=0 cur_verts=17295 candidate_verts=0
2294,EVIDENCE,EVIDENCE inst=16 inherited_support=0 inherited_contradiction=20 session_support=0 session_contradiction=0 inherited_absent_flag=0 cur_verts=17295 observed_verts=0
2295,STATE_EVIDENCE_WINDOW,STATE_EVIDENCE_WINDOW inst=17 after=1786279286067644000 latest_measured_support=0 through=1786279288600977000 projected=0 support=0 contradiction=0 reliable=735 reliable_in_view=0 reliable_seen_through=0 absence_llr=1.18066 absent_samples=0 total_samples=8247 absence_coverage_sufficient=0
2296,STATE_SLICE,STATE_SLICE inst=17 stamp=1786279288600977000 inherited_sup=0 inherited_con=0 inherited_samples=8247 inherited_supported=0 inherited_free=0 inherited_repl_other=0 inherited_repl_bg=0 inherited_occ=0 inherited_unobs=8247 session_sup=0 session_con=0 session_samples=0 cur_verts=24741 candidate_verts=0
2297,EVIDENCE,EVIDENCE inst=17 inherited_support=0 inherited_contradiction=0 session_support=0 session_contradiction=0 inherited_absent_flag=0 cur_verts=24741 observed_verts=0
2298,STATE_EVIDENCE_WINDOW,STATE_EVIDENCE_WINDOW inst=18 after=1786279224667644000 latest_measured_support=0 through=1786279288600977000 projected=1 support=0 contradiction=25 reliable=485 reliable_in_view=0 reliable_seen_through=0 absence_llr=0 absent_samples=20 total_samples=332 absence_coverage_sufficient=0
2299,STATE_SLICE,STATE_SLICE inst=18 stamp=1786279288600977000 inherited_sup=0 inherited_con=25 inherited_samples=332 inherited_supported=0 inherited_free=24 inherited_repl_other=0 inherited_repl_bg=1 inherited_occ=5 inherited_unobs=304 session_sup=0 session_con=0 session_samples=0 cur_verts=13425 candidate_verts=0
2300,EVIDENCE,EVIDENCE inst=18 inherited_support=0 inherited_contradiction=25 session_support=0 session_contradiction=0 inherited_absent_flag=0 cur_verts=13425 observed_verts=0
2301,STATE_EVIDENCE_WINDOW,STATE_EVIDENCE_WINDOW inst=19 after=1786279256734300000 latest_measured_support=0 through=1786279288600977000 projected=0 support=0 contradiction=0 reliable=377 reliable_in_view=0 reliable_seen_through=0 absence_llr=0.793424 absent_samples=0 total_samples=5420 absence_coverage_sufficient=0
2302,STATE_SLICE,STATE_SLICE inst=19 stamp=1786279288600977000 inherited_sup=0 inherited_con=0 inherited_samples=5420 inherited_supported=0 inherited_free=0 inherited_repl_other=0 inherited_repl_bg=0 inherited_occ=0 inherited_unobs=5420 session_sup=0 session_con=0 session_samples=0 cur_verts=16260 candidate_verts=0
2303,EVIDENCE,EVIDENCE inst=19 inherited_support=0 inherited_contradiction=0 session_support=0 session_contradiction=0 inherited_absent_flag=0 cur_verts=16260 observed_verts=0
2304,STATE_EVIDENCE_WINDOW,STATE_EVIDENCE_WINDOW inst=20 after=1786279280367666000 latest_measured_support=0 through=1786279288600977000 projected=1 support=0 contradiction=102 reliable=1 reliable_in_view=0 reliable_seen_through=0 absence_llr=0 absent_samples=54 total_samples=119 absence_coverage_sufficient=0
2305,STATE_SLICE,STATE_SLICE inst=20 stamp=1786279288600977000 inherited_sup=0 inherited_con=102 inherited_samples=119 inherited_supported=0 inherited_free=0 inherited_repl_other=21 inherited_repl_bg=87 inherited_occ=53 inherited_unobs=52 session_sup=0 session_con=0 session_samples=0 cur_verts=2949 candidate_verts=0
2306,EVIDENCE,EVIDENCE inst=20 inherited_support=0 inherited_contradiction=102 session_support=0 session_contradiction=0 inherited_absent_flag=0 cur_verts=2949 observed_verts=0
2307,INGEST,INGEST inst=3 first=1786279281s seg_verts=8373 cur_verts=47472 observed_verts=0
2308,INGEST_DECIDE,INGEST_DECIDE inst=3 same_session_overlap=1 contradicted=0
2309,INGEST,INGEST inst=5 first=1786279283s seg_verts=468 cur_verts=11652 observed_verts=0
2310,INGEST_DECIDE,INGEST_DECIDE inst=5 same_session_overlap=1 contradicted=0
2311,INGEST,INGEST inst=7 first=1786279277s seg_verts=10047 cur_verts=16611 observed_verts=0
2312,INGEST_DECIDE,INGEST_DECIDE inst=7 same_session_overlap=1 contradicted=0
2313,INGEST,INGEST inst=16 first=1786279284s seg_verts=786 cur_verts=17295 observed_verts=0
2314,INGEST_DECIDE,INGEST_DECIDE inst=16 same_session_overlap=1 contradicted=0
2315,OBJECT_EXTRACTION_INPUT,OBJECT_EXTRACTION_INPUT inst=17 first=1786279283534300000 last=1786279286400966000 observations=87 dynamic=0 motion_history=0 last_motion=0 displacement=0 static_fallback=0
2316,STATIC_SURFACE_FRAMES,STATIC_SURFACE_FRAMES inst=17 candidates=29 selected=29 first=1786279283567644000 last=1786279286367633000
2318,STATE_EVIDENCE_WINDOW,STATE_EVIDENCE_WINDOW inst=1 after=1786279274467633000 latest_measured_support=0 through=1786279290767644000 projected=0 support=0 contradiction=0 reliable=206 reliable_in_view=0 reliable_seen_through=0 absence_llr=0 absent_samples=0 total_samples=30732 absence_coverage_sufficient=0
2319,STATE_SLICE,STATE_SLICE inst=1 stamp=1786279290767644000 inherited_sup=0 inherited_con=0 inherited_samples=30732 inherited_supported=0 inherited_free=0 inherited_repl_other=0 inherited_repl_bg=0 inherited_occ=0 inherited_unobs=30732 session_sup=0 session_con=0 session_samples=0 cur_verts=92196 candidate_verts=0
2320,EVIDENCE,EVIDENCE inst=1 inherited_support=0 inherited_contradiction=0 session_support=0 session_contradiction=0 inherited_absent_flag=0 cur_verts=92196 observed_verts=0
2321,STATE_EVIDENCE_WINDOW,STATE_EVIDENCE_WINDOW inst=3 after=1786279284567644000 latest_measured_support=1786279290767644000 through=1786279290767644000 projected=1 support=10 contradiction=46 reliable=252 reliable_in_view=1 reliable_seen_through=1 absence_llr=0 absent_samples=46 total_samples=1381 absence_coverage_sufficient=0
2322,STATE_SLICE,STATE_SLICE inst=3 stamp=1786279290767644000 inherited_sup=10 inherited_con=46 inherited_samples=1381 inherited_supported=10 inherited_free=4 inherited_repl_other=18 inherited_repl_bg=26 inherited_occ=74 inherited_unobs=891 session_sup=0 session_con=0 session_samples=0 cur_verts=55845 candidate_verts=0
2323,EVIDENCE,EVIDENCE inst=3 inherited_support=10 inherited_contradiction=46 session_support=0 session_contradiction=0 inherited_absent_flag=0 cur_verts=55845 observed_verts=0
2324,MOBILITY_PRIOR,MOBILITY_PRIOR inst=3 session=0 class=15 changes=0 continuations=4 alpha=0.130435 beta=1.86957 q=0.0217391
2325,MOBILITY_PRIOR,MOBILITY_PRIOR inst=3 session=0 class=15 changes=0 continuations=4 alpha=0.130435 beta=1.86957 q=0.0217391
2326,TOP_ABSORB,TOP_ABSORB inst=3 geom=0 support=10 high_mobility=0 absorb=1
2327,STATE_EVIDENCE_WINDOW,STATE_EVIDENCE_WINDOW inst=4 after=1786279277567644000 latest_measured_support=0 through=1786279290767644000 projected=0 support=0 contradiction=0 reliable=195 reliable_in_view=0 reliable_seen_through=0 absence_llr=0 absent_samples=0 total_samples=54492 absence_coverage_sufficient=0
2328,STATE_SLICE,STATE_SLICE inst=4 stamp=1786279290767644000 inherited_sup=0 inherited_con=0 inherited_samples=54492 inherited_supported=0 inherited_free=0 inherited_repl_other=0 inherited_repl_bg=0 inherited_occ=0 inherited_unobs=54492 session_sup=0 session_con=0 session_samples=0 cur_verts=163476 candidate_verts=0
2329,EVIDENCE,EVIDENCE inst=4 inherited_support=0 inherited_contradiction=0 session_support=0 session_contradiction=0 inherited_absent_flag=0 cur_verts=163476 observed_verts=0
2330,STATE_EVIDENCE_WINDOW,STATE_EVIDENCE_WINDOW inst=5 after=1786279284634300000 latest_measured_support=1786279290767644000 through=1786279290767644000 projected=1 support=40 contradiction=5 reliable=455 reliable_in_view=41 reliable_seen_through=7 absence_llr=0.430688 absent_samples=4 total_samples=419 absence_coverage_sufficient=0
2331,STATE_SLICE,STATE_SLICE inst=5 stamp=1786279290767644000 inherited_sup=40 inherited_con=5 inherited_samples=419 inherited_supported=41 inherited_free=0 inherited_repl_other=0 inherited_repl_bg=5 inherited_occ=60 inherited_unobs=139 session_sup=0 session_con=0 session_samples=0 cur_verts=12120 candidate_verts=0
2332,EVIDENCE,EVIDENCE inst=5 inherited_support=40 inherited_contradiction=5 session_support=0 session_contradiction=0 inherited_absent_flag=0 cur_verts=12120 observed_verts=0
2333,MOBILITY_PRIOR,MOBILITY_PRIOR inst=5 session=0 class=33 changes=0 continuations=2 alpha=0.142857 beta=1.85714 q=0.0357143
2334,MOBILITY_PRIOR,MOBILITY_PRIOR inst=5 session=0 class=33 changes=0 continuations=2 alpha=0.142857 beta=1.85714 q=0.0357143
2335,TOP_ABSORB,TOP_ABSORB inst=5 geom=0 support=40 high_mobility=0 absorb=1
2336,STATE_EVIDENCE_WINDOW,STATE_EVIDENCE_WINDOW inst=6 after=1786279288167644000 latest_measured_support=0 through=1786279290767644000 projected=0 support=0 contradiction=0 reliable=256 reliable_in_view=0 reliable_seen_through=0 absence_llr=2.22759 absent_samples=0 total_samples=28393 absence_coverage_sufficient=0
2337,STATE_SLICE,STATE_SLICE inst=6 stamp=1786279290767644000 inherited_sup=0 inherited_con=0 inherited_samples=28393 inherited_supported=0 inherited_free=0 inherited_repl_other=0 inherited_repl_bg=0 inherited_occ=0 inherited_unobs=28393 session_sup=0 session_con=0 session_samples=0 cur_verts=85179 candidate_verts=0
2338,EVIDENCE,EVIDENCE inst=6 inherited_support=0 inherited_contradiction=0 session_support=0 session_contradiction=0 inherited_absent_flag=0 cur_verts=85179 observed_verts=0
2339,STATE_EVIDENCE_WINDOW,STATE_EVIDENCE_WINDOW inst=7 after=1786279284234300000 latest_measured_support=1786279290767644000 through=1786279290767644000 projected=1 support=13 contradiction=82 reliable=323 reliable_in_view=27 reliable_seen_through=0 absence_llr=0 absent_samples=65 total_samples=630 absence_coverage_sufficient=0
2340,STATE_SLICE,STATE_SLICE inst=7 stamp=1786279290767644000 inherited_sup=13 inherited_con=82 inherited_samples=630 inherited_supported=13 inherited_free=0 inherited_repl_other=6 inherited_repl_bg=76 inherited_occ=184 inherited_unobs=342 session_sup=0 session_con=0 session_samples=0 cur_verts=26658 candidate_verts=0
2341,EVIDENCE,EVIDENCE inst=7 inherited_support=13 inherited_contradiction=82 session_support=0 session_contradiction=0 inherited_absent_flag=0 cur_verts=26658 observed_verts=0
2342,MOBILITY_PRIOR,MOBILITY_PRIOR inst=7 session=0 class=74 changes=0 continuations=3 alpha=0.130435 beta=2.86957 q=0.0217391
2343,MOBILITY_PRIOR,MOBILITY_PRIOR inst=7 session=0 class=74 changes=0 continuations=3 alpha=0.130435 beta=2.86957 q=0.0217391
2344,TOP_ABSORB,TOP_ABSORB inst=7 geom=0 support=13 high_mobility=0 absorb=1
2345,STATE_EVIDENCE_WINDOW,STATE_EVIDENCE_WINDOW inst=10 after=1786279282734322000 latest_measured_support=0 through=1786279290767644000 projected=1 support=0 contradiction=212 reliable=404 reliable_in_view=35 reliable_seen_through=0 absence_llr=0.865238 absent_samples=114 total_samples=702 absence_coverage_sufficient=0
2346,STATE_SLICE,STATE_SLICE inst=10 stamp=1786279290767644000 inherited_sup=0 inherited_con=212 inherited_samples=702 inherited_supported=0 inherited_free=0 inherited_repl_other=13 inherited_repl_bg=203 inherited_occ=19 inherited_unobs=562 session_sup=0 session_con=0 session_samples=0 cur_verts=25224 candidate_verts=0
2347,EVIDENCE,EVIDENCE inst=10 inherited_support=0 inherited_contradiction=212 session_support=0 session_contradiction=0 inherited_absent_flag=0 cur_verts=25224 observed_verts=0
2348,STATE_EVIDENCE_WINDOW,STATE_EVIDENCE_WINDOW inst=11 after=1786279256467644000 latest_measured_support=0 through=1786279290767644000 projected=0 support=0 contradiction=0 reliable=695 reliable_in_view=0 reliable_seen_through=0 absence_llr=1.0685 absent_samples=0 total_samples=12177 absence_coverage_sufficient=0
2349,STATE_SLICE,STATE_SLICE inst=11 stamp=1786279290767644000 inherited_sup=0 inherited_con=0 inherited_samples=12177 inherited_supported=0 inherited_free=0 inherited_repl_other=0 inherited_repl_bg=0 inherited_occ=0 inherited_unobs=12177 session_sup=0 session_con=0 session_samples=0 cur_verts=36531 candidate_verts=0
2350,EVIDENCE,EVIDENCE inst=11 inherited_support=0 inherited_contradiction=0 session_support=0 session_contradiction=0 inherited_absent_flag=0 cur_verts=36531 observed_verts=0
2351,STATE_EVIDENCE_WINDOW,STATE_EVIDENCE_WINDOW inst=13 after=1786279225167633000 latest_measured_support=0 through=1786279290767644000 projected=1 support=0 contradiction=14 reliable=352 reliable_in_view=0 reliable_seen_through=0 absence_llr=0 absent_samples=10 total_samples=255 absence_coverage_sufficient=0
2352,STATE_SLICE,STATE_SLICE inst=13 stamp=1786279290767644000 inherited_sup=0 inherited_con=14 inherited_samples=255 inherited_supported=0 inherited_free=0 inherited_repl_other=0 inherited_repl_bg=14 inherited_occ=16 inherited_unobs=142 session_sup=0 session_con=0 session_samples=0 cur_verts=9204 candidate_verts=0
2353,EVIDENCE,EVIDENCE inst=13 inherited_support=0 inherited_contradiction=14 session_support=0 session_contradiction=0 inherited_absent_flag=0 cur_verts=9204 observed_verts=0
2354,STATE_EVIDENCE_WINDOW,STATE_EVIDENCE_WINDOW inst=14 after=1786279236367666000 latest_measured_support=0 through=1786279290767644000 projected=0 support=0 contradiction=0 reliable=132 reliable_in_view=0 reliable_seen_through=0 absence_llr=0.789442 absent_samples=0 total_samples=2784 absence_coverage_sufficient=0
2355,STATE_SLICE,STATE_SLICE inst=14 stamp=1786279290767644000 inherited_sup=0 inherited_con=0 inherited_samples=2784 inherited_supported=0 inherited_free=0 inherited_repl_other=0 inherited_repl_bg=0 inherited_occ=0 inherited_unobs=2781 session_sup=0 session_con=0 session_samples=0 cur_verts=8352 candidate_verts=0
2356,EVIDENCE,EVIDENCE inst=14 inherited_support=0 inherited_contradiction=0 session_support=0 session_contradiction=0 inherited_absent_flag=0 cur_verts=8352 observed_verts=0
2357,STATE_EVIDENCE_WINDOW,STATE_EVIDENCE_WINDOW inst=16 after=1786279285034300000 latest_measured_support=0 through=1786279290767644000 projected=1 support=0 contradiction=20 reliable=483 reliable_in_view=0 reliable_seen_through=0 absence_llr=0 absent_samples=13 total_samples=317 absence_coverage_sufficient=0
2358,STATE_SLICE,STATE_SLICE inst=16 stamp=1786279290767644000 inherited_sup=0 inherited_con=20 inherited_samples=317 inherited_supported=0 inherited_free=0 inherited_repl_other=0 inherited_repl_bg=20 inherited_occ=0 inherited_unobs=304 session_sup=0 session_con=0 session_samples=0 cur_verts=18081 candidate_verts=0
2359,EVIDENCE,EVIDENCE inst=16 inherited_support=0 inherited_contradiction=20 session_support=0 session_contradiction=0 inherited_absent_flag=0 cur_verts=18081 observed_verts=0
2360,STATE_EVIDENCE_WINDOW,STATE_EVIDENCE_WINDOW inst=17 after=1786279286067644000 latest_measured_support=0 through=1786279290767644000 projected=0 support=0 contradiction=0 reliable=735 reliable_in_view=0 reliable_seen_through=0 absence_llr=1.18066 absent_samples=0 total_samples=8247 absence_coverage_sufficient=0
2361,STATE_SLICE,STATE_SLICE inst=17 stamp=1786279290767644000 inherited_sup=0 inherited_con=0 inherited_samples=8247 inherited_supported=0 inherited_free=0 inherited_repl_other=0 inherited_repl_bg=0 inherited_occ=0 inherited_unobs=8247 session_sup=0 session_con=0 session_samples=0 cur_verts=24741 candidate_verts=0
2362,EVIDENCE,EVIDENCE inst=17 inherited_support=0 inherited_contradiction=0 session_support=0 session_contradiction=0 inherited_absent_flag=0 cur_verts=24741 observed_verts=0
2363,STATE_EVIDENCE_WINDOW,STATE_EVIDENCE_WINDOW inst=18 after=1786279224667644000 latest_measured_support=0 through=1786279290767644000 projected=1 support=0 contradiction=25 reliable=485 reliable_in_view=0 reliable_seen_through=0 absence_llr=0 absent_samples=20 total_samples=332 absence_coverage_sufficient=0
2364,STATE_SLICE,STATE_SLICE inst=18 stamp=1786279290767644000 inherited_sup=0 inherited_con=25 inherited_samples=332 inherited_supported=0 inherited_free=24 inherited_repl_other=0 inherited_repl_bg=1 inherited_occ=5 inherited_unobs=304 session_sup=0 session_con=0 session_samples=0 cur_verts=13425 candidate_verts=0
2365,EVIDENCE,EVIDENCE inst=18 inherited_support=0 inherited_contradiction=25 session_support=0 session_contradiction=0 inherited_absent_flag=0 cur_verts=13425 observed_verts=0
2366,STATE_EVIDENCE_WINDOW,STATE_EVIDENCE_WINDOW inst=19 after=1786279256734300000 latest_measured_support=0 through=1786279290767644000 projected=0 support=0 contradiction=0 reliable=377 reliable_in_view=0 reliable_seen_through=0 absence_llr=0.793424 absent_samples=0 total_samples=5420 absence_coverage_sufficient=0
2367,STATE_SLICE,STATE_SLICE inst=19 stamp=1786279290767644000 inherited_sup=0 inherited_con=0 inherited_samples=5420 inherited_supported=0 inherited_free=0 inherited_repl_other=0 inherited_repl_bg=0 inherited_occ=0 inherited_unobs=5420 session_sup=0 session_con=0 session_samples=0 cur_verts=16260 candidate_verts=0
2368,EVIDENCE,EVIDENCE inst=19 inherited_support=0 inherited_contradiction=0 session_support=0 session_contradiction=0 inherited_absent_flag=0 cur_verts=16260 observed_verts=0
2369,STATE_EVIDENCE_WINDOW,STATE_EVIDENCE_WINDOW inst=20 after=1786279280367666000 latest_measured_support=0 through=1786279290767644000 projected=1 support=0 contradiction=102 reliable=1 reliable_in_view=0 reliable_seen_through=0 absence_llr=0 absent_samples=54 total_samples=119 absence_coverage_sufficient=0
2370,STATE_SLICE,STATE_SLICE inst=20 stamp=1786279290767644000 inherited_sup=0 inherited_con=102 inherited_samples=119 inherited_supported=0 inherited_free=0 inherited_repl_other=21 inherited_repl_bg=87 inherited_occ=53 inherited_unobs=52 session_sup=0 session_con=0 session_samples=0 cur_verts=2949 candidate_verts=0
2371,EVIDENCE,EVIDENCE inst=20 inherited_support=0 inherited_contradiction=102 session_support=0 session_contradiction=0 inherited_absent_flag=0 cur_verts=2949 observed_verts=0
2372,INGEST,INGEST inst=17 first=1786279283s seg_verts=3354 cur_verts=24741 observed_verts=0
2373,INGEST_DECIDE,INGEST_DECIDE inst=17 same_session_overlap=1 contradicted=0
2379,OBJECT_EXTRACTION_INPUT,OBJECT_EXTRACTION_INPUT inst=6 first=1786279284600977000 last=1786279288467644000 observations=117 dynamic=0 motion_history=0 last_motion=0 displacement=0 static_fallback=0
2380,STATIC_SURFACE_FRAMES,STATIC_SURFACE_FRAMES inst=6 candidates=9 selected=9 first=1786279284667644000 last=1786279285467644000
2382,STATE_EVIDENCE_WINDOW,STATE_EVIDENCE_WINDOW inst=1 after=1786279274467633000 latest_measured_support=0 through=1786279292900977000 projected=0 support=0 contradiction=0 reliable=206 reliable_in_view=0 reliable_seen_through=0 absence_llr=0 absent_samples=0 total_samples=30732 absence_coverage_sufficient=0
2383,STATE_SLICE,STATE_SLICE inst=1 stamp=1786279292900977000 inherited_sup=0 inherited_con=0 inherited_samples=30732 inherited_supported=0 inherited_free=0 inherited_repl_other=0 inherited_repl_bg=0 inherited_occ=0 inherited_unobs=30732 session_sup=0 session_con=0 session_samples=0 cur_verts=92196 candidate_verts=0
2384,EVIDENCE,EVIDENCE inst=1 inherited_support=0 inherited_contradiction=0 session_support=0 session_contradiction=0 inherited_absent_flag=0 cur_verts=92196 observed_verts=0
2385,STATE_EVIDENCE_WINDOW,STATE_EVIDENCE_WINDOW inst=3 after=1786279290767644000 latest_measured_support=1786279292900977000 through=1786279292900977000 projected=1 support=1111 contradiction=272 reliable=376 reliable_in_view=298 reliable_seen_through=11 absence_llr=0 absent_samples=121 total_samples=1381 absence_coverage_sufficient=0
2386,STATE_SLICE,STATE_SLICE inst=3 stamp=1786279292900977000 inherited_sup=1111 inherited_con=272 inherited_samples=1381 inherited_supported=1117 inherited_free=21 inherited_repl_other=140 inherited_repl_bg=115 inherited_occ=557 inherited_unobs=198 session_sup=0 session_con=0 session_samples=0 cur_verts=55845 candidate_verts=0
2387,EVIDENCE,EVIDENCE inst=3 inherited_support=1111 inherited_contradiction=272 session_support=0 session_contradiction=0 inherited_absent_flag=0 cur_verts=55845 observed_verts=0
2388,MOBILITY_PRIOR,MOBILITY_PRIOR inst=3 session=0 class=15 changes=0 continuations=4 alpha=0.125 beta=1.875 q=0.0208333
2389,MOBILITY_PRIOR,MOBILITY_PRIOR inst=3 session=0 class=15 changes=0 continuations=4 alpha=0.125 beta=1.875 q=0.0208333
2390,TOP_ABSORB,TOP_ABSORB inst=3 geom=0 support=1111 high_mobility=0 absorb=1
2391,STATE_EVIDENCE_WINDOW,STATE_EVIDENCE_WINDOW inst=4 after=1786279277567644000 latest_measured_support=1786279292900977000 through=1786279292900977000 projected=1 support=546 contradiction=47 reliable=195 reliable_in_view=30 reliable_seen_through=0 absence_llr=0 absent_samples=45 total_samples=2498 absence_coverage_sufficient=0
2392,STATE_SLICE,STATE_SLICE inst=4 stamp=1786279292900977000 inherited_sup=546 inherited_con=47 inherited_samples=2498 inherited_supported=552 inherited_free=18 inherited_repl_other=15 inherited_repl_bg=15 inherited_occ=330 inherited_unobs=202 session_sup=0 session_con=0 session_samples=0 cur_verts=163476 candidate_verts=0
2393,EVIDENCE,EVIDENCE inst=4 inherited_support=546 inherited_contradiction=47 session_support=0 session_contradiction=0 inherited_absent_flag=0 cur_verts=163476 observed_verts=0
2394,MOBILITY_PRIOR,MOBILITY_PRIOR inst=4 session=0 class=24 changes=0 continuations=2 alpha=0.142857 beta=1.85714 q=0.0357143
2395,MOBILITY_PRIOR,MOBILITY_PRIOR inst=4 session=0 class=24 changes=0 continuations=2 alpha=0.142857 beta=1.85714 q=0.0357143
2396,TOP_ABSORB,TOP_ABSORB inst=4 geom=0 support=546 high_mobility=0 absorb=1
2397,STATE_EVIDENCE_WINDOW,STATE_EVIDENCE_WINDOW inst=5 after=1786279290767644000 latest_measured_support=1786279292034311000 through=1786279292900977000 projected=1 support=182 contradiction=38 reliable=449 reliable_in_view=200 reliable_seen_through=1 absence_llr=0.149771 absent_samples=25 total_samples=419 absence_coverage_sufficient=0
2398,STATE_SLICE,STATE_SLICE inst=5 stamp=1786279292900977000 inherited_sup=182 inherited_con=38 inherited_samples=419 inherited_supported=183 inherited_free=3 inherited_repl_other=6 inherited_repl_bg=29 inherited_occ=171 inherited_unobs=202 session_sup=0 session_con=0 session_samples=0 cur_verts=12120 candidate_verts=0
2399,EVIDENCE,EVIDENCE inst=5 inherited_support=182 inherited_contradiction=38 session_support=0 session_contradiction=0 inherited_absent_flag=0 cur_verts=12120 observed_verts=0
2400,MOBILITY_PRIOR,MOBILITY_PRIOR inst=5 session=0 class=33 changes=0 continuations=2 alpha=0.142857 beta=1.85714 q=0.0357143
2401,MOBILITY_PRIOR,MOBILITY_PRIOR inst=5 session=0 class=33 changes=0 continuations=2 alpha=0.142857 beta=1.85714 q=0.0357143
2402,TOP_ABSORB,TOP_ABSORB inst=5 geom=0 support=182 high_mobility=0 absorb=1
2403,STATE_EVIDENCE_WINDOW,STATE_EVIDENCE_WINDOW inst=6 after=1786279288167644000 latest_measured_support=0 through=1786279292900977000 projected=0 support=0 contradiction=0 reliable=256 reliable_in_view=0 reliable_seen_through=0 absence_llr=2.22759 absent_samples=0 total_samples=28393 absence_coverage_sufficient=0
2404,STATE_SLICE,STATE_SLICE inst=6 stamp=1786279292900977000 inherited_sup=0 inherited_con=0 inherited_samples=28393 inherited_supported=0 inherited_free=0 inherited_repl_other=0 inherited_repl_bg=0 inherited_occ=0 inherited_unobs=28393 session_sup=0 session_con=0 session_samples=0 cur_verts=85179 candidate_verts=0
2405,EVIDENCE,EVIDENCE inst=6 inherited_support=0 inherited_contradiction=0 session_support=0 session_contradiction=0 inherited_absent_flag=0 cur_verts=85179 observed_verts=0
2406,STATE_EVIDENCE_WINDOW,STATE_EVIDENCE_WINDOW inst=7 after=1786279290767644000 latest_measured_support=1786279292900977000 through=1786279292900977000 projected=1 support=749 contradiction=400 reliable=510 reliable_in_view=497 reliable_seen_through=2 absence_llr=0 absent_samples=147 total_samples=630 absence_coverage_sufficient=0
2407,STATE_SLICE,STATE_SLICE inst=7 stamp=1786279292900977000 inherited_sup=749 inherited_con=400 inherited_samples=630 inherited_supported=756 inherited_free=13 inherited_repl_other=74 inherited_repl_bg=318 inherited_occ=548 inherited_unobs=0 session_sup=0 session_con=0 session_samples=0 cur_verts=26658 candidate_verts=0
2408,EVIDENCE,EVIDENCE inst=7 inherited_support=749 inherited_contradiction=400 session_support=0 session_contradiction=0 inherited_absent_flag=0 cur_verts=26658 observed_verts=0
2409,MOBILITY_PRIOR,MOBILITY_PRIOR inst=7 session=0 class=74 changes=0 continuations=3 alpha=0.125 beta=2.875 q=0.0208333
2410,MOBILITY_PRIOR,MOBILITY_PRIOR inst=7 session=0 class=74 changes=0 continuations=3 alpha=0.125 beta=2.875 q=0.0208333
2411,TOP_ABSORB,TOP_ABSORB inst=7 geom=0 support=749 high_mobility=0 absorb=1
2412,STATE_EVIDENCE_WINDOW,STATE_EVIDENCE_WINDOW inst=10 after=1786279282734322000 latest_measured_support=1786279292900977000 through=1786279292900977000 projected=1 support=4 contradiction=628 reliable=404 reliable_in_view=70 reliable_seen_through=8 absence_llr=0.845182 absent_samples=189 total_samples=702 absence_coverage_sufficient=0
2413,STATE_SLICE,STATE_SLICE inst=10 stamp=1786279292900977000 inherited_sup=4 inherited_con=628 inherited_samples=702 inherited_supported=4 inherited_free=0 inherited_repl_other=51 inherited_repl_bg=584 inherited_occ=186 inherited_unobs=299 session_sup=0 session_con=0 session_samples=0 cur_verts=25224 candidate_verts=0
2414,EVIDENCE,EVIDENCE inst=10 inherited_support=4 inherited_contradiction=628 session_support=0 session_contradiction=0 inherited_absent_flag=0 cur_verts=25224 observed_verts=0
2415,MOBILITY_PRIOR,MOBILITY_PRIOR inst=10 session=0 class=75 changes=0 continuations=3 alpha=0.12 beta=1.88 q=0.024
2416,MOBILITY_PRIOR,MOBILITY_PRIOR inst=10 session=0 class=75 changes=0 continuations=3 alpha=0.12 beta=1.88 q=0.024
2417,TOP_ABSORB,TOP_ABSORB inst=10 geom=0 support=4 high_mobility=0 absorb=1
2418,STATE_EVIDENCE_WINDOW,STATE_EVIDENCE_WINDOW inst=11 after=1786279256467644000 latest_measured_support=0 through=1786279292900977000 projected=0 support=0 contradiction=0 reliable=695 reliable_in_view=0 reliable_seen_through=0 absence_llr=1.0685 absent_samples=0 total_samples=12177 absence_coverage_sufficient=0
2419,STATE_SLICE,STATE_SLICE inst=11 stamp=1786279292900977000 inherited_sup=0 inherited_con=0 inherited_samples=12177 inherited_supported=0 inherited_free=0 inherited_repl_other=0 inherited_repl_bg=0 inherited_occ=0 inherited_unobs=12177 session_sup=0 session_con=0 session_samples=0 cur_verts=36531 candidate_verts=0
2420,EVIDENCE,EVIDENCE inst=11 inherited_support=0 inherited_contradiction=0 session_support=0 session_contradiction=0 inherited_absent_flag=0 cur_verts=36531 observed_verts=0
2421,STATE_EVIDENCE_WINDOW,STATE_EVIDENCE_WINDOW inst=13 after=1786279225167633000 latest_measured_support=0 through=1786279292900977000 projected=1 support=0 contradiction=14 reliable=352 reliable_in_view=0 reliable_seen_through=0 absence_llr=0 absent_samples=10 total_samples=255 absence_coverage_sufficient=0
2422,STATE_SLICE,STATE_SLICE inst=13 stamp=1786279292900977000 inherited_sup=0 inherited_con=14 inherited_samples=255 inherited_supported=0 inherited_free=0 inherited_repl_other=0 inherited_repl_bg=14 inherited_occ=16 inherited_unobs=142 session_sup=0 session_con=0 session_samples=0 cur_verts=9204 candidate_verts=0
2423,EVIDENCE,EVIDENCE inst=13 inherited_support=0 inherited_contradiction=14 session_support=0 session_contradiction=0 inherited_absent_flag=0 cur_verts=9204 observed_verts=0
2424,STATE_EVIDENCE_WINDOW,STATE_EVIDENCE_WINDOW inst=14 after=1786279236367666000 latest_measured_support=0 through=1786279292900977000 projected=0 support=0 contradiction=0 reliable=132 reliable_in_view=0 reliable_seen_through=0 absence_llr=0.789442 absent_samples=0 total_samples=2784 absence_coverage_sufficient=0
2425,STATE_SLICE,STATE_SLICE inst=14 stamp=1786279292900977000 inherited_sup=0 inherited_con=0 inherited_samples=2784 inherited_supported=0 inherited_free=0 inherited_repl_other=0 inherited_repl_bg=0 inherited_occ=0 inherited_unobs=2781 session_sup=0 session_con=0 session_samples=0 cur_verts=8352 candidate_verts=0
2426,EVIDENCE,EVIDENCE inst=14 inherited_support=0 inherited_contradiction=0 session_support=0 session_contradiction=0 inherited_absent_flag=0 cur_verts=8352 observed_verts=0
2427,STATE_EVIDENCE_WINDOW,STATE_EVIDENCE_WINDOW inst=16 after=1786279285034300000 latest_measured_support=0 through=1786279292900977000 projected=1 support=0 contradiction=20 reliable=483 reliable_in_view=0 reliable_seen_through=0 absence_llr=0 absent_samples=13 total_samples=317 absence_coverage_sufficient=0
2428,STATE_SLICE,STATE_SLICE inst=16 stamp=1786279292900977000 inherited_sup=0 inherited_con=20 inherited_samples=317 inherited_supported=0 inherited_free=0 inherited_repl_other=0 inherited_repl_bg=20 inherited_occ=0 inherited_unobs=304 session_sup=0 session_con=0 session_samples=0 cur_verts=18081 candidate_verts=0
2429,EVIDENCE,EVIDENCE inst=16 inherited_support=0 inherited_contradiction=20 session_support=0 session_contradiction=0 inherited_absent_flag=0 cur_verts=18081 observed_verts=0
2430,STATE_EVIDENCE_WINDOW,STATE_EVIDENCE_WINDOW inst=17 after=1786279286400966000 latest_measured_support=0 through=1786279292900977000 projected=0 support=0 contradiction=0 reliable=662 reliable_in_view=0 reliable_seen_through=0 absence_llr=1.18066 absent_samples=0 total_samples=9365 absence_coverage_sufficient=0
2431,STATE_SLICE,STATE_SLICE inst=17 stamp=1786279292900977000 inherited_sup=0 inherited_con=0 inherited_samples=9365 inherited_supported=0 inherited_free=0 inherited_repl_other=0 inherited_repl_bg=0 inherited_occ=0 inherited_unobs=9365 session_sup=0 session_con=0 session_samples=0 cur_verts=28095 candidate_verts=0
2432,EVIDENCE,EVIDENCE inst=17 inherited_support=0 inherited_contradiction=0 session_support=0 session_contradiction=0 inherited_absent_flag=0 cur_verts=28095 observed_verts=0
2433,STATE_EVIDENCE_WINDOW,STATE_EVIDENCE_WINDOW inst=18 after=1786279224667644000 latest_measured_support=0 through=1786279292900977000 projected=1 support=0 contradiction=25 reliable=485 reliable_in_view=0 reliable_seen_through=0 absence_llr=0 absent_samples=20 total_samples=332 absence_coverage_sufficient=0
2434,STATE_SLICE,STATE_SLICE inst=18 stamp=1786279292900977000 inherited_sup=0 inherited_con=25 inherited_samples=332 inherited_supported=0 inherited_free=24 inherited_repl_other=0 inherited_repl_bg=1 inherited_occ=5 inherited_unobs=304 session_sup=0 session_con=0 session_samples=0 cur_verts=13425 candidate_verts=0
2435,EVIDENCE,EVIDENCE inst=18 inherited_support=0 inherited_contradiction=25 session_support=0 session_contradiction=0 inherited_absent_flag=0 cur_verts=13425 observed_verts=0
2436,STATE_EVIDENCE_WINDOW,STATE_EVIDENCE_WINDOW inst=19 after=1786279256734300000 latest_measured_support=0 through=1786279292900977000 projected=0 support=0 contradiction=0 reliable=377 reliable_in_view=0 reliable_seen_through=0 absence_llr=0.793424 absent_samples=0 total_samples=5420 absence_coverage_sufficient=0
2437,STATE_SLICE,STATE_SLICE inst=19 stamp=1786279292900977000 inherited_sup=0 inherited_con=0 inherited_samples=5420 inherited_supported=0 inherited_free=0 inherited_repl_other=0 inherited_repl_bg=0 inherited_occ=0 inherited_unobs=5420 session_sup=0 session_con=0 session_samples=0 cur_verts=16260 candidate_verts=0
2438,EVIDENCE,EVIDENCE inst=19 inherited_support=0 inherited_contradiction=0 session_support=0 session_contradiction=0 inherited_absent_flag=0 cur_verts=16260 observed_verts=0
2439,STATE_EVIDENCE_WINDOW,STATE_EVIDENCE_WINDOW inst=20 after=1786279280367666000 latest_measured_support=1786279292900977000 through=1786279292900977000 projected=1 support=3 contradiction=115 reliable=1 reliable_in_view=0 reliable_seen_through=0 absence_llr=0 absent_samples=68 total_samples=119 absence_coverage_sufficient=0
2440,STATE_SLICE,STATE_SLICE inst=20 stamp=1786279292900977000 inherited_sup=3 inherited_con=115 inherited_samples=119 inherited_supported=3 inherited_free=10 inherited_repl_other=25 inherited_repl_bg=87 inherited_occ=63 inherited_unobs=14 session_sup=0 session_con=0 session_samples=0 cur_verts=2949 candidate_verts=0
2441,EVIDENCE,EVIDENCE inst=20 inherited_support=3 inherited_contradiction=115 session_support=0 session_contradiction=0 inherited_absent_flag=0 cur_verts=2949 observed_verts=0
2442,MOBILITY_PRIOR,MOBILITY_PRIOR inst=20 session=0 class=74 changes=0 continuations=1 alpha=0.125 beta=4.875 q=0.0208333
2443,MOBILITY_PRIOR,MOBILITY_PRIOR inst=20 session=0 class=74 changes=0 continuations=1 alpha=0.125 beta=4.875 q=0.0208333
2444,TOP_ABSORB,TOP_ABSORB inst=20 geom=0 support=3 high_mobility=0 absorb=1
2445,INGEST,INGEST inst=6 first=1786279284s seg_verts=4068 cur_verts=85179 observed_verts=0
2446,INGEST_DECIDE,INGEST_DECIDE inst=6 same_session_overlap=1 contradicted=0
2452,STATE_EVIDENCE_WINDOW,STATE_EVIDENCE_WINDOW inst=1 after=1786279274467633000 latest_measured_support=0 through=1786279295000977000 projected=0 support=0 contradiction=0 reliable=206 reliable_in_view=0 reliable_seen_through=0 absence_llr=0 absent_samples=0 total_samples=30732 absence_coverage_sufficient=0
2453,STATE_SLICE,STATE_SLICE inst=1 stamp=1786279295000977000 inherited_sup=0 inherited_con=0 inherited_samples=30732 inherited_supported=0 inherited_free=0 inherited_repl_other=0 inherited_repl_bg=0 inherited_occ=0 inherited_unobs=30732 session_sup=0 session_con=0 session_samples=0 cur_verts=92196 candidate_verts=0
2454,EVIDENCE,EVIDENCE inst=1 inherited_support=0 inherited_contradiction=0 session_support=0 session_contradiction=0 inherited_absent_flag=0 cur_verts=92196 observed_verts=0
2455,STATE_EVIDENCE_WINDOW,STATE_EVIDENCE_WINDOW inst=3 after=1786279292900977000 latest_measured_support=1786279295000977000 through=1786279295000977000 projected=1 support=1087 contradiction=328 reliable=478 reliable_in_view=381 reliable_seen_through=19 absence_llr=0 absent_samples=223 total_samples=1381 absence_coverage_sufficient=0
2456,STATE_SLICE,STATE_SLICE inst=3 stamp=1786279295000977000 inherited_sup=1087 inherited_con=328 inherited_samples=1381 inherited_supported=1092 inherited_free=65 inherited_repl_other=46 inherited_repl_bg=218 inherited_occ=726 inherited_unobs=107 session_sup=0 session_con=0 session_samples=0 cur_verts=55845 candidate_verts=0
2457,EVIDENCE,EVIDENCE inst=3 inherited_support=1087 inherited_contradiction=328 session_support=0 session_contradiction=0 inherited_absent_flag=0 cur_verts=55845 observed_verts=0
2458,MOBILITY_PRIOR,MOBILITY_PRIOR inst=3 session=0 class=15 changes=0 continuations=4 alpha=0.125 beta=1.875 q=0.0208333
2459,MOBILITY_PRIOR,MOBILITY_PRIOR inst=3 session=0 class=15 changes=0 continuations=4 alpha=0.125 beta=1.875 q=0.0208333
2460,TOP_ABSORB,TOP_ABSORB inst=3 geom=0 support=1087 high_mobility=0 absorb=1
2461,STATE_EVIDENCE_WINDOW,STATE_EVIDENCE_WINDOW inst=4 after=1786279292900977000 latest_measured_support=1786279293734322000 through=1786279295000977000 projected=1 support=513 contradiction=40 reliable=200 reliable_in_view=24 reliable_seen_through=0 absence_llr=0 absent_samples=39 total_samples=2498 absence_coverage_sufficient=0
2462,STATE_SLICE,STATE_SLICE inst=4 stamp=1786279295000977000 inherited_sup=513 inherited_con=40 inherited_samples=2498 inherited_supported=521 inherited_free=16 inherited_repl_other=8 inherited_repl_bg=17 inherited_occ=527 inherited_unobs=168 session_sup=0 session_con=0 session_samples=0 cur_verts=163476 candidate_verts=0
2463,EVIDENCE,EVIDENCE inst=4 inherited_support=513 inherited_contradiction=40 session_support=0 session_contradiction=0 inherited_absent_flag=0 cur_verts=163476 observed_verts=0
2464,MOBILITY_PRIOR,MOBILITY_PRIOR inst=4 session=0 class=24 changes=0 continuations=2 alpha=0.125 beta=1.875 q=0.03125
2465,MOBILITY_PRIOR,MOBILITY_PRIOR inst=4 session=0 class=24 changes=0 continuations=2 alpha=0.125 beta=1.875 q=0.03125
2466,TOP_ABSORB,TOP_ABSORB inst=4 geom=0 support=513 high_mobility=0 absorb=1
2467,STATE_EVIDENCE_WINDOW,STATE_EVIDENCE_WINDOW inst=5 after=1786279292034311000 latest_measured_support=1786279295000977000 through=1786279295000977000 projected=1 support=60 contradiction=58 reliable=463 reliable_in_view=111 reliable_seen_through=3 absence_llr=0 absent_samples=44 total_samples=419 absence_coverage_sufficient=0
2468,STATE_SLICE,STATE_SLICE inst=5 stamp=1786279295000977000 inherited_sup=60 inherited_con=58 inherited_samples=419 inherited_supported=61 inherited_free=8 inherited_repl_other=12 inherited_repl_bg=38 inherited_occ=72 inherited_unobs=224 session_sup=0 session_con=0 session_samples=0 cur_verts=12120 candidate_verts=0
2469,EVIDENCE,EVIDENCE inst=5 inherited_support=60 inherited_contradiction=58 session_support=0 session_contradiction=0 inherited_absent_flag=0 cur_verts=12120 observed_verts=0
2470,MOBILITY_PRIOR,MOBILITY_PRIOR inst=5 session=0 class=33 changes=0 continuations=2 alpha=0.125 beta=1.875 q=0.03125
2471,MOBILITY_PRIOR,MOBILITY_PRIOR inst=5 session=0 class=33 changes=0 continuations=2 alpha=0.125 beta=1.875 q=0.03125
2472,TOP_ABSORB,TOP_ABSORB inst=5 geom=0 support=60 high_mobility=0 absorb=1
2473,STATE_EVIDENCE_WINDOW,STATE_EVIDENCE_WINDOW inst=6 after=1786279288467644000 latest_measured_support=0 through=1786279295000977000 projected=0 support=0 contradiction=0 reliable=228 reliable_in_view=0 reliable_seen_through=0 absence_llr=2.22759 absent_samples=0 total_samples=29749 absence_coverage_sufficient=0
2474,STATE_SLICE,STATE_SLICE inst=6 stamp=1786279295000977000 inherited_sup=0 inherited_con=0 inherited_samples=29749 inherited_supported=0 inherited_free=0 inherited_repl_other=0 inherited_repl_bg=0 inherited_occ=0 inherited_unobs=29749 session_sup=0 session_con=0 session_samples=0 cur_verts=89247 candidate_verts=0
2475,EVIDENCE,EVIDENCE inst=6 inherited_support=0 inherited_contradiction=0 session_support=0 session_contradiction=0 inherited_absent_flag=0 cur_verts=89247 observed_verts=0
2476,STATE_EVIDENCE_WINDOW,STATE_EVIDENCE_WINDOW inst=7 after=1786279292900977000 latest_measured_support=1786279294567644000 through=1786279295000977000 projected=1 support=702 contradiction=236 reliable=584 reliable_in_view=526 reliable_seen_through=26 absence_llr=0 absent_samples=133 total_samples=630 absence_coverage_sufficient=0
2477,STATE_SLICE,STATE_SLICE inst=7 stamp=1786279295000977000 inherited_sup=702 inherited_con=236 inherited_samples=630 inherited_supported=707 inherited_free=26 inherited_repl_other=48 inherited_repl_bg=163 inherited_occ=448 inherited_unobs=0 session_sup=0 session_con=0 session_samples=0 cur_verts=26658 candidate_verts=0
2478,EVIDENCE,EVIDENCE inst=7 inherited_support=702 inherited_contradiction=236 session_support=0 session_contradiction=0 inherited_absent_flag=0 cur_verts=26658 observed_verts=0
2479,MOBILITY_PRIOR,MOBILITY_PRIOR inst=7 session=0 class=74 changes=0 continuations=3 alpha=0.125 beta=2.875 q=0.0208333
2480,MOBILITY_PRIOR,MOBILITY_PRIOR inst=7 session=0 class=74 changes=0 continuations=3 alpha=0.125 beta=2.875 q=0.0208333
2481,TOP_ABSORB,TOP_ABSORB inst=7 geom=0 support=702 high_mobility=0 absorb=1
2482,STATE_EVIDENCE_WINDOW,STATE_EVIDENCE_WINDOW inst=10 after=1786279292900977000 latest_measured_support=1786279293334300000 through=1786279295000977000 projected=1 support=7 contradiction=354 reliable=404 reliable_in_view=66 reliable_seen_through=40 absence_llr=0.855072 absent_samples=151 total_samples=702 absence_coverage_sufficient=0
2483,STATE_SLICE,STATE_SLICE inst=10 stamp=1786279295000977000 inherited_sup=7 inherited_con=354 inherited_samples=702 inherited_supported=7 inherited_free=6 inherited_repl_other=69 inherited_repl_bg=286 inherited_occ=215 inherited_unobs=287 session_sup=0 session_con=0 session_samples=0 cur_verts=25224 candidate_verts=0
2484,EVIDENCE,EVIDENCE inst=10 inherited_support=7 inherited_contradiction=354 session_support=0 session_contradiction=0 inherited_absent_flag=0 cur_verts=25224 observed_verts=0
2485,MOBILITY_PRIOR,MOBILITY_PRIOR inst=10 session=0 class=75 changes=0 continuations=3 alpha=0.12 beta=1.88 q=0.024
2486,MOBILITY_PRIOR,MOBILITY_PRIOR inst=10 session=0 class=75 changes=0 continuations=3 alpha=0.12 beta=1.88 q=0.024
2487,TOP_ABSORB,TOP_ABSORB inst=10 geom=0 support=7 high_mobility=0 absorb=1
2488,STATE_EVIDENCE_WINDOW,STATE_EVIDENCE_WINDOW inst=11 after=1786279256467644000 latest_measured_support=0 through=1786279295000977000 projected=0 support=0 contradiction=0 reliable=695 reliable_in_view=0 reliable_seen_through=0 absence_llr=1.0685 absent_samples=0 total_samples=12177 absence_coverage_sufficient=0
2489,STATE_SLICE,STATE_SLICE inst=11 stamp=1786279295000977000 inherited_sup=0 inherited_con=0 inherited_samples=12177 inherited_supported=0 inherited_free=0 inherited_repl_other=0 inherited_repl_bg=0 inherited_occ=0 inherited_unobs=12177 session_sup=0 session_con=0 session_samples=0 cur_verts=36531 candidate_verts=0
2490,EVIDENCE,EVIDENCE inst=11 inherited_support=0 inherited_contradiction=0 session_support=0 session_contradiction=0 inherited_absent_flag=0 cur_verts=36531 observed_verts=0
2491,STATE_EVIDENCE_WINDOW,STATE_EVIDENCE_WINDOW inst=13 after=1786279225167633000 latest_measured_support=0 through=1786279295000977000 projected=1 support=0 contradiction=14 reliable=352 reliable_in_view=0 reliable_seen_through=0 absence_llr=0 absent_samples=10 total_samples=255 absence_coverage_sufficient=0
2492,STATE_SLICE,STATE_SLICE inst=13 stamp=1786279295000977000 inherited_sup=0 inherited_con=14 inherited_samples=255 inherited_supported=0 inherited_free=0 inherited_repl_other=0 inherited_repl_bg=14 inherited_occ=16 inherited_unobs=142 session_sup=0 session_con=0 session_samples=0 cur_verts=9204 candidate_verts=0
2493,EVIDENCE,EVIDENCE inst=13 inherited_support=0 inherited_contradiction=14 session_support=0 session_contradiction=0 inherited_absent_flag=0 cur_verts=9204 observed_verts=0
2494,STATE_EVIDENCE_WINDOW,STATE_EVIDENCE_WINDOW inst=14 after=1786279236367666000 latest_measured_support=0 through=1786279295000977000 projected=0 support=0 contradiction=0 reliable=132 reliable_in_view=0 reliable_seen_through=0 absence_llr=0.789442 absent_samples=0 total_samples=2784 absence_coverage_sufficient=0
2495,STATE_SLICE,STATE_SLICE inst=14 stamp=1786279295000977000 inherited_sup=0 inherited_con=0 inherited_samples=2784 inherited_supported=0 inherited_free=0 inherited_repl_other=0 inherited_repl_bg=0 inherited_occ=0 inherited_unobs=2781 session_sup=0 session_con=0 session_samples=0 cur_verts=8352 candidate_verts=0
2496,EVIDENCE,EVIDENCE inst=14 inherited_support=0 inherited_contradiction=0 session_support=0 session_contradiction=0 inherited_absent_flag=0 cur_verts=8352 observed_verts=0
2497,STATE_EVIDENCE_WINDOW,STATE_EVIDENCE_WINDOW inst=16 after=1786279285034300000 latest_measured_support=0 through=1786279295000977000 projected=1 support=0 contradiction=20 reliable=483 reliable_in_view=0 reliable_seen_through=0 absence_llr=0 absent_samples=13 total_samples=317 absence_coverage_sufficient=0
2498,STATE_SLICE,STATE_SLICE inst=16 stamp=1786279295000977000 inherited_sup=0 inherited_con=20 inherited_samples=317 inherited_supported=0 inherited_free=0 inherited_repl_other=0 inherited_repl_bg=20 inherited_occ=0 inherited_unobs=304 session_sup=0 session_con=0 session_samples=0 cur_verts=18081 candidate_verts=0
2499,EVIDENCE,EVIDENCE inst=16 inherited_support=0 inherited_contradiction=20 session_support=0 session_contradiction=0 inherited_absent_flag=0 cur_verts=18081 observed_verts=0
2500,STATE_EVIDENCE_WINDOW,STATE_EVIDENCE_WINDOW inst=17 after=1786279286400966000 latest_measured_support=0 through=1786279295000977000 projected=0 support=0 contradiction=0 reliable=662 reliable_in_view=0 reliable_seen_through=0 absence_llr=1.18066 absent_samples=0 total_samples=9365 absence_coverage_sufficient=0
2501,STATE_SLICE,STATE_SLICE inst=17 stamp=1786279295000977000 inherited_sup=0 inherited_con=0 inherited_samples=9365 inherited_supported=0 inherited_free=0 inherited_repl_other=0 inherited_repl_bg=0 inherited_occ=0 inherited_unobs=9365 session_sup=0 session_con=0 session_samples=0 cur_verts=28095 candidate_verts=0
2502,EVIDENCE,EVIDENCE inst=17 inherited_support=0 inherited_contradiction=0 session_support=0 session_contradiction=0 inherited_absent_flag=0 cur_verts=28095 observed_verts=0
2503,STATE_EVIDENCE_WINDOW,STATE_EVIDENCE_WINDOW inst=18 after=1786279224667644000 latest_measured_support=0 through=1786279295000977000 projected=1 support=0 contradiction=25 reliable=485 reliable_in_view=0 reliable_seen_through=0 absence_llr=0 absent_samples=20 total_samples=332 absence_coverage_sufficient=0
2504,STATE_SLICE,STATE_SLICE inst=18 stamp=1786279295000977000 inherited_sup=0 inherited_con=25 inherited_samples=332 inherited_supported=0 inherited_free=24 inherited_repl_other=0 inherited_repl_bg=1 inherited_occ=5 inherited_unobs=304 session_sup=0 session_con=0 session_samples=0 cur_verts=13425 candidate_verts=0
2505,EVIDENCE,EVIDENCE inst=18 inherited_support=0 inherited_contradiction=25 session_support=0 session_contradiction=0 inherited_absent_flag=0 cur_verts=13425 observed_verts=0
2506,STATE_EVIDENCE_WINDOW,STATE_EVIDENCE_WINDOW inst=19 after=1786279256734300000 latest_measured_support=0 through=1786279295000977000 projected=0 support=0 contradiction=0 reliable=377 reliable_in_view=0 reliable_seen_through=0 absence_llr=0.793424 absent_samples=0 total_samples=5420 absence_coverage_sufficient=0
2507,STATE_SLICE,STATE_SLICE inst=19 stamp=1786279295000977000 inherited_sup=0 inherited_con=0 inherited_samples=5420 inherited_supported=0 inherited_free=0 inherited_repl_other=0 inherited_repl_bg=0 inherited_occ=0 inherited_unobs=5420 session_sup=0 session_con=0 session_samples=0 cur_verts=16260 candidate_verts=0
2508,EVIDENCE,EVIDENCE inst=19 inherited_support=0 inherited_contradiction=0 session_support=0 session_contradiction=0 inherited_absent_flag=0 cur_verts=16260 observed_verts=0
2509,STATE_EVIDENCE_WINDOW,STATE_EVIDENCE_WINDOW inst=20 after=1786279292900977000 latest_measured_support=1786279293734322000 through=1786279295000977000 projected=1 support=11 contradiction=8 reliable=1 reliable_in_view=1 reliable_seen_through=0 absence_llr=0 absent_samples=8 total_samples=119 absence_coverage_sufficient=0
2510,STATE_SLICE,STATE_SLICE inst=20 stamp=1786279295000977000 inherited_sup=11 inherited_con=8 inherited_samples=119 inherited_supported=11 inherited_free=3 inherited_repl_other=5 inherited_repl_bg=0 inherited_occ=30 inherited_unobs=71 session_sup=0 session_con=0 session_samples=0 cur_verts=2949 candidate_verts=0
2511,EVIDENCE,EVIDENCE inst=20 inherited_support=11 inherited_contradiction=8 session_support=0 session_contradiction=0 inherited_absent_flag=0 cur_verts=2949 observed_verts=0
2512,MOBILITY_PRIOR,MOBILITY_PRIOR inst=20 session=0 class=74 changes=0 continuations=1 alpha=0.125 beta=4.875 q=0.0208333
2513,MOBILITY_PRIOR,MOBILITY_PRIOR inst=20 session=0 class=74 changes=0 continuations=1 alpha=0.125 beta=4.875 q=0.0208333
2514,TOP_ABSORB,TOP_ABSORB inst=20 geom=0 support=11 high_mobility=0 absorb=1
2516,OBJECT_EXTRACTION_INPUT,OBJECT_EXTRACTION_INPUT inst=20 first=1786279292267644000 last=1786279294100966000 observations=56 dynamic=0 motion_history=0 last_motion=0 displacement=0 static_fallback=0
2517,OBJECT_EXTRACTION_INPUT,OBJECT_EXTRACTION_INPUT inst=4 first=1786279292434311000 last=1786279293867644000 observations=44 dynamic=0 motion_history=0 last_motion=0 displacement=0 static_fallback=0
2518,STATIC_SURFACE_FRAMES,STATIC_SURFACE_FRAMES inst=20 candidates=19 selected=19 first=1786279292267644000 last=1786279294067644000
2519,STATIC_SURFACE_FRAMES,STATIC_SURFACE_FRAMES inst=4 candidates=15 selected=15 first=1786279292467655000 last=1786279293867644000
2520,OBJECT_EXTRACTION_INPUT,OBJECT_EXTRACTION_INPUT inst=10 first=1786279292700966000 last=1786279293667666000 observations=30 dynamic=0 motion_history=0 last_motion=0 displacement=0 static_fallback=0
2521,STATIC_SURFACE_FRAMES,STATIC_SURFACE_FRAMES inst=10 candidates=10 selected=10 first=1786279292767633000 last=1786279293667666000
2522,STATE_EVIDENCE_WINDOW,STATE_EVIDENCE_WINDOW inst=1 after=1786279274467633000 latest_measured_support=0 through=1786279297100977000 projected=0 support=0 contradiction=0 reliable=206 reliable_in_view=0 reliable_seen_through=0 absence_llr=0 absent_samples=0 total_samples=30732 absence_coverage_sufficient=0
2523,STATE_SLICE,STATE_SLICE inst=1 stamp=1786279297100977000 inherited_sup=0 inherited_con=0 inherited_samples=30732 inherited_supported=0 inherited_free=0 inherited_repl_other=0 inherited_repl_bg=0 inherited_occ=0 inherited_unobs=30732 session_sup=0 session_con=0 session_samples=0 cur_verts=92196 candidate_verts=0
2524,EVIDENCE,EVIDENCE inst=1 inherited_support=0 inherited_contradiction=0 session_support=0 session_contradiction=0 inherited_absent_flag=0 cur_verts=92196 observed_verts=0
2525,STATE_EVIDENCE_WINDOW,STATE_EVIDENCE_WINDOW inst=3 after=1786279295000977000 latest_measured_support=1786279295834322000 through=1786279297100977000 projected=1 support=48 contradiction=264 reliable=462 reliable_in_view=5 reliable_seen_through=2 absence_llr=0 absent_samples=147 total_samples=1381 absence_coverage_sufficient=0
2526,STATE_SLICE,STATE_SLICE inst=3 stamp=1786279297100977000 inherited_sup=48 inherited_con=264 inherited_samples=1381 inherited_supported=48 inherited_free=23 inherited_repl_other=67 inherited_repl_bg=174 inherited_occ=136 inherited_unobs=892 session_sup=0 session_con=0 session_samples=0 cur_verts=55845 candidate_verts=0
2527,EVIDENCE,EVIDENCE inst=3 inherited_support=48 inherited_contradiction=264 session_support=0 session_contradiction=0 inherited_absent_flag=0 cur_verts=55845 observed_verts=0
2528,MOBILITY_PRIOR,MOBILITY_PRIOR inst=3 session=0 class=15 changes=0 continuations=4 alpha=0.125 beta=1.875 q=0.0208333
2529,MOBILITY_PRIOR,MOBILITY_PRIOR inst=3 session=0 class=15 changes=0 continuations=4 alpha=0.125 beta=1.875 q=0.0208333
2530,TOP_ABSORB,TOP_ABSORB inst=3 geom=0 support=48 high_mobility=0 absorb=1
2531,STATE_EVIDENCE_WINDOW,STATE_EVIDENCE_WINDOW inst=4 after=1786279293734322000 latest_measured_support=0 through=1786279297100977000 projected=0 support=0 contradiction=0 reliable=198 reliable_in_view=0 reliable_seen_through=0 absence_llr=0 absent_samples=0 total_samples=54492 absence_coverage_sufficient=0
2532,STATE_SLICE,STATE_SLICE inst=4 stamp=1786279297100977000 inherited_sup=0 inherited_con=0 inherited_samples=54492 inherited_supported=0 inherited_free=0 inherited_repl_other=0 inherited_repl_bg=0 inherited_occ=0 inherited_unobs=54492 session_sup=0 session_con=0 session_samples=0 cur_verts=163476 candidate_verts=0
2533,EVIDENCE,EVIDENCE inst=4 inherited_support=0 inherited_contradiction=0 session_support=0 session_contradiction=0 inherited_absent_flag=0 cur_verts=163476 observed_verts=0
2534,STATE_EVIDENCE_WINDOW,STATE_EVIDENCE_WINDOW inst=5 after=1786279295000977000 latest_measured_support=1786279297100977000 through=1786279297100977000 projected=1 support=223 contradiction=128 reliable=502 reliable_in_view=280 reliable_seen_through=45 absence_llr=0 absent_samples=82 total_samples=419 absence_coverage_sufficient=0
2535,STATE_SLICE,STATE_SLICE inst=5 stamp=1786279297100977000 inherited_sup=223 inherited_con=128 inherited_samples=419 inherited_supported=223 inherited_free=24 inherited_repl_other=6 inherited_repl_bg=99 inherited_occ=146 inherited_unobs=94 session_sup=0 session_con=0 session_samples=0 cur_verts=12120 candidate_verts=0
2536,EVIDENCE,EVIDENCE inst=5 inherited_support=223 inherited_contradiction=128 session_support=0 session_contradiction=0 inherited_absent_flag=0 cur_verts=12120 observed_verts=0
2537,MOBILITY_PRIOR,MOBILITY_PRIOR inst=5 session=0 class=33 changes=0 continuations=2 alpha=0.125 beta=1.875 q=0.03125
2538,MOBILITY_PRIOR,MOBILITY_PRIOR inst=5 session=0 class=33 changes=0 continuations=2 alpha=0.125 beta=1.875 q=0.03125
2539,TOP_ABSORB,TOP_ABSORB inst=5 geom=0 support=223 high_mobility=0 absorb=1
2540,STATE_EVIDENCE_WINDOW,STATE_EVIDENCE_WINDOW inst=6 after=1786279288467644000 latest_measured_support=0 through=1786279297100977000 projected=0 support=0 contradiction=0 reliable=228 reliable_in_view=0 reliable_seen_through=0 absence_llr=2.22759 absent_samples=0 total_samples=29749 absence_coverage_sufficient=0
2541,STATE_SLICE,STATE_SLICE inst=6 stamp=1786279297100977000 inherited_sup=0 inherited_con=0 inherited_samples=29749 inherited_supported=0 inherited_free=0 inherited_repl_other=0 inherited_repl_bg=0 inherited_occ=0 inherited_unobs=29749 session_sup=0 session_con=0 session_samples=0 cur_verts=89247 candidate_verts=0
2542,EVIDENCE,EVIDENCE inst=6 inherited_support=0 inherited_contradiction=0 session_support=0 session_contradiction=0 inherited_absent_flag=0 cur_verts=89247 observed_verts=0
2543,STATE_EVIDENCE_WINDOW,STATE_EVIDENCE_WINDOW inst=7 after=1786279294567644000 latest_measured_support=0 through=1786279297100977000 projected=1 support=0 contradiction=26 reliable=554 reliable_in_view=1 reliable_seen_through=0 absence_llr=0 absent_samples=26 total_samples=630 absence_coverage_sufficient=0
2544,STATE_SLICE,STATE_SLICE inst=7 stamp=1786279297100977000 inherited_sup=0 inherited_con=26 inherited_samples=630 inherited_supported=0 inherited_free=4 inherited_repl_other=17 inherited_repl_bg=5 inherited_occ=292 inherited_unobs=354 session_sup=0 session_con=0 session_samples=0 cur_verts=26658 candidate_verts=0
2545,EVIDENCE,EVIDENCE inst=7 inherited_support=0 inherited_contradiction=26 session_support=0 session_contradiction=0 inherited_absent_flag=0 cur_verts=26658 observed_verts=0
2546,STATE_EVIDENCE_WINDOW,STATE_EVIDENCE_WINDOW inst=10 after=1786279293334300000 latest_measured_support=0 through=1786279297100977000 projected=1 support=0 contradiction=277 reliable=404 reliable_in_view=17 reliable_seen_through=17 absence_llr=0.855072 absent_samples=164 total_samples=702 absence_coverage_sufficient=0
2547,STATE_SLICE,STATE_SLICE inst=10 stamp=1786279297100977000 inherited_sup=0 inherited_con=277 inherited_samples=702 inherited_supported=0 inherited_free=5 inherited_repl_other=55 inherited_repl_bg=221 inherited_occ=196 inherited_unobs=394 session_sup=0 session_con=0 session_samples=0 cur_verts=25224 candidate_verts=0
2548,EVIDENCE,EVIDENCE inst=10 inherited_support=0 inherited_contradiction=277 session_support=0 session_contradiction=0 inherited_absent_flag=0 cur_verts=25224 observed_verts=0
2549,STATE_EVIDENCE_WINDOW,STATE_EVIDENCE_WINDOW inst=11 after=1786279256467644000 latest_measured_support=0 through=1786279297100977000 projected=0 support=0 contradiction=0 reliable=695 reliable_in_view=0 reliable_seen_through=0 absence_llr=1.0685 absent_samples=0 total_samples=12177 absence_coverage_sufficient=0
2550,STATE_SLICE,STATE_SLICE inst=11 stamp=1786279297100977000 inherited_sup=0 inherited_con=0 inherited_samples=12177 inherited_supported=0 inherited_free=0 inherited_repl_other=0 inherited_repl_bg=0 inherited_occ=0 inherited_unobs=12177 session_sup=0 session_con=0 session_samples=0 cur_verts=36531 candidate_verts=0
2551,EVIDENCE,EVIDENCE inst=11 inherited_support=0 inherited_contradiction=0 session_support=0 session_contradiction=0 inherited_absent_flag=0 cur_verts=36531 observed_verts=0
2552,STATE_EVIDENCE_WINDOW,STATE_EVIDENCE_WINDOW inst=13 after=1786279225167633000 latest_measured_support=0 through=1786279297100977000 projected=1 support=0 contradiction=14 reliable=352 reliable_in_view=0 reliable_seen_through=0 absence_llr=0 absent_samples=10 total_samples=255 absence_coverage_sufficient=0
2553,STATE_SLICE,STATE_SLICE inst=13 stamp=1786279297100977000 inherited_sup=0 inherited_con=14 inherited_samples=255 inherited_supported=0 inherited_free=0 inherited_repl_other=0 inherited_repl_bg=14 inherited_occ=16 inherited_unobs=142 session_sup=0 session_con=0 session_samples=0 cur_verts=9204 candidate_verts=0
2554,EVIDENCE,EVIDENCE inst=13 inherited_support=0 inherited_contradiction=14 session_support=0 session_contradiction=0 inherited_absent_flag=0 cur_verts=9204 observed_verts=0
2555,STATE_EVIDENCE_WINDOW,STATE_EVIDENCE_WINDOW inst=14 after=1786279236367666000 latest_measured_support=0 through=1786279297100977000 projected=0 support=0 contradiction=0 reliable=132 reliable_in_view=0 reliable_seen_through=0 absence_llr=0.789442 absent_samples=0 total_samples=2784 absence_coverage_sufficient=0
2556,STATE_SLICE,STATE_SLICE inst=14 stamp=1786279297100977000 inherited_sup=0 inherited_con=0 inherited_samples=2784 inherited_supported=0 inherited_free=0 inherited_repl_other=0 inherited_repl_bg=0 inherited_occ=0 inherited_unobs=2781 session_sup=0 session_con=0 session_samples=0 cur_verts=8352 candidate_verts=0
2557,EVIDENCE,EVIDENCE inst=14 inherited_support=0 inherited_contradiction=0 session_support=0 session_contradiction=0 inherited_absent_flag=0 cur_verts=8352 observed_verts=0
2558,STATE_EVIDENCE_WINDOW,STATE_EVIDENCE_WINDOW inst=16 after=1786279285034300000 latest_measured_support=0 through=1786279297100977000 projected=1 support=0 contradiction=20 reliable=483 reliable_in_view=0 reliable_seen_through=0 absence_llr=0 absent_samples=13 total_samples=317 absence_coverage_sufficient=0
2559,STATE_SLICE,STATE_SLICE inst=16 stamp=1786279297100977000 inherited_sup=0 inherited_con=20 inherited_samples=317 inherited_supported=0 inherited_free=0 inherited_repl_other=0 inherited_repl_bg=20 inherited_occ=0 inherited_unobs=304 session_sup=0 session_con=0 session_samples=0 cur_verts=18081 candidate_verts=0
2560,EVIDENCE,EVIDENCE inst=16 inherited_support=0 inherited_contradiction=20 session_support=0 session_contradiction=0 inherited_absent_flag=0 cur_verts=18081 observed_verts=0
2561,STATE_EVIDENCE_WINDOW,STATE_EVIDENCE_WINDOW inst=17 after=1786279286400966000 latest_measured_support=0 through=1786279297100977000 projected=0 support=0 contradiction=0 reliable=662 reliable_in_view=0 reliable_seen_through=0 absence_llr=1.18066 absent_samples=0 total_samples=9365 absence_coverage_sufficient=0
2562,STATE_SLICE,STATE_SLICE inst=17 stamp=1786279297100977000 inherited_sup=0 inherited_con=0 inherited_samples=9365 inherited_supported=0 inherited_free=0 inherited_repl_other=0 inherited_repl_bg=0 inherited_occ=0 inherited_unobs=9365 session_sup=0 session_con=0 session_samples=0 cur_verts=28095 candidate_verts=0
2563,EVIDENCE,EVIDENCE inst=17 inherited_support=0 inherited_contradiction=0 session_support=0 session_contradiction=0 inherited_absent_flag=0 cur_verts=28095 observed_verts=0
2564,STATE_EVIDENCE_WINDOW,STATE_EVIDENCE_WINDOW inst=18 after=1786279224667644000 latest_measured_support=0 through=1786279297100977000 projected=1 support=0 contradiction=25 reliable=485 reliable_in_view=0 reliable_seen_through=0 absence_llr=0 absent_samples=20 total_samples=332 absence_coverage_sufficient=0
2565,STATE_SLICE,STATE_SLICE inst=18 stamp=1786279297100977000 inherited_sup=0 inherited_con=25 inherited_samples=332 inherited_supported=0 inherited_free=24 inherited_repl_other=0 inherited_repl_bg=1 inherited_occ=5 inherited_unobs=304 session_sup=0 session_con=0 session_samples=0 cur_verts=13425 candidate_verts=0
2566,EVIDENCE,EVIDENCE inst=18 inherited_support=0 inherited_contradiction=25 session_support=0 session_contradiction=0 inherited_absent_flag=0 cur_verts=13425 observed_verts=0
2567,STATE_EVIDENCE_WINDOW,STATE_EVIDENCE_WINDOW inst=19 after=1786279256734300000 latest_measured_support=0 through=1786279297100977000 projected=0 support=0 contradiction=0 reliable=377 reliable_in_view=0 reliable_seen_through=0 absence_llr=0.793424 absent_samples=0 total_samples=5420 absence_coverage_sufficient=0
2568,STATE_SLICE,STATE_SLICE inst=19 stamp=1786279297100977000 inherited_sup=0 inherited_con=0 inherited_samples=5420 inherited_supported=0 inherited_free=0 inherited_repl_other=0 inherited_repl_bg=0 inherited_occ=0 inherited_unobs=5420 session_sup=0 session_con=0 session_samples=0 cur_verts=16260 candidate_verts=0
2569,EVIDENCE,EVIDENCE inst=19 inherited_support=0 inherited_contradiction=0 session_support=0 session_contradiction=0 inherited_absent_flag=0 cur_verts=16260 observed_verts=0
2570,STATE_EVIDENCE_WINDOW,STATE_EVIDENCE_WINDOW inst=20 after=1786279293734322000 latest_measured_support=0 through=1786279297100977000 projected=1 support=0 contradiction=19 reliable=1 reliable_in_view=0 reliable_seen_through=0 absence_llr=0 absent_samples=15 total_samples=119 absence_coverage_sufficient=0
2571,STATE_SLICE,STATE_SLICE inst=20 stamp=1786279297100977000 inherited_sup=0 inherited_con=19 inherited_samples=119 inherited_supported=0 inherited_free=0 inherited_repl_other=9 inherited_repl_bg=10 inherited_occ=13 inherited_unobs=65 session_sup=0 session_con=0 session_samples=0 cur_verts=2949 candidate_verts=0
2572,EVIDENCE,EVIDENCE inst=20 inherited_support=0 inherited_contradiction=19 session_support=0 session_contradiction=0 inherited_absent_flag=0 cur_verts=2949 observed_verts=0
2573,OBJECT_EXTRACTION_INPUT,OBJECT_EXTRACTION_INPUT inst=7 first=1786279290600977000 last=1786279294900966000 observations=130 dynamic=0 motion_history=0 last_motion=0 displacement=0 static_fallback=0
2574,STATIC_SURFACE_BOUNDARY,STATIC_SURFACE_BOUNDARY inst=7 rejected_stamp=1786279293767644000 current_stamp=1786279294867644000 forward_support=3 forward_free=16 reverse_support=9 reverse_free=247 forward_sampled=512 reverse_sampled=512
2575,STATIC_SURFACE_FRAMES,STATIC_SURFACE_FRAMES inst=7 candidates=43 selected=11 first=1786279293867644000 last=1786279294867644000
2582,STATE_EVIDENCE_WINDOW,STATE_EVIDENCE_WINDOW inst=1 after=1786279274467633000 latest_measured_support=0 through=1786279299234333000 projected=0 support=0 contradiction=0 reliable=206 reliable_in_view=0 reliable_seen_through=0 absence_llr=0 absent_samples=0 total_samples=30732 absence_coverage_sufficient=0
2583,STATE_SLICE,STATE_SLICE inst=1 stamp=1786279299234333000 inherited_sup=0 inherited_con=0 inherited_samples=30732 inherited_supported=0 inherited_free=0 inherited_repl_other=0 inherited_repl_bg=0 inherited_occ=0 inherited_unobs=30732 session_sup=0 session_con=0 session_samples=0 cur_verts=92196 candidate_verts=0
2584,EVIDENCE,EVIDENCE inst=1 inherited_support=0 inherited_contradiction=0 session_support=0 session_contradiction=0 inherited_absent_flag=0 cur_verts=92196 observed_verts=0
2585,STATE_EVIDENCE_WINDOW,STATE_EVIDENCE_WINDOW inst=3 after=1786279295834322000 latest_measured_support=1786279299234333000 through=1786279299234333000 projected=1 support=252 contradiction=635 reliable=463 reliable_in_view=15 reliable_seen_through=4 absence_llr=0 absent_samples=238 total_samples=1381 absence_coverage_sufficient=0
2586,STATE_SLICE,STATE_SLICE inst=3 stamp=1786279299234333000 inherited_sup=252 inherited_con=635 inherited_samples=1381 inherited_supported=254 inherited_free=23 inherited_repl_other=68 inherited_repl_bg=551 inherited_occ=534 inherited_unobs=320 session_sup=0 session_con=0 session_samples=0 cur_verts=55845 candidate_verts=0
2587,EVIDENCE,EVIDENCE inst=3 inherited_support=252 inherited_contradiction=635 session_support=0 session_contradiction=0 inherited_absent_flag=0 cur_verts=55845 observed_verts=0
2588,MOBILITY_PRIOR,MOBILITY_PRIOR inst=3 session=0 class=15 changes=0 continuations=4 alpha=0.125 beta=1.875 q=0.0208333
2589,MOBILITY_PRIOR,MOBILITY_PRIOR inst=3 session=0 class=15 changes=0 continuations=4 alpha=0.125 beta=1.875 q=0.0208333
2590,TOP_ABSORB,TOP_ABSORB inst=3 geom=0 support=252 high_mobility=0 absorb=1
2591,STATE_EVIDENCE_WINDOW,STATE_EVIDENCE_WINDOW inst=4 after=1786279293734322000 latest_measured_support=1786279299234333000 through=1786279299234333000 projected=1 support=383 contradiction=61 reliable=198 reliable_in_view=16 reliable_seen_through=0 absence_llr=0 absent_samples=48 total_samples=2498 absence_coverage_sufficient=0
2592,STATE_SLICE,STATE_SLICE inst=4 stamp=1786279299234333000 inherited_sup=383 inherited_con=61 inherited_samples=2498 inherited_supported=384 inherited_free=22 inherited_repl_other=33 inherited_repl_bg=9 inherited_occ=191 inherited_unobs=868 session_sup=0 session_con=0 session_samples=0 cur_verts=163476 candidate_verts=0
2593,EVIDENCE,EVIDENCE inst=4 inherited_support=383 inherited_contradiction=61 session_support=0 session_contradiction=0 inherited_absent_flag=0 cur_verts=163476 observed_verts=0
2594,MOBILITY_PRIOR,MOBILITY_PRIOR inst=4 session=0 class=24 changes=0 continuations=2 alpha=0.125 beta=1.875 q=0.03125
2595,MOBILITY_PRIOR,MOBILITY_PRIOR inst=4 session=0 class=24 changes=0 continuations=2 alpha=0.125 beta=1.875 q=0.03125
2596,TOP_ABSORB,TOP_ABSORB inst=4 geom=0 support=383 high_mobility=0 absorb=1
2597,STATE_EVIDENCE_WINDOW,STATE_EVIDENCE_WINDOW inst=5 after=1786279297100977000 latest_measured_support=1786279298400977000 through=1786279299234333000 projected=1 support=58 contradiction=48 reliable=451 reliable_in_view=56 reliable_seen_through=17 absence_llr=0.0772214 absent_samples=39 total_samples=419 absence_coverage_sufficient=0
2598,STATE_SLICE,STATE_SLICE inst=5 stamp=1786279299234333000 inherited_sup=58 inherited_con=48 inherited_samples=419 inherited_supported=60 inherited_free=7 inherited_repl_other=12 inherited_repl_bg=30 inherited_occ=18 inherited_unobs=203 session_sup=0 session_con=0 session_samples=0 cur_verts=12120 candidate_verts=0
2599,EVIDENCE,EVIDENCE inst=5 inherited_support=58 inherited_contradiction=48 session_support=0 session_contradiction=0 inherited_absent_flag=0 cur_verts=12120 observed_verts=0
2600,MOBILITY_PRIOR,MOBILITY_PRIOR inst=5 session=0 class=33 changes=0 continuations=2 alpha=0.125 beta=1.875 q=0.03125
2601,MOBILITY_PRIOR,MOBILITY_PRIOR inst=5 session=0 class=33 changes=0 continuations=2 alpha=0.125 beta=1.875 q=0.03125
2602,TOP_ABSORB,TOP_ABSORB inst=5 geom=0 support=58 high_mobility=0 absorb=1
2603,STATE_EVIDENCE_WINDOW,STATE_EVIDENCE_WINDOW inst=6 after=1786279288467644000 latest_measured_support=0 through=1786279299234333000 projected=0 support=0 contradiction=0 reliable=228 reliable_in_view=0 reliable_seen_through=0 absence_llr=2.22759 absent_samples=0 total_samples=29749 absence_coverage_sufficient=0
2604,STATE_SLICE,STATE_SLICE inst=6 stamp=1786279299234333000 inherited_sup=0 inherited_con=0 inherited_samples=29749 inherited_supported=0 inherited_free=0 inherited_repl_other=0 inherited_repl_bg=0 inherited_occ=0 inherited_unobs=29749 session_sup=0 session_con=0 session_samples=0 cur_verts=89247 candidate_verts=0
2605,EVIDENCE,EVIDENCE inst=6 inherited_support=0 inherited_contradiction=0 session_support=0 session_contradiction=0 inherited_absent_flag=0 cur_verts=89247 observed_verts=0
2606,STATE_EVIDENCE_WINDOW,STATE_EVIDENCE_WINDOW inst=7 after=1786279294567644000 latest_measured_support=0 through=1786279299234333000 projected=1 support=0 contradiction=30 reliable=554 reliable_in_view=1 reliable_seen_through=0 absence_llr=0 absent_samples=29 total_samples=630 absence_coverage_sufficient=0
2607,STATE_SLICE,STATE_SLICE inst=7 stamp=1786279299234333000 inherited_sup=0 inherited_con=30 inherited_samples=630 inherited_supported=0 inherited_free=4 inherited_repl_other=21 inherited_repl_bg=5 inherited_occ=736 inherited_unobs=146 session_sup=0 session_con=0 session_samples=0 cur_verts=26658 candidate_verts=0
2608,EVIDENCE,EVIDENCE inst=7 inherited_support=0 inherited_contradiction=30 session_support=0 session_contradiction=0 inherited_absent_flag=0 cur_verts=26658 observed_verts=0
2609,STATE_EVIDENCE_WINDOW,STATE_EVIDENCE_WINDOW inst=10 after=1786279293334300000 latest_measured_support=0 through=1786279299234333000 projected=1 support=0 contradiction=349 reliable=404 reliable_in_view=0 reliable_seen_through=0 absence_llr=0.855072 absent_samples=194 total_samples=702 absence_coverage_sufficient=0
2610,STATE_SLICE,STATE_SLICE inst=10 stamp=1786279299234333000 inherited_sup=0 inherited_con=349 inherited_samples=702 inherited_supported=0 inherited_free=6 inherited_repl_other=63 inherited_repl_bg=284 inherited_occ=388 inherited_unobs=394 session_sup=0 session_con=0 session_samples=0 cur_verts=25224 candidate_verts=0
2611,EVIDENCE,EVIDENCE inst=10 inherited_support=0 inherited_contradiction=349 session_support=0 session_contradiction=0 inherited_absent_flag=0 cur_verts=25224 observed_verts=0
2612,STATE_EVIDENCE_WINDOW,STATE_EVIDENCE_WINDOW inst=11 after=1786279256467644000 latest_measured_support=0 through=1786279299234333000 projected=0 support=0 contradiction=0 reliable=695 reliable_in_view=0 reliable_seen_through=0 absence_llr=1.0685 absent_samples=0 total_samples=12177 absence_coverage_sufficient=0
2613,STATE_SLICE,STATE_SLICE inst=11 stamp=1786279299234333000 inherited_sup=0 inherited_con=0 inherited_samples=12177 inherited_supported=0 inherited_free=0 inherited_repl_other=0 inherited_repl_bg=0 inherited_occ=0 inherited_unobs=12177 session_sup=0 session_con=0 session_samples=0 cur_verts=36531 candidate_verts=0
2614,EVIDENCE,EVIDENCE inst=11 inherited_support=0 inherited_contradiction=0 session_support=0 session_contradiction=0 inherited_absent_flag=0 cur_verts=36531 observed_verts=0
2615,STATE_EVIDENCE_WINDOW,STATE_EVIDENCE_WINDOW inst=13 after=1786279225167633000 latest_measured_support=0 through=1786279299234333000 projected=1 support=0 contradiction=14 reliable=352 reliable_in_view=0 reliable_seen_through=0 absence_llr=0 absent_samples=10 total_samples=255 absence_coverage_sufficient=0
2616,STATE_SLICE,STATE_SLICE inst=13 stamp=1786279299234333000 inherited_sup=0 inherited_con=14 inherited_samples=255 inherited_supported=0 inherited_free=0 inherited_repl_other=0 inherited_repl_bg=14 inherited_occ=16 inherited_unobs=142 session_sup=0 session_con=0 session_samples=0 cur_verts=9204 candidate_verts=0
2617,EVIDENCE,EVIDENCE inst=13 inherited_support=0 inherited_contradiction=14 session_support=0 session_contradiction=0 inherited_absent_flag=0 cur_verts=9204 observed_verts=0
2618,STATE_EVIDENCE_WINDOW,STATE_EVIDENCE_WINDOW inst=14 after=1786279236367666000 latest_measured_support=0 through=1786279299234333000 projected=0 support=0 contradiction=0 reliable=132 reliable_in_view=0 reliable_seen_through=0 absence_llr=0.789442 absent_samples=0 total_samples=2784 absence_coverage_sufficient=0
2619,STATE_SLICE,STATE_SLICE inst=14 stamp=1786279299234333000 inherited_sup=0 inherited_con=0 inherited_samples=2784 inherited_supported=0 inherited_free=0 inherited_repl_other=0 inherited_repl_bg=0 inherited_occ=0 inherited_unobs=2781 session_sup=0 session_con=0 session_samples=0 cur_verts=8352 candidate_verts=0
2620,EVIDENCE,EVIDENCE inst=14 inherited_support=0 inherited_contradiction=0 session_support=0 session_contradiction=0 inherited_absent_flag=0 cur_verts=8352 observed_verts=0
2621,STATE_EVIDENCE_WINDOW,STATE_EVIDENCE_WINDOW inst=16 after=1786279285034300000 latest_measured_support=0 through=1786279299234333000 projected=1 support=0 contradiction=20 reliable=483 reliable_in_view=0 reliable_seen_through=0 absence_llr=0 absent_samples=13 total_samples=317 absence_coverage_sufficient=0
2622,STATE_SLICE,STATE_SLICE inst=16 stamp=1786279299234333000 inherited_sup=0 inherited_con=20 inherited_samples=317 inherited_supported=0 inherited_free=0 inherited_repl_other=0 inherited_repl_bg=20 inherited_occ=0 inherited_unobs=304 session_sup=0 session_con=0 session_samples=0 cur_verts=18081 candidate_verts=0
2623,EVIDENCE,EVIDENCE inst=16 inherited_support=0 inherited_contradiction=20 session_support=0 session_contradiction=0 inherited_absent_flag=0 cur_verts=18081 observed_verts=0
2624,STATE_EVIDENCE_WINDOW,STATE_EVIDENCE_WINDOW inst=17 after=1786279286400966000 latest_measured_support=0 through=1786279299234333000 projected=0 support=0 contradiction=0 reliable=662 reliable_in_view=0 reliable_seen_through=0 absence_llr=1.18066 absent_samples=0 total_samples=9365 absence_coverage_sufficient=0
2625,STATE_SLICE,STATE_SLICE inst=17 stamp=1786279299234333000 inherited_sup=0 inherited_con=0 inherited_samples=9365 inherited_supported=0 inherited_free=0 inherited_repl_other=0 inherited_repl_bg=0 inherited_occ=0 inherited_unobs=9365 session_sup=0 session_con=0 session_samples=0 cur_verts=28095 candidate_verts=0
2626,EVIDENCE,EVIDENCE inst=17 inherited_support=0 inherited_contradiction=0 session_support=0 session_contradiction=0 inherited_absent_flag=0 cur_verts=28095 observed_verts=0
2627,STATE_EVIDENCE_WINDOW,STATE_EVIDENCE_WINDOW inst=18 after=1786279224667644000 latest_measured_support=0 through=1786279299234333000 projected=1 support=0 contradiction=25 reliable=485 reliable_in_view=0 reliable_seen_through=0 absence_llr=0 absent_samples=20 total_samples=332 absence_coverage_sufficient=0
2628,STATE_SLICE,STATE_SLICE inst=18 stamp=1786279299234333000 inherited_sup=0 inherited_con=25 inherited_samples=332 inherited_supported=0 inherited_free=24 inherited_repl_other=0 inherited_repl_bg=1 inherited_occ=5 inherited_unobs=304 session_sup=0 session_con=0 session_samples=0 cur_verts=13425 candidate_verts=0
2629,EVIDENCE,EVIDENCE inst=18 inherited_support=0 inherited_contradiction=25 session_support=0 session_contradiction=0 inherited_absent_flag=0 cur_verts=13425 observed_verts=0
2630,STATE_EVIDENCE_WINDOW,STATE_EVIDENCE_WINDOW inst=19 after=1786279256734300000 latest_measured_support=0 through=1786279299234333000 projected=0 support=0 contradiction=0 reliable=377 reliable_in_view=0 reliable_seen_through=0 absence_llr=0.793424 absent_samples=0 total_samples=5420 absence_coverage_sufficient=0
2631,STATE_SLICE,STATE_SLICE inst=19 stamp=1786279299234333000 inherited_sup=0 inherited_con=0 inherited_samples=5420 inherited_supported=0 inherited_free=0 inherited_repl_other=0 inherited_repl_bg=0 inherited_occ=0 inherited_unobs=5420 session_sup=0 session_con=0 session_samples=0 cur_verts=16260 candidate_verts=0
2632,EVIDENCE,EVIDENCE inst=19 inherited_support=0 inherited_contradiction=0 session_support=0 session_contradiction=0 inherited_absent_flag=0 cur_verts=16260 observed_verts=0
2633,STATE_EVIDENCE_WINDOW,STATE_EVIDENCE_WINDOW inst=20 after=1786279293734322000 latest_measured_support=0 through=1786279299234333000 projected=1 support=0 contradiction=23 reliable=1 reliable_in_view=0 reliable_seen_through=0 absence_llr=0 absent_samples=17 total_samples=119 absence_coverage_sufficient=0
2634,STATE_SLICE,STATE_SLICE inst=20 stamp=1786279299234333000 inherited_sup=0 inherited_con=23 inherited_samples=119 inherited_supported=0 inherited_free=1 inherited_repl_other=9 inherited_repl_bg=13 inherited_occ=46 inherited_unobs=44 session_sup=0 session_con=0 session_samples=0 cur_verts=2949 candidate_verts=0
2635,EVIDENCE,EVIDENCE inst=20 inherited_support=0 inherited_contradiction=23 session_support=0 session_contradiction=0 inherited_absent_flag=0 cur_verts=2949 observed_verts=0
2636,INGEST,INGEST inst=4 first=1786279292s seg_verts=14583 cur_verts=163476 observed_verts=0
2637,INGEST_DECIDE,INGEST_DECIDE inst=4 same_session_overlap=1 contradicted=0
2638,INGEST,INGEST inst=7 first=1786279293s seg_verts=6996 cur_verts=26658 observed_verts=0
2639,INGEST_DECIDE,INGEST_DECIDE inst=7 same_session_overlap=1 contradicted=0
2640,INGEST,INGEST inst=10 first=1786279292s seg_verts=2058 cur_verts=25224 observed_verts=0
2641,INGEST_DECIDE,INGEST_DECIDE inst=10 same_session_overlap=1 contradicted=0
2642,INGEST,INGEST inst=20 first=1786279292s seg_verts=1356 cur_verts=2949 observed_verts=0
2643,INGEST_DECIDE,INGEST_DECIDE inst=20 same_session_overlap=1 contradicted=0
2652,STATE_EVIDENCE_WINDOW,STATE_EVIDENCE_WINDOW inst=1 after=1786279274467633000 latest_measured_support=0 through=1786279301367644000 projected=1 support=0 contradiction=75 reliable=206 reliable_in_view=2 reliable_seen_through=0 absence_llr=0 absent_samples=54 total_samples=2555 absence_coverage_sufficient=0
2653,STATE_SLICE,STATE_SLICE inst=1 stamp=1786279301367644000 inherited_sup=0 inherited_con=75 inherited_samples=2555 inherited_supported=0 inherited_free=0 inherited_repl_other=67 inherited_repl_bg=14 inherited_occ=461 inherited_unobs=494 session_sup=0 session_con=0 session_samples=0 cur_verts=92196 candidate_verts=0
2654,EVIDENCE,EVIDENCE inst=1 inherited_support=0 inherited_contradiction=75 session_support=0 session_contradiction=0 inherited_absent_flag=0 cur_verts=92196 observed_verts=0
2655,STATE_EVIDENCE_WINDOW,STATE_EVIDENCE_WINDOW inst=3 after=1786279299234333000 latest_measured_support=1786279301367644000 through=1786279301367644000 projected=1 support=916 contradiction=428 reliable=497 reliable_in_view=311 reliable_seen_through=6 absence_llr=0 absent_samples=173 total_samples=1381 absence_coverage_sufficient=0
2656,STATE_SLICE,STATE_SLICE inst=3 stamp=1786279301367644000 inherited_sup=916 inherited_con=428 inherited_samples=1381 inherited_supported=921 inherited_free=99 inherited_repl_other=55 inherited_repl_bg=279 inherited_occ=776 inherited_unobs=336 session_sup=0 session_con=0 session_samples=0 cur_verts=55845 candidate_verts=0
2657,EVIDENCE,EVIDENCE inst=3 inherited_support=916 inherited_contradiction=428 session_support=0 session_contradiction=0 inherited_absent_flag=0 cur_verts=55845 observed_verts=0
2658,MOBILITY_PRIOR,MOBILITY_PRIOR inst=3 session=0 class=15 changes=0 continuations=4 alpha=0.111111 beta=1.88889 q=0.0185185
2659,MOBILITY_PRIOR,MOBILITY_PRIOR inst=3 session=0 class=15 changes=0 continuations=4 alpha=0.111111 beta=1.88889 q=0.0185185
2660,TOP_ABSORB,TOP_ABSORB inst=3 geom=0 support=916 high_mobility=0 absorb=1
2661,STATE_EVIDENCE_WINDOW,STATE_EVIDENCE_WINDOW inst=4 after=1786279299234333000 latest_measured_support=1786279301367644000 through=1786279301367644000 projected=1 support=2875 contradiction=304 reliable=317 reliable_in_view=205 reliable_seen_through=2 absence_llr=0 absent_samples=141 total_samples=2657 absence_coverage_sufficient=0
2662,STATE_SLICE,STATE_SLICE inst=4 stamp=1786279301367644000 inherited_sup=2875 inherited_con=304 inherited_samples=2657 inherited_supported=2906 inherited_free=123 inherited_repl_other=78 inherited_repl_bg=111 inherited_occ=2269 inherited_unobs=407 session_sup=0 session_con=0 session_samples=0 cur_verts=178059 candidate_verts=0
2663,EVIDENCE,EVIDENCE inst=4 inherited_support=2875 inherited_contradiction=304 session_support=0 session_contradiction=0 inherited_absent_flag=0 cur_verts=178059 observed_verts=0
2664,MOBILITY_PRIOR,MOBILITY_PRIOR inst=4 session=0 class=24 changes=0 continuations=3 alpha=0.125 beta=1.875 q=0.025
2665,MOBILITY_PRIOR,MOBILITY_PRIOR inst=4 session=0 class=24 changes=0 continuations=3 alpha=0.125 beta=1.875 q=0.025
2666,TOP_ABSORB,TOP_ABSORB inst=4 geom=0 support=2875 high_mobility=0 absorb=1
2667,STATE_EVIDENCE_WINDOW,STATE_EVIDENCE_WINDOW inst=5 after=1786279298400977000 latest_measured_support=0 through=1786279301367644000 projected=0 support=0 contradiction=0 reliable=432 reliable_in_view=0 reliable_seen_through=0 absence_llr=0.0772214 absent_samples=0 total_samples=4040 absence_coverage_sufficient=0
2668,STATE_SLICE,STATE_SLICE inst=5 stamp=1786279301367644000 inherited_sup=0 inherited_con=0 inherited_samples=4040 inherited_supported=0 inherited_free=0 inherited_repl_other=0 inherited_repl_bg=0 inherited_occ=0 inherited_unobs=4040 session_sup=0 session_con=0 session_samples=0 cur_verts=12120 candidate_verts=0
2669,EVIDENCE,EVIDENCE inst=5 inherited_support=0 inherited_contradiction=0 session_support=0 session_contradiction=0 inherited_absent_flag=0 cur_verts=12120 observed_verts=0
2670,STATE_EVIDENCE_WINDOW,STATE_EVIDENCE_WINDOW inst=6 after=1786279288467644000 latest_measured_support=0 through=1786279301367644000 projected=0 support=0 contradiction=0 reliable=228 reliable_in_view=0 reliable_seen_through=0 absence_llr=2.22759 absent_samples=0 total_samples=29749 absence_coverage_sufficient=0
2671,STATE_SLICE,STATE_SLICE inst=6 stamp=1786279301367644000 inherited_sup=0 inherited_con=0 inherited_samples=29749 inherited_supported=0 inherited_free=0 inherited_repl_other=0 inherited_repl_bg=0 inherited_occ=0 inherited_unobs=29749 session_sup=0 session_con=0 session_samples=0 cur_verts=89247 candidate_verts=0
2672,EVIDENCE,EVIDENCE inst=6 inherited_support=0 inherited_contradiction=0 session_support=0 session_contradiction=0 inherited_absent_flag=0 cur_verts=89247 observed_verts=0
2673,STATE_EVIDENCE_WINDOW,STATE_EVIDENCE_WINDOW inst=7 after=1786279294900966000 latest_measured_support=1786279301367644000 through=1786279301367644000 projected=1 support=1187 contradiction=127 reliable=573 reliable_in_view=487 reliable_seen_through=14 absence_llr=0 absent_samples=85 total_samples=704 absence_coverage_sufficient=0
2674,STATE_SLICE,STATE_SLICE inst=7 stamp=1786279301367644000 inherited_sup=1187 inherited_con=127 inherited_samples=704 inherited_supported=1194 inherited_free=18 inherited_repl_other=21 inherited_repl_bg=88 inherited_occ=938 inherited_unobs=5 session_sup=0 session_con=0 session_samples=0 cur_verts=33654 candidate_verts=0
2675,EVIDENCE,EVIDENCE inst=7 inherited_support=1187 inherited_contradiction=127 session_support=0 session_contradiction=0 inherited_absent_flag=0 cur_verts=33654 observed_verts=0
2676,MOBILITY_PRIOR,MOBILITY_PRIOR inst=7 session=0 class=74 changes=0 continuations=4 alpha=0.12 beta=3.88 q=0.015
2677,MOBILITY_PRIOR,MOBILITY_PRIOR inst=7 session=0 class=74 changes=0 continuations=4 alpha=0.12 beta=3.88 q=0.015
2678,TOP_ABSORB,TOP_ABSORB inst=7 geom=0 support=1187 high_mobility=0 absorb=1
2679,STATE_EVIDENCE_WINDOW,STATE_EVIDENCE_WINDOW inst=10 after=1786279293667666000 latest_measured_support=1786279301367644000 through=1786279301367644000 projected=1 support=12 contradiction=870 reliable=360 reliable_in_view=1 reliable_seen_through=1 absence_llr=0.855072 absent_samples=281 total_samples=787 absence_coverage_sufficient=0
2680,STATE_SLICE,STATE_SLICE inst=10 stamp=1786279301367644000 inherited_sup=12 inherited_con=870 inherited_samples=787 inherited_supported=12 inherited_free=17 inherited_repl_other=260 inherited_repl_bg=612 inherited_occ=758 inherited_unobs=237 session_sup=0 session_con=0 session_samples=0 cur_verts=27282 candidate_verts=0
2681,EVIDENCE,EVIDENCE inst=10 inherited_support=12 inherited_contradiction=870 session_support=0 session_contradiction=0 inherited_absent_flag=0 cur_verts=27282 observed_verts=0
2682,MOBILITY_PRIOR,MOBILITY_PRIOR inst=10 session=0 class=75 changes=0 continuations=4 alpha=0.111111 beta=1.88889 q=0.0185185
2683,MOBILITY_PRIOR,MOBILITY_PRIOR inst=10 session=0 class=75 changes=0 continuations=4 alpha=0.111111 beta=1.88889 q=0.0185185
2684,TOP_ABSORB,TOP_ABSORB inst=10 geom=0 support=12 high_mobility=0 absorb=1
2685,OBJECT_EXTRACTION_INPUT,OBJECT_EXTRACTION_INPUT inst=5 first=1786279290000966000 last=1786279298500977000 observations=209 dynamic=0 motion_history=0 last_motion=0 displacement=0 static_fallback=0
2686,STATIC_SURFACE_BOUNDARY,STATIC_SURFACE_BOUNDARY inst=5 rejected_stamp=1786279296167644000 current_stamp=1786279298467655000 forward_support=0 forward_free=0 reverse_support=0 reverse_free=377 forward_sampled=511 reverse_sampled=431
2687,STATIC_SURFACE_FRAMES,STATIC_SURFACE_FRAMES inst=5 candidates=51 selected=23 first=1786279296267633000 last=1786279298467655000
2688,STATE_EVIDENCE_WINDOW,STATE_EVIDENCE_WINDOW inst=11 after=1786279256467644000 latest_measured_support=0 through=1786279301367644000 projected=0 support=0 contradiction=0 reliable=695 reliable_in_view=0 reliable_seen_through=0 absence_llr=1.0685 absent_samples=0 total_samples=12177 absence_coverage_sufficient=0
2689,STATE_SLICE,STATE_SLICE inst=11 stamp=1786279301367644000 inherited_sup=0 inherited_con=0 inherited_samples=12177 inherited_supported=0 inherited_free=0 inherited_repl_other=0 inherited_repl_bg=0 inherited_occ=0 inherited_unobs=12177 session_sup=0 session_con=0 session_samples=0 cur_verts=36531 candidate_verts=0
2690,EVIDENCE,EVIDENCE inst=11 inherited_support=0 inherited_contradiction=0 session_support=0 session_contradiction=0 inherited_absent_flag=0 cur_verts=36531 observed_verts=0
2691,STATE_EVIDENCE_WINDOW,STATE_EVIDENCE_WINDOW inst=13 after=1786279225167633000 latest_measured_support=0 through=1786279301367644000 projected=1 support=0 contradiction=14 reliable=352 reliable_in_view=0 reliable_seen_through=0 absence_llr=0 absent_samples=10 total_samples=255 absence_coverage_sufficient=0
2692,STATE_SLICE,STATE_SLICE inst=13 stamp=1786279301367644000 inherited_sup=0 inherited_con=14 inherited_samples=255 inherited_supported=0 inherited_free=0 inherited_repl_other=0 inherited_repl_bg=14 inherited_occ=16 inherited_unobs=142 session_sup=0 session_con=0 session_samples=0 cur_verts=9204 candidate_verts=0
2693,EVIDENCE,EVIDENCE inst=13 inherited_support=0 inherited_contradiction=14 session_support=0 session_contradiction=0 inherited_absent_flag=0 cur_verts=9204 observed_verts=0
2694,STATE_EVIDENCE_WINDOW,STATE_EVIDENCE_WINDOW inst=14 after=1786279236367666000 latest_measured_support=0 through=1786279301367644000 projected=0 support=0 contradiction=0 reliable=132 reliable_in_view=0 reliable_seen_through=0 absence_llr=0.789442 absent_samples=0 total_samples=2784 absence_coverage_sufficient=0
2695,STATE_SLICE,STATE_SLICE inst=14 stamp=1786279301367644000 inherited_sup=0 inherited_con=0 inherited_samples=2784 inherited_supported=0 inherited_free=0 inherited_repl_other=0 inherited_repl_bg=0 inherited_occ=0 inherited_unobs=2781 session_sup=0 session_con=0 session_samples=0 cur_verts=8352 candidate_verts=0
2696,EVIDENCE,EVIDENCE inst=14 inherited_support=0 inherited_contradiction=0 session_support=0 session_contradiction=0 inherited_absent_flag=0 cur_verts=8352 observed_verts=0
2697,STATE_EVIDENCE_WINDOW,STATE_EVIDENCE_WINDOW inst=16 after=1786279285034300000 latest_measured_support=0 through=1786279301367644000 projected=1 support=0 contradiction=20 reliable=483 reliable_in_view=0 reliable_seen_through=0 absence_llr=0 absent_samples=13 total_samples=317 absence_coverage_sufficient=0
2698,STATE_SLICE,STATE_SLICE inst=16 stamp=1786279301367644000 inherited_sup=0 inherited_con=20 inherited_samples=317 inherited_supported=0 inherited_free=0 inherited_repl_other=0 inherited_repl_bg=20 inherited_occ=0 inherited_unobs=304 session_sup=0 session_con=0 session_samples=0 cur_verts=18081 candidate_verts=0
2699,EVIDENCE,EVIDENCE inst=16 inherited_support=0 inherited_contradiction=20 session_support=0 session_contradiction=0 inherited_absent_flag=0 cur_verts=18081 observed_verts=0
2700,STATE_EVIDENCE_WINDOW,STATE_EVIDENCE_WINDOW inst=17 after=1786279286400966000 latest_measured_support=0 through=1786279301367644000 projected=0 support=0 contradiction=0 reliable=662 reliable_in_view=0 reliable_seen_through=0 absence_llr=1.18066 absent_samples=0 total_samples=9365 absence_coverage_sufficient=0
2701,STATE_SLICE,STATE_SLICE inst=17 stamp=1786279301367644000 inherited_sup=0 inherited_con=0 inherited_samples=9365 inherited_supported=0 inherited_free=0 inherited_repl_other=0 inherited_repl_bg=0 inherited_occ=0 inherited_unobs=9365 session_sup=0 session_con=0 session_samples=0 cur_verts=28095 candidate_verts=0
2702,EVIDENCE,EVIDENCE inst=17 inherited_support=0 inherited_contradiction=0 session_support=0 session_contradiction=0 inherited_absent_flag=0 cur_verts=28095 observed_verts=0
2703,STATE_EVIDENCE_WINDOW,STATE_EVIDENCE_WINDOW inst=18 after=1786279224667644000 latest_measured_support=0 through=1786279301367644000 projected=1 support=0 contradiction=25 reliable=485 reliable_in_view=0 reliable_seen_through=0 absence_llr=0 absent_samples=20 total_samples=332 absence_coverage_sufficient=0
2704,STATE_SLICE,STATE_SLICE inst=18 stamp=1786279301367644000 inherited_sup=0 inherited_con=25 inherited_samples=332 inherited_supported=0 inherited_free=24 inherited_repl_other=0 inherited_repl_bg=1 inherited_occ=5 inherited_unobs=304 session_sup=0 session_con=0 session_samples=0 cur_verts=13425 candidate_verts=0
2705,EVIDENCE,EVIDENCE inst=18 inherited_support=0 inherited_contradiction=25 session_support=0 session_contradiction=0 inherited_absent_flag=0 cur_verts=13425 observed_verts=0
2706,STATE_EVIDENCE_WINDOW,STATE_EVIDENCE_WINDOW inst=19 after=1786279256734300000 latest_measured_support=0 through=1786279301367644000 projected=0 support=0 contradiction=0 reliable=377 reliable_in_view=0 reliable_seen_through=0 absence_llr=0.793424 absent_samples=0 total_samples=5420 absence_coverage_sufficient=0
2707,STATE_SLICE,STATE_SLICE inst=19 stamp=1786279301367644000 inherited_sup=0 inherited_con=0 inherited_samples=5420 inherited_supported=0 inherited_free=0 inherited_repl_other=0 inherited_repl_bg=0 inherited_occ=0 inherited_unobs=5420 session_sup=0 session_con=0 session_samples=0 cur_verts=16260 candidate_verts=0
2708,EVIDENCE,EVIDENCE inst=19 inherited_support=0 inherited_contradiction=0 session_support=0 session_contradiction=0 inherited_absent_flag=0 cur_verts=16260 observed_verts=0
2709,STATE_EVIDENCE_WINDOW,STATE_EVIDENCE_WINDOW inst=20 after=1786279294100966000 latest_measured_support=1786279301367644000 through=1786279301367644000 projected=1 support=33 contradiction=221 reliable=5 reliable_in_view=5 reliable_seen_through=0 absence_llr=0 absent_samples=82 total_samples=173 absence_coverage_sufficient=0
2710,STATE_SLICE,STATE_SLICE inst=20 stamp=1786279301367644000 inherited_sup=33 inherited_con=221 inherited_samples=173 inherited_supported=33 inherited_free=30 inherited_repl_other=107 inherited_repl_bg=87 inherited_occ=120 inherited_unobs=44 session_sup=0 session_con=0 session_samples=0 cur_verts=4305 candidate_verts=0
2711,EVIDENCE,EVIDENCE inst=20 inherited_support=33 inherited_contradiction=221 session_support=0 session_contradiction=0 inherited_absent_flag=0 cur_verts=4305 observed_verts=0
2712,MOBILITY_PRIOR,MOBILITY_PRIOR inst=20 session=0 class=74 changes=0 continuations=2 alpha=0.12 beta=5.88 q=0.015
2713,MOBILITY_PRIOR,MOBILITY_PRIOR inst=20 session=0 class=74 changes=0 continuations=2 alpha=0.12 beta=5.88 q=0.015
2714,TOP_ABSORB,TOP_ABSORB inst=20 geom=0 support=33 high_mobility=0 absorb=1
2716,STATE_EVIDENCE_WINDOW,STATE_EVIDENCE_WINDOW inst=1 after=1786279274467633000 latest_measured_support=1786279303467655000 through=1786279303467655000 projected=1 support=400 contradiction=252 reliable=207 reliable_in_view=20 reliable_seen_through=0 absence_llr=0 absent_samples=86 total_samples=2555 absence_coverage_sufficient=0
2717,STATE_SLICE,STATE_SLICE inst=1 stamp=1786279303467655000 inherited_sup=400 inherited_con=252 inherited_samples=2555 inherited_supported=410 inherited_free=38 inherited_repl_other=115 inherited_repl_bg=114 inherited_occ=3401 inherited_unobs=0 session_sup=0 session_con=0 session_samples=0 cur_verts=92196 candidate_verts=0
2718,EVIDENCE,EVIDENCE inst=1 inherited_support=400 inherited_contradiction=252 session_support=0 session_contradiction=0 inherited_absent_flag=0 cur_verts=92196 observed_verts=0
2719,MOBILITY_PRIOR,MOBILITY_PRIOR inst=1 session=0 class=7 changes=0 continuations=1 alpha=0.1 beta=1.9 q=0.0333333
2720,MOBILITY_PRIOR,MOBILITY_PRIOR inst=1 session=0 class=7 changes=0 continuations=1 alpha=0.1 beta=1.9 q=0.0333333
2721,TOP_ABSORB,TOP_ABSORB inst=1 geom=0 support=400 high_mobility=0 absorb=1
2722,STATE_EVIDENCE_WINDOW,STATE_EVIDENCE_WINDOW inst=3 after=1786279301367644000 latest_measured_support=1786279303067633000 through=1786279303467655000 projected=1 support=474 contradiction=94 reliable=490 reliable_in_view=118 reliable_seen_through=0 absence_llr=0 absent_samples=36 total_samples=1381 absence_coverage_sufficient=0
2723,STATE_SLICE,STATE_SLICE inst=3 stamp=1786279303467655000 inherited_sup=474 inherited_con=94 inherited_samples=1381 inherited_supported=476 inherited_free=42 inherited_repl_other=35 inherited_repl_bg=19 inherited_occ=239 inherited_unobs=912 session_sup=0 session_con=0 session_samples=0 cur_verts=55845 candidate_verts=0
2724,EVIDENCE,EVIDENCE inst=3 inherited_support=474 inherited_contradiction=94 session_support=0 session_contradiction=0 inherited_absent_flag=0 cur_verts=55845 observed_verts=0
2725,MOBILITY_PRIOR,MOBILITY_PRIOR inst=3 session=0 class=15 changes=0 continuations=4 alpha=0.111111 beta=1.88889 q=0.0185185
2726,MOBILITY_PRIOR,MOBILITY_PRIOR inst=3 session=0 class=15 changes=0 continuations=4 alpha=0.111111 beta=1.88889 q=0.0185185
2727,TOP_ABSORB,TOP_ABSORB inst=3 geom=0 support=474 high_mobility=0 absorb=1
2728,STATE_EVIDENCE_WINDOW,STATE_EVIDENCE_WINDOW inst=4 after=1786279301367644000 latest_measured_support=1786279303467655000 through=1786279303467655000 projected=1 support=4604 contradiction=268 reliable=426 reliable_in_view=298 reliable_seen_through=0 absence_llr=0 absent_samples=102 total_samples=2657 absence_coverage_sufficient=0
2729,STATE_SLICE,STATE_SLICE inst=4 stamp=1786279303467655000 inherited_sup=4604 inherited_con=268 inherited_samples=2657 inherited_supported=4659 inherited_free=187 inherited_repl_other=2 inherited_repl_bg=88 inherited_occ=2771 inherited_unobs=145 session_sup=0 session_con=0 session_samples=0 cur_verts=178059 candidate_verts=0
2730,EVIDENCE,EVIDENCE inst=4 inherited_support=4604 inherited_contradiction=268 session_support=0 session_contradiction=0 inherited_absent_flag=0 cur_verts=178059 observed_verts=0
2731,MOBILITY_PRIOR,MOBILITY_PRIOR inst=4 session=0 class=24 changes=0 continuations=3 alpha=0.125 beta=1.875 q=0.025
2732,MOBILITY_PRIOR,MOBILITY_PRIOR inst=4 session=0 class=24 changes=0 continuations=3 alpha=0.125 beta=1.875 q=0.025
2733,TOP_ABSORB,TOP_ABSORB inst=4 geom=0 support=4604 high_mobility=0 absorb=1
2734,STATE_EVIDENCE_WINDOW,STATE_EVIDENCE_WINDOW inst=5 after=1786279298400977000 latest_measured_support=0 through=1786279303467655000 projected=0 support=0 contradiction=0 reliable=432 reliable_in_view=0 reliable_seen_through=0 absence_llr=0.0772214 absent_samples=0 total_samples=4040 absence_coverage_sufficient=0
2735,STATE_SLICE,STATE_SLICE inst=5 stamp=1786279303467655000 inherited_sup=0 inherited_con=0 inherited_samples=4040 inherited_supported=0 inherited_free=0 inherited_repl_other=0 inherited_repl_bg=0 inherited_occ=0 inherited_unobs=4039 session_sup=0 session_con=0 session_samples=0 cur_verts=12120 candidate_verts=0
2736,EVIDENCE,EVIDENCE inst=5 inherited_support=0 inherited_contradiction=0 session_support=0 session_contradiction=0 inherited_absent_flag=0 cur_verts=12120 observed_verts=0
2737,STATE_EVIDENCE_WINDOW,STATE_EVIDENCE_WINDOW inst=6 after=1786279288467644000 latest_measured_support=0 through=1786279303467655000 projected=0 support=0 contradiction=0 reliable=228 reliable_in_view=0 reliable_seen_through=0 absence_llr=2.22759 absent_samples=0 total_samples=29749 absence_coverage_sufficient=0
2738,STATE_SLICE,STATE_SLICE inst=6 stamp=1786279303467655000 inherited_sup=0 inherited_con=0 inherited_samples=29749 inherited_supported=0 inherited_free=0 inherited_repl_other=0 inherited_repl_bg=0 inherited_occ=0 inherited_unobs=29749 session_sup=0 session_con=0 session_samples=0 cur_verts=89247 candidate_verts=0
2739,EVIDENCE,EVIDENCE inst=6 inherited_support=0 inherited_contradiction=0 session_support=0 session_contradiction=0 inherited_absent_flag=0 cur_verts=89247 observed_verts=0
2740,STATE_EVIDENCE_WINDOW,STATE_EVIDENCE_WINDOW inst=7 after=1786279301367644000 latest_measured_support=1786279302634322000 through=1786279303467655000 projected=1 support=315 contradiction=5 reliable=533 reliable_in_view=265 reliable_seen_through=6 absence_llr=0 absent_samples=2 total_samples=704 absence_coverage_sufficient=0
2741,STATE_SLICE,STATE_SLICE inst=7 stamp=1786279303467655000 inherited_sup=315 inherited_con=5 inherited_samples=704 inherited_supported=316 inherited_free=0 inherited_repl_other=0 inherited_repl_bg=5 inherited_occ=16 inherited_unobs=406 session_sup=0 session_con=0 session_samples=0 cur_verts=33654 candidate_verts=0
2742,EVIDENCE,EVIDENCE inst=7 inherited_support=315 inherited_contradiction=5 session_support=0 session_contradiction=0 inherited_absent_flag=0 cur_verts=33654 observed_verts=0
2743,MOBILITY_PRIOR,MOBILITY_PRIOR inst=7 session=0 class=74 changes=0 continuations=4 alpha=0.12 beta=3.88 q=0.015
2744,MOBILITY_PRIOR,MOBILITY_PRIOR inst=7 session=0 class=74 changes=0 continuations=4 alpha=0.12 beta=3.88 q=0.015
2745,TOP_ABSORB,TOP_ABSORB inst=7 geom=0 support=315 high_mobility=0 absorb=1
2746,STATE_EVIDENCE_WINDOW,STATE_EVIDENCE_WINDOW inst=10 after=1786279301367644000 latest_measured_support=1786279303467655000 through=1786279303467655000 projected=1 support=123 contradiction=281 reliable=396 reliable_in_view=37 reliable_seen_through=0 absence_llr=0.753979 absent_samples=102 total_samples=787 absence_coverage_sufficient=0
2747,STATE_SLICE,STATE_SLICE inst=10 stamp=1786279303467655000 inherited_sup=123 inherited_con=281 inherited_samples=787 inherited_supported=123 inherited_free=26 inherited_repl_other=116 inherited_repl_bg=146 inherited_occ=270 inherited_unobs=394 session_sup=0 session_con=0 session_samples=0 cur_verts=27282 candidate_verts=0
2748,EVIDENCE,EVIDENCE inst=10 inherited_support=123 inherited_contradiction=281 session_support=0 session_contradiction=0 inherited_absent_flag=0 cur_verts=27282 observed_verts=0
2749,MOBILITY_PRIOR,MOBILITY_PRIOR inst=10 session=0 class=75 changes=0 continuations=4 alpha=0.111111 beta=1.88889 q=0.0185185
2750,MOBILITY_PRIOR,MOBILITY_PRIOR inst=10 session=0 class=75 changes=0 continuations=4 alpha=0.111111 beta=1.88889 q=0.0185185
2751,TOP_ABSORB,TOP_ABSORB inst=10 geom=0 support=123 high_mobility=0 absorb=1
2752,STATE_EVIDENCE_WINDOW,STATE_EVIDENCE_WINDOW inst=11 after=1786279256467644000 latest_measured_support=0 through=1786279303467655000 projected=0 support=0 contradiction=0 reliable=695 reliable_in_view=0 reliable_seen_through=0 absence_llr=1.0685 absent_samples=0 total_samples=12177 absence_coverage_sufficient=0
2753,STATE_SLICE,STATE_SLICE inst=11 stamp=1786279303467655000 inherited_sup=0 inherited_con=0 inherited_samples=12177 inherited_supported=0 inherited_free=0 inherited_repl_other=0 inherited_repl_bg=0 inherited_occ=0 inherited_unobs=12177 session_sup=0 session_con=0 session_samples=0 cur_verts=36531 candidate_verts=0
2754,EVIDENCE,EVIDENCE inst=11 inherited_support=0 inherited_contradiction=0 session_support=0 session_contradiction=0 inherited_absent_flag=0 cur_verts=36531 observed_verts=0
2755,STATE_EVIDENCE_WINDOW,STATE_EVIDENCE_WINDOW inst=13 after=1786279225167633000 latest_measured_support=0 through=1786279303467655000 projected=1 support=0 contradiction=14 reliable=352 reliable_in_view=0 reliable_seen_through=0 absence_llr=0 absent_samples=10 total_samples=255 absence_coverage_sufficient=0
2756,STATE_SLICE,STATE_SLICE inst=13 stamp=1786279303467655000 inherited_sup=0 inherited_con=14 inherited_samples=255 inherited_supported=0 inherited_free=0 inherited_repl_other=0 inherited_repl_bg=14 inherited_occ=16 inherited_unobs=131 session_sup=0 session_con=0 session_samples=0 cur_verts=9204 candidate_verts=0
2757,EVIDENCE,EVIDENCE inst=13 inherited_support=0 inherited_contradiction=14 session_support=0 session_contradiction=0 inherited_absent_flag=0 cur_verts=9204 observed_verts=0
2758,STATE_EVIDENCE_WINDOW,STATE_EVIDENCE_WINDOW inst=14 after=1786279236367666000 latest_measured_support=0 through=1786279303467655000 projected=0 support=0 contradiction=0 reliable=132 reliable_in_view=0 reliable_seen_through=0 absence_llr=0.789442 absent_samples=0 total_samples=2784 absence_coverage_sufficient=0
2759,STATE_SLICE,STATE_SLICE inst=14 stamp=1786279303467655000 inherited_sup=0 inherited_con=0 inherited_samples=2784 inherited_supported=0 inherited_free=0 inherited_repl_other=0 inherited_repl_bg=0 inherited_occ=0 inherited_unobs=2781 session_sup=0 session_con=0 session_samples=0 cur_verts=8352 candidate_verts=0
2760,EVIDENCE,EVIDENCE inst=14 inherited_support=0 inherited_contradiction=0 session_support=0 session_contradiction=0 inherited_absent_flag=0 cur_verts=8352 observed_verts=0
2761,STATE_EVIDENCE_WINDOW,STATE_EVIDENCE_WINDOW inst=16 after=1786279285034300000 latest_measured_support=0 through=1786279303467655000 projected=1 support=0 contradiction=20 reliable=483 reliable_in_view=0 reliable_seen_through=0 absence_llr=0 absent_samples=13 total_samples=317 absence_coverage_sufficient=0
2762,STATE_SLICE,STATE_SLICE inst=16 stamp=1786279303467655000 inherited_sup=0 inherited_con=20 inherited_samples=317 inherited_supported=0 inherited_free=0 inherited_repl_other=0 inherited_repl_bg=20 inherited_occ=0 inherited_unobs=304 session_sup=0 session_con=0 session_samples=0 cur_verts=18081 candidate_verts=0
2763,EVIDENCE,EVIDENCE inst=16 inherited_support=0 inherited_contradiction=20 session_support=0 session_contradiction=0 inherited_absent_flag=0 cur_verts=18081 observed_verts=0
2764,STATE_EVIDENCE_WINDOW,STATE_EVIDENCE_WINDOW inst=17 after=1786279286400966000 latest_measured_support=0 through=1786279303467655000 projected=0 support=0 contradiction=0 reliable=662 reliable_in_view=0 reliable_seen_through=0 absence_llr=1.18066 absent_samples=0 total_samples=9365 absence_coverage_sufficient=0
2765,STATE_SLICE,STATE_SLICE inst=17 stamp=1786279303467655000 inherited_sup=0 inherited_con=0 inherited_samples=9365 inherited_supported=0 inherited_free=0 inherited_repl_other=0 inherited_repl_bg=0 inherited_occ=0 inherited_unobs=9365 session_sup=0 session_con=0 session_samples=0 cur_verts=28095 candidate_verts=0
2766,EVIDENCE,EVIDENCE inst=17 inherited_support=0 inherited_contradiction=0 session_support=0 session_contradiction=0 inherited_absent_flag=0 cur_verts=28095 observed_verts=0
2767,STATE_EVIDENCE_WINDOW,STATE_EVIDENCE_WINDOW inst=18 after=1786279224667644000 latest_measured_support=0 through=1786279303467655000 projected=1 support=0 contradiction=25 reliable=485 reliable_in_view=0 reliable_seen_through=0 absence_llr=0 absent_samples=20 total_samples=332 absence_coverage_sufficient=0
2768,STATE_SLICE,STATE_SLICE inst=18 stamp=1786279303467655000 inherited_sup=0 inherited_con=25 inherited_samples=332 inherited_supported=0 inherited_free=24 inherited_repl_other=0 inherited_repl_bg=1 inherited_occ=5 inherited_unobs=84 session_sup=0 session_con=0 session_samples=0 cur_verts=13425 candidate_verts=0
2769,EVIDENCE,EVIDENCE inst=18 inherited_support=0 inherited_contradiction=25 session_support=0 session_contradiction=0 inherited_absent_flag=0 cur_verts=13425 observed_verts=0
2770,STATE_EVIDENCE_WINDOW,STATE_EVIDENCE_WINDOW inst=19 after=1786279256734300000 latest_measured_support=1786279303467655000 through=1786279303467655000 projected=1 support=1 contradiction=7 reliable=377 reliable_in_view=2 reliable_seen_through=2 absence_llr=0.793424 absent_samples=7 total_samples=433 absence_coverage_sufficient=0
2771,STATE_SLICE,STATE_SLICE inst=19 stamp=1786279303467655000 inherited_sup=1 inherited_con=7 inherited_samples=433 inherited_supported=1 inherited_free=7 inherited_repl_other=0 inherited_repl_bg=0 inherited_occ=14 inherited_unobs=0 session_sup=0 session_con=0 session_samples=0 cur_verts=16260 candidate_verts=0
2772,EVIDENCE,EVIDENCE inst=19 inherited_support=1 inherited_contradiction=7 session_support=0 session_contradiction=0 inherited_absent_flag=0 cur_verts=16260 observed_verts=0
2773,MOBILITY_PRIOR,MOBILITY_PRIOR inst=19 session=0 class=139 changes=0 continuations=2 alpha=0.103448 beta=1.89655 q=0.0258621
2774,MOBILITY_PRIOR,MOBILITY_PRIOR inst=19 session=0 class=139 changes=0 continuations=2 alpha=0.103448 beta=1.89655 q=0.0258621
2775,TOP_ABSORB,TOP_ABSORB inst=19 geom=0 support=1 high_mobility=0 absorb=1
2776,STATE_EVIDENCE_WINDOW,STATE_EVIDENCE_WINDOW inst=20 after=1786279301367644000 latest_measured_support=0 through=1786279303467655000 projected=1 support=0 contradiction=13 reliable=4 reliable_in_view=0 reliable_seen_through=0 absence_llr=0 absent_samples=9 total_samples=173 absence_coverage_sufficient=0
2777,STATE_SLICE,STATE_SLICE inst=20 stamp=1786279303467655000 inherited_sup=0 inherited_con=13 inherited_samples=173 inherited_supported=0 inherited_free=0 inherited_repl_other=13 inherited_repl_bg=0 inherited_occ=40 inherited_unobs=104 session_sup=0 session_con=0 session_samples=0 cur_verts=4305 candidate_verts=0
2778,EVIDENCE,EVIDENCE inst=20 inherited_support=0 inherited_contradiction=13 session_support=0 session_contradiction=0 inherited_absent_flag=0 cur_verts=4305 observed_verts=0
2779,INGEST,INGEST inst=5 first=1786279296s seg_verts=8142 cur_verts=12120 observed_verts=0
2780,INGEST_DECIDE,INGEST_DECIDE inst=5 same_session_overlap=1 contradicted=0
2781,OBJECT_EXTRACTION_INPUT,OBJECT_EXTRACTION_INPUT inst=20 first=1786279298900977000 last=1786279301400977000 observations=52 dynamic=0 motion_history=0 last_motion=0 displacement=0 static_fallback=0
2782,STATIC_SURFACE_FRAMES,STATIC_SURFACE_FRAMES inst=20 candidates=17 selected=17 first=1786279299767644000 last=1786279301367644000
2791,STATE_EVIDENCE_WINDOW,STATE_EVIDENCE_WINDOW inst=1 after=1786279303467655000 latest_measured_support=1786279305167633000 through=1786279305567644000 projected=1 support=2668 contradiction=97 reliable=330 reliable_in_view=185 reliable_seen_through=0 absence_llr=0 absent_samples=53 total_samples=2555 absence_coverage_sufficient=0
2792,STATE_SLICE,STATE_SLICE inst=1 stamp=1786279305567644000 inherited_sup=2668 inherited_con=97 inherited_samples=2555 inherited_supported=2745 inherited_free=103 inherited_repl_other=0 inherited_repl_bg=3 inherited_occ=1144 inherited_unobs=71 session_sup=0 session_con=0 session_samples=0 cur_verts=92196 candidate_verts=0
2793,EVIDENCE,EVIDENCE inst=1 inherited_support=2668 inherited_contradiction=97 session_support=0 session_contradiction=0 inherited_absent_flag=0 cur_verts=92196 observed_verts=0
2794,MOBILITY_PRIOR,MOBILITY_PRIOR inst=1 session=0 class=7 changes=0 continuations=1 alpha=0.0909091 beta=1.90909 q=0.030303
2795,MOBILITY_PRIOR,MOBILITY_PRIOR inst=1 session=0 class=7 changes=0 continuations=1 alpha=0.0909091 beta=1.90909 q=0.030303
2796,TOP_ABSORB,TOP_ABSORB inst=1 geom=0 support=2668 high_mobility=0 absorb=1
2797,STATE_EVIDENCE_WINDOW,STATE_EVIDENCE_WINDOW inst=3 after=1786279303067633000 latest_measured_support=0 through=1786279305567644000 projected=1 support=0 contradiction=7 reliable=489 reliable_in_view=0 reliable_seen_through=0 absence_llr=0 absent_samples=7 total_samples=1381 absence_coverage_sufficient=0
2798,STATE_SLICE,STATE_SLICE inst=3 stamp=1786279305567644000 inherited_sup=0 inherited_con=7 inherited_samples=1381 inherited_supported=0 inherited_free=7 inherited_repl_other=0 inherited_repl_bg=0 inherited_occ=23 inherited_unobs=1258 session_sup=0 session_con=0 session_samples=0 cur_verts=55845 candidate_verts=0
2799,EVIDENCE,EVIDENCE inst=3 inherited_support=0 inherited_contradiction=7 session_support=0 session_contradiction=0 inherited_absent_flag=0 cur_verts=55845 observed_verts=0
2800,STATE_EVIDENCE_WINDOW,STATE_EVIDENCE_WINDOW inst=4 after=1786279303467655000 latest_measured_support=0 through=1786279305567644000 projected=1 support=0 contradiction=1 reliable=423 reliable_in_view=0 reliable_seen_through=0 absence_llr=0 absent_samples=1 total_samples=2657 absence_coverage_sufficient=0
2801,STATE_SLICE,STATE_SLICE inst=4 stamp=1786279305567644000 inherited_sup=0 inherited_con=1 inherited_samples=2657 inherited_supported=0 inherited_free=1 inherited_repl_other=0 inherited_repl_bg=0 inherited_occ=2 inherited_unobs=1679 session_sup=0 session_con=0 session_samples=0 cur_verts=178059 candidate_verts=0
2802,EVIDENCE,EVIDENCE inst=4 inherited_support=0 inherited_contradiction=1 session_support=0 session_contradiction=0 inherited_absent_flag=0 cur_verts=178059 observed_verts=0
2803,STATE_EVIDENCE_WINDOW,STATE_EVIDENCE_WINDOW inst=5 after=1786279298500977000 latest_measured_support=0 through=1786279305567644000 projected=0 support=0 contradiction=0 reliable=344 reliable_in_view=0 reliable_seen_through=0 absence_llr=0.0772214 absent_samples=0 total_samples=6754 absence_coverage_sufficient=0
2804,STATE_SLICE,STATE_SLICE inst=5 stamp=1786279305567644000 inherited_sup=0 inherited_con=0 inherited_samples=6754 inherited_supported=0 inherited_free=0 inherited_repl_other=0 inherited_repl_bg=0 inherited_occ=0 inherited_unobs=6753 session_sup=0 session_con=0 session_samples=0 cur_verts=20262 candidate_verts=0
2805,EVIDENCE,EVIDENCE inst=5 inherited_support=0 inherited_contradiction=0 session_support=0 session_contradiction=0 inherited_absent_flag=0 cur_verts=20262 observed_verts=0
2806,STATE_EVIDENCE_WINDOW,STATE_EVIDENCE_WINDOW inst=6 after=1786279288467644000 latest_measured_support=0 through=1786279305567644000 projected=0 support=0 contradiction=0 reliable=228 reliable_in_view=0 reliable_seen_through=0 absence_llr=2.22759 absent_samples=0 total_samples=29749 absence_coverage_sufficient=0
2807,STATE_SLICE,STATE_SLICE inst=6 stamp=1786279305567644000 inherited_sup=0 inherited_con=0 inherited_samples=29749 inherited_supported=0 inherited_free=0 inherited_repl_other=0 inherited_repl_bg=0 inherited_occ=0 inherited_unobs=29749 session_sup=0 session_con=0 session_samples=0 cur_verts=89247 candidate_verts=0
2808,EVIDENCE,EVIDENCE inst=6 inherited_support=0 inherited_contradiction=0 session_support=0 session_contradiction=0 inherited_absent_flag=0 cur_verts=89247 observed_verts=0
2809,OBJECT_EXTRACTION_INPUT,OBJECT_EXTRACTION_INPUT inst=7 first=1786279298934311000 last=1786279302934311000 observations=120 dynamic=0 motion_history=0 last_motion=0 displacement=0 static_fallback=0
2810,STATIC_SURFACE_BOUNDARY,STATIC_SURFACE_BOUNDARY inst=7 rejected_stamp=1786279299667633000 current_stamp=1786279302867633000 forward_support=14 forward_free=0 reverse_support=285 reverse_free=85 forward_sampled=510 reverse_sampled=475
2811,STATIC_SURFACE_FRAMES,STATIC_SURFACE_FRAMES inst=7 candidates=40 selected=32 first=1786279299767644000 last=1786279302867633000
2812,STATE_EVIDENCE_WINDOW,STATE_EVIDENCE_WINDOW inst=7 after=1786279302634322000 latest_measured_support=0 through=1786279305567644000 projected=0 support=0 contradiction=0 reliable=527 reliable_in_view=0 reliable_seen_through=0 absence_llr=0 absent_samples=0 total_samples=11218 absence_coverage_sufficient=0
2813,STATE_SLICE,STATE_SLICE inst=7 stamp=1786279305567644000 inherited_sup=0 inherited_con=0 inherited_samples=11218 inherited_supported=0 inherited_free=0 inherited_repl_other=0 inherited_repl_bg=0 inherited_occ=0 inherited_unobs=11218 session_sup=0 session_con=0 session_samples=0 cur_verts=33654 candidate_verts=0
2814,EVIDENCE,EVIDENCE inst=7 inherited_support=0 inherited_contradiction=0 session_support=0 session_contradiction=0 inherited_absent_flag=0 cur_verts=33654 observed_verts=0
2815,STATE_EVIDENCE_WINDOW,STATE_EVIDENCE_WINDOW inst=10 after=1786279303467655000 latest_measured_support=1786279304334311000 through=1786279305567644000 projected=1 support=28 contradiction=8 reliable=405 reliable_in_view=36 reliable_seen_through=2 absence_llr=0.726237 absent_samples=5 total_samples=787 absence_coverage_sufficient=0
2816,STATE_SLICE,STATE_SLICE inst=10 stamp=1786279305567644000 inherited_sup=28 inherited_con=8 inherited_samples=787 inherited_supported=28 inherited_free=8 inherited_repl_other=0 inherited_repl_bg=0 inherited_occ=2 inherited_unobs=654 session_sup=0 session_con=0 session_samples=0 cur_verts=27282 candidate_verts=0
2817,EVIDENCE,EVIDENCE inst=10 inherited_support=28 inherited_contradiction=8 session_support=0 session_contradiction=0 inherited_absent_flag=0 cur_verts=27282 observed_verts=0
2818,MOBILITY_PRIOR,MOBILITY_PRIOR inst=10 session=0 class=75 changes=0 continuations=4 alpha=0.111111 beta=1.88889 q=0.0185185
2819,MOBILITY_PRIOR,MOBILITY_PRIOR inst=10 session=0 class=75 changes=0 continuations=4 alpha=0.111111 beta=1.88889 q=0.0185185
2820,TOP_ABSORB,TOP_ABSORB inst=10 geom=0 support=28 high_mobility=0 absorb=1
2821,STATE_EVIDENCE_WINDOW,STATE_EVIDENCE_WINDOW inst=11 after=1786279256467644000 latest_measured_support=1786279305567644000 through=1786279305567644000 projected=1 support=1673 contradiction=307 reliable=696 reliable_in_view=110 reliable_seen_through=76 absence_llr=1.789 absent_samples=96 total_samples=899 absence_coverage_sufficient=0
2822,STATE_SLICE,STATE_SLICE inst=11 stamp=1786279305567644000 inherited_sup=1673 inherited_con=307 inherited_samples=899 inherited_supported=1732 inherited_free=314 inherited_repl_other=0 inherited_repl_bg=5 inherited_occ=1392 inherited_unobs=0 session_sup=0 session_con=0 session_samples=0 cur_verts=36531 candidate_verts=0
2823,EVIDENCE,EVIDENCE inst=11 inherited_support=1673 inherited_contradiction=307 session_support=0 session_contradiction=0 inherited_absent_flag=0 cur_verts=36531 observed_verts=0
2824,MOBILITY_PRIOR,MOBILITY_PRIOR inst=11 session=0 class=92 changes=0 continuations=2 alpha=0.111111 beta=3.88889 q=0.0185185
2825,MOBILITY_PRIOR,MOBILITY_PRIOR inst=11 session=0 class=92 changes=0 continuations=2 alpha=0.111111 beta=3.88889 q=0.0185185
2826,TOP_ABSORB,TOP_ABSORB inst=11 geom=0 support=1673 high_mobility=0 absorb=1
2827,STATE_EVIDENCE_WINDOW,STATE_EVIDENCE_WINDOW inst=13 after=1786279225167633000 latest_measured_support=1786279305567644000 through=1786279305567644000 projected=1 support=243 contradiction=106 reliable=366 reliable_in_view=144 reliable_seen_through=44 absence_llr=0.279086 absent_samples=50 total_samples=255 absence_coverage_sufficient=0
2828,STATE_SLICE,STATE_SLICE inst=13 stamp=1786279305567644000 inherited_sup=243 inherited_con=106 inherited_samples=255 inherited_supported=245 inherited_free=68 inherited_repl_other=28 inherited_repl_bg=16 inherited_occ=185 inherited_unobs=0 session_sup=0 session_con=0 session_samples=0 cur_verts=9204 candidate_verts=0
2829,EVIDENCE,EVIDENCE inst=13 inherited_support=243 inherited_contradiction=106 session_support=0 session_contradiction=0 inherited_absent_flag=0 cur_verts=9204 observed_verts=0
2830,MOBILITY_PRIOR,MOBILITY_PRIOR inst=13 session=0 class=115 changes=0 continuations=1 alpha=0.130435 beta=8.86957 q=0.0130435
2831,MOBILITY_PRIOR,MOBILITY_PRIOR inst=13 session=0 class=115 changes=0 continuations=1 alpha=0.130435 beta=8.86957 q=0.0130435
2832,TOP_ABSORB,TOP_ABSORB inst=13 geom=0 support=243 high_mobility=0 absorb=1
2833,STATE_EVIDENCE_WINDOW,STATE_EVIDENCE_WINDOW inst=14 after=1786279236367666000 latest_measured_support=0 through=1786279305567644000 projected=0 support=0 contradiction=0 reliable=132 reliable_in_view=0 reliable_seen_through=0 absence_llr=0.789442 absent_samples=0 total_samples=2784 absence_coverage_sufficient=0
2834,STATE_SLICE,STATE_SLICE inst=14 stamp=1786279305567644000 inherited_sup=0 inherited_con=0 inherited_samples=2784 inherited_supported=0 inherited_free=0 inherited_repl_other=0 inherited_repl_bg=0 inherited_occ=0 inherited_unobs=2781 session_sup=0 session_con=0 session_samples=0 cur_verts=8352 candidate_verts=0
2835,EVIDENCE,EVIDENCE inst=14 inherited_support=0 inherited_contradiction=0 session_support=0 session_contradiction=0 inherited_absent_flag=0 cur_verts=8352 observed_verts=0
2836,STATE_EVIDENCE_WINDOW,STATE_EVIDENCE_WINDOW inst=16 after=1786279285034300000 latest_measured_support=0 through=1786279305567644000 projected=1 support=0 contradiction=20 reliable=483 reliable_in_view=0 reliable_seen_through=0 absence_llr=0 absent_samples=13 total_samples=317 absence_coverage_sufficient=0
2837,STATE_SLICE,STATE_SLICE inst=16 stamp=1786279305567644000 inherited_sup=0 inherited_con=20 inherited_samples=317 inherited_supported=0 inherited_free=0 inherited_repl_other=0 inherited_repl_bg=20 inherited_occ=0 inherited_unobs=304 session_sup=0 session_con=0 session_samples=0 cur_verts=18081 candidate_verts=0
2838,EVIDENCE,EVIDENCE inst=16 inherited_support=0 inherited_contradiction=20 session_support=0 session_contradiction=0 inherited_absent_flag=0 cur_verts=18081 observed_verts=0
2839,STATE_EVIDENCE_WINDOW,STATE_EVIDENCE_WINDOW inst=17 after=1786279286400966000 latest_measured_support=0 through=1786279305567644000 projected=0 support=0 contradiction=0 reliable=662 reliable_in_view=0 reliable_seen_through=0 absence_llr=1.18066 absent_samples=0 total_samples=9365 absence_coverage_sufficient=0
2840,STATE_SLICE,STATE_SLICE inst=17 stamp=1786279305567644000 inherited_sup=0 inherited_con=0 inherited_samples=9365 inherited_supported=0 inherited_free=0 inherited_repl_other=0 inherited_repl_bg=0 inherited_occ=0 inherited_unobs=9365 session_sup=0 session_con=0 session_samples=0 cur_verts=28095 candidate_verts=0
2841,EVIDENCE,EVIDENCE inst=17 inherited_support=0 inherited_contradiction=0 session_support=0 session_contradiction=0 inherited_absent_flag=0 cur_verts=28095 observed_verts=0
2842,STATE_EVIDENCE_WINDOW,STATE_EVIDENCE_WINDOW inst=18 after=1786279224667644000 latest_measured_support=1786279305567644000 through=1786279305567644000 projected=1 support=335 contradiction=128 reliable=534 reliable_in_view=167 reliable_seen_through=30 absence_llr=0 absent_samples=41 total_samples=332 absence_coverage_sufficient=0
2843,STATE_SLICE,STATE_SLICE inst=18 stamp=1786279305567644000 inherited_sup=335 inherited_con=128 inherited_samples=332 inherited_supported=344 inherited_free=116 inherited_repl_other=15 inherited_repl_bg=7 inherited_occ=257 inherited_unobs=0 session_sup=0 session_con=0 session_samples=0 cur_verts=13425 candidate_verts=0
2844,EVIDENCE,EVIDENCE inst=18 inherited_support=335 inherited_contradiction=128 session_support=0 session_contradiction=0 inherited_absent_flag=0 cur_verts=13425 observed_verts=0
2845,MOBILITY_PRIOR,MOBILITY_PRIOR inst=18 session=0 class=131 changes=0 continuations=1 alpha=0.1 beta=1.9 q=0.0333333
2846,MOBILITY_PRIOR,MOBILITY_PRIOR inst=18 session=0 class=131 changes=0 continuations=1 alpha=0.1 beta=1.9 q=0.0333333
2847,TOP_ABSORB,TOP_ABSORB inst=18 geom=0 support=335 high_mobility=0 absorb=1
2848,STATE_EVIDENCE_WINDOW,STATE_EVIDENCE_WINDOW inst=19 after=1786279303467655000 latest_measured_support=1786279305567644000 through=1786279305567644000 projected=1 support=233 contradiction=239 reliable=377 reliable_in_view=68 reliable_seen_through=20 absence_llr=0.824999 absent_samples=72 total_samples=433 absence_coverage_sufficient=0
2849,STATE_SLICE,STATE_SLICE inst=19 stamp=1786279305567644000 inherited_sup=233 inherited_con=239 inherited_samples=433 inherited_supported=238 inherited_free=206 inherited_repl_other=2 inherited_repl_bg=44 inherited_occ=685 inherited_unobs=0 session_sup=0 session_con=0 session_samples=0 cur_verts=16260 candidate_verts=0
2850,EVIDENCE,EVIDENCE inst=19 inherited_support=233 inherited_contradiction=239 session_support=0 session_contradiction=0 inherited_absent_flag=0 cur_verts=16260 observed_verts=0
2851,MOBILITY_PRIOR,MOBILITY_PRIOR inst=19 session=0 class=139 changes=0 continuations=2 alpha=0.103448 beta=1.89655 q=0.0258621
2852,MOBILITY_PRIOR,MOBILITY_PRIOR inst=19 session=0 class=139 changes=0 continuations=2 alpha=0.103448 beta=1.89655 q=0.0258621
2853,TOP_ABSORB,TOP_ABSORB inst=19 geom=0 support=233 high_mobility=0 absorb=1
2854,STATE_EVIDENCE_WINDOW,STATE_EVIDENCE_WINDOW inst=20 after=1786279301367644000 latest_measured_support=0 through=1786279305567644000 projected=1 support=0 contradiction=13 reliable=4 reliable_in_view=0 reliable_seen_through=0 absence_llr=0 absent_samples=9 total_samples=173 absence_coverage_sufficient=0
2855,STATE_SLICE,STATE_SLICE inst=20 stamp=1786279305567644000 inherited_sup=0 inherited_con=13 inherited_samples=173 inherited_supported=0 inherited_free=0 inherited_repl_other=13 inherited_repl_bg=0 inherited_occ=40 inherited_unobs=104 session_sup=0 session_con=0 session_samples=0 cur_verts=4305 candidate_verts=0
2856,EVIDENCE,EVIDENCE inst=20 inherited_support=0 inherited_contradiction=13 session_support=0 session_contradiction=0 inherited_absent_flag=0 cur_verts=4305 observed_verts=0
2857,INGEST,INGEST inst=20 first=1786279299s seg_verts=963 cur_verts=4305 observed_verts=0
2858,INGEST_DECIDE,INGEST_DECIDE inst=20 same_session_overlap=1 contradicted=0
2860,OBJECT_EXTRACTION_INPUT,OBJECT_EXTRACTION_INPUT inst=3 first=1786279290567633000 last=1786279303434311000 observations=369 dynamic=0 motion_history=1 last_motion=1786279298567644000 displacement=0.163229 static_fallback=1
2861,STATIC_SURFACE_FRAMES,STATIC_SURFACE_FRAMES inst=3 candidates=65 selected=65 first=1786279296367644000 last=1786279303367633000
2862,OBJECT_EXTRACTION_INPUT,OBJECT_EXTRACTION_INPUT inst=4 first=1786279298600988000 last=1786279303867644000 observations=159 dynamic=0 motion_history=0 last_motion=0 displacement=0 static_fallback=0
2863,STATIC_SURFACE_FRAMES,STATIC_SURFACE_FRAMES inst=4 candidates=53 selected=53 first=1786279298667644000 last=1786279303867644000
2864,OBJECT_EXTRACTION_INPUT,OBJECT_EXTRACTION_INPUT inst=10 first=1786279299867633000 last=1786279304567633000 observations=142 dynamic=0 motion_history=0 last_motion=0 displacement=0 static_fallback=0
2865,STATIC_SURFACE_FRAMES,STATIC_SURFACE_FRAMES inst=10 candidates=48 selected=48 first=1786279299867633000 last=1786279304567633000
2866,STATE_EVIDENCE_WINDOW,STATE_EVIDENCE_WINDOW inst=1 after=1786279305167633000 latest_measured_support=0 through=1786279307734311000 projected=0 support=0 contradiction=0 reliable=330 reliable_in_view=0 reliable_seen_through=0 absence_llr=0 absent_samples=0 total_samples=30732 absence_coverage_sufficient=0
2867,STATE_SLICE,STATE_SLICE inst=1 stamp=1786279307734311000 inherited_sup=0 inherited_con=0 inherited_samples=30732 inherited_supported=0 inherited_free=0 inherited_repl_other=0 inherited_repl_bg=0 inherited_occ=0 inherited_unobs=30732 session_sup=0 session_con=0 session_samples=0 cur_verts=92196 candidate_verts=0
2868,EVIDENCE,EVIDENCE inst=1 inherited_support=0 inherited_contradiction=0 session_support=0 session_contradiction=0 inherited_absent_flag=0 cur_verts=92196 observed_verts=0
2869,STATE_EVIDENCE_WINDOW,STATE_EVIDENCE_WINDOW inst=3 after=1786279303067633000 latest_measured_support=0 through=1786279307734311000 projected=1 support=0 contradiction=7 reliable=489 reliable_in_view=0 reliable_seen_through=0 absence_llr=0 absent_samples=7 total_samples=1381 absence_coverage_sufficient=0
2870,STATE_SLICE,STATE_SLICE inst=3 stamp=1786279307734311000 inherited_sup=0 inherited_con=7 inherited_samples=1381 inherited_supported=0 inherited_free=7 inherited_repl_other=0 inherited_repl_bg=0 inherited_occ=23 inherited_unobs=1258 session_sup=0 session_con=0 session_samples=0 cur_verts=55845 candidate_verts=0
2871,EVIDENCE,EVIDENCE inst=3 inherited_support=0 inherited_contradiction=7 session_support=0 session_contradiction=0 inherited_absent_flag=0 cur_verts=55845 observed_verts=0
2872,STATE_EVIDENCE_WINDOW,STATE_EVIDENCE_WINDOW inst=4 after=1786279303467655000 latest_measured_support=0 through=1786279307734311000 projected=1 support=0 contradiction=1 reliable=423 reliable_in_view=0 reliable_seen_through=0 absence_llr=0 absent_samples=1 total_samples=2657 absence_coverage_sufficient=0
2873,STATE_SLICE,STATE_SLICE inst=4 stamp=1786279307734311000 inherited_sup=0 inherited_con=1 inherited_samples=2657 inherited_supported=0 inherited_free=1 inherited_repl_other=0 inherited_repl_bg=0 inherited_occ=2 inherited_unobs=1679 session_sup=0 session_con=0 session_samples=0 cur_verts=178059 candidate_verts=0
2874,EVIDENCE,EVIDENCE inst=4 inherited_support=0 inherited_contradiction=1 session_support=0 session_contradiction=0 inherited_absent_flag=0 cur_verts=178059 observed_verts=0
2875,STATE_EVIDENCE_WINDOW,STATE_EVIDENCE_WINDOW inst=5 after=1786279298500977000 latest_measured_support=0 through=1786279307734311000 projected=0 support=0 contradiction=0 reliable=344 reliable_in_view=0 reliable_seen_through=0 absence_llr=0.0772214 absent_samples=0 total_samples=6754 absence_coverage_sufficient=0
2876,STATE_SLICE,STATE_SLICE inst=5 stamp=1786279307734311000 inherited_sup=0 inherited_con=0 inherited_samples=6754 inherited_supported=0 inherited_free=0 inherited_repl_other=0 inherited_repl_bg=0 inherited_occ=0 inherited_unobs=6753 session_sup=0 session_con=0 session_samples=0 cur_verts=20262 candidate_verts=0
2877,EVIDENCE,EVIDENCE inst=5 inherited_support=0 inherited_contradiction=0 session_support=0 session_contradiction=0 inherited_absent_flag=0 cur_verts=20262 observed_verts=0
2886,STATE_EVIDENCE_WINDOW,STATE_EVIDENCE_WINDOW inst=6 after=1786279288467644000 latest_measured_support=1786279307734311000 through=1786279307734311000 projected=1 support=187 contradiction=2655 reliable=228 reliable_in_view=63 reliable_seen_through=6 absence_llr=2.22599 absent_samples=1014 total_samples=1977 absence_coverage_sufficient=0
2887,STATE_SLICE,STATE_SLICE inst=6 stamp=1786279307734311000 inherited_sup=187 inherited_con=2655 inherited_samples=1977 inherited_supported=187 inherited_free=1423 inherited_repl_other=0 inherited_repl_bg=1369 inherited_occ=407 inherited_unobs=354 session_sup=0 session_con=0 session_samples=0 cur_verts=89247 candidate_verts=0
2888,EVIDENCE,EVIDENCE inst=6 inherited_support=187 inherited_contradiction=2655 session_support=0 session_contradiction=0 inherited_absent_flag=0 cur_verts=89247 observed_verts=0
2889,MOBILITY_PRIOR,MOBILITY_PRIOR inst=6 session=0 class=35 changes=0 continuations=3 alpha=0.111111 beta=1.88889 q=0.0222222
2890,MOBILITY_PRIOR,MOBILITY_PRIOR inst=6 session=0 class=35 changes=0 continuations=3 alpha=0.111111 beta=1.88889 q=0.0222222
2891,TOP_ABSORB,TOP_ABSORB inst=6 geom=0 support=187 high_mobility=0 absorb=1
2892,STATE_EVIDENCE_WINDOW,STATE_EVIDENCE_WINDOW inst=7 after=1786279302634322000 latest_measured_support=0 through=1786279307734311000 projected=0 support=0 contradiction=0 reliable=527 reliable_in_view=0 reliable_seen_through=0 absence_llr=0 absent_samples=0 total_samples=11218 absence_coverage_sufficient=0
2893,STATE_SLICE,STATE_SLICE inst=7 stamp=1786279307734311000 inherited_sup=0 inherited_con=0 inherited_samples=11218 inherited_supported=0 inherited_free=0 inherited_repl_other=0 inherited_repl_bg=0 inherited_occ=0 inherited_unobs=11218 session_sup=0 session_con=0 session_samples=0 cur_verts=33654 candidate_verts=0
2894,EVIDENCE,EVIDENCE inst=7 inherited_support=0 inherited_contradiction=0 session_support=0 session_contradiction=0 inherited_absent_flag=0 cur_verts=33654 observed_verts=0
2895,STATE_EVIDENCE_WINDOW,STATE_EVIDENCE_WINDOW inst=10 after=1786279304334311000 latest_measured_support=0 through=1786279307734311000 projected=0 support=0 contradiction=0 reliable=403 reliable_in_view=0 reliable_seen_through=0 absence_llr=0.726237 absent_samples=0 total_samples=9094 absence_coverage_sufficient=0
2896,STATE_SLICE,STATE_SLICE inst=10 stamp=1786279307734311000 inherited_sup=0 inherited_con=0 inherited_samples=9094 inherited_supported=0 inherited_free=0 inherited_repl_other=0 inherited_repl_bg=0 inherited_occ=0 inherited_unobs=9094 session_sup=0 session_con=0 session_samples=0 cur_verts=27282 candidate_verts=0
2897,EVIDENCE,EVIDENCE inst=10 inherited_support=0 inherited_contradiction=0 session_support=0 session_contradiction=0 inherited_absent_flag=0 cur_verts=27282 observed_verts=0
2898,STATE_EVIDENCE_WINDOW,STATE_EVIDENCE_WINDOW inst=11 after=1786279305567644000 latest_measured_support=1786279306867644000 through=1786279307734311000 projected=1 support=815 contradiction=174 reliable=712 reliable_in_view=129 reliable_seen_through=31 absence_llr=1.78898 absent_samples=101 total_samples=899 absence_coverage_sufficient=0
2899,STATE_SLICE,STATE_SLICE inst=11 stamp=1786279307734311000 inherited_sup=815 inherited_con=174 inherited_samples=899 inherited_supported=839 inherited_free=160 inherited_repl_other=4 inherited_repl_bg=11 inherited_occ=663 inherited_unobs=0 session_sup=0 session_con=0 session_samples=0 cur_verts=36531 candidate_verts=0
2900,EVIDENCE,EVIDENCE inst=11 inherited_support=815 inherited_contradiction=174 session_support=0 session_contradiction=0 inherited_absent_flag=0 cur_verts=36531 observed_verts=0
2901,MOBILITY_PRIOR,MOBILITY_PRIOR inst=11 session=0 class=92 changes=0 continuations=2 alpha=0.107143 beta=3.89286 q=0.0178571
2902,MOBILITY_PRIOR,MOBILITY_PRIOR inst=11 session=0 class=92 changes=0 continuations=2 alpha=0.107143 beta=3.89286 q=0.0178571
2903,TOP_ABSORB,TOP_ABSORB inst=11 geom=0 support=815 high_mobility=0 absorb=1
2904,STATE_EVIDENCE_WINDOW,STATE_EVIDENCE_WINDOW inst=13 after=1786279305567644000 latest_measured_support=1786279306867644000 through=1786279307734311000 projected=1 support=191 contradiction=184 reliable=330 reliable_in_view=163 reliable_seen_through=45 absence_llr=0.310878 absent_samples=77 total_samples=255 absence_coverage_sufficient=0
2905,STATE_SLICE,STATE_SLICE inst=13 stamp=1786279307734311000 inherited_sup=191 inherited_con=184 inherited_samples=255 inherited_supported=191 inherited_free=73 inherited_repl_other=104 inherited_repl_bg=12 inherited_occ=209 inherited_unobs=0 session_sup=0 session_con=0 session_samples=0 cur_verts=9204 candidate_verts=0
2906,EVIDENCE,EVIDENCE inst=13 inherited_support=191 inherited_contradiction=184 session_support=0 session_contradiction=0 inherited_absent_flag=0 cur_verts=9204 observed_verts=0
2907,MOBILITY_PRIOR,MOBILITY_PRIOR inst=13 session=0 class=115 changes=0 continuations=1 alpha=0.125 beta=8.875 q=0.0125
2908,MOBILITY_PRIOR,MOBILITY_PRIOR inst=13 session=0 class=115 changes=0 continuations=1 alpha=0.125 beta=8.875 q=0.0125
2909,TOP_ABSORB,TOP_ABSORB inst=13 geom=0 support=191 high_mobility=0 absorb=1
2910,STATE_EVIDENCE_WINDOW,STATE_EVIDENCE_WINDOW inst=14 after=1786279236367666000 latest_measured_support=0 through=1786279307734311000 projected=0 support=0 contradiction=0 reliable=132 reliable_in_view=0 reliable_seen_through=0 absence_llr=0.789442 absent_samples=0 total_samples=2784 absence_coverage_sufficient=0
2911,STATE_SLICE,STATE_SLICE inst=14 stamp=1786279307734311000 inherited_sup=0 inherited_con=0 inherited_samples=2784 inherited_supported=0 inherited_free=0 inherited_repl_other=0 inherited_repl_bg=0 inherited_occ=0 inherited_unobs=2781 session_sup=0 session_con=0 session_samples=0 cur_verts=8352 candidate_verts=0
2912,EVIDENCE,EVIDENCE inst=14 inherited_support=0 inherited_contradiction=0 session_support=0 session_contradiction=0 inherited_absent_flag=0 cur_verts=8352 observed_verts=0
2913,STATE_EVIDENCE_WINDOW,STATE_EVIDENCE_WINDOW inst=16 after=1786279285034300000 latest_measured_support=0 through=1786279307734311000 projected=1 support=0 contradiction=20 reliable=483 reliable_in_view=0 reliable_seen_through=0 absence_llr=0 absent_samples=13 total_samples=317 absence_coverage_sufficient=0
2914,STATE_SLICE,STATE_SLICE inst=16 stamp=1786279307734311000 inherited_sup=0 inherited_con=20 inherited_samples=317 inherited_supported=0 inherited_free=0 inherited_repl_other=0 inherited_repl_bg=20 inherited_occ=0 inherited_unobs=304 session_sup=0 session_con=0 session_samples=0 cur_verts=18081 candidate_verts=0
2915,EVIDENCE,EVIDENCE inst=16 inherited_support=0 inherited_contradiction=20 session_support=0 session_contradiction=0 inherited_absent_flag=0 cur_verts=18081 observed_verts=0
2917,STATE_EVIDENCE_WINDOW,STATE_EVIDENCE_WINDOW inst=17 after=1786279286400966000 latest_measured_support=0 through=1786279307734311000 projected=0 support=0 contradiction=0 reliable=662 reliable_in_view=0 reliable_seen_through=0 absence_llr=1.18066 absent_samples=0 total_samples=9365 absence_coverage_sufficient=0
2918,STATE_SLICE,STATE_SLICE inst=17 stamp=1786279307734311000 inherited_sup=0 inherited_con=0 inherited_samples=9365 inherited_supported=0 inherited_free=0 inherited_repl_other=0 inherited_repl_bg=0 inherited_occ=0 inherited_unobs=9365 session_sup=0 session_con=0 session_samples=0 cur_verts=28095 candidate_verts=0
2919,EVIDENCE,EVIDENCE inst=17 inherited_support=0 inherited_contradiction=0 session_support=0 session_contradiction=0 inherited_absent_flag=0 cur_verts=28095 observed_verts=0
2920,STATE_EVIDENCE_WINDOW,STATE_EVIDENCE_WINDOW inst=18 after=1786279305567644000 latest_measured_support=1786279306867644000 through=1786279307734311000 projected=1 support=285 contradiction=67 reliable=514 reliable_in_view=151 reliable_seen_through=14 absence_llr=0 absent_samples=42 total_samples=332 absence_coverage_sufficient=0
2921,STATE_SLICE,STATE_SLICE inst=18 stamp=1786279307734311000 inherited_sup=285 inherited_con=67 inherited_samples=332 inherited_supported=290 inherited_free=53 inherited_repl_other=4 inherited_repl_bg=14 inherited_occ=211 inherited_unobs=0 session_sup=0 session_con=0 session_samples=0 cur_verts=13425 candidate_verts=0
2922,EVIDENCE,EVIDENCE inst=18 inherited_support=285 inherited_contradiction=67 session_support=0 session_contradiction=0 inherited_absent_flag=0 cur_verts=13425 observed_verts=0
2923,MOBILITY_PRIOR,MOBILITY_PRIOR inst=18 session=0 class=131 changes=0 continuations=1 alpha=0.0967742 beta=1.90323 q=0.0322581
2924,MOBILITY_PRIOR,MOBILITY_PRIOR inst=18 session=0 class=131 changes=0 continuations=1 alpha=0.0967742 beta=1.90323 q=0.0322581
2925,TOP_ABSORB,TOP_ABSORB inst=18 geom=0 support=285 high_mobility=0 absorb=1
2926,STATE_EVIDENCE_WINDOW,STATE_EVIDENCE_WINDOW inst=19 after=1786279305567644000 latest_measured_support=1786279306867644000 through=1786279307734311000 projected=1 support=136 contradiction=149 reliable=378 reliable_in_view=89 reliable_seen_through=15 absence_llr=0.814585 absent_samples=79 total_samples=433 absence_coverage_sufficient=0
2927,STATE_SLICE,STATE_SLICE inst=19 stamp=1786279307734311000 inherited_sup=136 inherited_con=149 inherited_samples=433 inherited_supported=138 inherited_free=105 inherited_repl_other=2 inherited_repl_bg=43 inherited_occ=309 inherited_unobs=0 session_sup=0 session_con=0 session_samples=0 cur_verts=16260 candidate_verts=0
2928,EVIDENCE,EVIDENCE inst=19 inherited_support=136 inherited_contradiction=149 session_support=0 session_contradiction=0 inherited_absent_flag=0 cur_verts=16260 observed_verts=0
2929,MOBILITY_PRIOR,MOBILITY_PRIOR inst=19 session=0 class=139 changes=0 continuations=2 alpha=0.1 beta=1.9 q=0.025
2930,MOBILITY_PRIOR,MOBILITY_PRIOR inst=19 session=0 class=139 changes=0 continuations=2 alpha=0.1 beta=1.9 q=0.025
2931,TOP_ABSORB,TOP_ABSORB inst=19 geom=0 support=136 high_mobility=0 absorb=1
2932,STATE_EVIDENCE_WINDOW,STATE_EVIDENCE_WINDOW inst=20 after=1786279301400977000 latest_measured_support=0 through=1786279307734311000 projected=1 support=0 contradiction=13 reliable=4 reliable_in_view=0 reliable_seen_through=0 absence_llr=0 absent_samples=9 total_samples=206 absence_coverage_sufficient=0
2933,STATE_SLICE,STATE_SLICE inst=20 stamp=1786279307734311000 inherited_sup=0 inherited_con=13 inherited_samples=206 inherited_supported=0 inherited_free=0 inherited_repl_other=13 inherited_repl_bg=0 inherited_occ=77 inherited_unobs=116 session_sup=0 session_con=0 session_samples=0 cur_verts=5268 candidate_verts=0
2934,EVIDENCE,EVIDENCE inst=20 inherited_support=0 inherited_contradiction=13 session_support=0 session_contradiction=0 inherited_absent_flag=0 cur_verts=5268 observed_verts=0
2935,INGEST,INGEST inst=3 first=1786279296s seg_verts=28890 cur_verts=55845 observed_verts=0
2936,INGEST_DECIDE,INGEST_DECIDE inst=3 same_session_overlap=1 contradicted=0
2937,INGEST,INGEST inst=4 first=1786279298s seg_verts=36288 cur_verts=178059 observed_verts=0
2938,INGEST_DECIDE,INGEST_DECIDE inst=4 same_session_overlap=1 contradicted=0
2939,INGEST,INGEST inst=7 first=1786279299s seg_verts=7995 cur_verts=33654 observed_verts=0
2940,INGEST_DECIDE,INGEST_DECIDE inst=7 same_session_overlap=1 contradicted=0
2941,OBJECT_EXTRACTION_INPUT,OBJECT_EXTRACTION_INPUT inst=1 first=1786279301834311000 last=1786279305400966000 observations=108 dynamic=0 motion_history=0 last_motion=0 displacement=0 static_fallback=0
2942,STATIC_SURFACE_BOUNDARY,STATIC_SURFACE_BOUNDARY inst=1 rejected_stamp=1786279302767644000 current_stamp=1786279305367633000 forward_support=38 forward_free=0 reverse_support=281 reverse_free=120 forward_sampled=508 reverse_sampled=472
2943,STATIC_SURFACE_FRAMES,STATIC_SURFACE_FRAMES inst=1 candidates=36 selected=26 first=1786279302867633000 last=1786279305367633000
2944,STATE_EVIDENCE_WINDOW,STATE_EVIDENCE_WINDOW inst=1 after=1786279305167633000 latest_measured_support=0 through=1786279309867644000 projected=0 support=0 contradiction=0 reliable=330 reliable_in_view=0 reliable_seen_through=0 absence_llr=0 absent_samples=0 total_samples=30732 absence_coverage_sufficient=0
2945,STATE_SLICE,STATE_SLICE inst=1 stamp=1786279309867644000 inherited_sup=0 inherited_con=0 inherited_samples=30732 inherited_supported=0 inherited_free=0 inherited_repl_other=0 inherited_repl_bg=0 inherited_occ=0 inherited_unobs=30732 session_sup=0 session_con=0 session_samples=0 cur_verts=92196 candidate_verts=0
2946,EVIDENCE,EVIDENCE inst=1 inherited_support=0 inherited_contradiction=0 session_support=0 session_contradiction=0 inherited_absent_flag=0 cur_verts=92196 observed_verts=0
2947,STATE_EVIDENCE_WINDOW,STATE_EVIDENCE_WINDOW inst=3 after=1786279303434311000 latest_measured_support=0 through=1786279309867644000 projected=1 support=0 contradiction=7 reliable=229 reliable_in_view=0 reliable_seen_through=0 absence_llr=0 absent_samples=7 total_samples=1984 absence_coverage_sufficient=0
2948,STATE_SLICE,STATE_SLICE inst=3 stamp=1786279309867644000 inherited_sup=0 inherited_con=7 inherited_samples=1984 inherited_supported=0 inherited_free=7 inherited_repl_other=0 inherited_repl_bg=0 inherited_occ=32 inherited_unobs=1808 session_sup=0 session_con=0 session_samples=0 cur_verts=84735 candidate_verts=0
2949,EVIDENCE,EVIDENCE inst=3 inherited_support=0 inherited_contradiction=7 session_support=0 session_contradiction=0 inherited_absent_flag=0 cur_verts=84735 observed_verts=0
2950,OBJECT_EXTRACTION_INPUT,OBJECT_EXTRACTION_INPUT inst=19 first=1786279303500988000 last=1786279306867644000 observations=102 dynamic=0 motion_history=0 last_motion=0 displacement=0 static_fallback=0
2951,OBJECT_EXTRACTION_INPUT,OBJECT_EXTRACTION_INPUT inst=11 first=1786279303634300000 last=1786279307100966000 observations=105 dynamic=0 motion_history=0 last_motion=0 displacement=0 static_fallback=0
2952,STATE_EVIDENCE_WINDOW,STATE_EVIDENCE_WINDOW inst=4 after=1786279303867644000 latest_measured_support=0 through=1786279309867644000 projected=1 support=0 contradiction=1 reliable=187 reliable_in_view=0 reliable_seen_through=0 absence_llr=0 absent_samples=1 total_samples=2995 absence_coverage_sufficient=0
2953,STATE_SLICE,STATE_SLICE inst=4 stamp=1786279309867644000 inherited_sup=0 inherited_con=1 inherited_samples=2995 inherited_supported=0 inherited_free=1 inherited_repl_other=0 inherited_repl_bg=0 inherited_occ=2 inherited_unobs=1846 session_sup=0 session_con=0 session_samples=0 cur_verts=214347 candidate_verts=0
2954,EVIDENCE,EVIDENCE inst=4 inherited_support=0 inherited_contradiction=1 session_support=0 session_contradiction=0 inherited_absent_flag=0 cur_verts=214347 observed_verts=0
2955,STATIC_SURFACE_FRAMES,STATIC_SURFACE_FRAMES inst=19 candidates=34 selected=34 first=1786279303567666000 last=1786279306867644000
2956,STATIC_SURFACE_FRAMES,STATIC_SURFACE_FRAMES inst=11 candidates=35 selected=35 first=1786279303667644000 last=1786279307067644000
2957,STATE_EVIDENCE_WINDOW,STATE_EVIDENCE_WINDOW inst=5 after=1786279298500977000 latest_measured_support=0 through=1786279309867644000 projected=0 support=0 contradiction=0 reliable=344 reliable_in_view=0 reliable_seen_through=0 absence_llr=0.0772214 absent_samples=0 total_samples=6754 absence_coverage_sufficient=0
2958,STATE_SLICE,STATE_SLICE inst=5 stamp=1786279309867644000 inherited_sup=0 inherited_con=0 inherited_samples=6754 inherited_supported=0 inherited_free=0 inherited_repl_other=0 inherited_repl_bg=0 inherited_occ=0 inherited_unobs=6753 session_sup=0 session_con=0 session_samples=0 cur_verts=20262 candidate_verts=0
2959,EVIDENCE,EVIDENCE inst=5 inherited_support=0 inherited_contradiction=0 session_support=0 session_contradiction=0 inherited_absent_flag=0 cur_verts=20262 observed_verts=0
2960,STATE_EVIDENCE_WINDOW,STATE_EVIDENCE_WINDOW inst=6 after=1786279307734311000 latest_measured_support=1786279309867644000 through=1786279309867644000 projected=1 support=173 contradiction=3389 reliable=223 reliable_in_view=47 reliable_seen_through=3 absence_llr=2.22599 absent_samples=797 total_samples=1977 absence_coverage_sufficient=0
2961,STATE_SLICE,STATE_SLICE inst=6 stamp=1786279309867644000 inherited_sup=173 inherited_con=3389 inherited_samples=1977 inherited_supported=174 inherited_free=1780 inherited_repl_other=0 inherited_repl_bg=1760 inherited_occ=508 inherited_unobs=643 session_sup=0 session_con=0 session_samples=0 cur_verts=89247 candidate_verts=0
2962,EVIDENCE,EVIDENCE inst=6 inherited_support=173 inherited_contradiction=3389 session_support=0 session_contradiction=0 inherited_absent_flag=0 cur_verts=89247 observed_verts=0
2963,MOBILITY_PRIOR,MOBILITY_PRIOR inst=6 session=0 class=35 changes=0 continuations=3 alpha=0.1 beta=1.9 q=0.02
2964,MOBILITY_PRIOR,MOBILITY_PRIOR inst=6 session=0 class=35 changes=0 continuations=3 alpha=0.1 beta=1.9 q=0.02
2965,TOP_ABSORB,TOP_ABSORB inst=6 geom=0 support=173 high_mobility=0 absorb=1
2966,STATE_EVIDENCE_WINDOW,STATE_EVIDENCE_WINDOW inst=7 after=1786279302934311000 latest_measured_support=0 through=1786279309867644000 projected=0 support=0 contradiction=0 reliable=448 reliable_in_view=0 reliable_seen_through=0 absence_llr=0 absent_samples=0 total_samples=13883 absence_coverage_sufficient=0
2967,STATE_SLICE,STATE_SLICE inst=7 stamp=1786279309867644000 inherited_sup=0 inherited_con=0 inherited_samples=13883 inherited_supported=0 inherited_free=0 inherited_repl_other=0 inherited_repl_bg=0 inherited_occ=0 inherited_unobs=13883 session_sup=0 session_con=0 session_samples=0 cur_verts=41649 candidate_verts=0
2968,EVIDENCE,EVIDENCE inst=7 inherited_support=0 inherited_contradiction=0 session_support=0 session_contradiction=0 inherited_absent_flag=0 cur_verts=41649 observed_verts=0
2969,STATE_EVIDENCE_WINDOW,STATE_EVIDENCE_WINDOW inst=10 after=1786279304334311000 latest_measured_support=0 through=1786279309867644000 projected=0 support=0 contradiction=0 reliable=403 reliable_in_view=0 reliable_seen_through=0 absence_llr=0.726237 absent_samples=0 total_samples=9094 absence_coverage_sufficient=0
2970,STATE_SLICE,STATE_SLICE inst=10 stamp=1786279309867644000 inherited_sup=0 inherited_con=0 inherited_samples=9094 inherited_supported=0 inherited_free=0 inherited_repl_other=0 inherited_repl_bg=0 inherited_occ=0 inherited_unobs=8844 session_sup=0 session_con=0 session_samples=0 cur_verts=27282 candidate_verts=0
2971,EVIDENCE,EVIDENCE inst=10 inherited_support=0 inherited_contradiction=0 session_support=0 session_contradiction=0 inherited_absent_flag=0 cur_verts=27282 observed_verts=0
2972,STATE_EVIDENCE_WINDOW,STATE_EVIDENCE_WINDOW inst=11 after=1786279306867644000 latest_measured_support=0 through=1786279309867644000 projected=1 support=0 contradiction=6 reliable=681 reliable_in_view=1 reliable_seen_through=0 absence_llr=1.78898 absent_samples=3 total_samples=899 absence_coverage_sufficient=0
2973,STATE_SLICE,STATE_SLICE inst=11 stamp=1786279309867644000 inherited_sup=0 inherited_con=6 inherited_samples=899 inherited_supported=0 inherited_free=0 inherited_repl_other=0 inherited_repl_bg=6 inherited_occ=23 inherited_unobs=772 session_sup=0 session_con=0 session_samples=0 cur_verts=36531 candidate_verts=0
2974,EVIDENCE,EVIDENCE inst=11 inherited_support=0 inherited_contradiction=6 session_support=0 session_contradiction=0 inherited_absent_flag=0 cur_verts=36531 observed_verts=0
2975,STATE_EVIDENCE_WINDOW,STATE_EVIDENCE_WINDOW inst=13 after=1786279306867644000 latest_measured_support=1786279309867644000 through=1786279309867644000 projected=1 support=35 contradiction=27 reliable=289 reliable_in_view=43 reliable_seen_through=0 absence_llr=0.291371 absent_samples=9 total_samples=255 absence_coverage_sufficient=0
2976,STATE_SLICE,STATE_SLICE inst=13 stamp=1786279309867644000 inherited_sup=35 inherited_con=27 inherited_samples=255 inherited_supported=35 inherited_free=0 inherited_repl_other=6 inherited_repl_bg=21 inherited_occ=175 inherited_unobs=0 session_sup=0 session_con=0 session_samples=0 cur_verts=9204 candidate_verts=0
2977,EVIDENCE,EVIDENCE inst=13 inherited_support=35 inherited_contradiction=27 session_support=0 session_contradiction=0 inherited_absent_flag=0 cur_verts=9204 observed_verts=0
2978,MOBILITY_PRIOR,MOBILITY_PRIOR inst=13 session=0 class=115 changes=0 continuations=1 alpha=0.115385 beta=8.88462 q=0.0115385
2979,MOBILITY_PRIOR,MOBILITY_PRIOR inst=13 session=0 class=115 changes=0 continuations=1 alpha=0.115385 beta=8.88462 q=0.0115385
2980,TOP_ABSORB,TOP_ABSORB inst=13 geom=0 support=35 high_mobility=0 absorb=1
2981,STATE_EVIDENCE_WINDOW,STATE_EVIDENCE_WINDOW inst=14 after=1786279236367666000 latest_measured_support=0 through=1786279309867644000 projected=0 support=0 contradiction=0 reliable=132 reliable_in_view=0 reliable_seen_through=0 absence_llr=0.789442 absent_samples=0 total_samples=2784 absence_coverage_sufficient=0
2982,STATE_SLICE,STATE_SLICE inst=14 stamp=1786279309867644000 inherited_sup=0 inherited_con=0 inherited_samples=2784 inherited_supported=0 inherited_free=0 inherited_repl_other=0 inherited_repl_bg=0 inherited_occ=0 inherited_unobs=2781 session_sup=0 session_con=0 session_samples=0 cur_verts=8352 candidate_verts=0
2983,EVIDENCE,EVIDENCE inst=14 inherited_support=0 inherited_contradiction=0 session_support=0 session_contradiction=0 inherited_absent_flag=0 cur_verts=8352 observed_verts=0
2984,STATE_EVIDENCE_WINDOW,STATE_EVIDENCE_WINDOW inst=16 after=1786279285034300000 latest_measured_support=0 through=1786279309867644000 projected=1 support=0 contradiction=20 reliable=483 reliable_in_view=0 reliable_seen_through=0 absence_llr=0 absent_samples=13 total_samples=317 absence_coverage_sufficient=0
2985,STATE_SLICE,STATE_SLICE inst=16 stamp=1786279309867644000 inherited_sup=0 inherited_con=20 inherited_samples=317 inherited_supported=0 inherited_free=0 inherited_repl_other=0 inherited_repl_bg=20 inherited_occ=0 inherited_unobs=304 session_sup=0 session_con=0 session_samples=0 cur_verts=18081 candidate_verts=0
2986,EVIDENCE,EVIDENCE inst=16 inherited_support=0 inherited_contradiction=20 session_support=0 session_contradiction=0 inherited_absent_flag=0 cur_verts=18081 observed_verts=0
2987,STATE_EVIDENCE_WINDOW,STATE_EVIDENCE_WINDOW inst=17 after=1786279286400966000 latest_measured_support=0 through=1786279309867644000 projected=0 support=0 contradiction=0 reliable=662 reliable_in_view=0 reliable_seen_through=0 absence_llr=1.18066 absent_samples=0 total_samples=9365 absence_coverage_sufficient=0
2988,STATE_SLICE,STATE_SLICE inst=17 stamp=1786279309867644000 inherited_sup=0 inherited_con=0 inherited_samples=9365 inherited_supported=0 inherited_free=0 inherited_repl_other=0 inherited_repl_bg=0 inherited_occ=0 inherited_unobs=9365 session_sup=0 session_con=0 session_samples=0 cur_verts=28095 candidate_verts=0
2989,EVIDENCE,EVIDENCE inst=17 inherited_support=0 inherited_contradiction=0 session_support=0 session_contradiction=0 inherited_absent_flag=0 cur_verts=28095 observed_verts=0
2990,STATE_EVIDENCE_WINDOW,STATE_EVIDENCE_WINDOW inst=18 after=1786279306867644000 latest_measured_support=0 through=1786279309867644000 projected=0 support=0 contradiction=0 reliable=497 reliable_in_view=0 reliable_seen_through=0 absence_llr=0 absent_samples=0 total_samples=4475 absence_coverage_sufficient=0
2991,STATE_SLICE,STATE_SLICE inst=18 stamp=1786279309867644000 inherited_sup=0 inherited_con=0 inherited_samples=4475 inherited_supported=0 inherited_free=0 inherited_repl_other=0 inherited_repl_bg=0 inherited_occ=0 inherited_unobs=4475 session_sup=0 session_con=0 session_samples=0 cur_verts=13425 candidate_verts=0
2992,EVIDENCE,EVIDENCE inst=18 inherited_support=0 inherited_contradiction=0 session_support=0 session_contradiction=0 inherited_absent_flag=0 cur_verts=13425 observed_verts=0
2993,STATE_EVIDENCE_WINDOW,STATE_EVIDENCE_WINDOW inst=19 after=1786279306867644000 latest_measured_support=0 through=1786279309867644000 projected=0 support=0 contradiction=0 reliable=377 reliable_in_view=0 reliable_seen_through=0 absence_llr=0.814585 absent_samples=0 total_samples=5420 absence_coverage_sufficient=0
2994,STATE_SLICE,STATE_SLICE inst=19 stamp=1786279309867644000 inherited_sup=0 inherited_con=0 inherited_samples=5420 inherited_supported=0 inherited_free=0 inherited_repl_other=0 inherited_repl_bg=0 inherited_occ=0 inherited_unobs=5420 session_sup=0 session_con=0 session_samples=0 cur_verts=16260 candidate_verts=0
2995,EVIDENCE,EVIDENCE inst=19 inherited_support=0 inherited_contradiction=0 session_support=0 session_contradiction=0 inherited_absent_flag=0 cur_verts=16260 observed_verts=0
2996,STATE_EVIDENCE_WINDOW,STATE_EVIDENCE_WINDOW inst=20 after=1786279301400977000 latest_measured_support=0 through=1786279309867644000 projected=1 support=0 contradiction=13 reliable=4 reliable_in_view=0 reliable_seen_through=0 absence_llr=0 absent_samples=9 total_samples=206 absence_coverage_sufficient=0
2997,STATE_SLICE,STATE_SLICE inst=20 stamp=1786279309867644000 inherited_sup=0 inherited_con=13 inherited_samples=206 inherited_supported=0 inherited_free=0 inherited_repl_other=13 inherited_repl_bg=0 inherited_occ=77 inherited_unobs=116 session_sup=0 session_con=0 session_samples=0 cur_verts=5268 candidate_verts=0
2998,EVIDENCE,EVIDENCE inst=20 inherited_support=0 inherited_contradiction=13 session_support=0 session_contradiction=0 inherited_absent_flag=0 cur_verts=5268 observed_verts=0
2999,INGEST,INGEST inst=1 first=1786279302s seg_verts=42570 cur_verts=92196 observed_verts=0
3000,INGEST_DECIDE,INGEST_DECIDE inst=1 same_session_overlap=1 contradicted=0
3001,OBJECT_EXTRACTION_INPUT,OBJECT_EXTRACTION_INPUT inst=18 first=1786279303967633000 last=1786279307000977000 observations=91 dynamic=0 motion_history=0 last_motion=0 displacement=0 static_fallback=0
3002,STATIC_SURFACE_FRAMES,STATIC_SURFACE_FRAMES inst=18 candidates=31 selected=31 first=1786279303967633000 last=1786279306967644000
3012,STATE_EVIDENCE_WINDOW,STATE_EVIDENCE_WINDOW inst=1 after=1786279305400966000 latest_measured_support=0 through=1786279312000988000 projected=0 support=0 contradiction=0 reliable=173 reliable_in_view=0 reliable_seen_through=0 absence_llr=0 absent_samples=0 total_samples=44922 absence_coverage_sufficient=0
3013,STATE_SLICE,STATE_SLICE inst=1 stamp=1786279312000988000 inherited_sup=0 inherited_con=0 inherited_samples=44922 inherited_supported=0 inherited_free=0 inherited_repl_other=0 inherited_repl_bg=0 inherited_occ=0 inherited_unobs=44922 session_sup=0 session_con=0 session_samples=0 cur_verts=134766 candidate_verts=0
3014,EVIDENCE,EVIDENCE inst=1 inherited_support=0 inherited_contradiction=0 session_support=0 session_contradiction=0 inherited_absent_flag=0 cur_verts=134766 observed_verts=0
3015,STATE_EVIDENCE_WINDOW,STATE_EVIDENCE_WINDOW inst=3 after=1786279303434311000 latest_measured_support=0 through=1786279312000988000 projected=1 support=0 contradiction=7 reliable=229 reliable_in_view=0 reliable_seen_through=0 absence_llr=0 absent_samples=7 total_samples=1984 absence_coverage_sufficient=0
3016,STATE_SLICE,STATE_SLICE inst=3 stamp=1786279312000988000 inherited_sup=0 inherited_con=7 inherited_samples=1984 inherited_supported=0 inherited_free=7 inherited_repl_other=0 inherited_repl_bg=0 inherited_occ=32 inherited_unobs=1808 session_sup=0 session_con=0 session_samples=0 cur_verts=84735 candidate_verts=0
3017,EVIDENCE,EVIDENCE inst=3 inherited_support=0 inherited_contradiction=7 session_support=0 session_contradiction=0 inherited_absent_flag=0 cur_verts=84735 observed_verts=0
3018,STATE_EVIDENCE_WINDOW,STATE_EVIDENCE_WINDOW inst=4 after=1786279303867644000 latest_measured_support=0 through=1786279312000988000 projected=1 support=0 contradiction=1 reliable=187 reliable_in_view=0 reliable_seen_through=0 absence_llr=0 absent_samples=1 total_samples=2995 absence_coverage_sufficient=0
3019,STATE_SLICE,STATE_SLICE inst=4 stamp=1786279312000988000 inherited_sup=0 inherited_con=1 inherited_samples=2995 inherited_supported=0 inherited_free=1 inherited_repl_other=0 inherited_repl_bg=0 inherited_occ=2 inherited_unobs=1846 session_sup=0 session_con=0 session_samples=0 cur_verts=214347 candidate_verts=0
3020,EVIDENCE,EVIDENCE inst=4 inherited_support=0 inherited_contradiction=1 session_support=0 session_contradiction=0 inherited_absent_flag=0 cur_verts=214347 observed_verts=0
3021,STATE_EVIDENCE_WINDOW,STATE_EVIDENCE_WINDOW inst=5 after=1786279298500977000 latest_measured_support=0 through=1786279312000988000 projected=0 support=0 contradiction=0 reliable=344 reliable_in_view=0 reliable_seen_through=0 absence_llr=0.0772214 absent_samples=0 total_samples=6754 absence_coverage_sufficient=0
3022,STATE_SLICE,STATE_SLICE inst=5 stamp=1786279312000988000 inherited_sup=0 inherited_con=0 inherited_samples=6754 inherited_supported=0 inherited_free=0 inherited_repl_other=0 inherited_repl_bg=0 inherited_occ=0 inherited_unobs=6753 session_sup=0 session_con=0 session_samples=0 cur_verts=20262 candidate_verts=0
3023,EVIDENCE,EVIDENCE inst=5 inherited_support=0 inherited_contradiction=0 session_support=0 session_contradiction=0 inherited_absent_flag=0 cur_verts=20262 observed_verts=0
3024,STATE_EVIDENCE_WINDOW,STATE_EVIDENCE_WINDOW inst=6 after=1786279309867644000 latest_measured_support=1786279310300977000 through=1786279312000988000 projected=1 support=7 contradiction=447 reliable=223 reliable_in_view=37 reliable_seen_through=0 absence_llr=2.22599 absent_samples=448 total_samples=1977 absence_coverage_sufficient=0
3025,STATE_SLICE,STATE_SLICE inst=6 stamp=1786279312000988000 inherited_sup=7 inherited_con=447 inherited_samples=1977 inherited_supported=7 inherited_free=174 inherited_repl_other=0 inherited_repl_bg=274 inherited_occ=103 inherited_unobs=1103 session_sup=0 session_con=0 session_samples=0 cur_verts=89247 candidate_verts=0
3026,EVIDENCE,EVIDENCE inst=6 inherited_support=7 inherited_contradiction=447 session_support=0 session_contradiction=0 inherited_absent_flag=0 cur_verts=89247 observed_verts=0
3027,MOBILITY_PRIOR,MOBILITY_PRIOR inst=6 session=0 class=35 changes=0 continuations=3 alpha=0.0909091 beta=1.90909 q=0.0181818
3028,MOBILITY_PRIOR,MOBILITY_PRIOR inst=6 session=0 class=35 changes=0 continuations=3 alpha=0.0909091 beta=1.90909 q=0.0181818
3029,TOP_ABSORB,TOP_ABSORB inst=6 geom=0 support=7 high_mobility=0 absorb=1
3030,STATE_EVIDENCE_WINDOW,STATE_EVIDENCE_WINDOW inst=7 after=1786279302934311000 latest_measured_support=0 through=1786279312000988000 projected=0 support=0 contradiction=0 reliable=448 reliable_in_view=0 reliable_seen_through=0 absence_llr=0 absent_samples=0 total_samples=13883 absence_coverage_sufficient=0
3031,STATE_SLICE,STATE_SLICE inst=7 stamp=1786279312000988000 inherited_sup=0 inherited_con=0 inherited_samples=13883 inherited_supported=0 inherited_free=0 inherited_repl_other=0 inherited_repl_bg=0 inherited_occ=0 inherited_unobs=13883 session_sup=0 session_con=0 session_samples=0 cur_verts=41649 candidate_verts=0
3032,EVIDENCE,EVIDENCE inst=7 inherited_support=0 inherited_contradiction=0 session_support=0 session_contradiction=0 inherited_absent_flag=0 cur_verts=41649 observed_verts=0
3033,STATE_EVIDENCE_WINDOW,STATE_EVIDENCE_WINDOW inst=10 after=1786279304334311000 latest_measured_support=0 through=1786279312000988000 projected=0 support=0 contradiction=0 reliable=403 reliable_in_view=0 reliable_seen_through=0 absence_llr=0.726237 absent_samples=0 total_samples=9094 absence_coverage_sufficient=0
3034,STATE_SLICE,STATE_SLICE inst=10 stamp=1786279312000988000 inherited_sup=0 inherited_con=0 inherited_samples=9094 inherited_supported=0 inherited_free=0 inherited_repl_other=0 inherited_repl_bg=0 inherited_occ=0 inherited_unobs=9094 session_sup=0 session_con=0 session_samples=0 cur_verts=27282 candidate_verts=0
3035,EVIDENCE,EVIDENCE inst=10 inherited_support=0 inherited_contradiction=0 session_support=0 session_contradiction=0 inherited_absent_flag=0 cur_verts=27282 observed_verts=0
3036,STATE_EVIDENCE_WINDOW,STATE_EVIDENCE_WINDOW inst=11 after=1786279306867644000 latest_measured_support=1786279312000988000 through=1786279312000988000 projected=1 support=75 contradiction=60 reliable=687 reliable_in_view=18 reliable_seen_through=0 absence_llr=1.78898 absent_samples=15 total_samples=899 absence_coverage_sufficient=0
3037,STATE_SLICE,STATE_SLICE inst=11 stamp=1786279312000988000 inherited_sup=75 inherited_con=60 inherited_samples=899 inherited_supported=75 inherited_free=2 inherited_repl_other=0 inherited_repl_bg=58 inherited_occ=139 inherited_unobs=199 session_sup=0 session_con=0 session_samples=0 cur_verts=36531 candidate_verts=0
3038,EVIDENCE,EVIDENCE inst=11 inherited_support=75 inherited_contradiction=60 session_support=0 session_contradiction=0 inherited_absent_flag=0 cur_verts=36531 observed_verts=0
3039,MOBILITY_PRIOR,MOBILITY_PRIOR inst=11 session=0 class=92 changes=0 continuations=2 alpha=0.1 beta=3.9 q=0.0166667
3040,MOBILITY_PRIOR,MOBILITY_PRIOR inst=11 session=0 class=92 changes=0 continuations=2 alpha=0.1 beta=3.9 q=0.0166667
3041,TOP_ABSORB,TOP_ABSORB inst=11 geom=0 support=75 high_mobility=0 absorb=1
3042,STATE_EVIDENCE_WINDOW,STATE_EVIDENCE_WINDOW inst=13 after=1786279309867644000 latest_measured_support=1786279312000988000 through=1786279312000988000 projected=1 support=369 contradiction=268 reliable=312 reliable_in_view=167 reliable_seen_through=15 absence_llr=0.191782 absent_samples=83 total_samples=255 absence_coverage_sufficient=0
3043,STATE_SLICE,STATE_SLICE inst=13 stamp=1786279312000988000 inherited_sup=369 inherited_con=268 inherited_samples=255 inherited_supported=371 inherited_free=90 inherited_repl_other=101 inherited_repl_bg=84 inherited_occ=238 inherited_unobs=0 session_sup=0 session_con=0 session_samples=0 cur_verts=9204 candidate_verts=0
3044,EVIDENCE,EVIDENCE inst=13 inherited_support=369 inherited_contradiction=268 session_support=0 session_contradiction=0 inherited_absent_flag=0 cur_verts=9204 observed_verts=0
3045,MOBILITY_PRIOR,MOBILITY_PRIOR inst=13 session=0 class=115 changes=0 continuations=1 alpha=0.115385 beta=8.88462 q=0.0115385
3046,MOBILITY_PRIOR,MOBILITY_PRIOR inst=13 session=0 class=115 changes=0 continuations=1 alpha=0.115385 beta=8.88462 q=0.0115385
3047,TOP_ABSORB,TOP_ABSORB inst=13 geom=0 support=369 high_mobility=0 absorb=1
3048,STATE_EVIDENCE_WINDOW,STATE_EVIDENCE_WINDOW inst=14 after=1786279236367666000 latest_measured_support=0 through=1786279312000988000 projected=0 support=0 contradiction=0 reliable=132 reliable_in_view=0 reliable_seen_through=0 absence_llr=0.789442 absent_samples=0 total_samples=2784 absence_coverage_sufficient=0
3049,STATE_SLICE,STATE_SLICE inst=14 stamp=1786279312000988000 inherited_sup=0 inherited_con=0 inherited_samples=2784 inherited_supported=0 inherited_free=0 inherited_repl_other=0 inherited_repl_bg=0 inherited_occ=0 inherited_unobs=2781 session_sup=0 session_con=0 session_samples=0 cur_verts=8352 candidate_verts=0
3050,EVIDENCE,EVIDENCE inst=14 inherited_support=0 inherited_contradiction=0 session_support=0 session_contradiction=0 inherited_absent_flag=0 cur_verts=8352 observed_verts=0
3051,STATE_EVIDENCE_WINDOW,STATE_EVIDENCE_WINDOW inst=16 after=1786279285034300000 latest_measured_support=0 through=1786279312000988000 projected=1 support=0 contradiction=20 reliable=483 reliable_in_view=0 reliable_seen_through=0 absence_llr=0 absent_samples=13 total_samples=317 absence_coverage_sufficient=0
3052,STATE_SLICE,STATE_SLICE inst=16 stamp=1786279312000988000 inherited_sup=0 inherited_con=20 inherited_samples=317 inherited_supported=0 inherited_free=0 inherited_repl_other=0 inherited_repl_bg=20 inherited_occ=0 inherited_unobs=304 session_sup=0 session_con=0 session_samples=0 cur_verts=18081 candidate_verts=0
3053,EVIDENCE,EVIDENCE inst=16 inherited_support=0 inherited_contradiction=20 session_support=0 session_contradiction=0 inherited_absent_flag=0 cur_verts=18081 observed_verts=0
3054,STATE_EVIDENCE_WINDOW,STATE_EVIDENCE_WINDOW inst=17 after=1786279286400966000 latest_measured_support=0 through=1786279312000988000 projected=0 support=0 contradiction=0 reliable=662 reliable_in_view=0 reliable_seen_through=0 absence_llr=1.18066 absent_samples=0 total_samples=9365 absence_coverage_sufficient=0
3055,STATE_SLICE,STATE_SLICE inst=17 stamp=1786279312000988000 inherited_sup=0 inherited_con=0 inherited_samples=9365 inherited_supported=0 inherited_free=0 inherited_repl_other=0 inherited_repl_bg=0 inherited_occ=0 inherited_unobs=9365 session_sup=0 session_con=0 session_samples=0 cur_verts=28095 candidate_verts=0
3056,EVIDENCE,EVIDENCE inst=17 inherited_support=0 inherited_contradiction=0 session_support=0 session_contradiction=0 inherited_absent_flag=0 cur_verts=28095 observed_verts=0
3057,STATE_EVIDENCE_WINDOW,STATE_EVIDENCE_WINDOW inst=18 after=1786279306867644000 latest_measured_support=1786279312000988000 through=1786279312000988000 projected=1 support=235 contradiction=112 reliable=508 reliable_in_view=132 reliable_seen_through=13 absence_llr=0 absent_samples=45 total_samples=332 absence_coverage_sufficient=0
3058,STATE_SLICE,STATE_SLICE inst=18 stamp=1786279312000988000 inherited_sup=235 inherited_con=112 inherited_samples=332 inherited_supported=236 inherited_free=39 inherited_repl_other=68 inherited_repl_bg=5 inherited_occ=387 inherited_unobs=0 session_sup=0 session_con=0 session_samples=0 cur_verts=13425 candidate_verts=0
3059,EVIDENCE,EVIDENCE inst=18 inherited_support=235 inherited_contradiction=112 session_support=0 session_contradiction=0 inherited_absent_flag=0 cur_verts=13425 observed_verts=0
3060,MOBILITY_PRIOR,MOBILITY_PRIOR inst=18 session=0 class=131 changes=0 continuations=1 alpha=0.0909091 beta=1.90909 q=0.030303
3061,MOBILITY_PRIOR,MOBILITY_PRIOR inst=18 session=0 class=131 changes=0 continuations=1 alpha=0.0909091 beta=1.90909 q=0.030303
3062,TOP_ABSORB,TOP_ABSORB inst=18 geom=0 support=235 high_mobility=0 absorb=1
3063,STATE_EVIDENCE_WINDOW,STATE_EVIDENCE_WINDOW inst=19 after=1786279306867644000 latest_measured_support=1786279311167633000 through=1786279312000988000 projected=1 support=12 contradiction=54 reliable=377 reliable_in_view=27 reliable_seen_through=1 absence_llr=0.814585 absent_samples=31 total_samples=433 absence_coverage_sufficient=0
3064,STATE_SLICE,STATE_SLICE inst=19 stamp=1786279312000988000 inherited_sup=12 inherited_con=54 inherited_samples=433 inherited_supported=12 inherited_free=14 inherited_repl_other=0 inherited_repl_bg=40 inherited_occ=176 inherited_unobs=0 session_sup=0 session_con=0 session_samples=0 cur_verts=16260 candidate_verts=0
3065,EVIDENCE,EVIDENCE inst=19 inherited_support=12 inherited_contradiction=54 session_support=0 session_contradiction=0 inherited_absent_flag=0 cur_verts=16260 observed_verts=0
3066,MOBILITY_PRIOR,MOBILITY_PRIOR inst=19 session=0 class=139 changes=0 continuations=2 alpha=0.09375 beta=1.90625 q=0.0234375
3067,MOBILITY_PRIOR,MOBILITY_PRIOR inst=19 session=0 class=139 changes=0 continuations=2 alpha=0.09375 beta=1.90625 q=0.0234375
3068,TOP_ABSORB,TOP_ABSORB inst=19 geom=0 support=12 high_mobility=0 absorb=1
3069,STATE_EVIDENCE_WINDOW,STATE_EVIDENCE_WINDOW inst=20 after=1786279301400977000 latest_measured_support=0 through=1786279312000988000 projected=1 support=0 contradiction=13 reliable=4 reliable_in_view=0 reliable_seen_through=0 absence_llr=0 absent_samples=9 total_samples=206 absence_coverage_sufficient=0
3070,STATE_SLICE,STATE_SLICE inst=20 stamp=1786279312000988000 inherited_sup=0 inherited_con=13 inherited_samples=206 inherited_supported=0 inherited_free=0 inherited_repl_other=13 inherited_repl_bg=0 inherited_occ=77 inherited_unobs=116 session_sup=0 session_con=0 session_samples=0 cur_verts=5268 candidate_verts=0
3071,EVIDENCE,EVIDENCE inst=20 inherited_support=0 inherited_contradiction=13 session_support=0 session_contradiction=0 inherited_absent_flag=0 cur_verts=5268 observed_verts=0
3072,INGEST,INGEST inst=11 first=1786279303s seg_verts=13509 cur_verts=36531 observed_verts=0
3073,INGEST_DECIDE,INGEST_DECIDE inst=11 same_session_overlap=1 contradicted=0
3074,INGEST,INGEST inst=18 first=1786279303s seg_verts=3822 cur_verts=13425 observed_verts=0
3075,INGEST_DECIDE,INGEST_DECIDE inst=18 same_session_overlap=1 contradicted=0
3076,INGEST,INGEST inst=19 first=1786279303s seg_verts=3264 cur_verts=16260 observed_verts=0
3077,INGEST_DECIDE,INGEST_DECIDE inst=19 same_session_overlap=1 contradicted=0
3078,OBJECT_EXTRACTION_INPUT,OBJECT_EXTRACTION_INPUT inst=6 first=1786279306767633000 last=1786279310534300000 observations=114 dynamic=0 motion_history=0 last_motion=0 displacement=0 static_fallback=0
3079,STATIC_SURFACE_FRAMES,STATIC_SURFACE_FRAMES inst=6 candidates=38 selected=38 first=1786279306767633000 last=1786279310467644000
3080,STATE_EVIDENCE_WINDOW,STATE_EVIDENCE_WINDOW inst=1 after=1786279305400966000 latest_measured_support=0 through=1786279314134322000 projected=0 support=0 contradiction=0 reliable=173 reliable_in_view=0 reliable_seen_through=0 absence_llr=0 absent_samples=0 total_samples=44922 absence_coverage_sufficient=0
3081,STATE_SLICE,STATE_SLICE inst=1 stamp=1786279314134322000 inherited_sup=0 inherited_con=0 inherited_samples=44922 inherited_supported=0 inherited_free=0 inherited_repl_other=0 inherited_repl_bg=0 inherited_occ=0 inherited_unobs=44922 session_sup=0 session_con=0 session_samples=0 cur_verts=134766 candidate_verts=0
3082,EVIDENCE,EVIDENCE inst=1 inherited_support=0 inherited_contradiction=0 session_support=0 session_contradiction=0 inherited_absent_flag=0 cur_verts=134766 observed_verts=0
3083,STATE_EVIDENCE_WINDOW,STATE_EVIDENCE_WINDOW inst=3 after=1786279303434311000 latest_measured_support=0 through=1786279314134322000 projected=1 support=0 contradiction=7 reliable=229 reliable_in_view=0 reliable_seen_through=0 absence_llr=0 absent_samples=7 total_samples=1984 absence_coverage_sufficient=0
3084,STATE_SLICE,STATE_SLICE inst=3 stamp=1786279314134322000 inherited_sup=0 inherited_con=7 inherited_samples=1984 inherited_supported=0 inherited_free=7 inherited_repl_other=0 inherited_repl_bg=0 inherited_occ=32 inherited_unobs=1808 session_sup=0 session_con=0 session_samples=0 cur_verts=84735 candidate_verts=0
3085,EVIDENCE,EVIDENCE inst=3 inherited_support=0 inherited_contradiction=7 session_support=0 session_contradiction=0 inherited_absent_flag=0 cur_verts=84735 observed_verts=0
3086,STATE_EVIDENCE_WINDOW,STATE_EVIDENCE_WINDOW inst=4 after=1786279303867644000 latest_measured_support=0 through=1786279314134322000 projected=1 support=0 contradiction=1 reliable=187 reliable_in_view=0 reliable_seen_through=0 absence_llr=0 absent_samples=1 total_samples=2995 absence_coverage_sufficient=0
3087,STATE_SLICE,STATE_SLICE inst=4 stamp=1786279314134322000 inherited_sup=0 inherited_con=1 inherited_samples=2995 inherited_supported=0 inherited_free=1 inherited_repl_other=0 inherited_repl_bg=0 inherited_occ=2 inherited_unobs=1846 session_sup=0 session_con=0 session_samples=0 cur_verts=214347 candidate_verts=0
3088,EVIDENCE,EVIDENCE inst=4 inherited_support=0 inherited_contradiction=1 session_support=0 session_contradiction=0 inherited_absent_flag=0 cur_verts=214347 observed_verts=0
3089,OBJECT_EXTRACTION_INPUT,OBJECT_EXTRACTION_INPUT inst=19 first=1786279310767644000 last=1786279311534311000 observations=22 dynamic=0 motion_history=0 last_motion=0 displacement=0 static_fallback=0
3090,STATIC_SURFACE_FRAMES,STATIC_SURFACE_FRAMES inst=19 candidates=8 selected=8 first=1786279310767644000 last=1786279311467644000
3091,STATE_EVIDENCE_WINDOW,STATE_EVIDENCE_WINDOW inst=5 after=1786279298500977000 latest_measured_support=0 through=1786279314134322000 projected=0 support=0 contradiction=0 reliable=344 reliable_in_view=0 reliable_seen_through=0 absence_llr=0.0772214 absent_samples=0 total_samples=6754 absence_coverage_sufficient=0
3092,STATE_SLICE,STATE_SLICE inst=5 stamp=1786279314134322000 inherited_sup=0 inherited_con=0 inherited_samples=6754 inherited_supported=0 inherited_free=0 inherited_repl_other=0 inherited_repl_bg=0 inherited_occ=0 inherited_unobs=6753 session_sup=0 session_con=0 session_samples=0 cur_verts=20262 candidate_verts=0
3093,EVIDENCE,EVIDENCE inst=5 inherited_support=0 inherited_contradiction=0 session_support=0 session_contradiction=0 inherited_absent_flag=0 cur_verts=20262 observed_verts=0
3094,STATE_EVIDENCE_WINDOW,STATE_EVIDENCE_WINDOW inst=6 after=1786279310300977000 latest_measured_support=0 through=1786279314134322000 projected=1 support=0 contradiction=15 reliable=223 reliable_in_view=14 reliable_seen_through=0 absence_llr=2.22599 absent_samples=15 total_samples=1977 absence_coverage_sufficient=0
3095,STATE_SLICE,STATE_SLICE inst=6 stamp=1786279314134322000 inherited_sup=0 inherited_con=15 inherited_samples=1977 inherited_supported=0 inherited_free=0 inherited_repl_other=0 inherited_repl_bg=15 inherited_occ=54 inherited_unobs=1288 session_sup=0 session_con=0 session_samples=0 cur_verts=89247 candidate_verts=0
3096,EVIDENCE,EVIDENCE inst=6 inherited_support=0 inherited_contradiction=15 session_support=0 session_contradiction=0 inherited_absent_flag=0 cur_verts=89247 observed_verts=0
3097,STATE_EVIDENCE_WINDOW,STATE_EVIDENCE_WINDOW inst=7 after=1786279302934311000 latest_measured_support=0 through=1786279314134322000 projected=0 support=0 contradiction=0 reliable=448 reliable_in_view=0 reliable_seen_through=0 absence_llr=0 absent_samples=0 total_samples=13883 absence_coverage_sufficient=0
3098,STATE_SLICE,STATE_SLICE inst=7 stamp=1786279314134322000 inherited_sup=0 inherited_con=0 inherited_samples=13883 inherited_supported=0 inherited_free=0 inherited_repl_other=0 inherited_repl_bg=0 inherited_occ=0 inherited_unobs=13883 session_sup=0 session_con=0 session_samples=0 cur_verts=41649 candidate_verts=0
3099,EVIDENCE,EVIDENCE inst=7 inherited_support=0 inherited_contradiction=0 session_support=0 session_contradiction=0 inherited_absent_flag=0 cur_verts=41649 observed_verts=0
3100,STATE_EVIDENCE_WINDOW,STATE_EVIDENCE_WINDOW inst=10 after=1786279304334311000 latest_measured_support=0 through=1786279314134322000 projected=0 support=0 contradiction=0 reliable=403 reliable_in_view=0 reliable_seen_through=0 absence_llr=0.726237 absent_samples=0 total_samples=9094 absence_coverage_sufficient=0
3101,STATE_SLICE,STATE_SLICE inst=10 stamp=1786279314134322000 inherited_sup=0 inherited_con=0 inherited_samples=9094 inherited_supported=0 inherited_free=0 inherited_repl_other=0 inherited_repl_bg=0 inherited_occ=0 inherited_unobs=9094 session_sup=0 session_con=0 session_samples=0 cur_verts=27282 candidate_verts=0
3102,EVIDENCE,EVIDENCE inst=10 inherited_support=0 inherited_contradiction=0 session_support=0 session_contradiction=0 inherited_absent_flag=0 cur_verts=27282 observed_verts=0
3103,STATE_EVIDENCE_WINDOW,STATE_EVIDENCE_WINDOW inst=11 after=1786279312000988000 latest_measured_support=1786279314134322000 through=1786279314134322000 projected=1 support=177 contradiction=80 reliable=485 reliable_in_view=9 reliable_seen_through=2 absence_llr=1.78898 absent_samples=33 total_samples=1258 absence_coverage_sufficient=0
3104,STATE_SLICE,STATE_SLICE inst=11 stamp=1786279314134322000 inherited_sup=177 inherited_con=80 inherited_samples=1258 inherited_supported=177 inherited_free=5 inherited_repl_other=0 inherited_repl_bg=76 inherited_occ=100 inherited_unobs=512 session_sup=0 session_con=0 session_samples=0 cur_verts=50040 candidate_verts=0
3105,EVIDENCE,EVIDENCE inst=11 inherited_support=177 inherited_contradiction=80 session_support=0 session_contradiction=0 inherited_absent_flag=0 cur_verts=50040 observed_verts=0
3106,MOBILITY_PRIOR,MOBILITY_PRIOR inst=11 session=0 class=92 changes=0 continuations=3 alpha=0.09375 beta=3.90625 q=0.0133929
3107,MOBILITY_PRIOR,MOBILITY_PRIOR inst=11 session=0 class=92 changes=0 continuations=3 alpha=0.09375 beta=3.90625 q=0.0133929
3108,TOP_ABSORB,TOP_ABSORB inst=11 geom=0 support=177 high_mobility=0 absorb=1
3109,STATE_EVIDENCE_WINDOW,STATE_EVIDENCE_WINDOW inst=13 after=1786279312000988000 latest_measured_support=1786279314134322000 through=1786279314134322000 projected=1 support=405 contradiction=255 reliable=301 reliable_in_view=201 reliable_seen_through=35 absence_llr=0.124427 absent_samples=80 total_samples=255 absence_coverage_sufficient=0
3110,STATE_SLICE,STATE_SLICE inst=13 stamp=1786279314134322000 inherited_sup=405 inherited_con=255 inherited_samples=255 inherited_supported=408 inherited_free=74 inherited_repl_other=97 inherited_repl_bg=86 inherited_occ=256 inherited_unobs=0 session_sup=0 session_con=0 session_samples=0 cur_verts=9204 candidate_verts=0
3111,EVIDENCE,EVIDENCE inst=13 inherited_support=405 inherited_contradiction=255 session_support=0 session_contradiction=0 inherited_absent_flag=0 cur_verts=9204 observed_verts=0
3112,MOBILITY_PRIOR,MOBILITY_PRIOR inst=13 session=0 class=115 changes=0 continuations=1 alpha=0.103448 beta=8.89655 q=0.0103448
3113,MOBILITY_PRIOR,MOBILITY_PRIOR inst=13 session=0 class=115 changes=0 continuations=1 alpha=0.103448 beta=8.89655 q=0.0103448
3114,TOP_ABSORB,TOP_ABSORB inst=13 geom=0 support=405 high_mobility=0 absorb=1
3115,STATE_EVIDENCE_WINDOW,STATE_EVIDENCE_WINDOW inst=14 after=1786279236367666000 latest_measured_support=0 through=1786279314134322000 projected=0 support=0 contradiction=0 reliable=132 reliable_in_view=0 reliable_seen_through=0 absence_llr=0.789442 absent_samples=0 total_samples=2784 absence_coverage_sufficient=0
3116,STATE_SLICE,STATE_SLICE inst=14 stamp=1786279314134322000 inherited_sup=0 inherited_con=0 inherited_samples=2784 inherited_supported=0 inherited_free=0 inherited_repl_other=0 inherited_repl_bg=0 inherited_occ=0 inherited_unobs=2781 session_sup=0 session_con=0 session_samples=0 cur_verts=8352 candidate_verts=0
3117,EVIDENCE,EVIDENCE inst=14 inherited_support=0 inherited_contradiction=0 session_support=0 session_contradiction=0 inherited_absent_flag=0 cur_verts=8352 observed_verts=0
3118,STATE_EVIDENCE_WINDOW,STATE_EVIDENCE_WINDOW inst=16 after=1786279285034300000 latest_measured_support=0 through=1786279314134322000 projected=1 support=0 contradiction=20 reliable=483 reliable_in_view=0 reliable_seen_through=0 absence_llr=0 absent_samples=13 total_samples=317 absence_coverage_sufficient=0
3119,STATE_SLICE,STATE_SLICE inst=16 stamp=1786279314134322000 inherited_sup=0 inherited_con=20 inherited_samples=317 inherited_supported=0 inherited_free=0 inherited_repl_other=0 inherited_repl_bg=20 inherited_occ=0 inherited_unobs=304 session_sup=0 session_con=0 session_samples=0 cur_verts=18081 candidate_verts=0
3120,EVIDENCE,EVIDENCE inst=16 inherited_support=0 inherited_contradiction=20 session_support=0 session_contradiction=0 inherited_absent_flag=0 cur_verts=18081 observed_verts=0
3121,STATE_EVIDENCE_WINDOW,STATE_EVIDENCE_WINDOW inst=17 after=1786279286400966000 latest_measured_support=0 through=1786279314134322000 projected=0 support=0 contradiction=0 reliable=662 reliable_in_view=0 reliable_seen_through=0 absence_llr=1.18066 absent_samples=0 total_samples=9365 absence_coverage_sufficient=0
3122,STATE_SLICE,STATE_SLICE inst=17 stamp=1786279314134322000 inherited_sup=0 inherited_con=0 inherited_samples=9365 inherited_supported=0 inherited_free=0 inherited_repl_other=0 inherited_repl_bg=0 inherited_occ=0 inherited_unobs=9365 session_sup=0 session_con=0 session_samples=0 cur_verts=28095 candidate_verts=0
3123,EVIDENCE,EVIDENCE inst=17 inherited_support=0 inherited_contradiction=0 session_support=0 session_contradiction=0 inherited_absent_flag=0 cur_verts=28095 observed_verts=0
3124,STATE_EVIDENCE_WINDOW,STATE_EVIDENCE_WINDOW inst=18 after=1786279312000988000 latest_measured_support=1786279314134322000 through=1786279314134322000 projected=1 support=308 contradiction=19 reliable=501 reliable_in_view=91 reliable_seen_through=7 absence_llr=0 absent_samples=16 total_samples=428 absence_coverage_sufficient=0
3125,STATE_SLICE,STATE_SLICE inst=18 stamp=1786279314134322000 inherited_sup=308 inherited_con=19 inherited_samples=428 inherited_supported=309 inherited_free=9 inherited_repl_other=2 inherited_repl_bg=9 inherited_occ=165 inherited_unobs=0 session_sup=0 session_con=0 session_samples=0 cur_verts=17247 candidate_verts=0
3126,EVIDENCE,EVIDENCE inst=18 inherited_support=308 inherited_contradiction=19 session_support=0 session_contradiction=0 inherited_absent_flag=0 cur_verts=17247 observed_verts=0
3127,MOBILITY_PRIOR,MOBILITY_PRIOR inst=18 session=0 class=131 changes=0 continuations=2 alpha=0.0857143 beta=1.91429 q=0.0214286
3128,MOBILITY_PRIOR,MOBILITY_PRIOR inst=18 session=0 class=131 changes=0 continuations=2 alpha=0.0857143 beta=1.91429 q=0.0214286
3129,TOP_ABSORB,TOP_ABSORB inst=18 geom=0 support=308 high_mobility=0 absorb=1
3130,STATE_EVIDENCE_WINDOW,STATE_EVIDENCE_WINDOW inst=19 after=1786279311167633000 latest_measured_support=0 through=1786279314134322000 projected=1 support=0 contradiction=27 reliable=362 reliable_in_view=17 reliable_seen_through=0 absence_llr=0.814585 absent_samples=15 total_samples=532 absence_coverage_sufficient=0
3131,STATE_SLICE,STATE_SLICE inst=19 stamp=1786279314134322000 inherited_sup=0 inherited_con=27 inherited_samples=532 inherited_supported=0 inherited_free=0 inherited_repl_other=3 inherited_repl_bg=24 inherited_occ=55 inherited_unobs=49 session_sup=0 session_con=0 session_samples=0 cur_verts=19524 candidate_verts=0
3132,EVIDENCE,EVIDENCE inst=19 inherited_support=0 inherited_contradiction=27 session_support=0 session_contradiction=0 inherited_absent_flag=0 cur_verts=19524 observed_verts=0
3133,STATE_EVIDENCE_WINDOW,STATE_EVIDENCE_WINDOW inst=20 after=1786279301400977000 latest_measured_support=0 through=1786279314134322000 projected=1 support=0 contradiction=13 reliable=4 reliable_in_view=0 reliable_seen_through=0 absence_llr=0 absent_samples=9 total_samples=206 absence_coverage_sufficient=0
3134,STATE_SLICE,STATE_SLICE inst=20 stamp=1786279314134322000 inherited_sup=0 inherited_con=13 inherited_samples=206 inherited_supported=0 inherited_free=0 inherited_repl_other=13 inherited_repl_bg=0 inherited_occ=77 inherited_unobs=116 session_sup=0 session_con=0 session_samples=0 cur_verts=5268 candidate_verts=0
3135,EVIDENCE,EVIDENCE inst=20 inherited_support=0 inherited_contradiction=13 session_support=0 session_contradiction=0 inherited_absent_flag=0 cur_verts=5268 observed_verts=0
3136,INGEST,INGEST inst=6 first=1786279306s seg_verts=25752 cur_verts=89247 observed_verts=0
3137,INGEST_DECIDE,INGEST_DECIDE inst=6 same_session_overlap=1 contradicted=0
3138,OBJECT_EXTRACTION_INPUT,OBJECT_EXTRACTION_INPUT inst=2 first=1786279304834300000 last=1786279315000977000 observations=306 dynamic=0 motion_history=0 last_motion=0 displacement=0 static_fallback=0
3139,STATIC_SURFACE_BOUNDARY,STATIC_SURFACE_BOUNDARY inst=2 rejected_stamp=1786279312467655000 current_stamp=1786279315000977000 forward_support=88 forward_free=6 reverse_support=333 reverse_free=93 forward_sampled=508 reverse_sampled=499
3140,STATIC_SURFACE_FRAMES,STATIC_SURFACE_FRAMES inst=2 candidates=100 selected=26 first=1786279312567633000 last=1786279315000977000
3150,OBJECT_EXTRACTION_INPUT,OBJECT_EXTRACTION_INPUT inst=13 first=1786279304467644000 last=1786279316300977000 observations=307 dynamic=0 motion_history=0 last_motion=0 displacement=0 static_fallback=0
3151,STATIC_SURFACE_BOUNDARY,STATIC_SURFACE_BOUNDARY inst=13 rejected_stamp=1786279313067644000 current_stamp=1786279316300977000 forward_support=95 forward_free=75 reverse_support=248 reverse_free=91 forward_sampled=507 reverse_sampled=501
3152,STATIC_SURFACE_FRAMES,STATIC_SURFACE_FRAMES inst=13 candidates=83 selected=33 first=1786279313167644000 last=1786279316300977000
3153,STATE_EVIDENCE_WINDOW,STATE_EVIDENCE_WINDOW inst=1 after=1786279305400966000 latest_measured_support=0 through=1786279316300977000 projected=0 support=0 contradiction=0 reliable=173 reliable_in_view=0 reliable_seen_through=0 absence_llr=0 absent_samples=0 total_samples=44922 absence_coverage_sufficient=0
3154,STATE_SLICE,STATE_SLICE inst=1 stamp=1786279316300977000 inherited_sup=0 inherited_con=0 inherited_samples=44922 inherited_supported=0 inherited_free=0 inherited_repl_other=0 inherited_repl_bg=0 inherited_occ=0 inherited_unobs=44922 session_sup=0 session_con=0 session_samples=0 cur_verts=134766 candidate_verts=0
3155,EVIDENCE,EVIDENCE inst=1 inherited_support=0 inherited_contradiction=0 session_support=0 session_contradiction=0 inherited_absent_flag=0 cur_verts=134766 observed_verts=0
3156,STATE_EVIDENCE_WINDOW,STATE_EVIDENCE_WINDOW inst=3 after=1786279303434311000 latest_measured_support=0 through=1786279316300977000 projected=1 support=0 contradiction=7 reliable=229 reliable_in_view=0 reliable_seen_through=0 absence_llr=0 absent_samples=7 total_samples=1984 absence_coverage_sufficient=0
3157,STATE_SLICE,STATE_SLICE inst=3 stamp=1786279316300977000 inherited_sup=0 inherited_con=7 inherited_samples=1984 inherited_supported=0 inherited_free=7 inherited_repl_other=0 inherited_repl_bg=0 inherited_occ=32 inherited_unobs=1808 session_sup=0 session_con=0 session_samples=0 cur_verts=84735 candidate_verts=0
3158,EVIDENCE,EVIDENCE inst=3 inherited_support=0 inherited_contradiction=7 session_support=0 session_contradiction=0 inherited_absent_flag=0 cur_verts=84735 observed_verts=0
3159,STATE_EVIDENCE_WINDOW,STATE_EVIDENCE_WINDOW inst=4 after=1786279303867644000 latest_measured_support=0 through=1786279316300977000 projected=1 support=0 contradiction=1 reliable=187 reliable_in_view=0 reliable_seen_through=0 absence_llr=0 absent_samples=1 total_samples=2995 absence_coverage_sufficient=0
3160,STATE_SLICE,STATE_SLICE inst=4 stamp=1786279316300977000 inherited_sup=0 inherited_con=1 inherited_samples=2995 inherited_supported=0 inherited_free=1 inherited_repl_other=0 inherited_repl_bg=0 inherited_occ=2 inherited_unobs=1846 session_sup=0 session_con=0 session_samples=0 cur_verts=214347 candidate_verts=0
3161,EVIDENCE,EVIDENCE inst=4 inherited_support=0 inherited_contradiction=1 session_support=0 session_contradiction=0 inherited_absent_flag=0 cur_verts=214347 observed_verts=0
3162,STATE_EVIDENCE_WINDOW,STATE_EVIDENCE_WINDOW inst=5 after=1786279298500977000 latest_measured_support=0 through=1786279316300977000 projected=0 support=0 contradiction=0 reliable=344 reliable_in_view=0 reliable_seen_through=0 absence_llr=0.0772214 absent_samples=0 total_samples=6754 absence_coverage_sufficient=0
3163,STATE_SLICE,STATE_SLICE inst=5 stamp=1786279316300977000 inherited_sup=0 inherited_con=0 inherited_samples=6754 inherited_supported=0 inherited_free=0 inherited_repl_other=0 inherited_repl_bg=0 inherited_occ=0 inherited_unobs=6753 session_sup=0 session_con=0 session_samples=0 cur_verts=20262 candidate_verts=0
3164,EVIDENCE,EVIDENCE inst=5 inherited_support=0 inherited_contradiction=0 session_support=0 session_contradiction=0 inherited_absent_flag=0 cur_verts=20262 observed_verts=0
3165,STATE_EVIDENCE_WINDOW,STATE_EVIDENCE_WINDOW inst=6 after=1786279310534300000 latest_measured_support=0 through=1786279316300977000 projected=1 support=0 contradiction=15 reliable=161 reliable_in_view=0 reliable_seen_through=0 absence_llr=2.22599 absent_samples=15 total_samples=2528 absence_coverage_sufficient=0
3166,STATE_SLICE,STATE_SLICE inst=6 stamp=1786279316300977000 inherited_sup=0 inherited_con=15 inherited_samples=2528 inherited_supported=0 inherited_free=0 inherited_repl_other=0 inherited_repl_bg=15 inherited_occ=54 inherited_unobs=1724 session_sup=0 session_con=0 session_samples=0 cur_verts=114999 candidate_verts=0
3167,EVIDENCE,EVIDENCE inst=6 inherited_support=0 inherited_contradiction=15 session_support=0 session_contradiction=0 inherited_absent_flag=0 cur_verts=114999 observed_verts=0
3168,STATE_EVIDENCE_WINDOW,STATE_EVIDENCE_WINDOW inst=7 after=1786279302934311000 latest_measured_support=0 through=1786279316300977000 projected=0 support=0 contradiction=0 reliable=448 reliable_in_view=0 reliable_seen_through=0 absence_llr=0 absent_samples=0 total_samples=13883 absence_coverage_sufficient=0
3169,STATE_SLICE,STATE_SLICE inst=7 stamp=1786279316300977000 inherited_sup=0 inherited_con=0 inherited_samples=13883 inherited_supported=0 inherited_free=0 inherited_repl_other=0 inherited_repl_bg=0 inherited_occ=0 inherited_unobs=13883 session_sup=0 session_con=0 session_samples=0 cur_verts=41649 candidate_verts=0
3170,EVIDENCE,EVIDENCE inst=7 inherited_support=0 inherited_contradiction=0 session_support=0 session_contradiction=0 inherited_absent_flag=0 cur_verts=41649 observed_verts=0
3171,STATE_EVIDENCE_WINDOW,STATE_EVIDENCE_WINDOW inst=10 after=1786279304334311000 latest_measured_support=0 through=1786279316300977000 projected=0 support=0 contradiction=0 reliable=403 reliable_in_view=0 reliable_seen_through=0 absence_llr=0.726237 absent_samples=0 total_samples=9094 absence_coverage_sufficient=0
3172,STATE_SLICE,STATE_SLICE inst=10 stamp=1786279316300977000 inherited_sup=0 inherited_con=0 inherited_samples=9094 inherited_supported=0 inherited_free=0 inherited_repl_other=0 inherited_repl_bg=0 inherited_occ=0 inherited_unobs=9094 session_sup=0 session_con=0 session_samples=0 cur_verts=27282 candidate_verts=0
3173,EVIDENCE,EVIDENCE inst=10 inherited_support=0 inherited_contradiction=0 session_support=0 session_contradiction=0 inherited_absent_flag=0 cur_verts=27282 observed_verts=0
3174,STATE_EVIDENCE_WINDOW,STATE_EVIDENCE_WINDOW inst=11 after=1786279314134322000 latest_measured_support=1786279316300977000 through=1786279316300977000 projected=1 support=1524 contradiction=398 reliable=633 reliable_in_view=238 reliable_seen_through=61 absence_llr=1.79959 absent_samples=198 total_samples=1258 absence_coverage_sufficient=0
3175,STATE_SLICE,STATE_SLICE inst=11 stamp=1786279316300977000 inherited_sup=1524 inherited_con=398 inherited_samples=1258 inherited_supported=1527 inherited_free=329 inherited_repl_other=8 inherited_repl_bg=64 inherited_occ=770 inherited_unobs=222 session_sup=0 session_con=0 session_samples=0 cur_verts=50040 candidate_verts=0
3176,EVIDENCE,EVIDENCE inst=11 inherited_support=1524 inherited_contradiction=398 session_support=0 session_contradiction=0 inherited_absent_flag=0 cur_verts=50040 observed_verts=0
3177,MOBILITY_PRIOR,MOBILITY_PRIOR inst=11 session=0 class=92 changes=0 continuations=3 alpha=0.09375 beta=3.90625 q=0.0133929
3178,MOBILITY_PRIOR,MOBILITY_PRIOR inst=11 session=0 class=92 changes=0 continuations=3 alpha=0.09375 beta=3.90625 q=0.0133929
3179,TOP_ABSORB,TOP_ABSORB inst=11 geom=0 support=1524 high_mobility=0 absorb=1
3180,STATE_EVIDENCE_WINDOW,STATE_EVIDENCE_WINDOW inst=13 after=1786279314134322000 latest_measured_support=1786279316300977000 through=1786279316300977000 projected=1 support=444 contradiction=295 reliable=280 reliable_in_view=229 reliable_seen_through=48 absence_llr=0.0842843 absent_samples=94 total_samples=255 absence_coverage_sufficient=0
3181,STATE_SLICE,STATE_SLICE inst=13 stamp=1786279316300977000 inherited_sup=444 inherited_con=295 inherited_samples=255 inherited_supported=448 inherited_free=134 inherited_repl_other=54 inherited_repl_bg=110 inherited_occ=183 inherited_unobs=1 session_sup=0 session_con=0 session_samples=0 cur_verts=9204 candidate_verts=0
3182,EVIDENCE,EVIDENCE inst=13 inherited_support=444 inherited_contradiction=295 session_support=0 session_contradiction=0 inherited_absent_flag=0 cur_verts=9204 observed_verts=0
3183,MOBILITY_PRIOR,MOBILITY_PRIOR inst=13 session=0 class=115 changes=0 continuations=1 alpha=0.103448 beta=8.89655 q=0.0103448
3184,MOBILITY_PRIOR,MOBILITY_PRIOR inst=13 session=0 class=115 changes=0 continuations=1 alpha=0.103448 beta=8.89655 q=0.0103448
3185,TOP_ABSORB,TOP_ABSORB inst=13 geom=0 support=444 high_mobility=0 absorb=1
3186,STATE_EVIDENCE_WINDOW,STATE_EVIDENCE_WINDOW inst=14 after=1786279236367666000 latest_measured_support=0 through=1786279316300977000 projected=0 support=0 contradiction=0 reliable=132 reliable_in_view=0 reliable_seen_through=0 absence_llr=0.789442 absent_samples=0 total_samples=2784 absence_coverage_sufficient=0
3187,STATE_SLICE,STATE_SLICE inst=14 stamp=1786279316300977000 inherited_sup=0 inherited_con=0 inherited_samples=2784 inherited_supported=0 inherited_free=0 inherited_repl_other=0 inherited_repl_bg=0 inherited_occ=0 inherited_unobs=2781 session_sup=0 session_con=0 session_samples=0 cur_verts=8352 candidate_verts=0
3188,EVIDENCE,EVIDENCE inst=14 inherited_support=0 inherited_contradiction=0 session_support=0 session_contradiction=0 inherited_absent_flag=0 cur_verts=8352 observed_verts=0
3189,STATE_EVIDENCE_WINDOW,STATE_EVIDENCE_WINDOW inst=16 after=1786279285034300000 latest_measured_support=0 through=1786279316300977000 projected=1 support=0 contradiction=20 reliable=483 reliable_in_view=0 reliable_seen_through=0 absence_llr=0 absent_samples=13 total_samples=317 absence_coverage_sufficient=0
3190,STATE_SLICE,STATE_SLICE inst=16 stamp=1786279316300977000 inherited_sup=0 inherited_con=20 inherited_samples=317 inherited_supported=0 inherited_free=0 inherited_repl_other=0 inherited_repl_bg=20 inherited_occ=0 inherited_unobs=304 session_sup=0 session_con=0 session_samples=0 cur_verts=18081 candidate_verts=0
3191,EVIDENCE,EVIDENCE inst=16 inherited_support=0 inherited_contradiction=20 session_support=0 session_contradiction=0 inherited_absent_flag=0 cur_verts=18081 observed_verts=0
3192,STATE_EVIDENCE_WINDOW,STATE_EVIDENCE_WINDOW inst=17 after=1786279286400966000 latest_measured_support=0 through=1786279316300977000 projected=0 support=0 contradiction=0 reliable=662 reliable_in_view=0 reliable_seen_through=0 absence_llr=1.18066 absent_samples=0 total_samples=9365 absence_coverage_sufficient=0
3193,STATE_SLICE,STATE_SLICE inst=17 stamp=1786279316300977000 inherited_sup=0 inherited_con=0 inherited_samples=9365 inherited_supported=0 inherited_free=0 inherited_repl_other=0 inherited_repl_bg=0 inherited_occ=0 inherited_unobs=9365 session_sup=0 session_con=0 session_samples=0 cur_verts=28095 candidate_verts=0
3194,EVIDENCE,EVIDENCE inst=17 inherited_support=0 inherited_contradiction=0 session_support=0 session_contradiction=0 inherited_absent_flag=0 cur_verts=28095 observed_verts=0
3195,STATE_EVIDENCE_WINDOW,STATE_EVIDENCE_WINDOW inst=18 after=1786279314134322000 latest_measured_support=1786279316300977000 through=1786279316300977000 projected=1 support=708 contradiction=97 reliable=568 reliable_in_view=219 reliable_seen_through=54 absence_llr=0.68892 absent_samples=53 total_samples=428 absence_coverage_sufficient=0
3196,STATE_SLICE,STATE_SLICE inst=18 stamp=1786279316300977000 inherited_sup=708 inherited_con=97 inherited_samples=428 inherited_supported=712 inherited_free=64 inherited_repl_other=5 inherited_repl_bg=28 inherited_occ=105 inherited_unobs=1 session_sup=0 session_con=0 session_samples=0 cur_verts=17247 candidate_verts=0
3197,EVIDENCE,EVIDENCE inst=18 inherited_support=708 inherited_contradiction=97 session_support=0 session_contradiction=0 inherited_absent_flag=0 cur_verts=17247 observed_verts=0
3198,MOBILITY_PRIOR,MOBILITY_PRIOR inst=18 session=0 class=131 changes=0 continuations=2 alpha=0.0857143 beta=1.91429 q=0.0214286
3199,MOBILITY_PRIOR,MOBILITY_PRIOR inst=18 session=0 class=131 changes=0 continuations=2 alpha=0.0857143 beta=1.91429 q=0.0214286
3200,TOP_ABSORB,TOP_ABSORB inst=18 geom=0 support=708 high_mobility=0 absorb=1
3201,STATE_EVIDENCE_WINDOW,STATE_EVIDENCE_WINDOW inst=19 after=1786279311167633000 latest_measured_support=1786279316300977000 through=1786279316300977000 projected=1 support=34 contradiction=95 reliable=362 reliable_in_view=42 reliable_seen_through=2 absence_llr=0.811524 absent_samples=30 total_samples=532 absence_coverage_sufficient=0
3202,STATE_SLICE,STATE_SLICE inst=19 stamp=1786279316300977000 inherited_sup=34 inherited_con=95 inherited_samples=532 inherited_supported=34 inherited_free=17 inherited_repl_other=4 inherited_repl_bg=74 inherited_occ=135 inherited_unobs=12 session_sup=0 session_con=0 session_samples=0 cur_verts=19524 candidate_verts=0
3203,EVIDENCE,EVIDENCE inst=19 inherited_support=34 inherited_contradiction=95 session_support=0 session_contradiction=0 inherited_absent_flag=0 cur_verts=19524 observed_verts=0
3204,MOBILITY_PRIOR,MOBILITY_PRIOR inst=19 session=0 class=139 changes=0 continuations=3 alpha=0.0882353 beta=1.91176 q=0.0176471
3205,MOBILITY_PRIOR,MOBILITY_PRIOR inst=19 session=0 class=139 changes=0 continuations=3 alpha=0.0882353 beta=1.91176 q=0.0176471
3206,TOP_ABSORB,TOP_ABSORB inst=19 geom=0 support=34 high_mobility=0 absorb=1
3207,STATE_EVIDENCE_WINDOW,STATE_EVIDENCE_WINDOW inst=20 after=1786279301400977000 latest_measured_support=0 through=1786279316300977000 projected=1 support=0 contradiction=13 reliable=4 reliable_in_view=0 reliable_seen_through=0 absence_llr=0 absent_samples=9 total_samples=206 absence_coverage_sufficient=0
3208,STATE_SLICE,STATE_SLICE inst=20 stamp=1786279316300977000 inherited_sup=0 inherited_con=13 inherited_samples=206 inherited_supported=0 inherited_free=0 inherited_repl_other=13 inherited_repl_bg=0 inherited_occ=77 inherited_unobs=116 session_sup=0 session_con=0 session_samples=0 cur_verts=5268 candidate_verts=0
3209,EVIDENCE,EVIDENCE inst=20 inherited_support=0 inherited_contradiction=13 session_support=0 session_contradiction=0 inherited_absent_flag=0 cur_verts=5268 observed_verts=0
3210,INGEST,INGEST inst=2 first=1786279312s seg_verts=8589 cur_verts=0 observed_verts=0
3211,INGEST,INGEST inst=19 first=1786279310s seg_verts=519 cur_verts=19524 observed_verts=0
3212,INGEST_DECIDE,INGEST_DECIDE inst=19 same_session_overlap=1 contradicted=0
3222,STATE_EVIDENCE_WINDOW,STATE_EVIDENCE_WINDOW inst=1 after=1786279305400966000 latest_measured_support=0 through=1786279318434300000 projected=0 support=0 contradiction=0 reliable=173 reliable_in_view=0 reliable_seen_through=0 absence_llr=0 absent_samples=0 total_samples=44922 absence_coverage_sufficient=0
3223,STATE_SLICE,STATE_SLICE inst=1 stamp=1786279318434300000 inherited_sup=0 inherited_con=0 inherited_samples=44922 inherited_supported=0 inherited_free=0 inherited_repl_other=0 inherited_repl_bg=0 inherited_occ=0 inherited_unobs=44922 session_sup=0 session_con=0 session_samples=0 cur_verts=134766 candidate_verts=0
3224,EVIDENCE,EVIDENCE inst=1 inherited_support=0 inherited_contradiction=0 session_support=0 session_contradiction=0 inherited_absent_flag=0 cur_verts=134766 observed_verts=0
3225,STATE_EVIDENCE_WINDOW,STATE_EVIDENCE_WINDOW inst=2 after=1786279315000977000 latest_measured_support=1786279315867644000 through=1786279318434300000 projected=1 support=59 contradiction=15 reliable=671 reliable_in_view=671 reliable_seen_through=1 absence_llr=0 absent_samples=10 total_samples=317 absence_coverage_sufficient=0
3226,STATE_SLICE,STATE_SLICE inst=2 stamp=1786279318434300000 inherited_sup=59 inherited_con=15 inherited_samples=317 inherited_supported=60 inherited_free=0 inherited_repl_other=0 inherited_repl_bg=15 inherited_occ=77 inherited_unobs=104 session_sup=0 session_con=0 session_samples=0 cur_verts=8589 candidate_verts=0
3227,EVIDENCE,EVIDENCE inst=2 inherited_support=59 inherited_contradiction=15 session_support=0 session_contradiction=0 inherited_absent_flag=0 cur_verts=8589 observed_verts=0
3228,MOBILITY_PRIOR,MOBILITY_PRIOR inst=2 session=0 class=10 changes=0 continuations=0 alpha=0.0789474 beta=1.92105 q=0.0394737
3229,MOBILITY_PRIOR,MOBILITY_PRIOR inst=2 session=0 class=10 changes=0 continuations=0 alpha=0.0789474 beta=1.92105 q=0.0394737
3230,TOP_ABSORB,TOP_ABSORB inst=2 geom=0 support=59 high_mobility=0 absorb=1
3231,STATE_EVIDENCE_WINDOW,STATE_EVIDENCE_WINDOW inst=3 after=1786279303434311000 latest_measured_support=0 through=1786279318434300000 projected=1 support=0 contradiction=7 reliable=229 reliable_in_view=0 reliable_seen_through=0 absence_llr=0 absent_samples=7 total_samples=1984 absence_coverage_sufficient=0
3232,STATE_SLICE,STATE_SLICE inst=3 stamp=1786279318434300000 inherited_sup=0 inherited_con=7 inherited_samples=1984 inherited_supported=0 inherited_free=7 inherited_repl_other=0 inherited_repl_bg=0 inherited_occ=32 inherited_unobs=1808 session_sup=0 session_con=0 session_samples=0 cur_verts=84735 candidate_verts=0
3233,EVIDENCE,EVIDENCE inst=3 inherited_support=0 inherited_contradiction=7 session_support=0 session_contradiction=0 inherited_absent_flag=0 cur_verts=84735 observed_verts=0
3234,STATE_EVIDENCE_WINDOW,STATE_EVIDENCE_WINDOW inst=4 after=1786279303867644000 latest_measured_support=0 through=1786279318434300000 projected=1 support=0 contradiction=1 reliable=187 reliable_in_view=0 reliable_seen_through=0 absence_llr=0 absent_samples=1 total_samples=2995 absence_coverage_sufficient=0
3235,STATE_SLICE,STATE_SLICE inst=4 stamp=1786279318434300000 inherited_sup=0 inherited_con=1 inherited_samples=2995 inherited_supported=0 inherited_free=1 inherited_repl_other=0 inherited_repl_bg=0 inherited_occ=2 inherited_unobs=1846 session_sup=0 session_con=0 session_samples=0 cur_verts=214347 candidate_verts=0
3236,EVIDENCE,EVIDENCE inst=4 inherited_support=0 inherited_contradiction=1 session_support=0 session_contradiction=0 inherited_absent_flag=0 cur_verts=214347 observed_verts=0
3237,STATE_EVIDENCE_WINDOW,STATE_EVIDENCE_WINDOW inst=5 after=1786279298500977000 latest_measured_support=0 through=1786279318434300000 projected=0 support=0 contradiction=0 reliable=344 reliable_in_view=0 reliable_seen_through=0 absence_llr=0.0772214 absent_samples=0 total_samples=6754 absence_coverage_sufficient=0
3238,STATE_SLICE,STATE_SLICE inst=5 stamp=1786279318434300000 inherited_sup=0 inherited_con=0 inherited_samples=6754 inherited_supported=0 inherited_free=0 inherited_repl_other=0 inherited_repl_bg=0 inherited_occ=0 inherited_unobs=6753 session_sup=0 session_con=0 session_samples=0 cur_verts=20262 candidate_verts=0
3239,EVIDENCE,EVIDENCE inst=5 inherited_support=0 inherited_contradiction=0 session_support=0 session_contradiction=0 inherited_absent_flag=0 cur_verts=20262 observed_verts=0
3240,STATE_EVIDENCE_WINDOW,STATE_EVIDENCE_WINDOW inst=6 after=1786279310534300000 latest_measured_support=0 through=1786279318434300000 projected=1 support=0 contradiction=15 reliable=161 reliable_in_view=0 reliable_seen_through=0 absence_llr=2.22599 absent_samples=15 total_samples=2528 absence_coverage_sufficient=0
3241,STATE_SLICE,STATE_SLICE inst=6 stamp=1786279318434300000 inherited_sup=0 inherited_con=15 inherited_samples=2528 inherited_supported=0 inherited_free=0 inherited_repl_other=0 inherited_repl_bg=15 inherited_occ=54 inherited_unobs=1724 session_sup=0 session_con=0 session_samples=0 cur_verts=114999 candidate_verts=0
3242,EVIDENCE,EVIDENCE inst=6 inherited_support=0 inherited_contradiction=15 session_support=0 session_contradiction=0 inherited_absent_flag=0 cur_verts=114999 observed_verts=0
3243,STATE_EVIDENCE_WINDOW,STATE_EVIDENCE_WINDOW inst=7 after=1786279302934311000 latest_measured_support=0 through=1786279318434300000 projected=0 support=0 contradiction=0 reliable=448 reliable_in_view=0 reliable_seen_through=0 absence_llr=0 absent_samples=0 total_samples=13883 absence_coverage_sufficient=0
3244,STATE_SLICE,STATE_SLICE inst=7 stamp=1786279318434300000 inherited_sup=0 inherited_con=0 inherited_samples=13883 inherited_supported=0 inherited_free=0 inherited_repl_other=0 inherited_repl_bg=0 inherited_occ=0 inherited_unobs=13883 session_sup=0 session_con=0 session_samples=0 cur_verts=41649 candidate_verts=0
3245,EVIDENCE,EVIDENCE inst=7 inherited_support=0 inherited_contradiction=0 session_support=0 session_contradiction=0 inherited_absent_flag=0 cur_verts=41649 observed_verts=0
3246,STATE_EVIDENCE_WINDOW,STATE_EVIDENCE_WINDOW inst=10 after=1786279304334311000 latest_measured_support=0 through=1786279318434300000 projected=0 support=0 contradiction=0 reliable=403 reliable_in_view=0 reliable_seen_through=0 absence_llr=0.726237 absent_samples=0 total_samples=9094 absence_coverage_sufficient=0
3247,STATE_SLICE,STATE_SLICE inst=10 stamp=1786279318434300000 inherited_sup=0 inherited_con=0 inherited_samples=9094 inherited_supported=0 inherited_free=0 inherited_repl_other=0 inherited_repl_bg=0 inherited_occ=0 inherited_unobs=9094 session_sup=0 session_con=0 session_samples=0 cur_verts=27282 candidate_verts=0
3248,EVIDENCE,EVIDENCE inst=10 inherited_support=0 inherited_contradiction=0 session_support=0 session_contradiction=0 inherited_absent_flag=0 cur_verts=27282 observed_verts=0
3249,STATE_EVIDENCE_WINDOW,STATE_EVIDENCE_WINDOW inst=11 after=1786279316300977000 latest_measured_support=1786279318434300000 through=1786279318434300000 projected=1 support=1283 contradiction=722 reliable=616 reliable_in_view=329 reliable_seen_through=43 absence_llr=1.70642 absent_samples=277 total_samples=1258 absence_coverage_sufficient=0
3250,STATE_SLICE,STATE_SLICE inst=11 stamp=1786279318434300000 inherited_sup=1283 inherited_con=722 inherited_samples=1258 inherited_supported=1287 inherited_free=444 inherited_repl_other=59 inherited_repl_bg=226 inherited_occ=697 inherited_unobs=171 session_sup=0 session_con=0 session_samples=0 cur_verts=50040 candidate_verts=0
3251,EVIDENCE,EVIDENCE inst=11 inherited_support=1283 inherited_contradiction=722 session_support=0 session_contradiction=0 inherited_absent_flag=0 cur_verts=50040 observed_verts=0
3252,MOBILITY_PRIOR,MOBILITY_PRIOR inst=11 session=0 class=92 changes=0 continuations=3 alpha=0.0909091 beta=3.90909 q=0.012987
3253,MOBILITY_PRIOR,MOBILITY_PRIOR inst=11 session=0 class=92 changes=0 continuations=3 alpha=0.0909091 beta=3.90909 q=0.012987
3254,TOP_ABSORB,TOP_ABSORB inst=11 geom=0 support=1283 high_mobility=0 absorb=1
3255,STATE_EVIDENCE_WINDOW,STATE_EVIDENCE_WINDOW inst=13 after=1786279316300977000 latest_measured_support=1786279317567633000 through=1786279318434300000 projected=1 support=101 contradiction=88 reliable=230 reliable_in_view=86 reliable_seen_through=6 absence_llr=0.0481426 absent_samples=44 total_samples=255 absence_coverage_sufficient=0
3256,STATE_SLICE,STATE_SLICE inst=13 stamp=1786279318434300000 inherited_sup=101 inherited_con=88 inherited_samples=255 inherited_supported=101 inherited_free=28 inherited_repl_other=6 inherited_repl_bg=54 inherited_occ=30 inherited_unobs=103 session_sup=0 session_con=0 session_samples=0 cur_verts=9204 candidate_verts=0
3257,EVIDENCE,EVIDENCE inst=13 inherited_support=101 inherited_contradiction=88 session_support=0 session_contradiction=0 inherited_absent_flag=0 cur_verts=9204 observed_verts=0
3258,MOBILITY_PRIOR,MOBILITY_PRIOR inst=13 session=0 class=115 changes=0 continuations=1 alpha=0.1 beta=8.9 q=0.01
3259,MOBILITY_PRIOR,MOBILITY_PRIOR inst=13 session=0 class=115 changes=0 continuations=1 alpha=0.1 beta=8.9 q=0.01
3260,TOP_ABSORB,TOP_ABSORB inst=13 geom=0 support=101 high_mobility=0 absorb=1
3261,STATE_EVIDENCE_WINDOW,STATE_EVIDENCE_WINDOW inst=14 after=1786279236367666000 latest_measured_support=0 through=1786279318434300000 projected=0 support=0 contradiction=0 reliable=132 reliable_in_view=0 reliable_seen_through=0 absence_llr=0.789442 absent_samples=0 total_samples=2784 absence_coverage_sufficient=0
3262,STATE_SLICE,STATE_SLICE inst=14 stamp=1786279318434300000 inherited_sup=0 inherited_con=0 inherited_samples=2784 inherited_supported=0 inherited_free=0 inherited_repl_other=0 inherited_repl_bg=0 inherited_occ=0 inherited_unobs=2781 session_sup=0 session_con=0 session_samples=0 cur_verts=8352 candidate_verts=0
3263,EVIDENCE,EVIDENCE inst=14 inherited_support=0 inherited_contradiction=0 session_support=0 session_contradiction=0 inherited_absent_flag=0 cur_verts=8352 observed_verts=0
3264,STATE_EVIDENCE_WINDOW,STATE_EVIDENCE_WINDOW inst=16 after=1786279285034300000 latest_measured_support=0 through=1786279318434300000 projected=1 support=0 contradiction=20 reliable=483 reliable_in_view=0 reliable_seen_through=0 absence_llr=0 absent_samples=13 total_samples=317 absence_coverage_sufficient=0
3265,STATE_SLICE,STATE_SLICE inst=16 stamp=1786279318434300000 inherited_sup=0 inherited_con=20 inherited_samples=317 inherited_supported=0 inherited_free=0 inherited_repl_other=0 inherited_repl_bg=20 inherited_occ=0 inherited_unobs=304 session_sup=0 session_con=0 session_samples=0 cur_verts=18081 candidate_verts=0
3266,EVIDENCE,EVIDENCE inst=16 inherited_support=0 inherited_contradiction=20 session_support=0 session_contradiction=0 inherited_absent_flag=0 cur_verts=18081 observed_verts=0
3267,STATE_EVIDENCE_WINDOW,STATE_EVIDENCE_WINDOW inst=17 after=1786279286400966000 latest_measured_support=0 through=1786279318434300000 projected=0 support=0 contradiction=0 reliable=662 reliable_in_view=0 reliable_seen_through=0 absence_llr=1.18066 absent_samples=0 total_samples=9365 absence_coverage_sufficient=0
3268,STATE_SLICE,STATE_SLICE inst=17 stamp=1786279318434300000 inherited_sup=0 inherited_con=0 inherited_samples=9365 inherited_supported=0 inherited_free=0 inherited_repl_other=0 inherited_repl_bg=0 inherited_occ=0 inherited_unobs=9365 session_sup=0 session_con=0 session_samples=0 cur_verts=28095 candidate_verts=0
3269,EVIDENCE,EVIDENCE inst=17 inherited_support=0 inherited_contradiction=0 session_support=0 session_contradiction=0 inherited_absent_flag=0 cur_verts=28095 observed_verts=0
3270,STATE_EVIDENCE_WINDOW,STATE_EVIDENCE_WINDOW inst=18 after=1786279316300977000 latest_measured_support=1786279318434300000 through=1786279318434300000 projected=1 support=297 contradiction=151 reliable=510 reliable_in_view=78 reliable_seen_through=7 absence_llr=0.622532 absent_samples=74 total_samples=428 absence_coverage_sufficient=0
3271,STATE_SLICE,STATE_SLICE inst=18 stamp=1786279318434300000 inherited_sup=297 inherited_con=151 inherited_samples=428 inherited_supported=297 inherited_free=57 inherited_repl_other=7 inherited_repl_bg=87 inherited_occ=96 inherited_unobs=227 session_sup=0 session_con=0 session_samples=0 cur_verts=17247 candidate_verts=0
3272,EVIDENCE,EVIDENCE inst=18 inherited_support=297 inherited_contradiction=151 session_support=0 session_contradiction=0 inherited_absent_flag=0 cur_verts=17247 observed_verts=0
3273,MOBILITY_PRIOR,MOBILITY_PRIOR inst=18 session=0 class=131 changes=0 continuations=2 alpha=0.0833333 beta=1.91667 q=0.0208333
3274,MOBILITY_PRIOR,MOBILITY_PRIOR inst=18 session=0 class=131 changes=0 continuations=2 alpha=0.0833333 beta=1.91667 q=0.0208333
3275,TOP_ABSORB,TOP_ABSORB inst=18 geom=0 support=297 high_mobility=0 absorb=1
3276,STATE_EVIDENCE_WINDOW,STATE_EVIDENCE_WINDOW inst=19 after=1786279316300977000 latest_measured_support=1786279318434300000 through=1786279318434300000 projected=1 support=461 contradiction=398 reliable=354 reliable_in_view=113 reliable_seen_through=35 absence_llr=0.814074 absent_samples=174 total_samples=553 absence_coverage_sufficient=0
3277,STATE_SLICE,STATE_SLICE inst=19 stamp=1786279318434300000 inherited_sup=461 inherited_con=398 inherited_samples=553 inherited_supported=461 inherited_free=206 inherited_repl_other=3 inherited_repl_bg=193 inherited_occ=224 inherited_unobs=96 session_sup=0 session_con=0 session_samples=0 cur_verts=20043 candidate_verts=0
3278,EVIDENCE,EVIDENCE inst=19 inherited_support=461 inherited_contradiction=398 session_support=0 session_contradiction=0 inherited_absent_flag=0 cur_verts=20043 observed_verts=0
3279,MOBILITY_PRIOR,MOBILITY_PRIOR inst=19 session=0 class=139 changes=0 continuations=4 alpha=0.0882353 beta=1.91176 q=0.0147059
3280,MOBILITY_PRIOR,MOBILITY_PRIOR inst=19 session=0 class=139 changes=0 continuations=4 alpha=0.0882353 beta=1.91176 q=0.0147059
3281,TOP_ABSORB,TOP_ABSORB inst=19 geom=0 support=461 high_mobility=0 absorb=1
3282,STATE_EVIDENCE_WINDOW,STATE_EVIDENCE_WINDOW inst=20 after=1786279301400977000 latest_measured_support=0 through=1786279318434300000 projected=1 support=0 contradiction=13 reliable=4 reliable_in_view=0 reliable_seen_through=0 absence_llr=0 absent_samples=9 total_samples=206 absence_coverage_sufficient=0
3283,STATE_SLICE,STATE_SLICE inst=20 stamp=1786279318434300000 inherited_sup=0 inherited_con=13 inherited_samples=206 inherited_supported=0 inherited_free=0 inherited_repl_other=13 inherited_repl_bg=0 inherited_occ=77 inherited_unobs=116 session_sup=0 session_con=0 session_samples=0 cur_verts=5268 candidate_verts=0
3284,EVIDENCE,EVIDENCE inst=20 inherited_support=0 inherited_contradiction=13 session_support=0 session_contradiction=0 inherited_absent_flag=0 cur_verts=5268 observed_verts=0
3285,INGEST,INGEST inst=13 first=1786279313s seg_verts=7746 cur_verts=9204 observed_verts=0
3286,INGEST_DECIDE,INGEST_DECIDE inst=13 same_session_overlap=1 contradicted=0
3287,OBJECT_EXTRACTION_INPUT,OBJECT_EXTRACTION_INPUT inst=2 first=1786279304834300000 last=1786279316267644000 observations=344 dynamic=0 motion_history=0 last_motion=0 displacement=0 static_fallback=0
3288,STATIC_SURFACE_FRAMES,STATIC_SURFACE_FRAMES inst=2 candidates=65 selected=65 first=1786279309867644000 last=1786279316267644000
3289,STATE_EVIDENCE_WINDOW,STATE_EVIDENCE_WINDOW inst=1 after=1786279305400966000 latest_measured_support=0 through=1786279320567633000 projected=0 support=0 contradiction=0 reliable=173 reliable_in_view=0 reliable_seen_through=0 absence_llr=0 absent_samples=0 total_samples=44922 absence_coverage_sufficient=0
3290,STATE_SLICE,STATE_SLICE inst=1 stamp=1786279320567633000 inherited_sup=0 inherited_con=0 inherited_samples=44922 inherited_supported=0 inherited_free=0 inherited_repl_other=0 inherited_repl_bg=0 inherited_occ=0 inherited_unobs=44922 session_sup=0 session_con=0 session_samples=0 cur_verts=134766 candidate_verts=0
3291,EVIDENCE,EVIDENCE inst=1 inherited_support=0 inherited_contradiction=0 session_support=0 session_contradiction=0 inherited_absent_flag=0 cur_verts=134766 observed_verts=0
3292,STATE_EVIDENCE_WINDOW,STATE_EVIDENCE_WINDOW inst=2 after=1786279315867644000 latest_measured_support=0 through=1786279320567633000 projected=1 support=0 contradiction=3 reliable=610 reliable_in_view=0 reliable_seen_through=0 absence_llr=0 absent_samples=3 total_samples=317 absence_coverage_sufficient=0
3293,STATE_SLICE,STATE_SLICE inst=2 stamp=1786279320567633000 inherited_sup=0 inherited_con=3 inherited_samples=317 inherited_supported=0 inherited_free=0 inherited_repl_other=0 inherited_repl_bg=3 inherited_occ=14 inherited_unobs=178 session_sup=0 session_con=0 session_samples=0 cur_verts=8589 candidate_verts=0
3294,EVIDENCE,EVIDENCE inst=2 inherited_support=0 inherited_contradiction=3 session_support=0 session_contradiction=0 inherited_absent_flag=0 cur_verts=8589 observed_verts=0
3295,STATE_EVIDENCE_WINDOW,STATE_EVIDENCE_WINDOW inst=3 after=1786279303434311000 latest_measured_support=0 through=1786279320567633000 projected=1 support=0 contradiction=7 reliable=229 reliable_in_view=0 reliable_seen_through=0 absence_llr=0 absent_samples=7 total_samples=1984 absence_coverage_sufficient=0
3296,STATE_SLICE,STATE_SLICE inst=3 stamp=1786279320567633000 inherited_sup=0 inherited_con=7 inherited_samples=1984 inherited_supported=0 inherited_free=7 inherited_repl_other=0 inherited_repl_bg=0 inherited_occ=32 inherited_unobs=1808 session_sup=0 session_con=0 session_samples=0 cur_verts=84735 candidate_verts=0
3297,EVIDENCE,EVIDENCE inst=3 inherited_support=0 inherited_contradiction=7 session_support=0 session_contradiction=0 inherited_absent_flag=0 cur_verts=84735 observed_verts=0
3298,OBJECT_EXTRACTION_INPUT,OBJECT_EXTRACTION_INPUT inst=11 first=1786279310600966000 last=1786279321000966000 observations=300 dynamic=0 motion_history=0 last_motion=0 displacement=0 static_fallback=0
3299,STATIC_SURFACE_BOUNDARY,STATIC_SURFACE_BOUNDARY inst=11 rejected_stamp=1786279317867644000 current_stamp=1786279321000966000 forward_support=384 forward_free=1 reverse_support=189 reverse_free=98 forward_sampled=510 reverse_sampled=512
3300,STATIC_SURFACE_FRAMES,STATIC_SURFACE_FRAMES inst=11 candidates=96 selected=32 first=1786279317967633000 last=1786279321000966000
3301,STATE_EVIDENCE_WINDOW,STATE_EVIDENCE_WINDOW inst=4 after=1786279303867644000 latest_measured_support=0 through=1786279320567633000 projected=1 support=0 contradiction=1 reliable=187 reliable_in_view=0 reliable_seen_through=0 absence_llr=0 absent_samples=1 total_samples=2995 absence_coverage_sufficient=0
3302,STATE_SLICE,STATE_SLICE inst=4 stamp=1786279320567633000 inherited_sup=0 inherited_con=1 inherited_samples=2995 inherited_supported=0 inherited_free=1 inherited_repl_other=0 inherited_repl_bg=0 inherited_occ=2 inherited_unobs=1846 session_sup=0 session_con=0 session_samples=0 cur_verts=214347 candidate_verts=0
3303,EVIDENCE,EVIDENCE inst=4 inherited_support=0 inherited_contradiction=1 session_support=0 session_contradiction=0 inherited_absent_flag=0 cur_verts=214347 observed_verts=0
3304,STATE_EVIDENCE_WINDOW,STATE_EVIDENCE_WINDOW inst=5 after=1786279298500977000 latest_measured_support=0 through=1786279320567633000 projected=0 support=0 contradiction=0 reliable=344 reliable_in_view=0 reliable_seen_through=0 absence_llr=0.0772214 absent_samples=0 total_samples=6754 absence_coverage_sufficient=0
3305,STATE_SLICE,STATE_SLICE inst=5 stamp=1786279320567633000 inherited_sup=0 inherited_con=0 inherited_samples=6754 inherited_supported=0 inherited_free=0 inherited_repl_other=0 inherited_repl_bg=0 inherited_occ=0 inherited_unobs=6753 session_sup=0 session_con=0 session_samples=0 cur_verts=20262 candidate_verts=0
3306,EVIDENCE,EVIDENCE inst=5 inherited_support=0 inherited_contradiction=0 session_support=0 session_contradiction=0 inherited_absent_flag=0 cur_verts=20262 observed_verts=0
3307,STATE_EVIDENCE_WINDOW,STATE_EVIDENCE_WINDOW inst=6 after=1786279310534300000 latest_measured_support=0 through=1786279320567633000 projected=1 support=0 contradiction=15 reliable=161 reliable_in_view=0 reliable_seen_through=0 absence_llr=2.22599 absent_samples=15 total_samples=2528 absence_coverage_sufficient=0
3308,STATE_SLICE,STATE_SLICE inst=6 stamp=1786279320567633000 inherited_sup=0 inherited_con=15 inherited_samples=2528 inherited_supported=0 inherited_free=0 inherited_repl_other=0 inherited_repl_bg=15 inherited_occ=54 inherited_unobs=1724 session_sup=0 session_con=0 session_samples=0 cur_verts=114999 candidate_verts=0
3309,EVIDENCE,EVIDENCE inst=6 inherited_support=0 inherited_contradiction=15 session_support=0 session_contradiction=0 inherited_absent_flag=0 cur_verts=114999 observed_verts=0
3310,STATE_EVIDENCE_WINDOW,STATE_EVIDENCE_WINDOW inst=7 after=1786279302934311000 latest_measured_support=0 through=1786279320567633000 projected=0 support=0 contradiction=0 reliable=448 reliable_in_view=0 reliable_seen_through=0 absence_llr=0 absent_samples=0 total_samples=13883 absence_coverage_sufficient=0
3311,STATE_SLICE,STATE_SLICE inst=7 stamp=1786279320567633000 inherited_sup=0 inherited_con=0 inherited_samples=13883 inherited_supported=0 inherited_free=0 inherited_repl_other=0 inherited_repl_bg=0 inherited_occ=0 inherited_unobs=13883 session_sup=0 session_con=0 session_samples=0 cur_verts=41649 candidate_verts=0
3312,EVIDENCE,EVIDENCE inst=7 inherited_support=0 inherited_contradiction=0 session_support=0 session_contradiction=0 inherited_absent_flag=0 cur_verts=41649 observed_verts=0
3313,STATE_EVIDENCE_WINDOW,STATE_EVIDENCE_WINDOW inst=10 after=1786279304334311000 latest_measured_support=0 through=1786279320567633000 projected=0 support=0 contradiction=0 reliable=403 reliable_in_view=0 reliable_seen_through=0 absence_llr=0.726237 absent_samples=0 total_samples=9094 absence_coverage_sufficient=0
3314,STATE_SLICE,STATE_SLICE inst=10 stamp=1786279320567633000 inherited_sup=0 inherited_con=0 inherited_samples=9094 inherited_supported=0 inherited_free=0 inherited_repl_other=0 inherited_repl_bg=0 inherited_occ=0 inherited_unobs=9094 session_sup=0 session_con=0 session_samples=0 cur_verts=27282 candidate_verts=0
3315,EVIDENCE,EVIDENCE inst=10 inherited_support=0 inherited_contradiction=0 session_support=0 session_contradiction=0 inherited_absent_flag=0 cur_verts=27282 observed_verts=0
3316,STATE_EVIDENCE_WINDOW,STATE_EVIDENCE_WINDOW inst=11 after=1786279318434300000 latest_measured_support=1786279320567633000 through=1786279320567633000 projected=1 support=444 contradiction=456 reliable=568 reliable_in_view=136 reliable_seen_through=9 absence_llr=1.6145 absent_samples=143 total_samples=1258 absence_coverage_sufficient=0
3317,STATE_SLICE,STATE_SLICE inst=11 stamp=1786279320567633000 inherited_sup=444 inherited_con=456 inherited_samples=1258 inherited_supported=444 inherited_free=127 inherited_repl_other=21 inherited_repl_bg=310 inherited_occ=401 inherited_unobs=431 session_sup=0 session_con=0 session_samples=0 cur_verts=50040 candidate_verts=0
3318,EVIDENCE,EVIDENCE inst=11 inherited_support=444 inherited_contradiction=456 session_support=0 session_contradiction=0 inherited_absent_flag=0 cur_verts=50040 observed_verts=0
3319,MOBILITY_PRIOR,MOBILITY_PRIOR inst=11 session=0 class=92 changes=0 continuations=3 alpha=0.0882353 beta=3.91176 q=0.012605
3320,MOBILITY_PRIOR,MOBILITY_PRIOR inst=11 session=0 class=92 changes=0 continuations=3 alpha=0.0882353 beta=3.91176 q=0.012605
3321,TOP_ABSORB,TOP_ABSORB inst=11 geom=0 support=444 high_mobility=0 absorb=1
3322,STATE_EVIDENCE_WINDOW,STATE_EVIDENCE_WINDOW inst=13 after=1786279317567633000 latest_measured_support=1786279320567633000 through=1786279320567633000 projected=1 support=48 contradiction=21 reliable=230 reliable_in_view=63 reliable_seen_through=2 absence_llr=0.00920245 absent_samples=10 total_samples=435 absence_coverage_sufficient=0
3323,STATE_SLICE,STATE_SLICE inst=13 stamp=1786279320567633000 inherited_sup=48 inherited_con=21 inherited_samples=435 inherited_supported=48 inherited_free=0 inherited_repl_other=0 inherited_repl_bg=21 inherited_occ=69 inherited_unobs=109 session_sup=0 session_con=0 session_samples=0 cur_verts=16950 candidate_verts=0
3324,EVIDENCE,EVIDENCE inst=13 inherited_support=48 inherited_contradiction=21 session_support=0 session_contradiction=0 inherited_absent_flag=0 cur_verts=16950 observed_verts=0
3325,MOBILITY_PRIOR,MOBILITY_PRIOR inst=13 session=0 class=115 changes=0 continuations=2 alpha=0.1 beta=8.9 q=0.00909091
3326,MOBILITY_PRIOR,MOBILITY_PRIOR inst=13 session=0 class=115 changes=0 continuations=2 alpha=0.1 beta=8.9 q=0.00909091
3327,TOP_ABSORB,TOP_ABSORB inst=13 geom=0 support=48 high_mobility=0 absorb=1
3328,STATE_EVIDENCE_WINDOW,STATE_EVIDENCE_WINDOW inst=14 after=1786279236367666000 latest_measured_support=0 through=1786279320567633000 projected=0 support=0 contradiction=0 reliable=132 reliable_in_view=0 reliable_seen_through=0 absence_llr=0.789442 absent_samples=0 total_samples=2784 absence_coverage_sufficient=0
3329,STATE_SLICE,STATE_SLICE inst=14 stamp=1786279320567633000 inherited_sup=0 inherited_con=0 inherited_samples=2784 inherited_supported=0 inherited_free=0 inherited_repl_other=0 inherited_repl_bg=0 inherited_occ=0 inherited_unobs=2781 session_sup=0 session_con=0 session_samples=0 cur_verts=8352 candidate_verts=0
3330,EVIDENCE,EVIDENCE inst=14 inherited_support=0 inherited_contradiction=0 session_support=0 session_contradiction=0 inherited_absent_flag=0 cur_verts=8352 observed_verts=0
3331,STATE_EVIDENCE_WINDOW,STATE_EVIDENCE_WINDOW inst=16 after=1786279285034300000 latest_measured_support=0 through=1786279320567633000 projected=1 support=0 contradiction=20 reliable=483 reliable_in_view=0 reliable_seen_through=0 absence_llr=0 absent_samples=13 total_samples=317 absence_coverage_sufficient=0
3332,STATE_SLICE,STATE_SLICE inst=16 stamp=1786279320567633000 inherited_sup=0 inherited_con=20 inherited_samples=317 inherited_supported=0 inherited_free=0 inherited_repl_other=0 inherited_repl_bg=20 inherited_occ=0 inherited_unobs=304 session_sup=0 session_con=0 session_samples=0 cur_verts=18081 candidate_verts=0
3333,EVIDENCE,EVIDENCE inst=16 inherited_support=0 inherited_contradiction=20 session_support=0 session_contradiction=0 inherited_absent_flag=0 cur_verts=18081 observed_verts=0
3334,STATE_EVIDENCE_WINDOW,STATE_EVIDENCE_WINDOW inst=17 after=1786279286400966000 latest_measured_support=0 through=1786279320567633000 projected=0 support=0 contradiction=0 reliable=662 reliable_in_view=0 reliable_seen_through=0 absence_llr=1.18066 absent_samples=0 total_samples=9365 absence_coverage_sufficient=0
3335,STATE_SLICE,STATE_SLICE inst=17 stamp=1786279320567633000 inherited_sup=0 inherited_con=0 inherited_samples=9365 inherited_supported=0 inherited_free=0 inherited_repl_other=0 inherited_repl_bg=0 inherited_occ=0 inherited_unobs=9365 session_sup=0 session_con=0 session_samples=0 cur_verts=28095 candidate_verts=0
3336,EVIDENCE,EVIDENCE inst=17 inherited_support=0 inherited_contradiction=0 session_support=0 session_contradiction=0 inherited_absent_flag=0 cur_verts=28095 observed_verts=0
3337,STATE_EVIDENCE_WINDOW,STATE_EVIDENCE_WINDOW inst=18 after=1786279318434300000 latest_measured_support=1786279320567633000 through=1786279320567633000 projected=1 support=191 contradiction=59 reliable=505 reliable_in_view=74 reliable_seen_through=4 absence_llr=0.526405 absent_samples=30 total_samples=428 absence_coverage_sufficient=0
3338,STATE_SLICE,STATE_SLICE inst=18 stamp=1786279320567633000 inherited_sup=191 inherited_con=59 inherited_samples=428 inherited_supported=192 inherited_free=0 inherited_repl_other=6 inherited_repl_bg=53 inherited_occ=86 inherited_unobs=249 session_sup=0 session_con=0 session_samples=0 cur_verts=17247 candidate_verts=0
3339,EVIDENCE,EVIDENCE inst=18 inherited_support=191 inherited_contradiction=59 session_support=0 session_contradiction=0 inherited_absent_flag=0 cur_verts=17247 observed_verts=0
3340,MOBILITY_PRIOR,MOBILITY_PRIOR inst=18 session=0 class=131 changes=0 continuations=2 alpha=0.0810811 beta=1.91892 q=0.0202703
3341,MOBILITY_PRIOR,MOBILITY_PRIOR inst=18 session=0 class=131 changes=0 continuations=2 alpha=0.0810811 beta=1.91892 q=0.0202703
3342,TOP_ABSORB,TOP_ABSORB inst=18 geom=0 support=191 high_mobility=0 absorb=1
3343,STATE_EVIDENCE_WINDOW,STATE_EVIDENCE_WINDOW inst=19 after=1786279318434300000 latest_measured_support=1786279320567633000 through=1786279320567633000 projected=1 support=452 contradiction=742 reliable=350 reliable_in_view=106 reliable_seen_through=44 absence_llr=0.834522 absent_samples=203 total_samples=553 absence_coverage_sufficient=0
3344,STATE_SLICE,STATE_SLICE inst=19 stamp=1786279320567633000 inherited_sup=452 inherited_con=742 inherited_samples=553 inherited_supported=453 inherited_free=526 inherited_repl_other=3 inherited_repl_bg=218 inherited_occ=284 inherited_unobs=140 session_sup=0 session_con=0 session_samples=0 cur_verts=20043 candidate_verts=0
3345,EVIDENCE,EVIDENCE inst=19 inherited_support=452 inherited_contradiction=742 session_support=0 session_contradiction=0 inherited_absent_flag=0 cur_verts=20043 observed_verts=0
3346,MOBILITY_PRIOR,MOBILITY_PRIOR inst=19 session=0 class=139 changes=0 continuations=4 alpha=0.0857143 beta=1.91429 q=0.0142857
3347,MOBILITY_PRIOR,MOBILITY_PRIOR inst=19 session=0 class=139 changes=0 continuations=4 alpha=0.0857143 beta=1.91429 q=0.0142857
3348,TOP_ABSORB,TOP_ABSORB inst=19 geom=0 support=452 high_mobility=0 absorb=1
3349,STATE_EVIDENCE_WINDOW,STATE_EVIDENCE_WINDOW inst=20 after=1786279301400977000 latest_measured_support=0 through=1786279320567633000 projected=1 support=0 contradiction=13 reliable=4 reliable_in_view=0 reliable_seen_through=0 absence_llr=0 absent_samples=9 total_samples=206 absence_coverage_sufficient=0
3350,STATE_SLICE,STATE_SLICE inst=20 stamp=1786279320567633000 inherited_sup=0 inherited_con=13 inherited_samples=206 inherited_supported=0 inherited_free=0 inherited_repl_other=13 inherited_repl_bg=0 inherited_occ=77 inherited_unobs=116 session_sup=0 session_con=0 session_samples=0 cur_verts=5268 candidate_verts=0
3351,EVIDENCE,EVIDENCE inst=20 inherited_support=0 inherited_contradiction=13 session_support=0 session_contradiction=0 inherited_absent_flag=0 cur_verts=5268 observed_verts=0
3352,OBJECT_EXTRACTION_INPUT,OBJECT_EXTRACTION_INPUT inst=18 first=1786279310500966000 last=1786279321400988000 observations=307 dynamic=0 motion_history=0 last_motion=0 displacement=0 static_fallback=0
3353,STATIC_SURFACE_BOUNDARY,STATIC_SURFACE_BOUNDARY inst=18 rejected_stamp=1786279316367633000 current_stamp=1786279321400988000 forward_support=200 forward_free=8 reverse_support=152 reverse_free=112 forward_sampled=511 reverse_sampled=512
3354,STATIC_SURFACE_FRAMES,STATIC_SURFACE_FRAMES inst=18 candidates=94 selected=47 first=1786279316467633000 last=1786279321400988000
3361,STATE_EVIDENCE_WINDOW,STATE_EVIDENCE_WINDOW inst=1 after=1786279305400966000 latest_measured_support=0 through=1786279322700966000 projected=0 support=0 contradiction=0 reliable=173 reliable_in_view=0 reliable_seen_through=0 absence_llr=0 absent_samples=0 total_samples=44922 absence_coverage_sufficient=0
3362,STATE_SLICE,STATE_SLICE inst=1 stamp=1786279322700966000 inherited_sup=0 inherited_con=0 inherited_samples=44922 inherited_supported=0 inherited_free=0 inherited_repl_other=0 inherited_repl_bg=0 inherited_occ=0 inherited_unobs=44922 session_sup=0 session_con=0 session_samples=0 cur_verts=134766 candidate_verts=0
3363,EVIDENCE,EVIDENCE inst=1 inherited_support=0 inherited_contradiction=0 session_support=0 session_contradiction=0 inherited_absent_flag=0 cur_verts=134766 observed_verts=0
3364,STATE_EVIDENCE_WINDOW,STATE_EVIDENCE_WINDOW inst=2 after=1786279315867644000 latest_measured_support=1786279322700966000 through=1786279322700966000 projected=1 support=362 contradiction=22 reliable=611 reliable_in_view=159 reliable_seen_through=3 absence_llr=0 absent_samples=15 total_samples=317 absence_coverage_sufficient=0
3365,STATE_SLICE,STATE_SLICE inst=2 stamp=1786279322700966000 inherited_sup=362 inherited_con=22 inherited_samples=317 inherited_supported=378 inherited_free=0 inherited_repl_other=1 inherited_repl_bg=23 inherited_occ=704 inherited_unobs=0 session_sup=0 session_con=0 session_samples=0 cur_verts=8589 candidate_verts=0
3366,EVIDENCE,EVIDENCE inst=2 inherited_support=362 inherited_contradiction=22 session_support=0 session_contradiction=0 inherited_absent_flag=0 cur_verts=8589 observed_verts=0
3367,MOBILITY_PRIOR,MOBILITY_PRIOR inst=2 session=0 class=10 changes=0 continuations=0 alpha=0.0769231 beta=1.92308 q=0.0384615
3368,MOBILITY_PRIOR,MOBILITY_PRIOR inst=2 session=0 class=10 changes=0 continuations=0 alpha=0.0769231 beta=1.92308 q=0.0384615
3369,TOP_ABSORB,TOP_ABSORB inst=2 geom=0 support=362 high_mobility=0 absorb=1
3370,STATE_EVIDENCE_WINDOW,STATE_EVIDENCE_WINDOW inst=3 after=1786279303434311000 latest_measured_support=0 through=1786279322700966000 projected=1 support=0 contradiction=7 reliable=229 reliable_in_view=0 reliable_seen_through=0 absence_llr=0 absent_samples=7 total_samples=1984 absence_coverage_sufficient=0
3371,STATE_SLICE,STATE_SLICE inst=3 stamp=1786279322700966000 inherited_sup=0 inherited_con=7 inherited_samples=1984 inherited_supported=0 inherited_free=7 inherited_repl_other=0 inherited_repl_bg=0 inherited_occ=32 inherited_unobs=1808 session_sup=0 session_con=0 session_samples=0 cur_verts=84735 candidate_verts=0
3372,EVIDENCE,EVIDENCE inst=3 inherited_support=0 inherited_contradiction=7 session_support=0 session_contradiction=0 inherited_absent_flag=0 cur_verts=84735 observed_verts=0
3373,STATE_EVIDENCE_WINDOW,STATE_EVIDENCE_WINDOW inst=4 after=1786279303867644000 latest_measured_support=0 through=1786279322700966000 projected=1 support=0 contradiction=1 reliable=187 reliable_in_view=0 reliable_seen_through=0 absence_llr=0 absent_samples=1 total_samples=2995 absence_coverage_sufficient=0
3374,STATE_SLICE,STATE_SLICE inst=4 stamp=1786279322700966000 inherited_sup=0 inherited_con=1 inherited_samples=2995 inherited_supported=0 inherited_free=1 inherited_repl_other=0 inherited_repl_bg=0 inherited_occ=2 inherited_unobs=1846 session_sup=0 session_con=0 session_samples=0 cur_verts=214347 candidate_verts=0
3375,EVIDENCE,EVIDENCE inst=4 inherited_support=0 inherited_contradiction=1 session_support=0 session_contradiction=0 inherited_absent_flag=0 cur_verts=214347 observed_verts=0
3376,STATE_EVIDENCE_WINDOW,STATE_EVIDENCE_WINDOW inst=5 after=1786279298500977000 latest_measured_support=0 through=1786279322700966000 projected=0 support=0 contradiction=0 reliable=344 reliable_in_view=0 reliable_seen_through=0 absence_llr=0.0772214 absent_samples=0 total_samples=6754 absence_coverage_sufficient=0
3377,STATE_SLICE,STATE_SLICE inst=5 stamp=1786279322700966000 inherited_sup=0 inherited_con=0 inherited_samples=6754 inherited_supported=0 inherited_free=0 inherited_repl_other=0 inherited_repl_bg=0 inherited_occ=0 inherited_unobs=6753 session_sup=0 session_con=0 session_samples=0 cur_verts=20262 candidate_verts=0
3378,EVIDENCE,EVIDENCE inst=5 inherited_support=0 inherited_contradiction=0 session_support=0 session_contradiction=0 inherited_absent_flag=0 cur_verts=20262 observed_verts=0
3379,STATE_EVIDENCE_WINDOW,STATE_EVIDENCE_WINDOW inst=6 after=1786279310534300000 latest_measured_support=1786279322700966000 through=1786279322700966000 projected=1 support=1715 contradiction=1048 reliable=196 reliable_in_view=59 reliable_seen_through=0 absence_llr=2.18203 absent_samples=345 total_samples=2528 absence_coverage_sufficient=0
3380,STATE_SLICE,STATE_SLICE inst=6 stamp=1786279322700966000 inherited_sup=1715 inherited_con=1048 inherited_samples=2528 inherited_supported=1798 inherited_free=943 inherited_repl_other=11 inherited_repl_bg=297 inherited_occ=4189 inherited_unobs=0 session_sup=0 session_con=0 session_samples=0 cur_verts=114999 candidate_verts=0
3381,EVIDENCE,EVIDENCE inst=6 inherited_support=1715 inherited_contradiction=1048 session_support=0 session_contradiction=0 inherited_absent_flag=0 cur_verts=114999 observed_verts=0
3382,MOBILITY_PRIOR,MOBILITY_PRIOR inst=6 session=0 class=35 changes=0 continuations=4 alpha=0.0909091 beta=1.90909 q=0.0151515
3383,MOBILITY_PRIOR,MOBILITY_PRIOR inst=6 session=0 class=35 changes=0 continuations=4 alpha=0.0909091 beta=1.90909 q=0.0151515
3384,TOP_ABSORB,TOP_ABSORB inst=6 geom=0 support=1715 high_mobility=0 absorb=1
3385,STATE_EVIDENCE_WINDOW,STATE_EVIDENCE_WINDOW inst=7 after=1786279302934311000 latest_measured_support=0 through=1786279322700966000 projected=0 support=0 contradiction=0 reliable=448 reliable_in_view=0 reliable_seen_through=0 absence_llr=0 absent_samples=0 total_samples=13883 absence_coverage_sufficient=0
3386,STATE_SLICE,STATE_SLICE inst=7 stamp=1786279322700966000 inherited_sup=0 inherited_con=0 inherited_samples=13883 inherited_supported=0 inherited_free=0 inherited_repl_other=0 inherited_repl_bg=0 inherited_occ=0 inherited_unobs=13883 session_sup=0 session_con=0 session_samples=0 cur_verts=41649 candidate_verts=0
3387,EVIDENCE,EVIDENCE inst=7 inherited_support=0 inherited_contradiction=0 session_support=0 session_contradiction=0 inherited_absent_flag=0 cur_verts=41649 observed_verts=0
3388,STATE_EVIDENCE_WINDOW,STATE_EVIDENCE_WINDOW inst=10 after=1786279304334311000 latest_measured_support=0 through=1786279322700966000 projected=0 support=0 contradiction=0 reliable=403 reliable_in_view=0 reliable_seen_through=0 absence_llr=0.726237 absent_samples=0 total_samples=9094 absence_coverage_sufficient=0
3389,STATE_SLICE,STATE_SLICE inst=10 stamp=1786279322700966000 inherited_sup=0 inherited_con=0 inherited_samples=9094 inherited_supported=0 inherited_free=0 inherited_repl_other=0 inherited_repl_bg=0 inherited_occ=0 inherited_unobs=9094 session_sup=0 session_con=0 session_samples=0 cur_verts=27282 candidate_verts=0
3390,EVIDENCE,EVIDENCE inst=10 inherited_support=0 inherited_contradiction=0 session_support=0 session_contradiction=0 inherited_absent_flag=0 cur_verts=27282 observed_verts=0
3391,STATE_EVIDENCE_WINDOW,STATE_EVIDENCE_WINDOW inst=11 after=1786279320567633000 latest_measured_support=1786279322700966000 through=1786279322700966000 projected=1 support=2692 contradiction=590 reliable=619 reliable_in_view=356 reliable_seen_through=16 absence_llr=1.41944 absent_samples=170 total_samples=1258 absence_coverage_sufficient=0
3392,STATE_SLICE,STATE_SLICE inst=11 stamp=1786279322700966000 inherited_sup=2692 inherited_con=590 inherited_samples=1258 inherited_supported=2712 inherited_free=273 inherited_repl_other=18 inherited_repl_bg=303 inherited_occ=1442 inherited_unobs=42 session_sup=0 session_con=0 session_samples=0 cur_verts=50040 candidate_verts=0
3393,EVIDENCE,EVIDENCE inst=11 inherited_support=2692 inherited_contradiction=590 session_support=0 session_contradiction=0 inherited_absent_flag=0 cur_verts=50040 observed_verts=0
3394,MOBILITY_PRIOR,MOBILITY_PRIOR inst=11 session=0 class=92 changes=0 continuations=3 alpha=0.0882353 beta=3.91176 q=0.012605
3395,MOBILITY_PRIOR,MOBILITY_PRIOR inst=11 session=0 class=92 changes=0 continuations=3 alpha=0.0882353 beta=3.91176 q=0.012605
3396,TOP_ABSORB,TOP_ABSORB inst=11 geom=0 support=2692 high_mobility=0 absorb=1
3397,STATE_EVIDENCE_WINDOW,STATE_EVIDENCE_WINDOW inst=13 after=1786279320567633000 latest_measured_support=1786279322700966000 through=1786279322700966000 projected=1 support=637 contradiction=161 reliable=330 reliable_in_view=212 reliable_seen_through=7 absence_llr=0 absent_samples=60 total_samples=435 absence_coverage_sufficient=0
3398,STATE_SLICE,STATE_SLICE inst=13 stamp=1786279322700966000 inherited_sup=637 inherited_con=161 inherited_samples=435 inherited_supported=644 inherited_free=13 inherited_repl_other=83 inherited_repl_bg=66 inherited_occ=839 inherited_unobs=0 session_sup=0 session_con=0 session_samples=0 cur_verts=16950 candidate_verts=0
3399,EVIDENCE,EVIDENCE inst=13 inherited_support=637 inherited_contradiction=161 session_support=0 session_contradiction=0 inherited_absent_flag=0 cur_verts=16950 observed_verts=0
3400,MOBILITY_PRIOR,MOBILITY_PRIOR inst=13 session=0 class=115 changes=0 continuations=2 alpha=0.1 beta=8.9 q=0.00909091
3401,MOBILITY_PRIOR,MOBILITY_PRIOR inst=13 session=0 class=115 changes=0 continuations=2 alpha=0.1 beta=8.9 q=0.00909091
3402,TOP_ABSORB,TOP_ABSORB inst=13 geom=0 support=637 high_mobility=0 absorb=1
3403,STATE_EVIDENCE_WINDOW,STATE_EVIDENCE_WINDOW inst=14 after=1786279236367666000 latest_measured_support=0 through=1786279322700966000 projected=1 support=0 contradiction=14 reliable=132 reliable_in_view=34 reliable_seen_through=0 absence_llr=0.789442 absent_samples=10 total_samples=210 absence_coverage_sufficient=0
3404,STATE_SLICE,STATE_SLICE inst=14 stamp=1786279322700966000 inherited_sup=0 inherited_con=14 inherited_samples=210 inherited_supported=0 inherited_free=9 inherited_repl_other=6 inherited_repl_bg=0 inherited_occ=325 inherited_unobs=0 session_sup=0 session_con=0 session_samples=0 cur_verts=8352 candidate_verts=0
3405,EVIDENCE,EVIDENCE inst=14 inherited_support=0 inherited_contradiction=14 session_support=0 session_contradiction=0 inherited_absent_flag=0 cur_verts=8352 observed_verts=0
3406,STATE_EVIDENCE_WINDOW,STATE_EVIDENCE_WINDOW inst=16 after=1786279285034300000 latest_measured_support=1786279322700966000 through=1786279322700966000 projected=1 support=153 contradiction=20 reliable=486 reliable_in_view=59 reliable_seen_through=0 absence_llr=0 absent_samples=13 total_samples=317 absence_coverage_sufficient=0
3407,STATE_SLICE,STATE_SLICE inst=16 stamp=1786279322700966000 inherited_sup=153 inherited_con=20 inherited_samples=317 inherited_supported=159 inherited_free=0 inherited_repl_other=0 inherited_repl_bg=20 inherited_occ=39 inherited_unobs=0 session_sup=0 session_con=0 session_samples=0 cur_verts=18081 candidate_verts=0
3408,EVIDENCE,EVIDENCE inst=16 inherited_support=153 inherited_contradiction=20 session_support=0 session_contradiction=0 inherited_absent_flag=0 cur_verts=18081 observed_verts=0
3409,MOBILITY_PRIOR,MOBILITY_PRIOR inst=16 session=0 class=115 changes=0 continuations=3 alpha=0.1 beta=7.9 q=0.00909091
3410,MOBILITY_PRIOR,MOBILITY_PRIOR inst=16 session=0 class=115 changes=0 continuations=3 alpha=0.1 beta=7.9 q=0.00909091
3411,TOP_ABSORB,TOP_ABSORB inst=16 geom=0 support=153 high_mobility=0 absorb=1
3412,STATE_EVIDENCE_WINDOW,STATE_EVIDENCE_WINDOW inst=17 after=1786279286400966000 latest_measured_support=1786279322700966000 through=1786279322700966000 projected=1 support=8 contradiction=0 reliable=662 reliable_in_view=0 reliable_seen_through=0 absence_llr=1.18066 absent_samples=0 total_samples=440 absence_coverage_sufficient=0
3413,STATE_SLICE,STATE_SLICE inst=17 stamp=1786279322700966000 inherited_sup=8 inherited_con=0 inherited_samples=440 inherited_supported=8 inherited_free=0 inherited_repl_other=0 inherited_repl_bg=0 inherited_occ=20 inherited_unobs=0 session_sup=0 session_con=0 session_samples=0 cur_verts=28095 candidate_verts=0
3414,EVIDENCE,EVIDENCE inst=17 inherited_support=8 inherited_contradiction=0 session_support=0 session_contradiction=0 inherited_absent_flag=0 cur_verts=28095 observed_verts=0
3415,MOBILITY_PRIOR,MOBILITY_PRIOR inst=17 session=0 class=115 changes=0 continuations=4 alpha=0.1 beta=6.9 q=0.00909091
3416,MOBILITY_PRIOR,MOBILITY_PRIOR inst=17 session=0 class=115 changes=0 continuations=4 alpha=0.1 beta=6.9 q=0.00909091
3417,TOP_ABSORB,TOP_ABSORB inst=17 geom=0 support=8 high_mobility=0 absorb=1
3418,STATE_EVIDENCE_WINDOW,STATE_EVIDENCE_WINDOW inst=18 after=1786279320567633000 latest_measured_support=1786279322700966000 through=1786279322700966000 projected=1 support=816 contradiction=85 reliable=589 reliable_in_view=401 reliable_seen_through=13 absence_llr=0 absent_samples=36 total_samples=428 absence_coverage_sufficient=0
3419,STATE_SLICE,STATE_SLICE inst=18 stamp=1786279322700966000 inherited_sup=816 inherited_con=85 inherited_samples=428 inherited_supported=826 inherited_free=11 inherited_repl_other=29 inherited_repl_bg=45 inherited_occ=298 inherited_unobs=29 session_sup=0 session_con=0 session_samples=0 cur_verts=17247 candidate_verts=0
3420,EVIDENCE,EVIDENCE inst=18 inherited_support=816 inherited_contradiction=85 session_support=0 session_contradiction=0 inherited_absent_flag=0 cur_verts=17247 observed_verts=0
3421,MOBILITY_PRIOR,MOBILITY_PRIOR inst=18 session=0 class=131 changes=0 continuations=2 alpha=0.0810811 beta=1.91892 q=0.0202703
3422,MOBILITY_PRIOR,MOBILITY_PRIOR inst=18 session=0 class=131 changes=0 continuations=2 alpha=0.0810811 beta=1.91892 q=0.0202703
3423,TOP_ABSORB,TOP_ABSORB inst=18 geom=0 support=816 high_mobility=0 absorb=1
3424,STATE_EVIDENCE_WINDOW,STATE_EVIDENCE_WINDOW inst=19 after=1786279320567633000 latest_measured_support=1786279322700966000 through=1786279322700966000 projected=1 support=548 contradiction=470 reliable=350 reliable_in_view=75 reliable_seen_through=19 absence_llr=0.834575 absent_samples=165 total_samples=553 absence_coverage_sufficient=0
3425,STATE_SLICE,STATE_SLICE inst=19 stamp=1786279322700966000 inherited_sup=548 inherited_con=470 inherited_samples=553 inherited_supported=548 inherited_free=295 inherited_repl_other=24 inherited_repl_bg=157 inherited_occ=114 inherited_unobs=198 session_sup=0 session_con=0 session_samples=0 cur_verts=20043 candidate_verts=0
3426,EVIDENCE,EVIDENCE inst=19 inherited_support=548 inherited_contradiction=470 session_support=0 session_contradiction=0 inherited_absent_flag=0 cur_verts=20043 observed_verts=0
3427,MOBILITY_PRIOR,MOBILITY_PRIOR inst=19 session=0 class=139 changes=0 continuations=4 alpha=0.0857143 beta=1.91429 q=0.0142857
3428,MOBILITY_PRIOR,MOBILITY_PRIOR inst=19 session=0 class=139 changes=0 continuations=4 alpha=0.0857143 beta=1.91429 q=0.0142857
3429,TOP_ABSORB,TOP_ABSORB inst=19 geom=0 support=548 high_mobility=0 absorb=1
3430,STATE_EVIDENCE_WINDOW,STATE_EVIDENCE_WINDOW inst=20 after=1786279301400977000 latest_measured_support=0 through=1786279322700966000 projected=1 support=0 contradiction=13 reliable=4 reliable_in_view=0 reliable_seen_through=0 absence_llr=0 absent_samples=9 total_samples=206 absence_coverage_sufficient=0
3431,STATE_SLICE,STATE_SLICE inst=20 stamp=1786279322700966000 inherited_sup=0 inherited_con=13 inherited_samples=206 inherited_supported=0 inherited_free=0 inherited_repl_other=13 inherited_repl_bg=0 inherited_occ=77 inherited_unobs=108 session_sup=0 session_con=0 session_samples=0 cur_verts=5268 candidate_verts=0
3432,EVIDENCE,EVIDENCE inst=20 inherited_support=0 inherited_contradiction=13 session_support=0 session_contradiction=0 inherited_absent_flag=0 cur_verts=5268 observed_verts=0
3433,INGEST,INGEST inst=2 first=1786279309s seg_verts=11418 cur_verts=8589 observed_verts=0
3434,INGEST_DECIDE,INGEST_DECIDE inst=2 same_session_overlap=1 contradicted=0
3435,INGEST,INGEST inst=11 first=1786279317s seg_verts=8502 cur_verts=50040 observed_verts=0
3436,INGEST_DECIDE,INGEST_DECIDE inst=11 same_session_overlap=1 contradicted=0
3437,INGEST,INGEST inst=18 first=1786279316s seg_verts=7083 cur_verts=17247 observed_verts=0
3438,INGEST_DECIDE,INGEST_DECIDE inst=18 same_session_overlap=1 contradicted=0
3447,STATE_EVIDENCE_WINDOW,STATE_EVIDENCE_WINDOW inst=1 after=1786279305400966000 latest_measured_support=0 through=1786279324800977000 projected=0 support=0 contradiction=0 reliable=173 reliable_in_view=0 reliable_seen_through=0 absence_llr=0 absent_samples=0 total_samples=44922 absence_coverage_sufficient=0
3448,STATE_SLICE,STATE_SLICE inst=1 stamp=1786279324800977000 inherited_sup=0 inherited_con=0 inherited_samples=44922 inherited_supported=0 inherited_free=0 inherited_repl_other=0 inherited_repl_bg=0 inherited_occ=0 inherited_unobs=44922 session_sup=0 session_con=0 session_samples=0 cur_verts=134766 candidate_verts=0
3449,EVIDENCE,EVIDENCE inst=1 inherited_support=0 inherited_contradiction=0 session_support=0 session_contradiction=0 inherited_absent_flag=0 cur_verts=134766 observed_verts=0
3450,STATE_EVIDENCE_WINDOW,STATE_EVIDENCE_WINDOW inst=2 after=1786279322700966000 latest_measured_support=1786279324800977000 through=1786279324800977000 projected=1 support=575 contradiction=87 reliable=618 reliable_in_view=172 reliable_seen_through=0 absence_llr=0 absent_samples=27 total_samples=445 absence_coverage_sufficient=0
3451,STATE_SLICE,STATE_SLICE inst=2 stamp=1786279324800977000 inherited_sup=575 inherited_con=87 inherited_samples=445 inherited_supported=616 inherited_free=15 inherited_repl_other=1 inherited_repl_bg=74 inherited_occ=991 inherited_unobs=0 session_sup=0 session_con=0 session_samples=0 cur_verts=20007 candidate_verts=0
3452,EVIDENCE,EVIDENCE inst=2 inherited_support=575 inherited_contradiction=87 session_support=0 session_contradiction=0 inherited_absent_flag=0 cur_verts=20007 observed_verts=0
3453,MOBILITY_PRIOR,MOBILITY_PRIOR inst=2 session=0 class=10 changes=0 continuations=1 alpha=0.0731707 beta=1.92683 q=0.0243902
3454,MOBILITY_PRIOR,MOBILITY_PRIOR inst=2 session=0 class=10 changes=0 continuations=1 alpha=0.0731707 beta=1.92683 q=0.0243902
3455,TOP_ABSORB,TOP_ABSORB inst=2 geom=0 support=575 high_mobility=0 absorb=1
3456,STATE_EVIDENCE_WINDOW,STATE_EVIDENCE_WINDOW inst=3 after=1786279303434311000 latest_measured_support=0 through=1786279324800977000 projected=1 support=0 contradiction=7 reliable=229 reliable_in_view=0 reliable_seen_through=0 absence_llr=0 absent_samples=7 total_samples=1984 absence_coverage_sufficient=0
3457,STATE_SLICE,STATE_SLICE inst=3 stamp=1786279324800977000 inherited_sup=0 inherited_con=7 inherited_samples=1984 inherited_supported=0 inherited_free=7 inherited_repl_other=0 inherited_repl_bg=0 inherited_occ=32 inherited_unobs=1607 session_sup=0 session_con=0 session_samples=0 cur_verts=84735 candidate_verts=0
3458,EVIDENCE,EVIDENCE inst=3 inherited_support=0 inherited_contradiction=7 session_support=0 session_contradiction=0 inherited_absent_flag=0 cur_verts=84735 observed_verts=0
3459,STATE_EVIDENCE_WINDOW,STATE_EVIDENCE_WINDOW inst=4 after=1786279303867644000 latest_measured_support=0 through=1786279324800977000 projected=1 support=0 contradiction=1 reliable=187 reliable_in_view=0 reliable_seen_through=0 absence_llr=0 absent_samples=1 total_samples=2995 absence_coverage_sufficient=0
3460,STATE_SLICE,STATE_SLICE inst=4 stamp=1786279324800977000 inherited_sup=0 inherited_con=1 inherited_samples=2995 inherited_supported=0 inherited_free=1 inherited_repl_other=0 inherited_repl_bg=0 inherited_occ=2 inherited_unobs=1846 session_sup=0 session_con=0 session_samples=0 cur_verts=214347 candidate_verts=0
3461,EVIDENCE,EVIDENCE inst=4 inherited_support=0 inherited_contradiction=1 session_support=0 session_contradiction=0 inherited_absent_flag=0 cur_verts=214347 observed_verts=0
3462,STATE_EVIDENCE_WINDOW,STATE_EVIDENCE_WINDOW inst=5 after=1786279298500977000 latest_measured_support=0 through=1786279324800977000 projected=0 support=0 contradiction=0 reliable=344 reliable_in_view=0 reliable_seen_through=0 absence_llr=0.0772214 absent_samples=0 total_samples=6754 absence_coverage_sufficient=0
3463,STATE_SLICE,STATE_SLICE inst=5 stamp=1786279324800977000 inherited_sup=0 inherited_con=0 inherited_samples=6754 inherited_supported=0 inherited_free=0 inherited_repl_other=0 inherited_repl_bg=0 inherited_occ=0 inherited_unobs=6753 session_sup=0 session_con=0 session_samples=0 cur_verts=20262 candidate_verts=0
3464,EVIDENCE,EVIDENCE inst=5 inherited_support=0 inherited_contradiction=0 session_support=0 session_contradiction=0 inherited_absent_flag=0 cur_verts=20262 observed_verts=0
3465,STATE_EVIDENCE_WINDOW,STATE_EVIDENCE_WINDOW inst=6 after=1786279322700966000 latest_measured_support=1786279324800977000 through=1786279324800977000 projected=1 support=1813 contradiction=1236 reliable=210 reliable_in_view=67 reliable_seen_through=2 absence_llr=2.17262 absent_samples=331 total_samples=2528 absence_coverage_sufficient=0
3466,STATE_SLICE,STATE_SLICE inst=6 stamp=1786279324800977000 inherited_sup=1813 inherited_con=1236 inherited_samples=2528 inherited_supported=1999 inherited_free=1245 inherited_repl_other=28 inherited_repl_bg=326 inherited_occ=5553 inherited_unobs=0 session_sup=0 session_con=0 session_samples=0 cur_verts=114999 candidate_verts=0
3467,EVIDENCE,EVIDENCE inst=6 inherited_support=1813 inherited_contradiction=1236 session_support=0 session_contradiction=0 inherited_absent_flag=0 cur_verts=114999 observed_verts=0
3468,MOBILITY_PRIOR,MOBILITY_PRIOR inst=6 session=0 class=35 changes=0 continuations=4 alpha=0.0909091 beta=1.90909 q=0.0151515
3469,MOBILITY_PRIOR,MOBILITY_PRIOR inst=6 session=0 class=35 changes=0 continuations=4 alpha=0.0909091 beta=1.90909 q=0.0151515
3470,TOP_ABSORB,TOP_ABSORB inst=6 geom=0 support=1813 high_mobility=0 absorb=1
3471,STATE_EVIDENCE_WINDOW,STATE_EVIDENCE_WINDOW inst=7 after=1786279302934311000 latest_measured_support=0 through=1786279324800977000 projected=0 support=0 contradiction=0 reliable=448 reliable_in_view=0 reliable_seen_through=0 absence_llr=0 absent_samples=0 total_samples=13883 absence_coverage_sufficient=0
3472,STATE_SLICE,STATE_SLICE inst=7 stamp=1786279324800977000 inherited_sup=0 inherited_con=0 inherited_samples=13883 inherited_supported=0 inherited_free=0 inherited_repl_other=0 inherited_repl_bg=0 inherited_occ=0 inherited_unobs=13883 session_sup=0 session_con=0 session_samples=0 cur_verts=41649 candidate_verts=0
3473,EVIDENCE,EVIDENCE inst=7 inherited_support=0 inherited_contradiction=0 session_support=0 session_contradiction=0 inherited_absent_flag=0 cur_verts=41649 observed_verts=0
3474,STATE_EVIDENCE_WINDOW,STATE_EVIDENCE_WINDOW inst=10 after=1786279304334311000 latest_measured_support=0 through=1786279324800977000 projected=1 support=0 contradiction=1 reliable=403 reliable_in_view=0 reliable_seen_through=0 absence_llr=0.726237 absent_samples=1 total_samples=787 absence_coverage_sufficient=0
3475,STATE_SLICE,STATE_SLICE inst=10 stamp=1786279324800977000 inherited_sup=0 inherited_con=1 inherited_samples=787 inherited_supported=0 inherited_free=1 inherited_repl_other=0 inherited_repl_bg=0 inherited_occ=0 inherited_unobs=525 session_sup=0 session_con=0 session_samples=0 cur_verts=27282 candidate_verts=0
3476,EVIDENCE,EVIDENCE inst=10 inherited_support=0 inherited_contradiction=1 session_support=0 session_contradiction=0 inherited_absent_flag=0 cur_verts=27282 observed_verts=0
3477,STATE_EVIDENCE_WINDOW,STATE_EVIDENCE_WINDOW inst=11 after=1786279322700966000 latest_measured_support=1786279324800977000 through=1786279324800977000 projected=1 support=2973 contradiction=685 reliable=635 reliable_in_view=428 reliable_seen_through=8 absence_llr=1.1153 absent_samples=185 total_samples=1291 absence_coverage_sufficient=0
3478,STATE_SLICE,STATE_SLICE inst=11 stamp=1786279324800977000 inherited_sup=2973 inherited_con=685 inherited_samples=1291 inherited_supported=3015 inherited_free=246 inherited_repl_other=32 inherited_repl_bg=413 inherited_occ=1780 inherited_unobs=28 session_sup=0 session_con=0 session_samples=0 cur_verts=58542 candidate_verts=0
3479,EVIDENCE,EVIDENCE inst=11 inherited_support=2973 inherited_contradiction=685 session_support=0 session_contradiction=0 inherited_absent_flag=0 cur_verts=58542 observed_verts=0
3480,MOBILITY_PRIOR,MOBILITY_PRIOR inst=11 session=0 class=92 changes=0 continuations=4 alpha=0.0833333 beta=3.91667 q=0.0104167
3481,MOBILITY_PRIOR,MOBILITY_PRIOR inst=11 session=0 class=92 changes=0 continuations=4 alpha=0.0833333 beta=3.91667 q=0.0104167
3482,TOP_ABSORB,TOP_ABSORB inst=11 geom=0 support=2973 high_mobility=0 absorb=1
3483,STATE_EVIDENCE_WINDOW,STATE_EVIDENCE_WINDOW inst=13 after=1786279322700966000 latest_measured_support=1786279324800977000 through=1786279324800977000 projected=1 support=441 contradiction=158 reliable=323 reliable_in_view=127 reliable_seen_through=5 absence_llr=0 absent_samples=68 total_samples=435 absence_coverage_sufficient=0
3484,STATE_SLICE,STATE_SLICE inst=13 stamp=1786279324800977000 inherited_sup=441 inherited_con=158 inherited_samples=435 inherited_supported=446 inherited_free=15 inherited_repl_other=84 inherited_repl_bg=65 inherited_occ=853 inherited_unobs=0 session_sup=0 session_con=0 session_samples=0 cur_verts=16950 candidate_verts=0
3485,EVIDENCE,EVIDENCE inst=13 inherited_support=441 inherited_contradiction=158 session_support=0 session_contradiction=0 inherited_absent_flag=0 cur_verts=16950 observed_verts=0
3486,MOBILITY_PRIOR,MOBILITY_PRIOR inst=13 session=0 class=115 changes=0 continuations=2 alpha=0.0909091 beta=8.90909 q=0.00826446
3487,MOBILITY_PRIOR,MOBILITY_PRIOR inst=13 session=0 class=115 changes=0 continuations=2 alpha=0.0909091 beta=8.90909 q=0.00826446
3488,TOP_ABSORB,TOP_ABSORB inst=13 geom=0 support=441 high_mobility=0 absorb=1
3489,STATE_EVIDENCE_WINDOW,STATE_EVIDENCE_WINDOW inst=14 after=1786279236367666000 latest_measured_support=0 through=1786279324800977000 projected=1 support=0 contradiction=58 reliable=132 reliable_in_view=58 reliable_seen_through=0 absence_llr=0.789442 absent_samples=22 total_samples=210 absence_coverage_sufficient=0
3490,STATE_SLICE,STATE_SLICE inst=14 stamp=1786279324800977000 inherited_sup=0 inherited_con=58 inherited_samples=210 inherited_supported=0 inherited_free=49 inherited_repl_other=9 inherited_repl_bg=5 inherited_occ=904 inherited_unobs=0 session_sup=0 session_con=0 session_samples=0 cur_verts=8352 candidate_verts=0
3491,EVIDENCE,EVIDENCE inst=14 inherited_support=0 inherited_contradiction=58 session_support=0 session_contradiction=0 inherited_absent_flag=0 cur_verts=8352 observed_verts=0
3492,STATE_EVIDENCE_WINDOW,STATE_EVIDENCE_WINDOW inst=16 after=1786279322700966000 latest_measured_support=1786279324800977000 through=1786279324800977000 projected=1 support=792 contradiction=1 reliable=559 reliable_in_view=175 reliable_seen_through=1 absence_llr=0 absent_samples=1 total_samples=317 absence_coverage_sufficient=0
3493,STATE_SLICE,STATE_SLICE inst=16 stamp=1786279324800977000 inherited_sup=792 inherited_con=1 inherited_samples=317 inherited_supported=838 inherited_free=0 inherited_repl_other=0 inherited_repl_bg=1 inherited_occ=133 inherited_unobs=0 session_sup=0 session_con=0 session_samples=0 cur_verts=18081 candidate_verts=0
3494,EVIDENCE,EVIDENCE inst=16 inherited_support=792 inherited_contradiction=1 session_support=0 session_contradiction=0 inherited_absent_flag=0 cur_verts=18081 observed_verts=0
3495,MOBILITY_PRIOR,MOBILITY_PRIOR inst=16 session=0 class=115 changes=0 continuations=3 alpha=0.0909091 beta=7.90909 q=0.00826446
3496,MOBILITY_PRIOR,MOBILITY_PRIOR inst=16 session=0 class=115 changes=0 continuations=3 alpha=0.0909091 beta=7.90909 q=0.00826446
3497,TOP_ABSORB,TOP_ABSORB inst=16 geom=0 support=792 high_mobility=0 absorb=1
3498,STATE_EVIDENCE_WINDOW,STATE_EVIDENCE_WINDOW inst=17 after=1786279322700966000 latest_measured_support=1786279324800977000 through=1786279324800977000 projected=1 support=869 contradiction=82 reliable=671 reliable_in_view=56 reliable_seen_through=0 absence_llr=1.16887 absent_samples=33 total_samples=440 absence_coverage_sufficient=0
3499,STATE_SLICE,STATE_SLICE inst=17 stamp=1786279324800977000 inherited_sup=869 inherited_con=82 inherited_samples=440 inherited_supported=906 inherited_free=2 inherited_repl_other=0 inherited_repl_bg=83 inherited_occ=276 inherited_unobs=0 session_sup=0 session_con=0 session_samples=0 cur_verts=28095 candidate_verts=0
3500,EVIDENCE,EVIDENCE inst=17 inherited_support=869 inherited_contradiction=82 session_support=0 session_contradiction=0 inherited_absent_flag=0 cur_verts=28095 observed_verts=0
3501,MOBILITY_PRIOR,MOBILITY_PRIOR inst=17 session=0 class=115 changes=0 continuations=4 alpha=0.0909091 beta=6.90909 q=0.00826446
3502,MOBILITY_PRIOR,MOBILITY_PRIOR inst=17 session=0 class=115 changes=0 continuations=4 alpha=0.0909091 beta=6.90909 q=0.00826446
3503,TOP_ABSORB,TOP_ABSORB inst=17 geom=0 support=869 high_mobility=0 absorb=1
3504,STATE_EVIDENCE_WINDOW,STATE_EVIDENCE_WINDOW inst=18 after=1786279322700966000 latest_measured_support=1786279324800977000 through=1786279324800977000 projected=1 support=979 contradiction=190 reliable=553 reliable_in_view=348 reliable_seen_through=0 absence_llr=0 absent_samples=63 total_samples=541 absence_coverage_sufficient=0
3505,STATE_SLICE,STATE_SLICE inst=18 stamp=1786279324800977000 inherited_sup=979 inherited_con=190 inherited_samples=541 inherited_supported=992 inherited_free=43 inherited_repl_other=15 inherited_repl_bg=136 inherited_occ=592 inherited_unobs=22 session_sup=0 session_con=0 session_samples=0 cur_verts=24330 candidate_verts=0
3506,EVIDENCE,EVIDENCE inst=18 inherited_support=979 inherited_contradiction=190 session_support=0 session_contradiction=0 inherited_absent_flag=0 cur_verts=24330 observed_verts=0
3507,MOBILITY_PRIOR,MOBILITY_PRIOR inst=18 session=0 class=131 changes=0 continuations=3 alpha=0.0769231 beta=1.92308 q=0.0153846
3508,MOBILITY_PRIOR,MOBILITY_PRIOR inst=18 session=0 class=131 changes=0 continuations=3 alpha=0.0769231 beta=1.92308 q=0.0153846
3509,TOP_ABSORB,TOP_ABSORB inst=18 geom=0 support=979 high_mobility=0 absorb=1
3510,STATE_EVIDENCE_WINDOW,STATE_EVIDENCE_WINDOW inst=19 after=1786279322700966000 latest_measured_support=1786279324800977000 through=1786279324800977000 projected=1 support=461 contradiction=672 reliable=350 reliable_in_view=100 reliable_seen_through=22 absence_llr=0.826638 absent_samples=201 total_samples=553 absence_coverage_sufficient=0
3511,STATE_SLICE,STATE_SLICE inst=19 stamp=1786279324800977000 inherited_sup=461 inherited_con=672 inherited_samples=553 inherited_supported=463 inherited_free=302 inherited_repl_other=46 inherited_repl_bg=336 inherited_occ=151 inherited_unobs=152 session_sup=0 session_con=0 session_samples=0 cur_verts=20043 candidate_verts=0
3512,EVIDENCE,EVIDENCE inst=19 inherited_support=461 inherited_contradiction=672 session_support=0 session_contradiction=0 inherited_absent_flag=0 cur_verts=20043 observed_verts=0
3513,MOBILITY_PRIOR,MOBILITY_PRIOR inst=19 session=0 class=139 changes=0 continuations=4 alpha=0.0789474 beta=1.92105 q=0.0131579
3514,MOBILITY_PRIOR,MOBILITY_PRIOR inst=19 session=0 class=139 changes=0 continuations=4 alpha=0.0789474 beta=1.92105 q=0.0131579
3515,TOP_ABSORB,TOP_ABSORB inst=19 geom=0 support=461 high_mobility=0 absorb=1
3516,STATE_EVIDENCE_WINDOW,STATE_EVIDENCE_WINDOW inst=20 after=1786279301400977000 latest_measured_support=0 through=1786279324800977000 projected=1 support=0 contradiction=13 reliable=4 reliable_in_view=0 reliable_seen_through=0 absence_llr=0 absent_samples=9 total_samples=206 absence_coverage_sufficient=0
3517,STATE_SLICE,STATE_SLICE inst=20 stamp=1786279324800977000 inherited_sup=0 inherited_con=13 inherited_samples=206 inherited_supported=0 inherited_free=0 inherited_repl_other=13 inherited_repl_bg=0 inherited_occ=77 inherited_unobs=45 session_sup=0 session_con=0 session_samples=0 cur_verts=5268 candidate_verts=0
3518,EVIDENCE,EVIDENCE inst=20 inherited_support=0 inherited_contradiction=13 session_support=0 session_contradiction=0 inherited_absent_flag=0 cur_verts=5268 observed_verts=0
3519,OBJECT_EXTRACTION_INPUT,OBJECT_EXTRACTION_INPUT inst=19 first=1786279315734311000 last=1786279326100966000 observations=312 dynamic=0 motion_history=0 last_motion=0 displacement=0 static_fallback=0
3520,STATIC_SURFACE_BOUNDARY,STATIC_SURFACE_BOUNDARY inst=19 rejected_stamp=1786279325767633000 current_stamp=1786279326100966000 forward_support=211 forward_free=0 reverse_support=319 reverse_free=119 forward_sampled=500 reverse_sampled=506
3521,STATIC_SURFACE_FRAMES,STATIC_SURFACE_FRAMES inst=19 candidates=100 selected=4 first=1786279325867644000 last=1786279326100966000
3523,STATE_EVIDENCE_WINDOW,STATE_EVIDENCE_WINDOW inst=1 after=1786279305400966000 latest_measured_support=0 through=1786279326967644000 projected=1 support=0 contradiction=3 reliable=173 reliable_in_view=0 reliable_seen_through=0 absence_llr=0 absent_samples=3 total_samples=3204 absence_coverage_sufficient=0
3524,STATE_SLICE,STATE_SLICE inst=1 stamp=1786279326967644000 inherited_sup=0 inherited_con=3 inherited_samples=3204 inherited_supported=0 inherited_free=3 inherited_repl_other=0 inherited_repl_bg=0 inherited_occ=0 inherited_unobs=2476 session_sup=0 session_con=0 session_samples=0 cur_verts=134766 candidate_verts=0
3525,EVIDENCE,EVIDENCE inst=1 inherited_support=0 inherited_contradiction=3 session_support=0 session_contradiction=0 inherited_absent_flag=0 cur_verts=134766 observed_verts=0
3526,STATE_EVIDENCE_WINDOW,STATE_EVIDENCE_WINDOW inst=2 after=1786279324800977000 latest_measured_support=1786279326967644000 through=1786279326967644000 projected=1 support=704 contradiction=155 reliable=638 reliable_in_view=374 reliable_seen_through=34 absence_llr=0 absent_samples=89 total_samples=445 absence_coverage_sufficient=0
3527,STATE_SLICE,STATE_SLICE inst=2 stamp=1786279326967644000 inherited_sup=704 inherited_con=155 inherited_samples=445 inherited_supported=730 inherited_free=72 inherited_repl_other=1 inherited_repl_bg=84 inherited_occ=749 inherited_unobs=0 session_sup=0 session_con=0 session_samples=0 cur_verts=20007 candidate_verts=0
3528,EVIDENCE,EVIDENCE inst=2 inherited_support=704 inherited_contradiction=155 session_support=0 session_contradiction=0 inherited_absent_flag=0 cur_verts=20007 observed_verts=0
3529,MOBILITY_PRIOR,MOBILITY_PRIOR inst=2 session=0 class=10 changes=0 continuations=1 alpha=0.0731707 beta=1.92683 q=0.0243902
3530,MOBILITY_PRIOR,MOBILITY_PRIOR inst=2 session=0 class=10 changes=0 continuations=1 alpha=0.0731707 beta=1.92683 q=0.0243902
3531,TOP_ABSORB,TOP_ABSORB inst=2 geom=0 support=704 high_mobility=0 absorb=1
3532,STATE_EVIDENCE_WINDOW,STATE_EVIDENCE_WINDOW inst=3 after=1786279303434311000 latest_measured_support=1786279325667655000 through=1786279326967644000 projected=1 support=28 contradiction=13 reliable=229 reliable_in_view=0 reliable_seen_through=0 absence_llr=0 absent_samples=13 total_samples=1984 absence_coverage_sufficient=0
3533,STATE_SLICE,STATE_SLICE inst=3 stamp=1786279326967644000 inherited_sup=28 inherited_con=13 inherited_samples=1984 inherited_supported=29 inherited_free=13 inherited_repl_other=0 inherited_repl_bg=0 inherited_occ=54 inherited_unobs=510 session_sup=0 session_con=0 session_samples=0 cur_verts=84735 candidate_verts=0
3534,EVIDENCE,EVIDENCE inst=3 inherited_support=28 inherited_contradiction=13 session_support=0 session_contradiction=0 inherited_absent_flag=0 cur_verts=84735 observed_verts=0
3535,MOBILITY_PRIOR,MOBILITY_PRIOR inst=3 session=0 class=15 changes=0 continuations=5 alpha=0.0810811 beta=1.91892 q=0.011583
3536,MOBILITY_PRIOR,MOBILITY_PRIOR inst=3 session=0 class=15 changes=0 continuations=5 alpha=0.0810811 beta=1.91892 q=0.011583
3537,TOP_ABSORB,TOP_ABSORB inst=3 geom=0 support=28 high_mobility=0 absorb=1
3538,STATE_EVIDENCE_WINDOW,STATE_EVIDENCE_WINDOW inst=4 after=1786279303867644000 latest_measured_support=0 through=1786279326967644000 projected=1 support=0 contradiction=1 reliable=187 reliable_in_view=0 reliable_seen_through=0 absence_llr=0 absent_samples=1 total_samples=2995 absence_coverage_sufficient=0
3539,STATE_SLICE,STATE_SLICE inst=4 stamp=1786279326967644000 inherited_sup=0 inherited_con=1 inherited_samples=2995 inherited_supported=0 inherited_free=1 inherited_repl_other=0 inherited_repl_bg=0 inherited_occ=2 inherited_unobs=1846 session_sup=0 session_con=0 session_samples=0 cur_verts=214347 candidate_verts=0
3540,EVIDENCE,EVIDENCE inst=4 inherited_support=0 inherited_contradiction=1 session_support=0 session_contradiction=0 inherited_absent_flag=0 cur_verts=214347 observed_verts=0
3541,STATE_EVIDENCE_WINDOW,STATE_EVIDENCE_WINDOW inst=5 after=1786279298500977000 latest_measured_support=0 through=1786279326967644000 projected=1 support=0 contradiction=18 reliable=344 reliable_in_view=11 reliable_seen_through=7 absence_llr=0.0772214 absent_samples=17 total_samples=609 absence_coverage_sufficient=0
3542,STATE_SLICE,STATE_SLICE inst=5 stamp=1786279326967644000 inherited_sup=0 inherited_con=18 inherited_samples=609 inherited_supported=0 inherited_free=0 inherited_repl_other=9 inherited_repl_bg=10 inherited_occ=12 inherited_unobs=0 session_sup=0 session_con=0 session_samples=0 cur_verts=20262 candidate_verts=0
3543,EVIDENCE,EVIDENCE inst=5 inherited_support=0 inherited_contradiction=18 session_support=0 session_contradiction=0 inherited_absent_flag=0 cur_verts=20262 observed_verts=0
3544,STATE_EVIDENCE_WINDOW,STATE_EVIDENCE_WINDOW inst=6 after=1786279324800977000 latest_measured_support=1786279326967644000 through=1786279326967644000 projected=1 support=4822 contradiction=1412 reliable=270 reliable_in_view=171 reliable_seen_through=1 absence_llr=2.10835 absent_samples=592 total_samples=2528 absence_coverage_sufficient=0
3545,STATE_SLICE,STATE_SLICE inst=6 stamp=1786279326967644000 inherited_sup=4822 inherited_con=1412 inherited_samples=2528 inherited_supported=5179 inherited_free=1345 inherited_repl_other=11 inherited_repl_bg=284 inherited_occ=2957 inherited_unobs=0 session_sup=0 session_con=0 session_samples=0 cur_verts=114999 candidate_verts=0
3546,EVIDENCE,EVIDENCE inst=6 inherited_support=4822 inherited_contradiction=1412 session_support=0 session_contradiction=0 inherited_absent_flag=0 cur_verts=114999 observed_verts=0
3547,MOBILITY_PRIOR,MOBILITY_PRIOR inst=6 session=0 class=35 changes=0 continuations=4 alpha=0.0909091 beta=1.90909 q=0.0151515
3548,MOBILITY_PRIOR,MOBILITY_PRIOR inst=6 session=0 class=35 changes=0 continuations=4 alpha=0.0909091 beta=1.90909 q=0.0151515
3549,TOP_ABSORB,TOP_ABSORB inst=6 geom=0 support=4822 high_mobility=0 absorb=1
3550,STATE_EVIDENCE_WINDOW,STATE_EVIDENCE_WINDOW inst=7 after=1786279302934311000 latest_measured_support=0 through=1786279326967644000 projected=0 support=0 contradiction=0 reliable=448 reliable_in_view=0 reliable_seen_through=0 absence_llr=0 absent_samples=0 total_samples=13883 absence_coverage_sufficient=0
3551,STATE_SLICE,STATE_SLICE inst=7 stamp=1786279326967644000 inherited_sup=0 inherited_con=0 inherited_samples=13883 inherited_supported=0 inherited_free=0 inherited_repl_other=0 inherited_repl_bg=0 inherited_occ=0 inherited_unobs=13883 session_sup=0 session_con=0 session_samples=0 cur_verts=41649 candidate_verts=0
3552,EVIDENCE,EVIDENCE inst=7 inherited_support=0 inherited_contradiction=0 session_support=0 session_contradiction=0 inherited_absent_flag=0 cur_verts=41649 observed_verts=0
3553,STATE_EVIDENCE_WINDOW,STATE_EVIDENCE_WINDOW inst=10 after=1786279304334311000 latest_measured_support=1786279325667655000 through=1786279326967644000 projected=1 support=10 contradiction=193 reliable=403 reliable_in_view=23 reliable_seen_through=16 absence_llr=0.726237 absent_samples=59 total_samples=787 absence_coverage_sufficient=0
3554,STATE_SLICE,STATE_SLICE inst=10 stamp=1786279326967644000 inherited_sup=10 inherited_con=193 inherited_samples=787 inherited_supported=10 inherited_free=201 inherited_repl_other=0 inherited_repl_bg=1 inherited_occ=11 inherited_unobs=228 session_sup=0 session_con=0 session_samples=0 cur_verts=27282 candidate_verts=0
3555,EVIDENCE,EVIDENCE inst=10 inherited_support=10 inherited_contradiction=193 session_support=0 session_contradiction=0 inherited_absent_flag=0 cur_verts=27282 observed_verts=0
3556,MOBILITY_PRIOR,MOBILITY_PRIOR inst=10 session=0 class=75 changes=0 continuations=4 alpha=0.0789474 beta=1.92105 q=0.0131579
3557,MOBILITY_PRIOR,MOBILITY_PRIOR inst=10 session=0 class=75 changes=0 continuations=4 alpha=0.0789474 beta=1.92105 q=0.0131579
3558,TOP_ABSORB,TOP_ABSORB inst=10 geom=0 support=10 high_mobility=0 absorb=1
3567,STATE_EVIDENCE_WINDOW,STATE_EVIDENCE_WINDOW inst=11 after=1786279324800977000 latest_measured_support=1786279326967644000 through=1786279326967644000 projected=1 support=3029 contradiction=307 reliable=623 reliable_in_view=477 reliable_seen_through=0 absence_llr=1.03339 absent_samples=94 total_samples=1291 absence_coverage_sufficient=0
3568,STATE_SLICE,STATE_SLICE inst=11 stamp=1786279326967644000 inherited_sup=3029 inherited_con=307 inherited_samples=1291 inherited_supported=3072 inherited_free=165 inherited_repl_other=23 inherited_repl_bg=121 inherited_occ=1541 inherited_unobs=48 session_sup=0 session_con=0 session_samples=0 cur_verts=58542 candidate_verts=0
3569,EVIDENCE,EVIDENCE inst=11 inherited_support=3029 inherited_contradiction=307 session_support=0 session_contradiction=0 inherited_absent_flag=0 cur_verts=58542 observed_verts=0
3570,MOBILITY_PRIOR,MOBILITY_PRIOR inst=11 session=0 class=92 changes=0 continuations=4 alpha=0.0833333 beta=3.91667 q=0.0104167
3571,MOBILITY_PRIOR,MOBILITY_PRIOR inst=11 session=0 class=92 changes=0 continuations=4 alpha=0.0833333 beta=3.91667 q=0.0104167
3572,TOP_ABSORB,TOP_ABSORB inst=11 geom=0 support=3029 high_mobility=0 absorb=1
3573,STATE_EVIDENCE_WINDOW,STATE_EVIDENCE_WINDOW inst=13 after=1786279324800977000 latest_measured_support=1786279326967644000 through=1786279326967644000 projected=1 support=620 contradiction=114 reliable=324 reliable_in_view=208 reliable_seen_through=6 absence_llr=0 absent_samples=57 total_samples=435 absence_coverage_sufficient=0
3574,STATE_SLICE,STATE_SLICE inst=13 stamp=1786279326967644000 inherited_sup=620 inherited_con=114 inherited_samples=435 inherited_supported=632 inherited_free=34 inherited_repl_other=31 inherited_repl_bg=50 inherited_occ=813 inherited_unobs=0 session_sup=0 session_con=0 session_samples=0 cur_verts=16950 candidate_verts=0
3575,EVIDENCE,EVIDENCE inst=13 inherited_support=620 inherited_contradiction=114 session_support=0 session_contradiction=0 inherited_absent_flag=0 cur_verts=16950 observed_verts=0
3576,MOBILITY_PRIOR,MOBILITY_PRIOR inst=13 session=0 class=115 changes=0 continuations=2 alpha=0.0909091 beta=8.90909 q=0.00826446
3577,MOBILITY_PRIOR,MOBILITY_PRIOR inst=13 session=0 class=115 changes=0 continuations=2 alpha=0.0909091 beta=8.90909 q=0.00826446
3578,TOP_ABSORB,TOP_ABSORB inst=13 geom=0 support=620 high_mobility=0 absorb=1
3579,STATE_EVIDENCE_WINDOW,STATE_EVIDENCE_WINDOW inst=14 after=1786279236367666000 latest_measured_support=1786279326967644000 through=1786279326967644000 projected=1 support=170 contradiction=144 reliable=137 reliable_in_view=86 reliable_seen_through=3 absence_llr=0.74733 absent_samples=47 total_samples=210 absence_coverage_sufficient=0
3580,STATE_SLICE,STATE_SLICE inst=14 stamp=1786279326967644000 inherited_sup=170 inherited_con=144 inherited_samples=210 inherited_supported=175 inherited_free=122 inherited_repl_other=16 inherited_repl_bg=19 inherited_occ=1215 inherited_unobs=0 session_sup=0 session_con=0 session_samples=0 cur_verts=8352 candidate_verts=0
3581,EVIDENCE,EVIDENCE inst=14 inherited_support=170 inherited_contradiction=144 session_support=0 session_contradiction=0 inherited_absent_flag=0 cur_verts=8352 observed_verts=0
3582,MOBILITY_PRIOR,MOBILITY_PRIOR inst=14 session=0 class=92 changes=0 continuations=2 alpha=0.0833333 beta=5.91667 q=0.0104167
3583,MOBILITY_PRIOR,MOBILITY_PRIOR inst=14 session=0 class=92 changes=0 continuations=2 alpha=0.0833333 beta=5.91667 q=0.0104167
3584,TOP_ABSORB,TOP_ABSORB inst=14 geom=0 support=170 high_mobility=0 absorb=1
3585,STATE_EVIDENCE_WINDOW,STATE_EVIDENCE_WINDOW inst=16 after=1786279324800977000 latest_measured_support=1786279326967644000 through=1786279326967644000 projected=1 support=694 contradiction=21 reliable=594 reliable_in_view=313 reliable_seen_through=28 absence_llr=0 absent_samples=21 total_samples=317 absence_coverage_sufficient=0
3586,STATE_SLICE,STATE_SLICE inst=16 stamp=1786279326967644000 inherited_sup=694 inherited_con=21 inherited_samples=317 inherited_supported=728 inherited_free=15 inherited_repl_other=1 inherited_repl_bg=7 inherited_occ=156 inherited_unobs=0 session_sup=0 session_con=0 session_samples=0 cur_verts=18081 candidate_verts=0
3587,EVIDENCE,EVIDENCE inst=16 inherited_support=694 inherited_contradiction=21 session_support=0 session_contradiction=0 inherited_absent_flag=0 cur_verts=18081 observed_verts=0
3588,MOBILITY_PRIOR,MOBILITY_PRIOR inst=16 session=0 class=115 changes=0 continuations=3 alpha=0.0909091 beta=7.90909 q=0.00826446
3589,MOBILITY_PRIOR,MOBILITY_PRIOR inst=16 session=0 class=115 changes=0 continuations=3 alpha=0.0909091 beta=7.90909 q=0.00826446
3590,TOP_ABSORB,TOP_ABSORB inst=16 geom=0 support=694 high_mobility=0 absorb=1
3591,STATE_EVIDENCE_WINDOW,STATE_EVIDENCE_WINDOW inst=17 after=1786279324800977000 latest_measured_support=1786279326967644000 through=1786279326967644000 projected=1 support=931 contradiction=169 reliable=722 reliable_in_view=168 reliable_seen_through=19 absence_llr=1.10338 absent_samples=115 total_samples=440 absence_coverage_sufficient=0
3592,STATE_SLICE,STATE_SLICE inst=17 stamp=1786279326967644000 inherited_sup=931 inherited_con=169 inherited_samples=440 inherited_supported=969 inherited_free=20 inherited_repl_other=0 inherited_repl_bg=157 inherited_occ=319 inherited_unobs=0 session_sup=0 session_con=0 session_samples=0 cur_verts=28095 candidate_verts=0
3593,EVIDENCE,EVIDENCE inst=17 inherited_support=931 inherited_contradiction=169 session_support=0 session_contradiction=0 inherited_absent_flag=0 cur_verts=28095 observed_verts=0
3594,MOBILITY_PRIOR,MOBILITY_PRIOR inst=17 session=0 class=115 changes=0 continuations=4 alpha=0.0909091 beta=6.90909 q=0.00826446
3595,MOBILITY_PRIOR,MOBILITY_PRIOR inst=17 session=0 class=115 changes=0 continuations=4 alpha=0.0909091 beta=6.90909 q=0.00826446
3596,TOP_ABSORB,TOP_ABSORB inst=17 geom=0 support=931 high_mobility=0 absorb=1
3597,STATE_EVIDENCE_WINDOW,STATE_EVIDENCE_WINDOW inst=18 after=1786279324800977000 latest_measured_support=1786279326967644000 through=1786279326967644000 projected=1 support=1157 contradiction=93 reliable=576 reliable_in_view=479 reliable_seen_through=18 absence_llr=0 absent_samples=64 total_samples=541 absence_coverage_sufficient=0
3598,STATE_SLICE,STATE_SLICE inst=18 stamp=1786279326967644000 inherited_sup=1157 inherited_con=93 inherited_samples=541 inherited_supported=1176 inherited_free=21 inherited_repl_other=27 inherited_repl_bg=47 inherited_occ=467 inherited_unobs=22 session_sup=0 session_con=0 session_samples=0 cur_verts=24330 candidate_verts=0
3599,EVIDENCE,EVIDENCE inst=18 inherited_support=1157 inherited_contradiction=93 session_support=0 session_contradiction=0 inherited_absent_flag=0 cur_verts=24330 observed_verts=0
3600,MOBILITY_PRIOR,MOBILITY_PRIOR inst=18 session=0 class=131 changes=0 continuations=3 alpha=0.0769231 beta=1.92308 q=0.0153846
3601,MOBILITY_PRIOR,MOBILITY_PRIOR inst=18 session=0 class=131 changes=0 continuations=3 alpha=0.0769231 beta=1.92308 q=0.0153846
3602,TOP_ABSORB,TOP_ABSORB inst=18 geom=0 support=1157 high_mobility=0 absorb=1
3603,STATE_EVIDENCE_WINDOW,STATE_EVIDENCE_WINDOW inst=19 after=1786279324800977000 latest_measured_support=1786279326967644000 through=1786279326967644000 projected=1 support=528 contradiction=270 reliable=410 reliable_in_view=204 reliable_seen_through=6 absence_llr=0.781396 absent_samples=88 total_samples=553 absence_coverage_sufficient=0
3604,STATE_SLICE,STATE_SLICE inst=19 stamp=1786279326967644000 inherited_sup=528 inherited_con=270 inherited_samples=553 inherited_supported=529 inherited_free=191 inherited_repl_other=17 inherited_repl_bg=64 inherited_occ=49 inherited_unobs=186 session_sup=0 session_con=0 session_samples=0 cur_verts=20043 candidate_verts=0
3605,EVIDENCE,EVIDENCE inst=19 inherited_support=528 inherited_contradiction=270 session_support=0 session_contradiction=0 inherited_absent_flag=0 cur_verts=20043 observed_verts=0
3606,MOBILITY_PRIOR,MOBILITY_PRIOR inst=19 session=0 class=139 changes=0 continuations=4 alpha=0.0789474 beta=1.92105 q=0.0131579
3607,MOBILITY_PRIOR,MOBILITY_PRIOR inst=19 session=0 class=139 changes=0 continuations=4 alpha=0.0789474 beta=1.92105 q=0.0131579
3608,TOP_ABSORB,TOP_ABSORB inst=19 geom=0 support=528 high_mobility=0 absorb=1
3609,STATE_EVIDENCE_WINDOW,STATE_EVIDENCE_WINDOW inst=20 after=1786279301400977000 latest_measured_support=0 through=1786279326967644000 projected=1 support=0 contradiction=13 reliable=4 reliable_in_view=0 reliable_seen_through=0 absence_llr=0 absent_samples=9 total_samples=206 absence_coverage_sufficient=0
3610,STATE_SLICE,STATE_SLICE inst=20 stamp=1786279326967644000 inherited_sup=0 inherited_con=13 inherited_samples=206 inherited_supported=0 inherited_free=0 inherited_repl_other=13 inherited_repl_bg=0 inherited_occ=102 inherited_unobs=1 session_sup=0 session_con=0 session_samples=0 cur_verts=5268 candidate_verts=0
3611,EVIDENCE,EVIDENCE inst=20 inherited_support=0 inherited_contradiction=13 session_support=0 session_contradiction=0 inherited_absent_flag=0 cur_verts=5268 observed_verts=0
3612,INGEST,INGEST inst=19 first=1786279325s seg_verts=2334 cur_verts=20043 observed_verts=0
3613,INGEST_DECIDE,INGEST_DECIDE inst=19 same_session_overlap=1 contradicted=0
3615,OBJECT_EXTRACTION_INPUT,OBJECT_EXTRACTION_INPUT inst=13 first=1786279304467644000 last=1786279328667644000 observations=612 dynamic=0 motion_history=0 last_motion=0 displacement=0 static_fallback=0
3616,STATIC_SURFACE_BOUNDARY,STATIC_SURFACE_BOUNDARY inst=13 rejected_stamp=1786279324967633000 current_stamp=1786279328667644000 forward_support=328 forward_free=105 reverse_support=292 reverse_free=0 forward_sampled=504 reverse_sampled=478
3617,STATIC_SURFACE_FRAMES,STATIC_SURFACE_FRAMES inst=13 candidates=87 selected=37 first=1786279325067633000 last=1786279328667644000
3618,STATE_EVIDENCE_WINDOW,STATE_EVIDENCE_WINDOW inst=1 after=1786279305400966000 latest_measured_support=0 through=1786279329100977000 projected=1 support=0 contradiction=3 reliable=173 reliable_in_view=0 reliable_seen_through=0 absence_llr=0 absent_samples=3 total_samples=3204 absence_coverage_sufficient=0
3619,STATE_SLICE,STATE_SLICE inst=1 stamp=1786279329100977000 inherited_sup=0 inherited_con=3 inherited_samples=3204 inherited_supported=0 inherited_free=3 inherited_repl_other=0 inherited_repl_bg=0 inherited_occ=0 inherited_unobs=2476 session_sup=0 session_con=0 session_samples=0 cur_verts=134766 candidate_verts=0
3620,EVIDENCE,EVIDENCE inst=1 inherited_support=0 inherited_contradiction=3 session_support=0 session_contradiction=0 inherited_absent_flag=0 cur_verts=134766 observed_verts=0
3621,STATE_EVIDENCE_WINDOW,STATE_EVIDENCE_WINDOW inst=2 after=1786279326967644000 latest_measured_support=1786279329100977000 through=1786279329100977000 projected=1 support=920 contradiction=253 reliable=623 reliable_in_view=362 reliable_seen_through=2 absence_llr=0 absent_samples=69 total_samples=445 absence_coverage_sufficient=0
3622,STATE_SLICE,STATE_SLICE inst=2 stamp=1786279329100977000 inherited_sup=920 inherited_con=253 inherited_samples=445 inherited_supported=939 inherited_free=129 inherited_repl_other=0 inherited_repl_bg=131 inherited_occ=693 inherited_unobs=0 session_sup=0 session_con=0 session_samples=0 cur_verts=20007 candidate_verts=0
3623,EVIDENCE,EVIDENCE inst=2 inherited_support=920 inherited_contradiction=253 session_support=0 session_contradiction=0 inherited_absent_flag=0 cur_verts=20007 observed_verts=0
3624,MOBILITY_PRIOR,MOBILITY_PRIOR inst=2 session=0 class=10 changes=0 continuations=1 alpha=0.0714286 beta=1.92857 q=0.0238095
3625,MOBILITY_PRIOR,MOBILITY_PRIOR inst=2 session=0 class=10 changes=0 continuations=1 alpha=0.0714286 beta=1.92857 q=0.0238095
3626,TOP_ABSORB,TOP_ABSORB inst=2 geom=0 support=920 high_mobility=0 absorb=1
3627,STATE_EVIDENCE_WINDOW,STATE_EVIDENCE_WINDOW inst=3 after=1786279325667655000 latest_measured_support=0 through=1786279329100977000 projected=0 support=0 contradiction=0 reliable=229 reliable_in_view=0 reliable_seen_through=0 absence_llr=0 absent_samples=0 total_samples=28245 absence_coverage_sufficient=0
3628,STATE_SLICE,STATE_SLICE inst=3 stamp=1786279329100977000 inherited_sup=0 inherited_con=0 inherited_samples=28245 inherited_supported=0 inherited_free=0 inherited_repl_other=0 inherited_repl_bg=0 inherited_occ=0 inherited_unobs=28245 session_sup=0 session_con=0 session_samples=0 cur_verts=84735 candidate_verts=0
3629,EVIDENCE,EVIDENCE inst=3 inherited_support=0 inherited_contradiction=0 session_support=0 session_contradiction=0 inherited_absent_flag=0 cur_verts=84735 observed_verts=0
3630,STATE_EVIDENCE_WINDOW,STATE_EVIDENCE_WINDOW inst=4 after=1786279303867644000 latest_measured_support=0 through=1786279329100977000 projected=1 support=0 contradiction=1 reliable=187 reliable_in_view=0 reliable_seen_through=0 absence_llr=0 absent_samples=1 total_samples=2995 absence_coverage_sufficient=0
3631,STATE_SLICE,STATE_SLICE inst=4 stamp=1786279329100977000 inherited_sup=0 inherited_con=1 inherited_samples=2995 inherited_supported=0 inherited_free=1 inherited_repl_other=0 inherited_repl_bg=0 inherited_occ=2 inherited_unobs=1846 session_sup=0 session_con=0 session_samples=0 cur_verts=214347 candidate_verts=0
3632,EVIDENCE,EVIDENCE inst=4 inherited_support=0 inherited_contradiction=1 session_support=0 session_contradiction=0 inherited_absent_flag=0 cur_verts=214347 observed_verts=0
3633,STATE_EVIDENCE_WINDOW,STATE_EVIDENCE_WINDOW inst=5 after=1786279298500977000 latest_measured_support=0 through=1786279329100977000 projected=1 support=0 contradiction=18 reliable=344 reliable_in_view=0 reliable_seen_through=0 absence_llr=0.0772214 absent_samples=17 total_samples=609 absence_coverage_sufficient=0
3634,STATE_SLICE,STATE_SLICE inst=5 stamp=1786279329100977000 inherited_sup=0 inherited_con=18 inherited_samples=609 inherited_supported=0 inherited_free=0 inherited_repl_other=9 inherited_repl_bg=10 inherited_occ=12 inherited_unobs=0 session_sup=0 session_con=0 session_samples=0 cur_verts=20262 candidate_verts=0
3635,EVIDENCE,EVIDENCE inst=5 inherited_support=0 inherited_contradiction=18 session_support=0 session_contradiction=0 inherited_absent_flag=0 cur_verts=20262 observed_verts=0
3636,STATE_EVIDENCE_WINDOW,STATE_EVIDENCE_WINDOW inst=6 after=1786279326967644000 latest_measured_support=1786279329100977000 through=1786279329100977000 projected=1 support=5527 contradiction=943 reliable=307 reliable_in_view=206 reliable_seen_through=0 absence_llr=2.05561 absent_samples=336 total_samples=2528 absence_coverage_sufficient=0
3637,STATE_SLICE,STATE_SLICE inst=6 stamp=1786279329100977000 inherited_sup=5527 inherited_con=943 inherited_samples=2528 inherited_supported=5947 inherited_free=828 inherited_repl_other=5 inherited_repl_bg=218 inherited_occ=2514 inherited_unobs=0 session_sup=0 session_con=0 session_samples=0 cur_verts=114999 candidate_verts=0
3638,EVIDENCE,EVIDENCE inst=6 inherited_support=5527 inherited_contradiction=943 session_support=0 session_contradiction=0 inherited_absent_flag=0 cur_verts=114999 observed_verts=0
3639,MOBILITY_PRIOR,MOBILITY_PRIOR inst=6 session=0 class=35 changes=0 continuations=4 alpha=0.0909091 beta=1.90909 q=0.0151515
3640,MOBILITY_PRIOR,MOBILITY_PRIOR inst=6 session=0 class=35 changes=0 continuations=4 alpha=0.0909091 beta=1.90909 q=0.0151515
3641,TOP_ABSORB,TOP_ABSORB inst=6 geom=0 support=5527 high_mobility=0 absorb=1
3642,STATE_EVIDENCE_WINDOW,STATE_EVIDENCE_WINDOW inst=7 after=1786279302934311000 latest_measured_support=0 through=1786279329100977000 projected=0 support=0 contradiction=0 reliable=448 reliable_in_view=0 reliable_seen_through=0 absence_llr=0 absent_samples=0 total_samples=13883 absence_coverage_sufficient=0
3643,STATE_SLICE,STATE_SLICE inst=7 stamp=1786279329100977000 inherited_sup=0 inherited_con=0 inherited_samples=13883 inherited_supported=0 inherited_free=0 inherited_repl_other=0 inherited_repl_bg=0 inherited_occ=0 inherited_unobs=13883 session_sup=0 session_con=0 session_samples=0 cur_verts=41649 candidate_verts=0
3644,EVIDENCE,EVIDENCE inst=7 inherited_support=0 inherited_contradiction=0 session_support=0 session_contradiction=0 inherited_absent_flag=0 cur_verts=41649 observed_verts=0
3645,STATE_EVIDENCE_WINDOW,STATE_EVIDENCE_WINDOW inst=10 after=1786279325667655000 latest_measured_support=0 through=1786279329100977000 projected=1 support=0 contradiction=97 reliable=403 reliable_in_view=0 reliable_seen_through=0 absence_llr=0.726237 absent_samples=56 total_samples=787 absence_coverage_sufficient=0
3646,STATE_SLICE,STATE_SLICE inst=10 stamp=1786279329100977000 inherited_sup=0 inherited_con=97 inherited_samples=787 inherited_supported=0 inherited_free=101 inherited_repl_other=0 inherited_repl_bg=0 inherited_occ=3 inherited_unobs=331 session_sup=0 session_con=0 session_samples=0 cur_verts=27282 candidate_verts=0
3647,EVIDENCE,EVIDENCE inst=10 inherited_support=0 inherited_contradiction=97 session_support=0 session_contradiction=0 inherited_absent_flag=0 cur_verts=27282 observed_verts=0
3648,OBJECT_EXTRACTION_INPUT,OBJECT_EXTRACTION_INPUT inst=10 first=1786279325067633000 last=1786279326700977000 observations=48 dynamic=0 motion_history=0 last_motion=0 displacement=0 static_fallback=0
3649,STATIC_SURFACE_FRAMES,STATIC_SURFACE_FRAMES inst=10 candidates=17 selected=17 first=1786279325067633000 last=1786279326667644000
3650,STATE_EVIDENCE_WINDOW,STATE_EVIDENCE_WINDOW inst=11 after=1786279326967644000 latest_measured_support=1786279329100977000 through=1786279329100977000 projected=1 support=3103 contradiction=278 reliable=632 reliable_in_view=471 reliable_seen_through=3 absence_llr=1.00556 absent_samples=86 total_samples=1291 absence_coverage_sufficient=0
3651,STATE_SLICE,STATE_SLICE inst=11 stamp=1786279329100977000 inherited_sup=3103 inherited_con=278 inherited_samples=1291 inherited_supported=3143 inherited_free=184 inherited_repl_other=16 inherited_repl_bg=85 inherited_occ=1289 inherited_unobs=66 session_sup=0 session_con=0 session_samples=0 cur_verts=58542 candidate_verts=0
3652,EVIDENCE,EVIDENCE inst=11 inherited_support=3103 inherited_contradiction=278 session_support=0 session_contradiction=0 inherited_absent_flag=0 cur_verts=58542 observed_verts=0
3653,MOBILITY_PRIOR,MOBILITY_PRIOR inst=11 session=0 class=92 changes=0 continuations=4 alpha=0.0810811 beta=3.91892 q=0.0101351
3654,MOBILITY_PRIOR,MOBILITY_PRIOR inst=11 session=0 class=92 changes=0 continuations=4 alpha=0.0810811 beta=3.91892 q=0.0101351
3655,TOP_ABSORB,TOP_ABSORB inst=11 geom=0 support=3103 high_mobility=0 absorb=1
3656,STATE_EVIDENCE_WINDOW,STATE_EVIDENCE_WINDOW inst=13 after=1786279326967644000 latest_measured_support=1786279329100977000 through=1786279329100977000 projected=1 support=754 contradiction=124 reliable=341 reliable_in_view=204 reliable_seen_through=1 absence_llr=0 absent_samples=40 total_samples=435 absence_coverage_sufficient=0
3657,STATE_SLICE,STATE_SLICE inst=13 stamp=1786279329100977000 inherited_sup=754 inherited_con=124 inherited_samples=435 inherited_supported=774 inherited_free=37 inherited_repl_other=38 inherited_repl_bg=52 inherited_occ=761 inherited_unobs=0 session_sup=0 session_con=0 session_samples=0 cur_verts=16950 candidate_verts=0
3658,EVIDENCE,EVIDENCE inst=13 inherited_support=754 inherited_contradiction=124 session_support=0 session_contradiction=0 inherited_absent_flag=0 cur_verts=16950 observed_verts=0
3659,MOBILITY_PRIOR,MOBILITY_PRIOR inst=13 session=0 class=115 changes=0 continuations=2 alpha=0.0882353 beta=8.91176 q=0.00802139
3660,MOBILITY_PRIOR,MOBILITY_PRIOR inst=13 session=0 class=115 changes=0 continuations=2 alpha=0.0882353 beta=8.91176 q=0.00802139
3661,TOP_ABSORB,TOP_ABSORB inst=13 geom=0 support=754 high_mobility=0 absorb=1
3662,STATE_EVIDENCE_WINDOW,STATE_EVIDENCE_WINDOW inst=14 after=1786279326967644000 latest_measured_support=1786279329100977000 through=1786279329100977000 projected=1 support=298 contradiction=28 reliable=139 reliable_in_view=71 reliable_seen_through=0 absence_llr=0.700504 absent_samples=19 total_samples=210 absence_coverage_sufficient=0
3663,STATE_SLICE,STATE_SLICE inst=14 stamp=1786279329100977000 inherited_sup=298 inherited_con=28 inherited_samples=210 inherited_supported=304 inherited_free=30 inherited_repl_other=0 inherited_repl_bg=0 inherited_occ=233 inherited_unobs=0 session_sup=0 session_con=0 session_samples=0 cur_verts=8352 candidate_verts=0
3664,EVIDENCE,EVIDENCE inst=14 inherited_support=298 inherited_contradiction=28 session_support=0 session_contradiction=0 inherited_absent_flag=0 cur_verts=8352 observed_verts=0
3665,MOBILITY_PRIOR,MOBILITY_PRIOR inst=14 session=0 class=92 changes=0 continuations=2 alpha=0.0810811 beta=5.91892 q=0.0101351
3666,MOBILITY_PRIOR,MOBILITY_PRIOR inst=14 session=0 class=92 changes=0 continuations=2 alpha=0.0810811 beta=5.91892 q=0.0101351
3667,TOP_ABSORB,TOP_ABSORB inst=14 geom=0 support=298 high_mobility=0 absorb=1
3668,STATE_EVIDENCE_WINDOW,STATE_EVIDENCE_WINDOW inst=16 after=1786279326967644000 latest_measured_support=1786279329100977000 through=1786279329100977000 projected=1 support=368 contradiction=2 reliable=583 reliable_in_view=201 reliable_seen_through=1 absence_llr=0 absent_samples=1 total_samples=317 absence_coverage_sufficient=0
3669,STATE_SLICE,STATE_SLICE inst=16 stamp=1786279329100977000 inherited_sup=368 inherited_con=2 inherited_samples=317 inherited_supported=384 inherited_free=0 inherited_repl_other=0 inherited_repl_bg=2 inherited_occ=109 inherited_unobs=0 session_sup=0 session_con=0 session_samples=0 cur_verts=18081 candidate_verts=0
3670,EVIDENCE,EVIDENCE inst=16 inherited_support=368 inherited_contradiction=2 session_support=0 session_contradiction=0 inherited_absent_flag=0 cur_verts=18081 observed_verts=0
3671,MOBILITY_PRIOR,MOBILITY_PRIOR inst=16 session=0 class=115 changes=0 continuations=3 alpha=0.0882353 beta=7.91176 q=0.00802139
3672,MOBILITY_PRIOR,MOBILITY_PRIOR inst=16 session=0 class=115 changes=0 continuations=3 alpha=0.0882353 beta=7.91176 q=0.00802139
3673,TOP_ABSORB,TOP_ABSORB inst=16 geom=0 support=368 high_mobility=0 absorb=1
3674,STATE_EVIDENCE_WINDOW,STATE_EVIDENCE_WINDOW inst=17 after=1786279326967644000 latest_measured_support=1786279329100977000 through=1786279329100977000 projected=1 support=51 contradiction=4 reliable=726 reliable_in_view=8 reliable_seen_through=0 absence_llr=1.10338 absent_samples=3 total_samples=440 absence_coverage_sufficient=0
3675,STATE_SLICE,STATE_SLICE inst=17 stamp=1786279329100977000 inherited_sup=51 inherited_con=4 inherited_samples=440 inherited_supported=52 inherited_free=0 inherited_repl_other=0 inherited_repl_bg=4 inherited_occ=71 inherited_unobs=0 session_sup=0 session_con=0 session_samples=0 cur_verts=28095 candidate_verts=0
3676,EVIDENCE,EVIDENCE inst=17 inherited_support=51 inherited_contradiction=4 session_support=0 session_contradiction=0 inherited_absent_flag=0 cur_verts=28095 observed_verts=0
3677,MOBILITY_PRIOR,MOBILITY_PRIOR inst=17 session=0 class=115 changes=0 continuations=4 alpha=0.0882353 beta=6.91176 q=0.00802139
3678,MOBILITY_PRIOR,MOBILITY_PRIOR inst=17 session=0 class=115 changes=0 continuations=4 alpha=0.0882353 beta=6.91176 q=0.00802139
3679,TOP_ABSORB,TOP_ABSORB inst=17 geom=0 support=51 high_mobility=0 absorb=1
3680,STATE_EVIDENCE_WINDOW,STATE_EVIDENCE_WINDOW inst=18 after=1786279326967644000 latest_measured_support=1786279329100977000 through=1786279329100977000 projected=1 support=1295 contradiction=192 reliable=588 reliable_in_view=446 reliable_seen_through=3 absence_llr=0 absent_samples=59 total_samples=541 absence_coverage_sufficient=0
3681,STATE_SLICE,STATE_SLICE inst=18 stamp=1786279329100977000 inherited_sup=1295 inherited_con=192 inherited_samples=541 inherited_supported=1313 inherited_free=78 inherited_repl_other=36 inherited_repl_bg=84 inherited_occ=468 inherited_unobs=16 session_sup=0 session_con=0 session_samples=0 cur_verts=24330 candidate_verts=0
3682,EVIDENCE,EVIDENCE inst=18 inherited_support=1295 inherited_contradiction=192 session_support=0 session_contradiction=0 inherited_absent_flag=0 cur_verts=24330 observed_verts=0
3683,MOBILITY_PRIOR,MOBILITY_PRIOR inst=18 session=0 class=131 changes=0 continuations=3 alpha=0.075 beta=1.925 q=0.015
3684,MOBILITY_PRIOR,MOBILITY_PRIOR inst=18 session=0 class=131 changes=0 continuations=3 alpha=0.075 beta=1.925 q=0.015
3685,TOP_ABSORB,TOP_ABSORB inst=18 geom=0 support=1295 high_mobility=0 absorb=1
3686,STATE_EVIDENCE_WINDOW,STATE_EVIDENCE_WINDOW inst=19 after=1786279326967644000 latest_measured_support=1786279329100977000 through=1786279329100977000 projected=1 support=536 contradiction=256 reliable=419 reliable_in_view=179 reliable_seen_through=5 absence_llr=0.704493 absent_samples=65 total_samples=586 absence_coverage_sufficient=0
3687,STATE_SLICE,STATE_SLICE inst=19 stamp=1786279329100977000 inherited_sup=536 inherited_con=256 inherited_samples=586 inherited_supported=536 inherited_free=172 inherited_repl_other=12 inherited_repl_bg=77 inherited_occ=145 inherited_unobs=171 session_sup=0 session_con=0 session_samples=0 cur_verts=22377 candidate_verts=0
3688,EVIDENCE,EVIDENCE inst=19 inherited_support=536 inherited_contradiction=256 session_support=0 session_contradiction=0 inherited_absent_flag=0 cur_verts=22377 observed_verts=0
3689,MOBILITY_PRIOR,MOBILITY_PRIOR inst=19 session=0 class=139 changes=0 continuations=5 alpha=0.0789474 beta=1.92105 q=0.0112782
3690,MOBILITY_PRIOR,MOBILITY_PRIOR inst=19 session=0 class=139 changes=0 continuations=5 alpha=0.0789474 beta=1.92105 q=0.0112782
3691,TOP_ABSORB,TOP_ABSORB inst=19 geom=0 support=536 high_mobility=0 absorb=1
3692,STATE_EVIDENCE_WINDOW,STATE_EVIDENCE_WINDOW inst=20 after=1786279301400977000 latest_measured_support=0 through=1786279329100977000 projected=1 support=0 contradiction=13 reliable=4 reliable_in_view=0 reliable_seen_through=0 absence_llr=0 absent_samples=9 total_samples=206 absence_coverage_sufficient=0
3693,STATE_SLICE,STATE_SLICE inst=20 stamp=1786279329100977000 inherited_sup=0 inherited_con=13 inherited_samples=206 inherited_supported=0 inherited_free=0 inherited_repl_other=13 inherited_repl_bg=0 inherited_occ=102 inherited_unobs=1 session_sup=0 session_con=0 session_samples=0 cur_verts=5268 candidate_verts=0
3694,EVIDENCE,EVIDENCE inst=20 inherited_support=0 inherited_contradiction=13 session_support=0 session_contradiction=0 inherited_absent_flag=0 cur_verts=5268 observed_verts=0
3695,INGEST,INGEST inst=13 first=1786279325s seg_verts=4491 cur_verts=16950 observed_verts=0
3696,INGEST_DECIDE,INGEST_DECIDE inst=13 same_session_overlap=1 contradicted=0
3697,OBJECT_EXTRACTION_INPUT,OBJECT_EXTRACTION_INPUT inst=11 first=1786279310600966000 last=1786279331200977000 observations=606 dynamic=0 motion_history=0 last_motion=0 displacement=0 static_fallback=0
3698,OBJECT_EXTRACTION_INPUT,OBJECT_EXTRACTION_INPUT inst=2 first=1786279320900966000 last=1786279331200977000 observations=310 dynamic=0 motion_history=0 last_motion=0 displacement=0 static_fallback=0
3700,STATIC_SURFACE_FRAMES,STATIC_SURFACE_FRAMES inst=2 candidates=100 selected=100 first=1786279321367644000 last=1786279331200977000
3701,STATIC_SURFACE_BOUNDARY,STATIC_SURFACE_BOUNDARY inst=11 rejected_stamp=1786279323067655000 current_stamp=1786279331200977000 forward_support=336 forward_free=29 reverse_support=295 reverse_free=77 forward_sampled=510 reverse_sampled=506
3702,STATIC_SURFACE_FRAMES,STATIC_SURFACE_FRAMES inst=11 candidates=100 selected=82 first=1786279323167633000 last=1786279331200977000
3710,STATE_EVIDENCE_WINDOW,STATE_EVIDENCE_WINDOW inst=1 after=1786279305400966000 latest_measured_support=0 through=1786279331200977000 projected=1 support=0 contradiction=3 reliable=173 reliable_in_view=0 reliable_seen_through=0 absence_llr=0 absent_samples=3 total_samples=3204 absence_coverage_sufficient=0
3711,STATE_SLICE,STATE_SLICE inst=1 stamp=1786279331200977000 inherited_sup=0 inherited_con=3 inherited_samples=3204 inherited_supported=0 inherited_free=3 inherited_repl_other=0 inherited_repl_bg=0 inherited_occ=0 inherited_unobs=2476 session_sup=0 session_con=0 session_samples=0 cur_verts=134766 candidate_verts=0
3712,EVIDENCE,EVIDENCE inst=1 inherited_support=0 inherited_contradiction=3 session_support=0 session_contradiction=0 inherited_absent_flag=0 cur_verts=134766 observed_verts=0
3713,STATE_EVIDENCE_WINDOW,STATE_EVIDENCE_WINDOW inst=2 after=1786279329100977000 latest_measured_support=1786279331200977000 through=1786279331200977000 projected=1 support=966 contradiction=261 reliable=622 reliable_in_view=330 reliable_seen_through=1 absence_llr=0 absent_samples=65 total_samples=445 absence_coverage_sufficient=0
3714,STATE_SLICE,STATE_SLICE inst=2 stamp=1786279331200977000 inherited_sup=966 inherited_con=261 inherited_samples=445 inherited_supported=989 inherited_free=155 inherited_repl_other=0 inherited_repl_bg=110 inherited_occ=724 inherited_unobs=0 session_sup=0 session_con=0 session_samples=0 cur_verts=20007 candidate_verts=0
3715,EVIDENCE,EVIDENCE inst=2 inherited_support=966 inherited_contradiction=261 session_support=0 session_contradiction=0 inherited_absent_flag=0 cur_verts=20007 observed_verts=0
3716,MOBILITY_PRIOR,MOBILITY_PRIOR inst=2 session=0 class=10 changes=0 continuations=1 alpha=0.0697674 beta=1.93023 q=0.0232558
3717,MOBILITY_PRIOR,MOBILITY_PRIOR inst=2 session=0 class=10 changes=0 continuations=1 alpha=0.0697674 beta=1.93023 q=0.0232558
3718,TOP_ABSORB,TOP_ABSORB inst=2 geom=0 support=966 high_mobility=0 absorb=1
3720,STATE_EVIDENCE_WINDOW,STATE_EVIDENCE_WINDOW inst=3 after=1786279325667655000 latest_measured_support=0 through=1786279331200977000 projected=0 support=0 contradiction=0 reliable=229 reliable_in_view=0 reliable_seen_through=0 absence_llr=0 absent_samples=0 total_samples=28245 absence_coverage_sufficient=0
3721,STATE_SLICE,STATE_SLICE inst=3 stamp=1786279331200977000 inherited_sup=0 inherited_con=0 inherited_samples=28245 inherited_supported=0 inherited_free=0 inherited_repl_other=0 inherited_repl_bg=0 inherited_occ=0 inherited_unobs=28245 session_sup=0 session_con=0 session_samples=0 cur_verts=84735 candidate_verts=0
3722,EVIDENCE,EVIDENCE inst=3 inherited_support=0 inherited_contradiction=0 session_support=0 session_contradiction=0 inherited_absent_flag=0 cur_verts=84735 observed_verts=0
3723,STATE_EVIDENCE_WINDOW,STATE_EVIDENCE_WINDOW inst=4 after=1786279303867644000 latest_measured_support=0 through=1786279331200977000 projected=1 support=0 contradiction=1 reliable=187 reliable_in_view=0 reliable_seen_through=0 absence_llr=0 absent_samples=1 total_samples=2995 absence_coverage_sufficient=0
3724,STATE_SLICE,STATE_SLICE inst=4 stamp=1786279331200977000 inherited_sup=0 inherited_con=1 inherited_samples=2995 inherited_supported=0 inherited_free=1 inherited_repl_other=0 inherited_repl_bg=0 inherited_occ=2 inherited_unobs=1846 session_sup=0 session_con=0 session_samples=0 cur_verts=214347 candidate_verts=0
3725,EVIDENCE,EVIDENCE inst=4 inherited_support=0 inherited_contradiction=1 session_support=0 session_contradiction=0 inherited_absent_flag=0 cur_verts=214347 observed_verts=0
3726,STATE_EVIDENCE_WINDOW,STATE_EVIDENCE_WINDOW inst=5 after=1786279298500977000 latest_measured_support=0 through=1786279331200977000 projected=1 support=0 contradiction=18 reliable=344 reliable_in_view=0 reliable_seen_through=0 absence_llr=0.0772214 absent_samples=17 total_samples=609 absence_coverage_sufficient=0
3727,STATE_SLICE,STATE_SLICE inst=5 stamp=1786279331200977000 inherited_sup=0 inherited_con=18 inherited_samples=609 inherited_supported=0 inherited_free=0 inherited_repl_other=9 inherited_repl_bg=10 inherited_occ=12 inherited_unobs=0 session_sup=0 session_con=0 session_samples=0 cur_verts=20262 candidate_verts=0
3728,EVIDENCE,EVIDENCE inst=5 inherited_support=0 inherited_contradiction=18 session_support=0 session_contradiction=0 inherited_absent_flag=0 cur_verts=20262 observed_verts=0
3729,STATE_EVIDENCE_WINDOW,STATE_EVIDENCE_WINDOW inst=6 after=1786279329100977000 latest_measured_support=1786279331200977000 through=1786279331200977000 projected=1 support=5849 contradiction=758 reliable=313 reliable_in_view=209 reliable_seen_through=0 absence_llr=2.04663 absent_samples=258 total_samples=2528 absence_coverage_sufficient=0
3730,STATE_SLICE,STATE_SLICE inst=6 stamp=1786279331200977000 inherited_sup=5849 inherited_con=758 inherited_samples=2528 inherited_supported=6235 inherited_free=696 inherited_repl_other=1 inherited_repl_bg=146 inherited_occ=2567 inherited_unobs=0 session_sup=0 session_con=0 session_samples=0 cur_verts=114999 candidate_verts=0
3731,EVIDENCE,EVIDENCE inst=6 inherited_support=5849 inherited_contradiction=758 session_support=0 session_contradiction=0 inherited_absent_flag=0 cur_verts=114999 observed_verts=0
3732,MOBILITY_PRIOR,MOBILITY_PRIOR inst=6 session=0 class=35 changes=0 continuations=4 alpha=0.0909091 beta=1.90909 q=0.0151515
3733,MOBILITY_PRIOR,MOBILITY_PRIOR inst=6 session=0 class=35 changes=0 continuations=4 alpha=0.0909091 beta=1.90909 q=0.0151515
3734,TOP_ABSORB,TOP_ABSORB inst=6 geom=0 support=5849 high_mobility=0 absorb=1
3735,STATE_EVIDENCE_WINDOW,STATE_EVIDENCE_WINDOW inst=7 after=1786279302934311000 latest_measured_support=0 through=1786279331200977000 projected=0 support=0 contradiction=0 reliable=448 reliable_in_view=0 reliable_seen_through=0 absence_llr=0 absent_samples=0 total_samples=13883 absence_coverage_sufficient=0
3736,STATE_SLICE,STATE_SLICE inst=7 stamp=1786279331200977000 inherited_sup=0 inherited_con=0 inherited_samples=13883 inherited_supported=0 inherited_free=0 inherited_repl_other=0 inherited_repl_bg=0 inherited_occ=0 inherited_unobs=13883 session_sup=0 session_con=0 session_samples=0 cur_verts=41649 candidate_verts=0
3737,EVIDENCE,EVIDENCE inst=7 inherited_support=0 inherited_contradiction=0 session_support=0 session_contradiction=0 inherited_absent_flag=0 cur_verts=41649 observed_verts=0
3738,STATE_EVIDENCE_WINDOW,STATE_EVIDENCE_WINDOW inst=10 after=1786279325667655000 latest_measured_support=0 through=1786279331200977000 projected=1 support=0 contradiction=97 reliable=403 reliable_in_view=0 reliable_seen_through=0 absence_llr=0.726237 absent_samples=56 total_samples=787 absence_coverage_sufficient=0
3739,STATE_SLICE,STATE_SLICE inst=10 stamp=1786279331200977000 inherited_sup=0 inherited_con=97 inherited_samples=787 inherited_supported=0 inherited_free=101 inherited_repl_other=0 inherited_repl_bg=0 inherited_occ=3 inherited_unobs=331 session_sup=0 session_con=0 session_samples=0 cur_verts=27282 candidate_verts=0
3740,EVIDENCE,EVIDENCE inst=10 inherited_support=0 inherited_contradiction=97 session_support=0 session_contradiction=0 inherited_absent_flag=0 cur_verts=27282 observed_verts=0
3741,STATE_EVIDENCE_WINDOW,STATE_EVIDENCE_WINDOW inst=11 after=1786279329100977000 latest_measured_support=1786279331200977000 through=1786279331200977000 projected=1 support=3026 contradiction=200 reliable=637 reliable_in_view=426 reliable_seen_through=1 absence_llr=0.995702 absent_samples=69 total_samples=1291 absence_coverage_sufficient=0
3742,STATE_SLICE,STATE_SLICE inst=11 stamp=1786279331200977000 inherited_sup=3026 inherited_con=200 inherited_samples=1291 inherited_supported=3060 inherited_free=180 inherited_repl_other=16 inherited_repl_bg=9 inherited_occ=1192 inherited_unobs=148 session_sup=0 session_con=0 session_samples=0 cur_verts=58542 candidate_verts=0
3743,EVIDENCE,EVIDENCE inst=11 inherited_support=3026 inherited_contradiction=200 session_support=0 session_contradiction=0 inherited_absent_flag=0 cur_verts=58542 observed_verts=0
3744,MOBILITY_PRIOR,MOBILITY_PRIOR inst=11 session=0 class=92 changes=0 continuations=4 alpha=0.0789474 beta=3.92105 q=0.00986842
3745,MOBILITY_PRIOR,MOBILITY_PRIOR inst=11 session=0 class=92 changes=0 continuations=4 alpha=0.0789474 beta=3.92105 q=0.00986842
3746,TOP_ABSORB,TOP_ABSORB inst=11 geom=0 support=3026 high_mobility=0 absorb=1
3747,STATE_EVIDENCE_WINDOW,STATE_EVIDENCE_WINDOW inst=13 after=1786279329100977000 latest_measured_support=1786279331200977000 through=1786279331200977000 projected=1 support=778 contradiction=156 reliable=379 reliable_in_view=204 reliable_seen_through=0 absence_llr=0 absent_samples=39 total_samples=484 absence_coverage_sufficient=0
3748,STATE_SLICE,STATE_SLICE inst=13 stamp=1786279331200977000 inherited_sup=778 inherited_con=156 inherited_samples=484 inherited_supported=806 inherited_free=53 inherited_repl_other=63 inherited_repl_bg=42 inherited_occ=899 inherited_unobs=0 session_sup=0 session_con=0 session_samples=0 cur_verts=21441 candidate_verts=0
3749,EVIDENCE,EVIDENCE inst=13 inherited_support=778 inherited_contradiction=156 session_support=0 session_contradiction=0 inherited_absent_flag=0 cur_verts=21441 observed_verts=0
3750,MOBILITY_PRIOR,MOBILITY_PRIOR inst=13 session=0 class=115 changes=0 continuations=3 alpha=0.0882353 beta=8.91176 q=0.00735294
3751,MOBILITY_PRIOR,MOBILITY_PRIOR inst=13 session=0 class=115 changes=0 continuations=3 alpha=0.0882353 beta=8.91176 q=0.00735294
3752,TOP_ABSORB,TOP_ABSORB inst=13 geom=0 support=778 high_mobility=0 absorb=1
3753,STATE_EVIDENCE_WINDOW,STATE_EVIDENCE_WINDOW inst=14 after=1786279329100977000 latest_measured_support=1786279331200977000 through=1786279331200977000 projected=1 support=329 contradiction=14 reliable=137 reliable_in_view=73 reliable_seen_through=0 absence_llr=0.692456 absent_samples=9 total_samples=210 absence_coverage_sufficient=0
3754,STATE_SLICE,STATE_SLICE inst=14 stamp=1786279331200977000 inherited_sup=329 inherited_con=14 inherited_samples=210 inherited_supported=337 inherited_free=16 inherited_repl_other=0 inherited_repl_bg=0 inherited_occ=249 inherited_unobs=0 session_sup=0 session_con=0 session_samples=0 cur_verts=8352 candidate_verts=0
3755,EVIDENCE,EVIDENCE inst=14 inherited_support=329 inherited_contradiction=14 session_support=0 session_contradiction=0 inherited_absent_flag=0 cur_verts=8352 observed_verts=0
3756,MOBILITY_PRIOR,MOBILITY_PRIOR inst=14 session=0 class=92 changes=0 continuations=2 alpha=0.0789474 beta=5.92105 q=0.00986842
3757,MOBILITY_PRIOR,MOBILITY_PRIOR inst=14 session=0 class=92 changes=0 continuations=2 alpha=0.0789474 beta=5.92105 q=0.00986842
3758,TOP_ABSORB,TOP_ABSORB inst=14 geom=0 support=329 high_mobility=0 absorb=1
3759,STATE_EVIDENCE_WINDOW,STATE_EVIDENCE_WINDOW inst=16 after=1786279329100977000 latest_measured_support=1786279331200977000 through=1786279331200977000 projected=1 support=436 contradiction=6 reliable=589 reliable_in_view=196 reliable_seen_through=1 absence_llr=0 absent_samples=1 total_samples=317 absence_coverage_sufficient=0
3760,STATE_SLICE,STATE_SLICE inst=16 stamp=1786279331200977000 inherited_sup=436 inherited_con=6 inherited_samples=317 inherited_supported=456 inherited_free=3 inherited_repl_other=0 inherited_repl_bg=3 inherited_occ=117 inherited_unobs=0 session_sup=0 session_con=0 session_samples=0 cur_verts=18081 candidate_verts=0
3761,EVIDENCE,EVIDENCE inst=16 inherited_support=436 inherited_contradiction=6 session_support=0 session_contradiction=0 inherited_absent_flag=0 cur_verts=18081 observed_verts=0
3762,MOBILITY_PRIOR,MOBILITY_PRIOR inst=16 session=0 class=115 changes=0 continuations=3 alpha=0.0882353 beta=8.91176 q=0.00735294
3763,MOBILITY_PRIOR,MOBILITY_PRIOR inst=16 session=0 class=115 changes=0 continuations=3 alpha=0.0882353 beta=8.91176 q=0.00735294
3764,TOP_ABSORB,TOP_ABSORB inst=16 geom=0 support=436 high_mobility=0 absorb=1
3765,STATE_EVIDENCE_WINDOW,STATE_EVIDENCE_WINDOW inst=17 after=1786279329100977000 latest_measured_support=1786279331200977000 through=1786279331200977000 projected=1 support=62 contradiction=8 reliable=726 reliable_in_view=6 reliable_seen_through=0 absence_llr=1.10338 absent_samples=8 total_samples=440 absence_coverage_sufficient=0
3766,STATE_SLICE,STATE_SLICE inst=17 stamp=1786279331200977000 inherited_sup=62 inherited_con=8 inherited_samples=440 inherited_supported=63 inherited_free=0 inherited_repl_other=0 inherited_repl_bg=9 inherited_occ=87 inherited_unobs=0 session_sup=0 session_con=0 session_samples=0 cur_verts=28095 candidate_verts=0
3767,EVIDENCE,EVIDENCE inst=17 inherited_support=62 inherited_contradiction=8 session_support=0 session_contradiction=0 inherited_absent_flag=0 cur_verts=28095 observed_verts=0
3768,MOBILITY_PRIOR,MOBILITY_PRIOR inst=17 session=0 class=115 changes=0 continuations=4 alpha=0.0882353 beta=7.91176 q=0.00735294
3769,MOBILITY_PRIOR,MOBILITY_PRIOR inst=17 session=0 class=115 changes=0 continuations=4 alpha=0.0882353 beta=7.91176 q=0.00735294
3770,TOP_ABSORB,TOP_ABSORB inst=17 geom=0 support=62 high_mobility=0 absorb=1
3771,STATE_EVIDENCE_WINDOW,STATE_EVIDENCE_WINDOW inst=18 after=1786279329100977000 latest_measured_support=1786279331200977000 through=1786279331200977000 projected=1 support=1181 contradiction=222 reliable=595 reliable_in_view=415 reliable_seen_through=0 absence_llr=0 absent_samples=53 total_samples=541 absence_coverage_sufficient=0
3772,STATE_SLICE,STATE_SLICE inst=18 stamp=1786279331200977000 inherited_sup=1181 inherited_con=222 inherited_samples=541 inherited_supported=1207 inherited_free=89 inherited_repl_other=47 inherited_repl_bg=90 inherited_occ=455 inherited_unobs=6 session_sup=0 session_con=0 session_samples=0 cur_verts=24330 candidate_verts=0
3773,EVIDENCE,EVIDENCE inst=18 inherited_support=1181 inherited_contradiction=222 session_support=0 session_contradiction=0 inherited_absent_flag=0 cur_verts=24330 observed_verts=0
3774,MOBILITY_PRIOR,MOBILITY_PRIOR inst=18 session=0 class=131 changes=0 continuations=3 alpha=0.0731707 beta=1.92683 q=0.0146341
3775,MOBILITY_PRIOR,MOBILITY_PRIOR inst=18 session=0 class=131 changes=0 continuations=3 alpha=0.0731707 beta=1.92683 q=0.0146341
3776,TOP_ABSORB,TOP_ABSORB inst=18 geom=0 support=1181 high_mobility=0 absorb=1
3777,STATE_EVIDENCE_WINDOW,STATE_EVIDENCE_WINDOW inst=19 after=1786279329100977000 latest_measured_support=1786279331200977000 through=1786279331200977000 projected=1 support=700 contradiction=305 reliable=446 reliable_in_view=291 reliable_seen_through=3 absence_llr=0.65523 absent_samples=82 total_samples=586 absence_coverage_sufficient=0
3778,STATE_SLICE,STATE_SLICE inst=19 stamp=1786279331200977000 inherited_sup=700 inherited_con=305 inherited_samples=586 inherited_supported=703 inherited_free=174 inherited_repl_other=17 inherited_repl_bg=120 inherited_occ=181 inherited_unobs=95 session_sup=0 session_con=0 session_samples=0 cur_verts=22377 candidate_verts=0
3779,EVIDENCE,EVIDENCE inst=19 inherited_support=700 inherited_contradiction=305 session_support=0 session_contradiction=0 inherited_absent_flag=0 cur_verts=22377 observed_verts=0
3780,MOBILITY_PRIOR,MOBILITY_PRIOR inst=19 session=0 class=139 changes=0 continuations=5 alpha=0.0769231 beta=1.92308 q=0.010989
3781,MOBILITY_PRIOR,MOBILITY_PRIOR inst=19 session=0 class=139 changes=0 continuations=5 alpha=0.0769231 beta=1.92308 q=0.010989
3782,TOP_ABSORB,TOP_ABSORB inst=19 geom=0 support=700 high_mobility=0 absorb=1
3783,STATE_EVIDENCE_WINDOW,STATE_EVIDENCE_WINDOW inst=20 after=1786279301400977000 latest_measured_support=0 through=1786279331200977000 projected=1 support=0 contradiction=13 reliable=4 reliable_in_view=0 reliable_seen_through=0 absence_llr=0 absent_samples=9 total_samples=206 absence_coverage_sufficient=0
3784,STATE_SLICE,STATE_SLICE inst=20 stamp=1786279331200977000 inherited_sup=0 inherited_con=13 inherited_samples=206 inherited_supported=0 inherited_free=0 inherited_repl_other=13 inherited_repl_bg=0 inherited_occ=102 inherited_unobs=1 session_sup=0 session_con=0 session_samples=0 cur_verts=5268 candidate_verts=0
3785,EVIDENCE,EVIDENCE inst=20 inherited_support=0 inherited_contradiction=13 session_support=0 session_contradiction=0 inherited_absent_flag=0 cur_verts=5268 observed_verts=0
3786,INGEST,INGEST inst=10 first=1786279325s seg_verts=2019 cur_verts=27282 observed_verts=0
3787,INGEST_DECIDE,INGEST_DECIDE inst=10 same_session_overlap=1 contradicted=0
3788,OBJECT_EXTRACTION_INPUT,OBJECT_EXTRACTION_INPUT inst=6 first=1786279321134300000 last=1786279331200977000 observations=303 dynamic=0 motion_history=0 last_motion=0 displacement=0 static_fallback=0
3789,STATIC_SURFACE_FRAMES,STATIC_SURFACE_FRAMES inst=6 candidates=100 selected=100 first=1786279321367644000 last=1786279331200977000
3790,OBJECT_EXTRACTION_INPUT,OBJECT_EXTRACTION_INPUT inst=18 first=1786279310500966000 last=1786279331634300000 observations=614 dynamic=0 motion_history=0 last_motion=0 displacement=0 static_fallback=0
3791,STATIC_SURFACE_BOUNDARY,STATIC_SURFACE_BOUNDARY inst=18 rejected_stamp=1786279326867666000 current_stamp=1786279331634300000 forward_support=333 forward_free=88 reverse_support=322 reverse_free=0 forward_sampled=507 reverse_sampled=508
3792,STATIC_SURFACE_FRAMES,STATIC_SURFACE_FRAMES inst=18 candidates=100 selected=48 first=1786279326967644000 last=1786279331634300000
3793,OBJECT_EXTRACTION_INPUT,OBJECT_EXTRACTION_INPUT inst=16 first=1786279322000966000 last=1786279332034311000 observations=302 dynamic=0 motion_history=0 last_motion=0 displacement=0 static_fallback=0
3794,STATIC_SURFACE_FRAMES,STATIC_SURFACE_FRAMES inst=16 candidates=100 selected=100 first=1786279322167633000 last=1786279332034311000
3795,STATE_EVIDENCE_WINDOW,STATE_EVIDENCE_WINDOW inst=1 after=1786279305400966000 latest_measured_support=0 through=1786279333300977000 projected=1 support=0 contradiction=3 reliable=173 reliable_in_view=0 reliable_seen_through=0 absence_llr=0 absent_samples=3 total_samples=3204 absence_coverage_sufficient=0
3796,STATE_SLICE,STATE_SLICE inst=1 stamp=1786279333300977000 inherited_sup=0 inherited_con=3 inherited_samples=3204 inherited_supported=0 inherited_free=3 inherited_repl_other=0 inherited_repl_bg=0 inherited_occ=0 inherited_unobs=2476 session_sup=0 session_con=0 session_samples=0 cur_verts=134766 candidate_verts=0
3797,EVIDENCE,EVIDENCE inst=1 inherited_support=0 inherited_contradiction=3 session_support=0 session_contradiction=0 inherited_absent_flag=0 cur_verts=134766 observed_verts=0
3798,STATE_EVIDENCE_WINDOW,STATE_EVIDENCE_WINDOW inst=2 after=1786279331200977000 latest_measured_support=1786279333300977000 through=1786279333300977000 projected=1 support=907 contradiction=273 reliable=622 reliable_in_view=332 reliable_seen_through=1 absence_llr=0 absent_samples=71 total_samples=445 absence_coverage_sufficient=0
3799,STATE_SLICE,STATE_SLICE inst=2 stamp=1786279333300977000 inherited_sup=907 inherited_con=273 inherited_samples=445 inherited_supported=933 inherited_free=151 inherited_repl_other=0 inherited_repl_bg=125 inherited_occ=703 inherited_unobs=0 session_sup=0 session_con=0 session_samples=0 cur_verts=20007 candidate_verts=0
3800,EVIDENCE,EVIDENCE inst=2 inherited_support=907 inherited_contradiction=273 session_support=0 session_contradiction=0 inherited_absent_flag=0 cur_verts=20007 observed_verts=0
3801,MOBILITY_PRIOR,MOBILITY_PRIOR inst=2 session=0 class=10 changes=0 continuations=1 alpha=0.0681818 beta=1.93182 q=0.0227273
3802,MOBILITY_PRIOR,MOBILITY_PRIOR inst=2 session=0 class=10 changes=0 continuations=1 alpha=0.0681818 beta=1.93182 q=0.0227273
3803,TOP_ABSORB,TOP_ABSORB inst=2 geom=0 support=907 high_mobility=0 absorb=1
3804,STATE_EVIDENCE_WINDOW,STATE_EVIDENCE_WINDOW inst=3 after=1786279325667655000 latest_measured_support=0 through=1786279333300977000 projected=0 support=0 contradiction=0 reliable=229 reliable_in_view=0 reliable_seen_through=0 absence_llr=0 absent_samples=0 total_samples=28245 absence_coverage_sufficient=0
3805,STATE_SLICE,STATE_SLICE inst=3 stamp=1786279333300977000 inherited_sup=0 inherited_con=0 inherited_samples=28245 inherited_supported=0 inherited_free=0 inherited_repl_other=0 inherited_repl_bg=0 inherited_occ=0 inherited_unobs=28245 session_sup=0 session_con=0 session_samples=0 cur_verts=84735 candidate_verts=0
3806,EVIDENCE,EVIDENCE inst=3 inherited_support=0 inherited_contradiction=0 session_support=0 session_contradiction=0 inherited_absent_flag=0 cur_verts=84735 observed_verts=0
3807,STATE_EVIDENCE_WINDOW,STATE_EVIDENCE_WINDOW inst=4 after=1786279303867644000 latest_measured_support=0 through=1786279333300977000 projected=1 support=0 contradiction=1 reliable=187 reliable_in_view=0 reliable_seen_through=0 absence_llr=0 absent_samples=1 total_samples=2995 absence_coverage_sufficient=0
3808,STATE_SLICE,STATE_SLICE inst=4 stamp=1786279333300977000 inherited_sup=0 inherited_con=1 inherited_samples=2995 inherited_supported=0 inherited_free=1 inherited_repl_other=0 inherited_repl_bg=0 inherited_occ=2 inherited_unobs=1846 session_sup=0 session_con=0 session_samples=0 cur_verts=214347 candidate_verts=0
3809,EVIDENCE,EVIDENCE inst=4 inherited_support=0 inherited_contradiction=1 session_support=0 session_contradiction=0 inherited_absent_flag=0 cur_verts=214347 observed_verts=0
3810,STATE_EVIDENCE_WINDOW,STATE_EVIDENCE_WINDOW inst=5 after=1786279298500977000 latest_measured_support=0 through=1786279333300977000 projected=1 support=0 contradiction=18 reliable=344 reliable_in_view=0 reliable_seen_through=0 absence_llr=0.0772214 absent_samples=17 total_samples=609 absence_coverage_sufficient=0
3811,STATE_SLICE,STATE_SLICE inst=5 stamp=1786279333300977000 inherited_sup=0 inherited_con=18 inherited_samples=609 inherited_supported=0 inherited_free=0 inherited_repl_other=9 inherited_repl_bg=10 inherited_occ=12 inherited_unobs=0 session_sup=0 session_con=0 session_samples=0 cur_verts=20262 candidate_verts=0
3812,EVIDENCE,EVIDENCE inst=5 inherited_support=0 inherited_contradiction=18 session_support=0 session_contradiction=0 inherited_absent_flag=0 cur_verts=20262 observed_verts=0
3813,STATE_EVIDENCE_WINDOW,STATE_EVIDENCE_WINDOW inst=6 after=1786279331200977000 latest_measured_support=1786279333300977000 through=1786279333300977000 projected=1 support=5253 contradiction=984 reliable=321 reliable_in_view=212 reliable_seen_through=0 absence_llr=2.0409 absent_samples=406 total_samples=2528 absence_coverage_sufficient=0
3814,STATE_SLICE,STATE_SLICE inst=6 stamp=1786279333300977000 inherited_sup=5253 inherited_con=984 inherited_samples=2528 inherited_supported=5587 inherited_free=766 inherited_repl_other=12 inherited_repl_bg=313 inherited_occ=2693 inherited_unobs=0 session_sup=0 session_con=0 session_samples=0 cur_verts=114999 candidate_verts=0
3815,EVIDENCE,EVIDENCE inst=6 inherited_support=5253 inherited_contradiction=984 session_support=0 session_contradiction=0 inherited_absent_flag=0 cur_verts=114999 observed_verts=0
3816,MOBILITY_PRIOR,MOBILITY_PRIOR inst=6 session=0 class=35 changes=0 continuations=4 alpha=0.0909091 beta=1.90909 q=0.0151515
3817,MOBILITY_PRIOR,MOBILITY_PRIOR inst=6 session=0 class=35 changes=0 continuations=4 alpha=0.0909091 beta=1.90909 q=0.0151515
3818,TOP_ABSORB,TOP_ABSORB inst=6 geom=0 support=5253 high_mobility=0 absorb=1
3819,STATE_EVIDENCE_WINDOW,STATE_EVIDENCE_WINDOW inst=7 after=1786279302934311000 latest_measured_support=0 through=1786279333300977000 projected=0 support=0 contradiction=0 reliable=448 reliable_in_view=0 reliable_seen_through=0 absence_llr=0 absent_samples=0 total_samples=13883 absence_coverage_sufficient=0
3820,STATE_SLICE,STATE_SLICE inst=7 stamp=1786279333300977000 inherited_sup=0 inherited_con=0 inherited_samples=13883 inherited_supported=0 inherited_free=0 inherited_repl_other=0 inherited_repl_bg=0 inherited_occ=0 inherited_unobs=13883 session_sup=0 session_con=0 session_samples=0 cur_verts=41649 candidate_verts=0
3821,EVIDENCE,EVIDENCE inst=7 inherited_support=0 inherited_contradiction=0 session_support=0 session_contradiction=0 inherited_absent_flag=0 cur_verts=41649 observed_verts=0
3822,STATE_EVIDENCE_WINDOW,STATE_EVIDENCE_WINDOW inst=10 after=1786279326700977000 latest_measured_support=0 through=1786279333300977000 projected=0 support=0 contradiction=0 reliable=351 reliable_in_view=0 reliable_seen_through=0 absence_llr=0.726237 absent_samples=0 total_samples=9767 absence_coverage_sufficient=0
3823,STATE_SLICE,STATE_SLICE inst=10 stamp=1786279333300977000 inherited_sup=0 inherited_con=0 inherited_samples=9767 inherited_supported=0 inherited_free=0 inherited_repl_other=0 inherited_repl_bg=0 inherited_occ=0 inherited_unobs=9767 session_sup=0 session_con=0 session_samples=0 cur_verts=29301 candidate_verts=0
3824,EVIDENCE,EVIDENCE inst=10 inherited_support=0 inherited_contradiction=0 session_support=0 session_contradiction=0 inherited_absent_flag=0 cur_verts=29301 observed_verts=0
3825,STATE_EVIDENCE_WINDOW,STATE_EVIDENCE_WINDOW inst=11 after=1786279331200977000 latest_measured_support=1786279333300977000 through=1786279333300977000 projected=1 support=3059 contradiction=321 reliable=641 reliable_in_view=472 reliable_seen_through=0 absence_llr=0.984953 absent_samples=118 total_samples=1291 absence_coverage_sufficient=0
3826,STATE_SLICE,STATE_SLICE inst=11 stamp=1786279333300977000 inherited_sup=3059 inherited_con=321 inherited_samples=1291 inherited_supported=3104 inherited_free=245 inherited_repl_other=6 inherited_repl_bg=74 inherited_occ=1159 inherited_unobs=86 session_sup=0 session_con=0 session_samples=0 cur_verts=58542 candidate_verts=0
3827,EVIDENCE,EVIDENCE inst=11 inherited_support=3059 inherited_contradiction=321 session_support=0 session_contradiction=0 inherited_absent_flag=0 cur_verts=58542 observed_verts=0
3828,MOBILITY_PRIOR,MOBILITY_PRIOR inst=11 session=0 class=92 changes=0 continuations=4 alpha=0.0769231 beta=3.92308 q=0.00961538
3829,MOBILITY_PRIOR,MOBILITY_PRIOR inst=11 session=0 class=92 changes=0 continuations=4 alpha=0.0769231 beta=3.92308 q=0.00961538
3830,TOP_ABSORB,TOP_ABSORB inst=11 geom=0 support=3059 high_mobility=0 absorb=1
3831,STATE_EVIDENCE_WINDOW,STATE_EVIDENCE_WINDOW inst=13 after=1786279331200977000 latest_measured_support=1786279333300977000 through=1786279333300977000 projected=1 support=767 contradiction=135 reliable=383 reliable_in_view=224 reliable_seen_through=0 absence_llr=0 absent_samples=33 total_samples=484 absence_coverage_sufficient=0
3832,STATE_SLICE,STATE_SLICE inst=13 stamp=1786279333300977000 inherited_sup=767 inherited_con=135 inherited_samples=484 inherited_supported=796 inherited_free=46 inherited_repl_other=54 inherited_repl_bg=39 inherited_occ=901 inherited_unobs=0 session_sup=0 session_con=0 session_samples=0 cur_verts=21441 candidate_verts=0
3833,EVIDENCE,EVIDENCE inst=13 inherited_support=767 inherited_contradiction=135 session_support=0 session_contradiction=0 inherited_absent_flag=0 cur_verts=21441 observed_verts=0
3834,MOBILITY_PRIOR,MOBILITY_PRIOR inst=13 session=0 class=115 changes=0 continuations=3 alpha=0.0857143 beta=8.91429 q=0.00714286
3835,MOBILITY_PRIOR,MOBILITY_PRIOR inst=13 session=0 class=115 changes=0 continuations=3 alpha=0.0857143 beta=8.91429 q=0.00714286
3836,TOP_ABSORB,TOP_ABSORB inst=13 geom=0 support=767 high_mobility=0 absorb=1
3837,STATE_EVIDENCE_WINDOW,STATE_EVIDENCE_WINDOW inst=14 after=1786279331200977000 latest_measured_support=1786279333300977000 through=1786279333300977000 projected=1 support=333 contradiction=53 reliable=143 reliable_in_view=74 reliable_seen_through=0 absence_llr=0.6329 absent_samples=32 total_samples=210 absence_coverage_sufficient=0
3838,STATE_SLICE,STATE_SLICE inst=14 stamp=1786279333300977000 inherited_sup=333 inherited_con=53 inherited_samples=210 inherited_supported=343 inherited_free=49 inherited_repl_other=2 inherited_repl_bg=8 inherited_occ=223 inherited_unobs=0 session_sup=0 session_con=0 session_samples=0 cur_verts=8352 candidate_verts=0
3839,EVIDENCE,EVIDENCE inst=14 inherited_support=333 inherited_contradiction=53 session_support=0 session_contradiction=0 inherited_absent_flag=0 cur_verts=8352 observed_verts=0
3840,MOBILITY_PRIOR,MOBILITY_PRIOR inst=14 session=0 class=92 changes=0 continuations=2 alpha=0.0769231 beta=5.92308 q=0.00961538
3841,MOBILITY_PRIOR,MOBILITY_PRIOR inst=14 session=0 class=92 changes=0 continuations=2 alpha=0.0769231 beta=5.92308 q=0.00961538
3842,TOP_ABSORB,TOP_ABSORB inst=14 geom=0 support=333 high_mobility=0 absorb=1
3843,STATE_EVIDENCE_WINDOW,STATE_EVIDENCE_WINDOW inst=16 after=1786279331200977000 latest_measured_support=1786279333300977000 through=1786279333300977000 projected=1 support=263 contradiction=5 reliable=591 reliable_in_view=200 reliable_seen_through=0 absence_llr=0 absent_samples=2 total_samples=317 absence_coverage_sufficient=0
3844,STATE_SLICE,STATE_SLICE inst=16 stamp=1786279333300977000 inherited_sup=263 inherited_con=5 inherited_samples=317 inherited_supported=273 inherited_free=0 inherited_repl_other=0 inherited_repl_bg=5 inherited_occ=73 inherited_unobs=0 session_sup=0 session_con=0 session_samples=0 cur_verts=18081 candidate_verts=0
3845,EVIDENCE,EVIDENCE inst=16 inherited_support=263 inherited_contradiction=5 session_support=0 session_contradiction=0 inherited_absent_flag=0 cur_verts=18081 observed_verts=0
3846,MOBILITY_PRIOR,MOBILITY_PRIOR inst=16 session=0 class=115 changes=0 continuations=3 alpha=0.0857143 beta=8.91429 q=0.00714286
3847,MOBILITY_PRIOR,MOBILITY_PRIOR inst=16 session=0 class=115 changes=0 continuations=3 alpha=0.0857143 beta=8.91429 q=0.00714286
3848,TOP_ABSORB,TOP_ABSORB inst=16 geom=0 support=263 high_mobility=0 absorb=1
3849,STATE_EVIDENCE_WINDOW,STATE_EVIDENCE_WINDOW inst=17 after=1786279331200977000 latest_measured_support=1786279333300977000 through=1786279333300977000 projected=1 support=120 contradiction=2 reliable=735 reliable_in_view=45 reliable_seen_through=0 absence_llr=1.08976 absent_samples=2 total_samples=440 absence_coverage_sufficient=0
3850,STATE_SLICE,STATE_SLICE inst=17 stamp=1786279333300977000 inherited_sup=120 inherited_con=2 inherited_samples=440 inherited_supported=122 inherited_free=0 inherited_repl_other=0 inherited_repl_bg=2 inherited_occ=54 inherited_unobs=0 session_sup=0 session_con=0 session_samples=0 cur_verts=28095 candidate_verts=0
3851,EVIDENCE,EVIDENCE inst=17 inherited_support=120 inherited_contradiction=2 session_support=0 session_contradiction=0 inherited_absent_flag=0 cur_verts=28095 observed_verts=0
3852,MOBILITY_PRIOR,MOBILITY_PRIOR inst=17 session=0 class=115 changes=0 continuations=4 alpha=0.0857143 beta=7.91429 q=0.00714286
3853,MOBILITY_PRIOR,MOBILITY_PRIOR inst=17 session=0 class=115 changes=0 continuations=4 alpha=0.0857143 beta=7.91429 q=0.00714286
3854,TOP_ABSORB,TOP_ABSORB inst=17 geom=0 support=120 high_mobility=0 absorb=1
3855,STATE_EVIDENCE_WINDOW,STATE_EVIDENCE_WINDOW inst=18 after=1786279331200977000 latest_measured_support=1786279333300977000 through=1786279333300977000 projected=1 support=1216 contradiction=196 reliable=596 reliable_in_view=440 reliable_seen_through=0 absence_llr=0 absent_samples=49 total_samples=541 absence_coverage_sufficient=0
3856,STATE_SLICE,STATE_SLICE inst=18 stamp=1786279333300977000 inherited_sup=1216 inherited_con=196 inherited_samples=541 inherited_supported=1237 inherited_free=84 inherited_repl_other=36 inherited_repl_bg=78 inherited_occ=480 inherited_unobs=4 session_sup=0 session_con=0 session_samples=0 cur_verts=24330 candidate_verts=0
3857,EVIDENCE,EVIDENCE inst=18 inherited_support=1216 inherited_contradiction=196 session_support=0 session_contradiction=0 inherited_absent_flag=0 cur_verts=24330 observed_verts=0
3858,MOBILITY_PRIOR,MOBILITY_PRIOR inst=18 session=0 class=131 changes=0 continuations=3 alpha=0.0714286 beta=1.92857 q=0.0142857
3859,MOBILITY_PRIOR,MOBILITY_PRIOR inst=18 session=0 class=131 changes=0 continuations=3 alpha=0.0714286 beta=1.92857 q=0.0142857
3860,TOP_ABSORB,TOP_ABSORB inst=18 geom=0 support=1216 high_mobility=0 absorb=1
3861,STATE_EVIDENCE_WINDOW,STATE_EVIDENCE_WINDOW inst=19 after=1786279331200977000 latest_measured_support=1786279333300977000 through=1786279333300977000 projected=1 support=648 contradiction=516 reliable=477 reliable_in_view=288 reliable_seen_through=29 absence_llr=0.610457 absent_samples=149 total_samples=586 absence_coverage_sufficient=0
3862,STATE_SLICE,STATE_SLICE inst=19 stamp=1786279333300977000 inherited_sup=648 inherited_con=516 inherited_samples=586 inherited_supported=649 inherited_free=393 inherited_repl_other=27 inherited_repl_bg=104 inherited_occ=185 inherited_unobs=73 session_sup=0 session_con=0 session_samples=0 cur_verts=22377 candidate_verts=0
3863,EVIDENCE,EVIDENCE inst=19 inherited_support=648 inherited_contradiction=516 session_support=0 session_contradiction=0 inherited_absent_flag=0 cur_verts=22377 observed_verts=0
3864,MOBILITY_PRIOR,MOBILITY_PRIOR inst=19 session=0 class=139 changes=0 continuations=5 alpha=0.075 beta=1.925 q=0.0107143
3865,MOBILITY_PRIOR,MOBILITY_PRIOR inst=19 session=0 class=139 changes=0 continuations=5 alpha=0.075 beta=1.925 q=0.0107143
3866,TOP_ABSORB,TOP_ABSORB inst=19 geom=0 support=648 high_mobility=0 absorb=1
3867,STATE_EVIDENCE_WINDOW,STATE_EVIDENCE_WINDOW inst=20 after=1786279301400977000 latest_measured_support=0 through=1786279333300977000 projected=1 support=0 contradiction=13 reliable=4 reliable_in_view=0 reliable_seen_through=0 absence_llr=0 absent_samples=9 total_samples=206 absence_coverage_sufficient=0
3868,STATE_SLICE,STATE_SLICE inst=20 stamp=1786279333300977000 inherited_sup=0 inherited_con=13 inherited_samples=206 inherited_supported=0 inherited_free=0 inherited_repl_other=13 inherited_repl_bg=0 inherited_occ=102 inherited_unobs=1 session_sup=0 session_con=0 session_samples=0 cur_verts=5268 candidate_verts=0
3869,EVIDENCE,EVIDENCE inst=20 inherited_support=0 inherited_contradiction=13 session_support=0 session_contradiction=0 inherited_absent_flag=0 cur_verts=5268 observed_verts=0
3870,INGEST,INGEST inst=2 first=1786279321s seg_verts=11637 cur_verts=20007 observed_verts=0
3871,INGEST_DECIDE,INGEST_DECIDE inst=2 same_session_overlap=1 contradicted=0
3872,INGEST,INGEST inst=11 first=1786279323s seg_verts=17526 cur_verts=58542 observed_verts=0
3873,INGEST_DECIDE,INGEST_DECIDE inst=11 same_session_overlap=1 contradicted=0
3874,INGEST,INGEST inst=16 first=1786279322s seg_verts=6480 cur_verts=18081 observed_verts=0
3875,INGEST_DECIDE,INGEST_DECIDE inst=16 same_session_overlap=1 contradicted=0
3876,INGEST,INGEST inst=18 first=1786279326s seg_verts=5904 cur_verts=24330 observed_verts=0
3877,INGEST_DECIDE,INGEST_DECIDE inst=18 same_session_overlap=1 contradicted=0
3887,STATE_EVIDENCE_WINDOW,STATE_EVIDENCE_WINDOW inst=1 after=1786279305400966000 latest_measured_support=1786279335400977000 through=1786279335400977000 projected=1 support=235 contradiction=86 reliable=173 reliable_in_view=5 reliable_seen_through=2 absence_llr=0 absent_samples=49 total_samples=3204 absence_coverage_sufficient=0
3888,STATE_SLICE,STATE_SLICE inst=1 stamp=1786279335400977000 inherited_sup=235 inherited_con=86 inherited_samples=3204 inherited_supported=236 inherited_free=79 inherited_repl_other=0 inherited_repl_bg=8 inherited_occ=125 inherited_unobs=1986 session_sup=0 session_con=0 session_samples=0 cur_verts=134766 candidate_verts=0
3889,EVIDENCE,EVIDENCE inst=1 inherited_support=235 inherited_contradiction=86 session_support=0 session_contradiction=0 inherited_absent_flag=0 cur_verts=134766 observed_verts=0
3890,MOBILITY_PRIOR,MOBILITY_PRIOR inst=1 session=0 class=7 changes=0 continuations=2 alpha=0.0769231 beta=1.92308 q=0.0192308
3891,MOBILITY_PRIOR,MOBILITY_PRIOR inst=1 session=0 class=7 changes=0 continuations=2 alpha=0.0769231 beta=1.92308 q=0.0192308
3892,TOP_ABSORB,TOP_ABSORB inst=1 geom=0 support=235 high_mobility=0 absorb=1
3893,STATE_EVIDENCE_WINDOW,STATE_EVIDENCE_WINDOW inst=2 after=1786279333300977000 latest_measured_support=1786279335400977000 through=1786279335400977000 projected=1 support=1439 contradiction=277 reliable=645 reliable_in_view=392 reliable_seen_through=5 absence_llr=0 absent_samples=77 total_samples=748 absence_coverage_sufficient=0
3894,STATE_SLICE,STATE_SLICE inst=2 stamp=1786279335400977000 inherited_sup=1439 inherited_con=277 inherited_samples=748 inherited_supported=1457 inherited_free=182 inherited_repl_other=31 inherited_repl_bg=72 inherited_occ=895 inherited_unobs=0 session_sup=0 session_con=0 session_samples=0 cur_verts=31644 candidate_verts=0
3895,EVIDENCE,EVIDENCE inst=2 inherited_support=1439 inherited_contradiction=277 session_support=0 session_contradiction=0 inherited_absent_flag=0 cur_verts=31644 observed_verts=0
3896,MOBILITY_PRIOR,MOBILITY_PRIOR inst=2 session=0 class=10 changes=0 continuations=2 alpha=0.0638298 beta=1.93617 q=0.0159574
3897,MOBILITY_PRIOR,MOBILITY_PRIOR inst=2 session=0 class=10 changes=0 continuations=2 alpha=0.0638298 beta=1.93617 q=0.0159574
3898,TOP_ABSORB,TOP_ABSORB inst=2 geom=0 support=1439 high_mobility=0 absorb=1
3899,STATE_EVIDENCE_WINDOW,STATE_EVIDENCE_WINDOW inst=3 after=1786279325667655000 latest_measured_support=1786279335400977000 through=1786279335400977000 projected=1 support=347 contradiction=279 reliable=229 reliable_in_view=13 reliable_seen_through=1 absence_llr=0 absent_samples=139 total_samples=1984 absence_coverage_sufficient=0
3900,STATE_SLICE,STATE_SLICE inst=3 stamp=1786279335400977000 inherited_sup=347 inherited_con=279 inherited_samples=1984 inherited_supported=370 inherited_free=197 inherited_repl_other=29 inherited_repl_bg=83 inherited_occ=1530 inherited_unobs=12 session_sup=0 session_con=0 session_samples=0 cur_verts=84735 candidate_verts=0
3901,EVIDENCE,EVIDENCE inst=3 inherited_support=347 inherited_contradiction=279 session_support=0 session_contradiction=0 inherited_absent_flag=0 cur_verts=84735 observed_verts=0
3902,MOBILITY_PRIOR,MOBILITY_PRIOR inst=3 session=0 class=15 changes=0 continuations=5 alpha=0.0681818 beta=1.93182 q=0.00974026
3903,MOBILITY_PRIOR,MOBILITY_PRIOR inst=3 session=0 class=15 changes=0 continuations=5 alpha=0.0681818 beta=1.93182 q=0.00974026
3904,TOP_ABSORB,TOP_ABSORB inst=3 geom=0 support=347 high_mobility=0 absorb=1
3905,STATE_EVIDENCE_WINDOW,STATE_EVIDENCE_WINDOW inst=4 after=1786279303867644000 latest_measured_support=1786279335400977000 through=1786279335400977000 projected=1 support=245 contradiction=16 reliable=189 reliable_in_view=6 reliable_seen_through=1 absence_llr=0 absent_samples=17 total_samples=2995 absence_coverage_sufficient=0
3906,STATE_SLICE,STATE_SLICE inst=4 stamp=1786279335400977000 inherited_sup=245 inherited_con=16 inherited_samples=2995 inherited_supported=249 inherited_free=15 inherited_repl_other=1 inherited_repl_bg=1 inherited_occ=33 inherited_unobs=155 session_sup=0 session_con=0 session_samples=0 cur_verts=214347 candidate_verts=0
3907,EVIDENCE,EVIDENCE inst=4 inherited_support=245 inherited_contradiction=16 session_support=0 session_contradiction=0 inherited_absent_flag=0 cur_verts=214347 observed_verts=0
3908,MOBILITY_PRIOR,MOBILITY_PRIOR inst=4 session=0 class=24 changes=0 continuations=4 alpha=0.0909091 beta=1.90909 q=0.0151515
3909,MOBILITY_PRIOR,MOBILITY_PRIOR inst=4 session=0 class=24 changes=0 continuations=4 alpha=0.0909091 beta=1.90909 q=0.0151515
3910,TOP_ABSORB,TOP_ABSORB inst=4 geom=0 support=245 high_mobility=0 absorb=1
3911,STATE_EVIDENCE_WINDOW,STATE_EVIDENCE_WINDOW inst=5 after=1786279298500977000 latest_measured_support=1786279335400977000 through=1786279335400977000 projected=1 support=52 contradiction=130 reliable=344 reliable_in_view=40 reliable_seen_through=25 absence_llr=0.484022 absent_samples=49 total_samples=609 absence_coverage_sufficient=0
3912,STATE_SLICE,STATE_SLICE inst=5 stamp=1786279335400977000 inherited_sup=52 inherited_con=130 inherited_samples=609 inherited_supported=54 inherited_free=16 inherited_repl_other=27 inherited_repl_bg=99 inherited_occ=283 inherited_unobs=0 session_sup=0 session_con=0 session_samples=0 cur_verts=20262 candidate_verts=0
3913,EVIDENCE,EVIDENCE inst=5 inherited_support=52 inherited_contradiction=130 session_support=0 session_contradiction=0 inherited_absent_flag=0 cur_verts=20262 observed_verts=0
3914,MOBILITY_PRIOR,MOBILITY_PRIOR inst=5 session=0 class=33 changes=0 continuations=3 alpha=0.0833333 beta=1.91667 q=0.0166667
3915,MOBILITY_PRIOR,MOBILITY_PRIOR inst=5 session=0 class=33 changes=0 continuations=3 alpha=0.0833333 beta=1.91667 q=0.0166667
3916,TOP_ABSORB,TOP_ABSORB inst=5 geom=0 support=52 high_mobility=0 absorb=1
3917,STATE_EVIDENCE_WINDOW,STATE_EVIDENCE_WINDOW inst=6 after=1786279333300977000 latest_measured_support=1786279335400977000 through=1786279335400977000 projected=1 support=5182 contradiction=389 reliable=352 reliable_in_view=242 reliable_seen_through=7 absence_llr=2.02364 absent_samples=225 total_samples=2528 absence_coverage_sufficient=0
3918,STATE_SLICE,STATE_SLICE inst=6 stamp=1786279335400977000 inherited_sup=5182 inherited_con=389 inherited_samples=2528 inherited_supported=5539 inherited_free=345 inherited_repl_other=24 inherited_repl_bg=49 inherited_occ=2278 inherited_unobs=0 session_sup=0 session_con=0 session_samples=0 cur_verts=114999 candidate_verts=0
3919,EVIDENCE,EVIDENCE inst=6 inherited_support=5182 inherited_contradiction=389 session_support=0 session_contradiction=0 inherited_absent_flag=0 cur_verts=114999 observed_verts=0
3920,MOBILITY_PRIOR,MOBILITY_PRIOR inst=6 session=0 class=35 changes=0 continuations=4 alpha=0.0909091 beta=1.90909 q=0.0151515
3921,MOBILITY_PRIOR,MOBILITY_PRIOR inst=6 session=0 class=35 changes=0 continuations=4 alpha=0.0909091 beta=1.90909 q=0.0151515
3922,TOP_ABSORB,TOP_ABSORB inst=6 geom=0 support=5182 high_mobility=0 absorb=1
3923,STATE_EVIDENCE_WINDOW,STATE_EVIDENCE_WINDOW inst=7 after=1786279302934311000 latest_measured_support=1786279335400977000 through=1786279335400977000 projected=1 support=20 contradiction=66 reliable=448 reliable_in_view=9 reliable_seen_through=6 absence_llr=0 absent_samples=45 total_samples=743 absence_coverage_sufficient=0
3924,STATE_SLICE,STATE_SLICE inst=7 stamp=1786279335400977000 inherited_sup=20 inherited_con=66 inherited_samples=743 inherited_supported=21 inherited_free=38 inherited_repl_other=15 inherited_repl_bg=16 inherited_occ=364 inherited_unobs=0 session_sup=0 session_con=0 session_samples=0 cur_verts=41649 candidate_verts=0
3925,EVIDENCE,EVIDENCE inst=7 inherited_support=20 inherited_contradiction=66 session_support=0 session_contradiction=0 inherited_absent_flag=0 cur_verts=41649 observed_verts=0
3926,MOBILITY_PRIOR,MOBILITY_PRIOR inst=7 session=0 class=74 changes=0 continuations=5 alpha=0.0731707 beta=4.92683 q=0.00731707
3927,MOBILITY_PRIOR,MOBILITY_PRIOR inst=7 session=0 class=74 changes=0 continuations=5 alpha=0.0731707 beta=4.92683 q=0.00731707
3928,TOP_ABSORB,TOP_ABSORB inst=7 geom=0 support=20 high_mobility=0 absorb=1
3929,STATE_EVIDENCE_WINDOW,STATE_EVIDENCE_WINDOW inst=10 after=1786279326700977000 latest_measured_support=1786279335400977000 through=1786279335400977000 projected=1 support=70 contradiction=1064 reliable=351 reliable_in_view=112 reliable_seen_through=60 absence_llr=0.892705 absent_samples=340 total_samples=871 absence_coverage_sufficient=0
3930,STATE_SLICE,STATE_SLICE inst=10 stamp=1786279335400977000 inherited_sup=70 inherited_con=1064 inherited_samples=871 inherited_supported=71 inherited_free=995 inherited_repl_other=18 inherited_repl_bg=141 inherited_occ=409 inherited_unobs=5 session_sup=0 session_con=0 session_samples=0 cur_verts=29301 candidate_verts=0
3931,EVIDENCE,EVIDENCE inst=10 inherited_support=70 inherited_contradiction=1064 session_support=0 session_contradiction=0 inherited_absent_flag=0 cur_verts=29301 observed_verts=0
3932,MOBILITY_PRIOR,MOBILITY_PRIOR inst=10 session=0 class=75 changes=0 continuations=5 alpha=0.0681818 beta=1.93182 q=0.00974026
3933,MOBILITY_PRIOR,MOBILITY_PRIOR inst=10 session=0 class=75 changes=0 continuations=5 alpha=0.0681818 beta=1.93182 q=0.00974026
3934,TOP_ABSORB,TOP_ABSORB inst=10 geom=0 support=70 high_mobility=0 absorb=1
3935,STATE_EVIDENCE_WINDOW,STATE_EVIDENCE_WINDOW inst=11 after=1786279333300977000 latest_measured_support=1786279335000966000 through=1786279335400977000 projected=1 support=1544 contradiction=151 reliable=494 reliable_in_view=326 reliable_seen_through=6 absence_llr=0.825387 absent_samples=83 total_samples=1447 absence_coverage_sufficient=0
3936,STATE_SLICE,STATE_SLICE inst=11 stamp=1786279335400977000 inherited_sup=1544 inherited_con=151 inherited_samples=1447 inherited_supported=1558 inherited_free=130 inherited_repl_other=0 inherited_repl_bg=23 inherited_occ=707 inherited_unobs=179 session_sup=0 session_con=0 session_samples=0 cur_verts=76068 candidate_verts=0
3937,EVIDENCE,EVIDENCE inst=11 inherited_support=1544 inherited_contradiction=151 session_support=0 session_contradiction=0 inherited_absent_flag=0 cur_verts=76068 observed_verts=0
3938,MOBILITY_PRIOR,MOBILITY_PRIOR inst=11 session=0 class=92 changes=0 continuations=5 alpha=0.0714286 beta=3.92857 q=0.00793651
3939,MOBILITY_PRIOR,MOBILITY_PRIOR inst=11 session=0 class=92 changes=0 continuations=5 alpha=0.0714286 beta=3.92857 q=0.00793651
3940,TOP_ABSORB,TOP_ABSORB inst=11 geom=0 support=1544 high_mobility=0 absorb=1
3941,STATE_EVIDENCE_WINDOW,STATE_EVIDENCE_WINDOW inst=13 after=1786279333300977000 latest_measured_support=1786279335000966000 through=1786279335400977000 projected=1 support=542 contradiction=55 reliable=389 reliable_in_view=174 reliable_seen_through=1 absence_llr=0 absent_samples=24 total_samples=484 absence_coverage_sufficient=0
3942,STATE_SLICE,STATE_SLICE inst=13 stamp=1786279335400977000 inherited_sup=542 inherited_con=55 inherited_samples=484 inherited_supported=557 inherited_free=37 inherited_repl_other=5 inherited_repl_bg=14 inherited_occ=515 inherited_unobs=0 session_sup=0 session_con=0 session_samples=0 cur_verts=21441 candidate_verts=0
3943,EVIDENCE,EVIDENCE inst=13 inherited_support=542 inherited_contradiction=55 session_support=0 session_contradiction=0 inherited_absent_flag=0 cur_verts=21441 observed_verts=0
3944,MOBILITY_PRIOR,MOBILITY_PRIOR inst=13 session=0 class=115 changes=0 continuations=3 alpha=0.0789474 beta=9.92105 q=0.00607287
3945,MOBILITY_PRIOR,MOBILITY_PRIOR inst=13 session=0 class=115 changes=0 continuations=3 alpha=0.0789474 beta=9.92105 q=0.00607287
3946,TOP_ABSORB,TOP_ABSORB inst=13 geom=0 support=542 high_mobility=0 absorb=1
3947,STATE_EVIDENCE_WINDOW,STATE_EVIDENCE_WINDOW inst=14 after=1786279333300977000 latest_measured_support=1786279335400977000 through=1786279335400977000 projected=1 support=362 contradiction=29 reliable=143 reliable_in_view=57 reliable_seen_through=0 absence_llr=0.6329 absent_samples=20 total_samples=210 absence_coverage_sufficient=0
3948,STATE_SLICE,STATE_SLICE inst=14 stamp=1786279335400977000 inherited_sup=362 inherited_con=29 inherited_samples=210 inherited_supported=376 inherited_free=21 inherited_repl_other=1 inherited_repl_bg=15 inherited_occ=175 inherited_unobs=0 session_sup=0 session_con=0 session_samples=0 cur_verts=8352 candidate_verts=0
3949,EVIDENCE,EVIDENCE inst=14 inherited_support=362 inherited_contradiction=29 session_support=0 session_contradiction=0 inherited_absent_flag=0 cur_verts=8352 observed_verts=0
3950,MOBILITY_PRIOR,MOBILITY_PRIOR inst=14 session=0 class=92 changes=0 continuations=2 alpha=0.0714286 beta=6.92857 q=0.00793651
3951,MOBILITY_PRIOR,MOBILITY_PRIOR inst=14 session=0 class=92 changes=0 continuations=2 alpha=0.0714286 beta=6.92857 q=0.00793651
3952,TOP_ABSORB,TOP_ABSORB inst=14 geom=0 support=362 high_mobility=0 absorb=1
3953,STATE_EVIDENCE_WINDOW,STATE_EVIDENCE_WINDOW inst=16 after=1786279333300977000 latest_measured_support=1786279335400977000 through=1786279335400977000 projected=1 support=972 contradiction=83 reliable=708 reliable_in_view=449 reliable_seen_through=16 absence_llr=0 absent_samples=27 total_samples=416 absence_coverage_sufficient=0
3954,STATE_SLICE,STATE_SLICE inst=16 stamp=1786279335400977000 inherited_sup=972 inherited_con=83 inherited_samples=416 inherited_supported=1039 inherited_free=31 inherited_repl_other=5 inherited_repl_bg=49 inherited_occ=144 inherited_unobs=0 session_sup=0 session_con=0 session_samples=0 cur_verts=24561 candidate_verts=0
3955,EVIDENCE,EVIDENCE inst=16 inherited_support=972 inherited_contradiction=83 session_support=0 session_contradiction=0 inherited_absent_flag=0 cur_verts=24561 observed_verts=0
3956,MOBILITY_PRIOR,MOBILITY_PRIOR inst=16 session=0 class=115 changes=0 continuations=4 alpha=0.0789474 beta=8.92105 q=0.00607287
3957,MOBILITY_PRIOR,MOBILITY_PRIOR inst=16 session=0 class=115 changes=0 continuations=4 alpha=0.0789474 beta=8.92105 q=0.00607287
3958,TOP_ABSORB,TOP_ABSORB inst=16 geom=0 support=972 high_mobility=0 absorb=1
3959,STATE_EVIDENCE_WINDOW,STATE_EVIDENCE_WINDOW inst=17 after=1786279333300977000 latest_measured_support=1786279335400977000 through=1786279335400977000 projected=1 support=1093 contradiction=78 reliable=867 reliable_in_view=447 reliable_seen_through=1 absence_llr=0.860691 absent_samples=31 total_samples=440 absence_coverage_sufficient=0
3960,STATE_SLICE,STATE_SLICE inst=17 stamp=1786279335400977000 inherited_sup=1093 inherited_con=78 inherited_samples=440 inherited_supported=1140 inherited_free=1 inherited_repl_other=5 inherited_repl_bg=84 inherited_occ=337 inherited_unobs=0 session_sup=0 session_con=0 session_samples=0 cur_verts=28095 candidate_verts=0
3961,EVIDENCE,EVIDENCE inst=17 inherited_support=1093 inherited_contradiction=78 session_support=0 session_contradiction=0 inherited_absent_flag=0 cur_verts=28095 observed_verts=0
3962,MOBILITY_PRIOR,MOBILITY_PRIOR inst=17 session=0 class=115 changes=0 continuations=4 alpha=0.0789474 beta=8.92105 q=0.00607287
3963,MOBILITY_PRIOR,MOBILITY_PRIOR inst=17 session=0 class=115 changes=0 continuations=4 alpha=0.0789474 beta=8.92105 q=0.00607287
3964,TOP_ABSORB,TOP_ABSORB inst=17 geom=0 support=1093 high_mobility=0 absorb=1
3965,STATE_EVIDENCE_WINDOW,STATE_EVIDENCE_WINDOW inst=18 after=1786279333300977000 latest_measured_support=1786279334567644000 through=1786279335400977000 projected=1 support=320 contradiction=37 reliable=533 reliable_in_view=229 reliable_seen_through=0 absence_llr=0 absent_samples=26 total_samples=574 absence_coverage_sufficient=0
3966,STATE_SLICE,STATE_SLICE inst=18 stamp=1786279335400977000 inherited_sup=320 inherited_con=37 inherited_samples=574 inherited_supported=328 inherited_free=14 inherited_repl_other=17 inherited_repl_bg=7 inherited_occ=123 inherited_unobs=44 session_sup=0 session_con=0 session_samples=0 cur_verts=30234 candidate_verts=0
3967,EVIDENCE,EVIDENCE inst=18 inherited_support=320 inherited_contradiction=37 session_support=0 session_contradiction=0 inherited_absent_flag=0 cur_verts=30234 observed_verts=0
3968,MOBILITY_PRIOR,MOBILITY_PRIOR inst=18 session=0 class=131 changes=0 continuations=4 alpha=0.0666667 beta=1.93333 q=0.0111111
3969,MOBILITY_PRIOR,MOBILITY_PRIOR inst=18 session=0 class=131 changes=0 continuations=4 alpha=0.0666667 beta=1.93333 q=0.0111111
3970,TOP_ABSORB,TOP_ABSORB inst=18 geom=0 support=320 high_mobility=0 absorb=1
3971,STATE_EVIDENCE_WINDOW,STATE_EVIDENCE_WINDOW inst=19 after=1786279333300977000 latest_measured_support=0 through=1786279335400977000 projected=1 support=0 contradiction=73 reliable=452 reliable_in_view=3 reliable_seen_through=2 absence_llr=0.610457 absent_samples=67 total_samples=586 absence_coverage_sufficient=0
3972,STATE_SLICE,STATE_SLICE inst=19 stamp=1786279335400977000 inherited_sup=0 inherited_con=73 inherited_samples=586 inherited_supported=0 inherited_free=71 inherited_repl_other=3 inherited_repl_bg=0 inherited_occ=4 inherited_unobs=392 session_sup=0 session_con=0 session_samples=0 cur_verts=22377 candidate_verts=0
3973,EVIDENCE,EVIDENCE inst=19 inherited_support=0 inherited_contradiction=73 session_support=0 session_contradiction=0 inherited_absent_flag=0 cur_verts=22377 observed_verts=0
3974,STATE_EVIDENCE_WINDOW,STATE_EVIDENCE_WINDOW inst=20 after=1786279301400977000 latest_measured_support=0 through=1786279335400977000 projected=1 support=0 contradiction=40 reliable=4 reliable_in_view=0 reliable_seen_through=0 absence_llr=0 absent_samples=35 total_samples=206 absence_coverage_sufficient=0
3975,STATE_SLICE,STATE_SLICE inst=20 stamp=1786279335400977000 inherited_sup=0 inherited_con=40 inherited_samples=206 inherited_supported=0 inherited_free=11 inherited_repl_other=16 inherited_repl_bg=15 inherited_occ=276 inherited_unobs=0 session_sup=0 session_con=0 session_samples=0 cur_verts=5268 candidate_verts=0
3976,EVIDENCE,EVIDENCE inst=20 inherited_support=0 inherited_contradiction=40 session_support=0 session_contradiction=0 inherited_absent_flag=0 cur_verts=5268 observed_verts=0
3977,OBJECT_EXTRACTION_INPUT,OBJECT_EXTRACTION_INPUT inst=17 first=1786279322700966000 last=1786279336700966000 observations=306 dynamic=0 motion_history=0 last_motion=0 displacement=0 static_fallback=0
3978,STATIC_SURFACE_BOUNDARY,STATIC_SURFACE_BOUNDARY inst=17 rejected_stamp=1786279330367644000 current_stamp=1786279336700966000 forward_support=0 forward_free=53 reverse_support=0 reverse_free=0 forward_sampled=95 reverse_sampled=485
3979,STATIC_SURFACE_FRAMES,STATIC_SURFACE_FRAMES inst=17 candidates=62 selected=41 first=1786279330467644000 last=1786279336700966000
3980,OBJECT_EXTRACTION_INPUT,OBJECT_EXTRACTION_INPUT inst=19 first=1786279315734311000 last=1786279333734300000 observations=541 dynamic=0 motion_history=0 last_motion=0 displacement=0 static_fallback=0
3981,STATIC_SURFACE_BOUNDARY,STATIC_SURFACE_BOUNDARY inst=19 rejected_stamp=1786279332367633000 current_stamp=1786279333667633000 forward_support=5 forward_free=0 reverse_support=101 reverse_free=162 forward_sampled=512 reverse_sampled=492
3982,STATIC_SURFACE_FRAMES,STATIC_SURFACE_FRAMES inst=19 candidates=65 selected=13 first=1786279332467644000 last=1786279333667633000
3983,OBJECT_EXTRACTION_INPUT,OBJECT_EXTRACTION_INPUT inst=18 first=1786279310500966000 last=1786279334634322000 observations=704 dynamic=0 motion_history=0 last_motion=0 displacement=0 static_fallback=0
3984,STATIC_SURFACE_FRAMES,STATIC_SURFACE_FRAMES inst=18 candidates=66 selected=66 first=1786279328067644000 last=1786279334567644000
3994,STATE_EVIDENCE_WINDOW,STATE_EVIDENCE_WINDOW inst=1 after=1786279335400977000 latest_measured_support=1786279337534300000 through=1786279337534300000 projected=1 support=1708 contradiction=371 reliable=227 reliable_in_view=76 reliable_seen_through=5 absence_llr=0 absent_samples=168 total_samples=3204 absence_coverage_sufficient=0
3995,STATE_SLICE,STATE_SLICE inst=1 stamp=1786279337534300000 inherited_sup=1708 inherited_con=371 inherited_samples=3204 inherited_supported=1719 inherited_free=346 inherited_repl_other=6 inherited_repl_bg=21 inherited_occ=1782 inherited_unobs=1742 session_sup=0 session_con=0 session_samples=0 cur_verts=134766 candidate_verts=0
3996,EVIDENCE,EVIDENCE inst=1 inherited_support=1708 inherited_contradiction=371 session_support=0 session_contradiction=0 inherited_absent_flag=0 cur_verts=134766 observed_verts=0
3997,MOBILITY_PRIOR,MOBILITY_PRIOR inst=1 session=0 class=7 changes=0 continuations=2 alpha=0.0769231 beta=1.92308 q=0.0192308
3998,MOBILITY_PRIOR,MOBILITY_PRIOR inst=1 session=0 class=7 changes=0 continuations=2 alpha=0.0769231 beta=1.92308 q=0.0192308
3999,TOP_ABSORB,TOP_ABSORB inst=1 geom=0 support=1708 high_mobility=0 absorb=1
4000,STATE_EVIDENCE_WINDOW,STATE_EVIDENCE_WINDOW inst=2 after=1786279335400977000 latest_measured_support=1786279335834311000 through=1786279337534300000 projected=1 support=12 contradiction=14 reliable=634 reliable_in_view=13 reliable_seen_through=0 absence_llr=0 absent_samples=15 total_samples=748 absence_coverage_sufficient=0
4001,STATE_SLICE,STATE_SLICE inst=2 stamp=1786279337534300000 inherited_sup=12 inherited_con=14 inherited_samples=748 inherited_supported=13 inherited_free=9 inherited_repl_other=6 inherited_repl_bg=0 inherited_occ=18 inherited_unobs=181 session_sup=0 session_con=0 session_samples=0 cur_verts=31644 candidate_verts=0
4002,EVIDENCE,EVIDENCE inst=2 inherited_support=12 inherited_contradiction=14 session_support=0 session_contradiction=0 inherited_absent_flag=0 cur_verts=31644 observed_verts=0
4003,MOBILITY_PRIOR,MOBILITY_PRIOR inst=2 session=0 class=10 changes=0 continuations=2 alpha=0.0638298 beta=1.93617 q=0.0159574
4004,MOBILITY_PRIOR,MOBILITY_PRIOR inst=2 session=0 class=10 changes=0 continuations=2 alpha=0.0638298 beta=1.93617 q=0.0159574
4005,TOP_ABSORB,TOP_ABSORB inst=2 geom=0 support=12 high_mobility=0 absorb=1
4006,STATE_EVIDENCE_WINDOW,STATE_EVIDENCE_WINDOW inst=3 after=1786279335400977000 latest_measured_support=1786279337534300000 through=1786279337534300000 projected=1 support=496 contradiction=932 reliable=276 reliable_in_view=65 reliable_seen_through=5 absence_llr=0 absent_samples=290 total_samples=1984 absence_coverage_sufficient=0
4007,STATE_SLICE,STATE_SLICE inst=3 stamp=1786279337534300000 inherited_sup=496 inherited_con=932 inherited_samples=1984 inherited_supported=526 inherited_free=444 inherited_repl_other=33 inherited_repl_bg=516 inherited_occ=4016 inherited_unobs=0 session_sup=0 session_con=0 session_samples=0 cur_verts=84735 candidate_verts=0
4008,EVIDENCE,EVIDENCE inst=3 inherited_support=496 inherited_contradiction=932 session_support=0 session_contradiction=0 inherited_absent_flag=0 cur_verts=84735 observed_verts=0
4009,MOBILITY_PRIOR,MOBILITY_PRIOR inst=3 session=0 class=15 changes=0 continuations=5 alpha=0.0681818 beta=1.93182 q=0.00974026
4010,MOBILITY_PRIOR,MOBILITY_PRIOR inst=3 session=0 class=15 changes=0 continuations=5 alpha=0.0681818 beta=1.93182 q=0.00974026
4011,TOP_ABSORB,TOP_ABSORB inst=3 geom=0 support=496 high_mobility=0 absorb=1
4012,STATE_EVIDENCE_WINDOW,STATE_EVIDENCE_WINDOW inst=4 after=1786279335400977000 latest_measured_support=1786279337534300000 through=1786279337534300000 projected=1 support=6867 contradiction=386 reliable=559 reliable_in_view=442 reliable_seen_through=7 absence_llr=0 absent_samples=159 total_samples=2995 absence_coverage_sufficient=0
4013,STATE_SLICE,STATE_SLICE inst=4 stamp=1786279337534300000 inherited_sup=6867 inherited_con=386 inherited_samples=2995 inherited_supported=7030 inherited_free=353 inherited_repl_other=35 inherited_repl_bg=16 inherited_occ=2984 inherited_unobs=1 session_sup=0 session_con=0 session_samples=0 cur_verts=214347 candidate_verts=0
4014,EVIDENCE,EVIDENCE inst=4 inherited_support=6867 inherited_contradiction=386 session_support=0 session_contradiction=0 inherited_absent_flag=0 cur_verts=214347 observed_verts=0
4015,MOBILITY_PRIOR,MOBILITY_PRIOR inst=4 session=0 class=24 changes=0 continuations=4 alpha=0.0909091 beta=1.90909 q=0.0151515
4016,MOBILITY_PRIOR,MOBILITY_PRIOR inst=4 session=0 class=24 changes=0 continuations=4 alpha=0.0909091 beta=1.90909 q=0.0151515
4017,TOP_ABSORB,TOP_ABSORB inst=4 geom=0 support=6867 high_mobility=0 absorb=1
4018,STATE_EVIDENCE_WINDOW,STATE_EVIDENCE_WINDOW inst=5 after=1786279335400977000 latest_measured_support=1786279337534300000 through=1786279337534300000 projected=1 support=72 contradiction=134 reliable=344 reliable_in_view=41 reliable_seen_through=31 absence_llr=0.556473 absent_samples=44 total_samples=609 absence_coverage_sufficient=0
4019,STATE_SLICE,STATE_SLICE inst=5 stamp=1786279337534300000 inherited_sup=72 inherited_con=134 inherited_samples=609 inherited_supported=74 inherited_free=25 inherited_repl_other=15 inherited_repl_bg=104 inherited_occ=760 inherited_unobs=0 session_sup=0 session_con=0 session_samples=0 cur_verts=20262 candidate_verts=0
4020,EVIDENCE,EVIDENCE inst=5 inherited_support=72 inherited_contradiction=134 session_support=0 session_contradiction=0 inherited_absent_flag=0 cur_verts=20262 observed_verts=0
4021,MOBILITY_PRIOR,MOBILITY_PRIOR inst=5 session=0 class=33 changes=0 continuations=3 alpha=0.0833333 beta=1.91667 q=0.0166667
4022,MOBILITY_PRIOR,MOBILITY_PRIOR inst=5 session=0 class=33 changes=0 continuations=3 alpha=0.0833333 beta=1.91667 q=0.0166667
4023,TOP_ABSORB,TOP_ABSORB inst=5 geom=0 support=72 high_mobility=0 absorb=1
4024,OBJECT_EXTRACTION_INPUT,OBJECT_EXTRACTION_INPUT inst=13 first=1786279304467644000 last=1786279335134311000 observations=806 dynamic=0 motion_history=0 last_motion=0 displacement=0 static_fallback=0
4025,OBJECT_EXTRACTION_INPUT,OBJECT_EXTRACTION_INPUT inst=11 first=1786279310600966000 last=1786279335167655000 observations=725 dynamic=0 motion_history=0 last_motion=0 displacement=0 static_fallback=0
4026,STATIC_SURFACE_FRAMES,STATIC_SURFACE_FRAMES inst=11 candidates=68 selected=68 first=1786279328467633000 last=1786279335167655000
4027,STATIC_SURFACE_FRAMES,STATIC_SURFACE_FRAMES inst=13 candidates=67 selected=67 first=1786279328467633000 last=1786279335067644000
4028,STATE_EVIDENCE_WINDOW,STATE_EVIDENCE_WINDOW inst=6 after=1786279335400977000 latest_measured_support=1786279336267633000 through=1786279337534300000 projected=1 support=855 contradiction=40 reliable=347 reliable_in_view=113 reliable_seen_through=0 absence_llr=2.02187 absent_samples=39 total_samples=2528 absence_coverage_sufficient=0
4029,STATE_SLICE,STATE_SLICE inst=6 stamp=1786279337534300000 inherited_sup=855 inherited_con=40 inherited_samples=2528 inherited_supported=885 inherited_free=22 inherited_repl_other=0 inherited_repl_bg=21 inherited_occ=239 inherited_unobs=0 session_sup=0 session_con=0 session_samples=0 cur_verts=114999 candidate_verts=0
4030,EVIDENCE,EVIDENCE inst=6 inherited_support=855 inherited_contradiction=40 session_support=0 session_contradiction=0 inherited_absent_flag=0 cur_verts=114999 observed_verts=0
4031,MOBILITY_PRIOR,MOBILITY_PRIOR inst=6 session=0 class=35 changes=0 continuations=4 alpha=0.0909091 beta=1.90909 q=0.0151515
4032,MOBILITY_PRIOR,MOBILITY_PRIOR inst=6 session=0 class=35 changes=0 continuations=4 alpha=0.0909091 beta=1.90909 q=0.0151515
4033,TOP_ABSORB,TOP_ABSORB inst=6 geom=0 support=855 high_mobility=0 absorb=1
4034,STATE_EVIDENCE_WINDOW,STATE_EVIDENCE_WINDOW inst=7 after=1786279335400977000 latest_measured_support=1786279337534300000 through=1786279337534300000 projected=1 support=36 contradiction=362 reliable=448 reliable_in_view=27 reliable_seen_through=20 absence_llr=0 absent_samples=144 total_samples=743 absence_coverage_sufficient=0
4035,STATE_SLICE,STATE_SLICE inst=7 stamp=1786279337534300000 inherited_sup=36 inherited_con=362 inherited_samples=743 inherited_supported=40 inherited_free=194 inherited_repl_other=8 inherited_repl_bg=184 inherited_occ=655 inherited_unobs=0 session_sup=0 session_con=0 session_samples=0 cur_verts=41649 candidate_verts=0
4036,EVIDENCE,EVIDENCE inst=7 inherited_support=36 inherited_contradiction=362 session_support=0 session_contradiction=0 inherited_absent_flag=0 cur_verts=41649 observed_verts=0
4037,MOBILITY_PRIOR,MOBILITY_PRIOR inst=7 session=0 class=74 changes=0 continuations=5 alpha=0.0731707 beta=4.92683 q=0.00731707
4038,MOBILITY_PRIOR,MOBILITY_PRIOR inst=7 session=0 class=74 changes=0 continuations=5 alpha=0.0731707 beta=4.92683 q=0.00731707
4039,TOP_ABSORB,TOP_ABSORB inst=7 geom=0 support=36 high_mobility=0 absorb=1
4040,STATE_EVIDENCE_WINDOW,STATE_EVIDENCE_WINDOW inst=10 after=1786279335400977000 latest_measured_support=1786279337534300000 through=1786279337534300000 projected=1 support=91 contradiction=1517 reliable=351 reliable_in_view=112 reliable_seen_through=86 absence_llr=1.07505 absent_samples=392 total_samples=871 absence_coverage_sufficient=0
4041,STATE_SLICE,STATE_SLICE inst=10 stamp=1786279337534300000 inherited_sup=91 inherited_con=1517 inherited_samples=871 inherited_supported=93 inherited_free=1302 inherited_repl_other=139 inherited_repl_bg=207 inherited_occ=1187 inherited_unobs=0 session_sup=0 session_con=0 session_samples=0 cur_verts=29301 candidate_verts=0
4042,EVIDENCE,EVIDENCE inst=10 inherited_support=91 inherited_contradiction=1517 session_support=0 session_contradiction=0 inherited_absent_flag=0 cur_verts=29301 observed_verts=0
4043,MOBILITY_PRIOR,MOBILITY_PRIOR inst=10 session=0 class=75 changes=0 continuations=5 alpha=0.0681818 beta=1.93182 q=0.00974026
4044,MOBILITY_PRIOR,MOBILITY_PRIOR inst=10 session=0 class=75 changes=0 continuations=5 alpha=0.0681818 beta=1.93182 q=0.00974026
4045,TOP_ABSORB,TOP_ABSORB inst=10 geom=0 support=91 high_mobility=0 absorb=1
4046,STATE_EVIDENCE_WINDOW,STATE_EVIDENCE_WINDOW inst=11 after=1786279335000966000 latest_measured_support=0 through=1786279337534300000 projected=1 support=0 contradiction=2 reliable=487 reliable_in_view=0 reliable_seen_through=0 absence_llr=0.825387 absent_samples=2 total_samples=1447 absence_coverage_sufficient=0
4047,STATE_SLICE,STATE_SLICE inst=11 stamp=1786279337534300000 inherited_sup=0 inherited_con=2 inherited_samples=1447 inherited_supported=0 inherited_free=2 inherited_repl_other=0 inherited_repl_bg=0 inherited_occ=32 inherited_unobs=1071 session_sup=0 session_con=0 session_samples=0 cur_verts=76068 candidate_verts=0
4048,EVIDENCE,EVIDENCE inst=11 inherited_support=0 inherited_contradiction=2 session_support=0 session_contradiction=0 inherited_absent_flag=0 cur_verts=76068 observed_verts=0
4049,STATE_EVIDENCE_WINDOW,STATE_EVIDENCE_WINDOW inst=13 after=1786279335000966000 latest_measured_support=0 through=1786279337534300000 projected=0 support=0 contradiction=0 reliable=388 reliable_in_view=0 reliable_seen_through=0 absence_llr=0 absent_samples=0 total_samples=7147 absence_coverage_sufficient=0
4050,STATE_SLICE,STATE_SLICE inst=13 stamp=1786279337534300000 inherited_sup=0 inherited_con=0 inherited_samples=7147 inherited_supported=0 inherited_free=0 inherited_repl_other=0 inherited_repl_bg=0 inherited_occ=0 inherited_unobs=7147 session_sup=0 session_con=0 session_samples=0 cur_verts=21441 candidate_verts=0
4051,EVIDENCE,EVIDENCE inst=13 inherited_support=0 inherited_contradiction=0 session_support=0 session_contradiction=0 inherited_absent_flag=0 cur_verts=21441 observed_verts=0
4052,STATE_EVIDENCE_WINDOW,STATE_EVIDENCE_WINDOW inst=14 after=1786279335400977000 latest_measured_support=1786279335834311000 through=1786279337534300000 projected=1 support=27 contradiction=3 reliable=143 reliable_in_view=18 reliable_seen_through=0 absence_llr=0.6329 absent_samples=4 total_samples=210 absence_coverage_sufficient=0
4053,STATE_SLICE,STATE_SLICE inst=14 stamp=1786279337534300000 inherited_sup=27 inherited_con=3 inherited_samples=210 inherited_supported=28 inherited_free=0 inherited_repl_other=0 inherited_repl_bg=4 inherited_occ=24 inherited_unobs=0 session_sup=0 session_con=0 session_samples=0 cur_verts=8352 candidate_verts=0
4054,EVIDENCE,EVIDENCE inst=14 inherited_support=27 inherited_contradiction=3 session_support=0 session_contradiction=0 inherited_absent_flag=0 cur_verts=8352 observed_verts=0
4055,MOBILITY_PRIOR,MOBILITY_PRIOR inst=14 session=0 class=92 changes=0 continuations=2 alpha=0.0714286 beta=6.92857 q=0.00793651
4056,MOBILITY_PRIOR,MOBILITY_PRIOR inst=14 session=0 class=92 changes=0 continuations=2 alpha=0.0714286 beta=6.92857 q=0.00793651
4057,TOP_ABSORB,TOP_ABSORB inst=14 geom=0 support=27 high_mobility=0 absorb=1
4058,STATE_EVIDENCE_WINDOW,STATE_EVIDENCE_WINDOW inst=16 after=1786279335400977000 latest_measured_support=1786279336700966000 through=1786279337534300000 projected=1 support=508 contradiction=88 reliable=726 reliable_in_view=382 reliable_seen_through=26 absence_llr=0 absent_samples=51 total_samples=416 absence_coverage_sufficient=0
4059,STATE_SLICE,STATE_SLICE inst=16 stamp=1786279337534300000 inherited_sup=508 inherited_con=88 inherited_samples=416 inherited_supported=527 inherited_free=55 inherited_repl_other=12 inherited_repl_bg=22 inherited_occ=125 inherited_unobs=0 session_sup=0 session_con=0 session_samples=0 cur_verts=24561 candidate_verts=0
4060,EVIDENCE,EVIDENCE inst=16 inherited_support=508 inherited_contradiction=88 session_support=0 session_contradiction=0 inherited_absent_flag=0 cur_verts=24561 observed_verts=0
4061,MOBILITY_PRIOR,MOBILITY_PRIOR inst=16 session=0 class=115 changes=0 continuations=4 alpha=0.0789474 beta=8.92105 q=0.00607287
4062,MOBILITY_PRIOR,MOBILITY_PRIOR inst=16 session=0 class=115 changes=0 continuations=4 alpha=0.0789474 beta=8.92105 q=0.00607287
4063,TOP_ABSORB,TOP_ABSORB inst=16 geom=0 support=508 high_mobility=0 absorb=1
4064,STATE_EVIDENCE_WINDOW,STATE_EVIDENCE_WINDOW inst=17 after=1786279335400977000 latest_measured_support=1786279337100977000 through=1786279337534300000 projected=1 support=824 contradiction=102 reliable=887 reliable_in_view=650 reliable_seen_through=9 absence_llr=0.671653 absent_samples=41 total_samples=440 absence_coverage_sufficient=0
4065,STATE_SLICE,STATE_SLICE inst=17 stamp=1786279337534300000 inherited_sup=824 inherited_con=102 inherited_samples=440 inherited_supported=864 inherited_free=23 inherited_repl_other=0 inherited_repl_bg=87 inherited_occ=228 inherited_unobs=0 session_sup=0 session_con=0 session_samples=0 cur_verts=28095 candidate_verts=0
4066,EVIDENCE,EVIDENCE inst=17 inherited_support=824 inherited_contradiction=102 session_support=0 session_contradiction=0 inherited_absent_flag=0 cur_verts=28095 observed_verts=0
4067,MOBILITY_PRIOR,MOBILITY_PRIOR inst=17 session=0 class=115 changes=0 continuations=4 alpha=0.0789474 beta=8.92105 q=0.00607287
4068,MOBILITY_PRIOR,MOBILITY_PRIOR inst=17 session=0 class=115 changes=0 continuations=4 alpha=0.0789474 beta=8.92105 q=0.00607287
4069,TOP_ABSORB,TOP_ABSORB inst=17 geom=0 support=824 high_mobility=0 absorb=1
4070,STATE_EVIDENCE_WINDOW,STATE_EVIDENCE_WINDOW inst=18 after=1786279334567644000 latest_measured_support=0 through=1786279337534300000 projected=1 support=0 contradiction=1 reliable=532 reliable_in_view=0 reliable_seen_through=0 absence_llr=0 absent_samples=1 total_samples=574 absence_coverage_sufficient=0
4071,STATE_SLICE,STATE_SLICE inst=18 stamp=1786279337534300000 inherited_sup=0 inherited_con=1 inherited_samples=574 inherited_supported=0 inherited_free=0 inherited_repl_other=1 inherited_repl_bg=0 inherited_occ=1 inherited_unobs=416 session_sup=0 session_con=0 session_samples=0 cur_verts=30234 candidate_verts=0
4072,EVIDENCE,EVIDENCE inst=18 inherited_support=0 inherited_contradiction=1 session_support=0 session_contradiction=0 inherited_absent_flag=0 cur_verts=30234 observed_verts=0
4073,STATE_EVIDENCE_WINDOW,STATE_EVIDENCE_WINDOW inst=19 after=1786279333300977000 latest_measured_support=0 through=1786279337534300000 projected=1 support=0 contradiction=73 reliable=452 reliable_in_view=0 reliable_seen_through=0 absence_llr=0.610457 absent_samples=67 total_samples=586 absence_coverage_sufficient=0
4074,STATE_SLICE,STATE_SLICE inst=19 stamp=1786279337534300000 inherited_sup=0 inherited_con=73 inherited_samples=586 inherited_supported=0 inherited_free=71 inherited_repl_other=3 inherited_repl_bg=0 inherited_occ=4 inherited_unobs=392 session_sup=0 session_con=0 session_samples=0 cur_verts=22377 candidate_verts=0
4075,EVIDENCE,EVIDENCE inst=19 inherited_support=0 inherited_contradiction=73 session_support=0 session_contradiction=0 inherited_absent_flag=0 cur_verts=22377 observed_verts=0
4076,STATE_EVIDENCE_WINDOW,STATE_EVIDENCE_WINDOW inst=20 after=1786279301400977000 latest_measured_support=0 through=1786279337534300000 projected=1 support=0 contradiction=159 reliable=4 reliable_in_view=0 reliable_seen_through=0 absence_llr=0 absent_samples=42 total_samples=206 absence_coverage_sufficient=0
4077,STATE_SLICE,STATE_SLICE inst=20 stamp=1786279337534300000 inherited_sup=0 inherited_con=159 inherited_samples=206 inherited_supported=0 inherited_free=82 inherited_repl_other=26 inherited_repl_bg=63 inherited_occ=648 inherited_unobs=0 session_sup=0 session_con=0 session_samples=0 cur_verts=5268 candidate_verts=0
4078,EVIDENCE,EVIDENCE inst=20 inherited_support=0 inherited_contradiction=159 session_support=0 session_contradiction=0 inherited_absent_flag=0 cur_verts=5268 observed_verts=0
4079,INGEST,INGEST inst=17 first=1786279330s seg_verts=7632 cur_verts=28095 observed_verts=0
4080,INGEST_DECIDE,INGEST_DECIDE inst=17 same_session_overlap=1 contradicted=0
4081,INGEST,INGEST inst=19 first=1786279332s seg_verts=3537 cur_verts=22377 observed_verts=0
4082,INGEST_DECIDE,INGEST_DECIDE inst=19 same_session_overlap=1 contradicted=0
4083,OBJECT_EXTRACTION_INPUT,OBJECT_EXTRACTION_INPUT inst=2 first=1786279320900966000 last=1786279335934300000 observations=452 dynamic=0 motion_history=0 last_motion=0 displacement=0 static_fallback=0
4084,OBJECT_EXTRACTION_INPUT,OBJECT_EXTRACTION_INPUT inst=14 first=1786279325967633000 last=1786279335900966000 observations=299 dynamic=0 motion_history=0 last_motion=0 displacement=0 static_fallback=0
4085,STATIC_SURFACE_FRAMES,STATIC_SURFACE_FRAMES inst=14 candidates=66 selected=66 first=1786279329367633000 last=1786279335867633000
4086,STATIC_SURFACE_FRAMES,STATIC_SURFACE_FRAMES inst=2 candidates=66 selected=66 first=1786279329367633000 last=1786279335867633000
4087,OBJECT_EXTRACTION_INPUT,OBJECT_EXTRACTION_INPUT inst=6 first=1786279321134300000 last=1786279336500977000 observations=462 dynamic=0 motion_history=0 last_motion=0 displacement=0 static_fallback=0
4088,STATIC_SURFACE_FRAMES,STATIC_SURFACE_FRAMES inst=6 candidates=68 selected=68 first=1786279329767644000 last=1786279336467633000
4089,STATE_EVIDENCE_WINDOW,STATE_EVIDENCE_WINDOW inst=1 after=1786279337534300000 latest_measured_support=1786279339634311000 through=1786279339634311000 projected=1 support=1794 contradiction=328 reliable=266 reliable_in_view=113 reliable_seen_through=0 absence_llr=0 absent_samples=84 total_samples=3204 absence_coverage_sufficient=0
4090,STATE_SLICE,STATE_SLICE inst=1 stamp=1786279339634311000 inherited_sup=1794 inherited_con=328 inherited_samples=3204 inherited_supported=1806 inherited_free=259 inherited_repl_other=1 inherited_repl_bg=74 inherited_occ=1664 inherited_unobs=1719 session_sup=0 session_con=0 session_samples=0 cur_verts=134766 candidate_verts=0
4091,EVIDENCE,EVIDENCE inst=1 inherited_support=1794 inherited_contradiction=328 session_support=0 session_contradiction=0 inherited_absent_flag=0 cur_verts=134766 observed_verts=0
4092,MOBILITY_PRIOR,MOBILITY_PRIOR inst=1 session=0 class=7 changes=0 continuations=2 alpha=0.0769231 beta=1.92308 q=0.0192308
4093,MOBILITY_PRIOR,MOBILITY_PRIOR inst=1 session=0 class=7 changes=0 continuations=2 alpha=0.0769231 beta=1.92308 q=0.0192308
4094,TOP_ABSORB,TOP_ABSORB inst=1 geom=0 support=1794 high_mobility=0 absorb=1
4095,STATE_EVIDENCE_WINDOW,STATE_EVIDENCE_WINDOW inst=2 after=1786279335834311000 latest_measured_support=0 through=1786279339634311000 projected=0 support=0 contradiction=0 reliable=634 reliable_in_view=0 reliable_seen_through=0 absence_llr=0 absent_samples=0 total_samples=10548 absence_coverage_sufficient=0
4096,STATE_SLICE,STATE_SLICE inst=2 stamp=1786279339634311000 inherited_sup=0 inherited_con=0 inherited_samples=10548 inherited_supported=0 inherited_free=0 inherited_repl_other=0 inherited_repl_bg=0 inherited_occ=0 inherited_unobs=10548 session_sup=0 session_con=0 session_samples=0 cur_verts=31644 candidate_verts=0
4097,EVIDENCE,EVIDENCE inst=2 inherited_support=0 inherited_contradiction=0 session_support=0 session_contradiction=0 inherited_absent_flag=0 cur_verts=31644 observed_verts=0
4098,STATE_EVIDENCE_WINDOW,STATE_EVIDENCE_WINDOW inst=3 after=1786279337534300000 latest_measured_support=1786279339634311000 through=1786279339634311000 projected=1 support=524 contradiction=772 reliable=293 reliable_in_view=65 reliable_seen_through=3 absence_llr=0 absent_samples=289 total_samples=1984 absence_coverage_sufficient=0
4099,STATE_SLICE,STATE_SLICE inst=3 stamp=1786279339634311000 inherited_sup=524 inherited_con=772 inherited_samples=1984 inherited_supported=541 inherited_free=374 inherited_repl_other=16 inherited_repl_bg=440 inherited_occ=3330 inherited_unobs=0 session_sup=0 session_con=0 session_samples=0 cur_verts=84735 candidate_verts=0
4100,EVIDENCE,EVIDENCE inst=3 inherited_support=524 inherited_contradiction=772 session_support=0 session_contradiction=0 inherited_absent_flag=0 cur_verts=84735 observed_verts=0
4101,MOBILITY_PRIOR,MOBILITY_PRIOR inst=3 session=0 class=15 changes=0 continuations=5 alpha=0.0652174 beta=1.93478 q=0.00931677
4102,MOBILITY_PRIOR,MOBILITY_PRIOR inst=3 session=0 class=15 changes=0 continuations=5 alpha=0.0652174 beta=1.93478 q=0.00931677
4103,TOP_ABSORB,TOP_ABSORB inst=3 geom=0 support=524 high_mobility=0 absorb=1
4104,STATE_EVIDENCE_WINDOW,STATE_EVIDENCE_WINDOW inst=4 after=1786279337534300000 latest_measured_support=1786279339634311000 through=1786279339634311000 projected=1 support=7496 contradiction=693 reliable=580 reliable_in_view=445 reliable_seen_through=0 absence_llr=0 absent_samples=182 total_samples=2995 absence_coverage_sufficient=0
4105,STATE_SLICE,STATE_SLICE inst=4 stamp=1786279339634311000 inherited_sup=7496 inherited_con=693 inherited_samples=2995 inherited_supported=7674 inherited_free=665 inherited_repl_other=38 inherited_repl_bg=28 inherited_occ=3318 inherited_unobs=1 session_sup=0 session_con=0 session_samples=0 cur_verts=214347 candidate_verts=0
4106,EVIDENCE,EVIDENCE inst=4 inherited_support=7496 inherited_contradiction=693 session_support=0 session_contradiction=0 inherited_absent_flag=0 cur_verts=214347 observed_verts=0
4107,MOBILITY_PRIOR,MOBILITY_PRIOR inst=4 session=0 class=24 changes=0 continuations=4 alpha=0.0909091 beta=1.90909 q=0.0151515
4108,MOBILITY_PRIOR,MOBILITY_PRIOR inst=4 session=0 class=24 changes=0 continuations=4 alpha=0.0909091 beta=1.90909 q=0.0151515
4109,TOP_ABSORB,TOP_ABSORB inst=4 geom=0 support=7496 high_mobility=0 absorb=1
4110,STATE_EVIDENCE_WINDOW,STATE_EVIDENCE_WINDOW inst=5 after=1786279337534300000 latest_measured_support=1786279339634311000 through=1786279339634311000 projected=1 support=59 contradiction=77 reliable=352 reliable_in_view=30 reliable_seen_through=13 absence_llr=0.573771 absent_samples=42 total_samples=609 absence_coverage_sufficient=0
4111,STATE_SLICE,STATE_SLICE inst=5 stamp=1786279339634311000 inherited_sup=59 inherited_con=77 inherited_samples=609 inherited_supported=62 inherited_free=17 inherited_repl_other=20 inherited_repl_bg=44 inherited_occ=373 inherited_unobs=0 session_sup=0 session_con=0 session_samples=0 cur_verts=20262 candidate_verts=0
4112,EVIDENCE,EVIDENCE inst=5 inherited_support=59 inherited_contradiction=77 session_support=0 session_contradiction=0 inherited_absent_flag=0 cur_verts=20262 observed_verts=0
4113,MOBILITY_PRIOR,MOBILITY_PRIOR inst=5 session=0 class=33 changes=0 continuations=3 alpha=0.0833333 beta=1.91667 q=0.0166667
4114,MOBILITY_PRIOR,MOBILITY_PRIOR inst=5 session=0 class=33 changes=0 continuations=3 alpha=0.0833333 beta=1.91667 q=0.0166667
4115,TOP_ABSORB,TOP_ABSORB inst=5 geom=0 support=59 high_mobility=0 absorb=1
4116,STATE_EVIDENCE_WINDOW,STATE_EVIDENCE_WINDOW inst=6 after=1786279336267633000 latest_measured_support=0 through=1786279339634311000 projected=0 support=0 contradiction=0 reliable=347 reliable_in_view=0 reliable_seen_through=0 absence_llr=2.02187 absent_samples=0 total_samples=38333 absence_coverage_sufficient=0
4117,STATE_SLICE,STATE_SLICE inst=6 stamp=1786279339634311000 inherited_sup=0 inherited_con=0 inherited_samples=38333 inherited_supported=0 inherited_free=0 inherited_repl_other=0 inherited_repl_bg=0 inherited_occ=0 inherited_unobs=38333 session_sup=0 session_con=0 session_samples=0 cur_verts=114999 candidate_verts=0
4118,EVIDENCE,EVIDENCE inst=6 inherited_support=0 inherited_contradiction=0 session_support=0 session_contradiction=0 inherited_absent_flag=0 cur_verts=114999 observed_verts=0
4119,STATE_EVIDENCE_WINDOW,STATE_EVIDENCE_WINDOW inst=7 after=1786279337534300000 latest_measured_support=1786279339634311000 through=1786279339634311000 projected=1 support=67 contradiction=364 reliable=448 reliable_in_view=38 reliable_seen_through=28 absence_llr=0.952347 absent_samples=169 total_samples=743 absence_coverage_sufficient=0
4120,STATE_SLICE,STATE_SLICE inst=7 stamp=1786279339634311000 inherited_sup=67 inherited_con=364 inherited_samples=743 inherited_supported=74 inherited_free=231 inherited_repl_other=8 inherited_repl_bg=151 inherited_occ=495 inherited_unobs=0 session_sup=0 session_con=0 session_samples=0 cur_verts=41649 candidate_verts=0
4121,EVIDENCE,EVIDENCE inst=7 inherited_support=67 inherited_contradiction=364 session_support=0 session_contradiction=0 inherited_absent_flag=0 cur_verts=41649 observed_verts=0
4122,MOBILITY_PRIOR,MOBILITY_PRIOR inst=7 session=0 class=74 changes=0 continuations=5 alpha=0.0697674 beta=4.93023 q=0.00697674
4123,MOBILITY_PRIOR,MOBILITY_PRIOR inst=7 session=0 class=74 changes=0 continuations=5 alpha=0.0697674 beta=4.93023 q=0.00697674
4124,TOP_ABSORB,TOP_ABSORB inst=7 geom=0 support=67 high_mobility=0 absorb=1
4125,STATE_EVIDENCE_WINDOW,STATE_EVIDENCE_WINDOW inst=10 after=1786279337534300000 latest_measured_support=1786279339634311000 through=1786279339634311000 projected=1 support=26 contradiction=1132 reliable=351 reliable_in_view=102 reliable_seen_through=81 absence_llr=1.07505 absent_samples=389 total_samples=871 absence_coverage_sufficient=0
4126,STATE_SLICE,STATE_SLICE inst=10 stamp=1786279339634311000 inherited_sup=26 inherited_con=1132 inherited_samples=871 inherited_supported=26 inherited_free=902 inherited_repl_other=174 inherited_repl_bg=138 inherited_occ=851 inherited_unobs=5 session_sup=0 session_con=0 session_samples=0 cur_verts=29301 candidate_verts=0
4127,EVIDENCE,EVIDENCE inst=10 inherited_support=26 inherited_contradiction=1132 session_support=0 session_contradiction=0 inherited_absent_flag=0 cur_verts=29301 observed_verts=0
4128,MOBILITY_PRIOR,MOBILITY_PRIOR inst=10 session=0 class=75 changes=0 continuations=5 alpha=0.0652174 beta=1.93478 q=0.00931677
4129,MOBILITY_PRIOR,MOBILITY_PRIOR inst=10 session=0 class=75 changes=0 continuations=5 alpha=0.0652174 beta=1.93478 q=0.00931677
4130,TOP_ABSORB,TOP_ABSORB inst=10 geom=0 support=26 high_mobility=0 absorb=1
4131,STATE_EVIDENCE_WINDOW,STATE_EVIDENCE_WINDOW inst=11 after=1786279335000966000 latest_measured_support=0 through=1786279339634311000 projected=1 support=0 contradiction=2 reliable=487 reliable_in_view=0 reliable_seen_through=0 absence_llr=0.825387 absent_samples=2 total_samples=1447 absence_coverage_sufficient=0
4132,STATE_SLICE,STATE_SLICE inst=11 stamp=1786279339634311000 inherited_sup=0 inherited_con=2 inherited_samples=1447 inherited_supported=0 inherited_free=2 inherited_repl_other=0 inherited_repl_bg=0 inherited_occ=32 inherited_unobs=1071 session_sup=0 session_con=0 session_samples=0 cur_verts=76068 candidate_verts=0
4133,EVIDENCE,EVIDENCE inst=11 inherited_support=0 inherited_contradiction=2 session_support=0 session_contradiction=0 inherited_absent_flag=0 cur_verts=76068 observed_verts=0
4134,STATE_EVIDENCE_WINDOW,STATE_EVIDENCE_WINDOW inst=13 after=1786279335000966000 latest_measured_support=0 through=1786279339634311000 projected=0 support=0 contradiction=0 reliable=388 reliable_in_view=0 reliable_seen_through=0 absence_llr=0 absent_samples=0 total_samples=7147 absence_coverage_sufficient=0
4135,STATE_SLICE,STATE_SLICE inst=13 stamp=1786279339634311000 inherited_sup=0 inherited_con=0 inherited_samples=7147 inherited_supported=0 inherited_free=0 inherited_repl_other=0 inherited_repl_bg=0 inherited_occ=0 inherited_unobs=7147 session_sup=0 session_con=0 session_samples=0 cur_verts=21441 candidate_verts=0
4136,EVIDENCE,EVIDENCE inst=13 inherited_support=0 inherited_contradiction=0 session_support=0 session_contradiction=0 inherited_absent_flag=0 cur_verts=21441 observed_verts=0
4137,STATE_EVIDENCE_WINDOW,STATE_EVIDENCE_WINDOW inst=14 after=1786279335834311000 latest_measured_support=0 through=1786279339634311000 projected=0 support=0 contradiction=0 reliable=143 reliable_in_view=0 reliable_seen_through=0 absence_llr=0.6329 absent_samples=0 total_samples=2784 absence_coverage_sufficient=0
4138,STATE_SLICE,STATE_SLICE inst=14 stamp=1786279339634311000 inherited_sup=0 inherited_con=0 inherited_samples=2784 inherited_supported=0 inherited_free=0 inherited_repl_other=0 inherited_repl_bg=0 inherited_occ=0 inherited_unobs=2784 session_sup=0 session_con=0 session_samples=0 cur_verts=8352 candidate_verts=0
4139,EVIDENCE,EVIDENCE inst=14 inherited_support=0 inherited_contradiction=0 session_support=0 session_contradiction=0 inherited_absent_flag=0 cur_verts=8352 observed_verts=0
4140,STATE_EVIDENCE_WINDOW,STATE_EVIDENCE_WINDOW inst=16 after=1786279336700966000 latest_measured_support=0 through=1786279339634311000 projected=0 support=0 contradiction=0 reliable=680 reliable_in_view=0 reliable_seen_through=0 absence_llr=0 absent_samples=0 total_samples=8187 absence_coverage_sufficient=0
4141,STATE_SLICE,STATE_SLICE inst=16 stamp=1786279339634311000 inherited_sup=0 inherited_con=0 inherited_samples=8187 inherited_supported=0 inherited_free=0 inherited_repl_other=0 inherited_repl_bg=0 inherited_occ=0 inherited_unobs=8187 session_sup=0 session_con=0 session_samples=0 cur_verts=24561 candidate_verts=0
4142,EVIDENCE,EVIDENCE inst=16 inherited_support=0 inherited_contradiction=0 session_support=0 session_contradiction=0 inherited_absent_flag=0 cur_verts=24561 observed_verts=0
4143,STATE_EVIDENCE_WINDOW,STATE_EVIDENCE_WINDOW inst=17 after=1786279337100977000 latest_measured_support=1786279339634311000 through=1786279339634311000 projected=1 support=159 contradiction=2 reliable=638 reliable_in_view=147 reliable_seen_through=0 absence_llr=0.670187 absent_samples=2 total_samples=522 absence_coverage_sufficient=0
4144,STATE_SLICE,STATE_SLICE inst=17 stamp=1786279339634311000 inherited_sup=159 inherited_con=2 inherited_samples=522 inherited_supported=165 inherited_free=0 inherited_repl_other=0 inherited_repl_bg=2 inherited_occ=39 inherited_unobs=0 session_sup=0 session_con=0 session_samples=0 cur_verts=35727 candidate_verts=0
4145,EVIDENCE,EVIDENCE inst=17 inherited_support=159 inherited_contradiction=2 session_support=0 session_contradiction=0 inherited_absent_flag=0 cur_verts=35727 observed_verts=0
4146,MOBILITY_PRIOR,MOBILITY_PRIOR inst=17 session=0 class=115 changes=0 continuations=5 alpha=0.0769231 beta=8.92308 q=0.00549451
4147,MOBILITY_PRIOR,MOBILITY_PRIOR inst=17 session=0 class=115 changes=0 continuations=5 alpha=0.0769231 beta=8.92308 q=0.00549451
4148,TOP_ABSORB,TOP_ABSORB inst=17 geom=0 support=159 high_mobility=0 absorb=1
4149,STATE_EVIDENCE_WINDOW,STATE_EVIDENCE_WINDOW inst=18 after=1786279334567644000 latest_measured_support=0 through=1786279339634311000 projected=1 support=0 contradiction=1 reliable=532 reliable_in_view=0 reliable_seen_through=0 absence_llr=0 absent_samples=1 total_samples=574 absence_coverage_sufficient=0
4150,STATE_SLICE,STATE_SLICE inst=18 stamp=1786279339634311000 inherited_sup=0 inherited_con=1 inherited_samples=574 inherited_supported=0 inherited_free=0 inherited_repl_other=1 inherited_repl_bg=0 inherited_occ=1 inherited_unobs=416 session_sup=0 session_con=0 session_samples=0 cur_verts=30234 candidate_verts=0
4151,EVIDENCE,EVIDENCE inst=18 inherited_support=0 inherited_contradiction=1 session_support=0 session_contradiction=0 inherited_absent_flag=0 cur_verts=30234 observed_verts=0
4152,STATE_EVIDENCE_WINDOW,STATE_EVIDENCE_WINDOW inst=19 after=1786279333734300000 latest_measured_support=0 through=1786279339634311000 projected=1 support=0 contradiction=10 reliable=385 reliable_in_view=0 reliable_seen_through=0 absence_llr=0.610457 absent_samples=10 total_samples=614 absence_coverage_sufficient=0
4153,STATE_SLICE,STATE_SLICE inst=19 stamp=1786279339634311000 inherited_sup=0 inherited_con=10 inherited_samples=614 inherited_supported=0 inherited_free=10 inherited_repl_other=0 inherited_repl_bg=0 inherited_occ=0 inherited_unobs=532 session_sup=0 session_con=0 session_samples=0 cur_verts=25914 candidate_verts=0
4154,EVIDENCE,EVIDENCE inst=19 inherited_support=0 inherited_contradiction=10 session_support=0 session_contradiction=0 inherited_absent_flag=0 cur_verts=25914 observed_verts=0
4155,STATE_EVIDENCE_WINDOW,STATE_EVIDENCE_WINDOW inst=20 after=1786279301400977000 latest_measured_support=0 through=1786279339634311000 projected=1 support=0 contradiction=279 reliable=4 reliable_in_view=0 reliable_seen_through=0 absence_llr=0 absent_samples=44 total_samples=206 absence_coverage_sufficient=0
4156,STATE_SLICE,STATE_SLICE inst=20 stamp=1786279339634311000 inherited_sup=0 inherited_con=279 inherited_samples=206 inherited_supported=0 inherited_free=158 inherited_repl_other=26 inherited_repl_bg=114 inherited_occ=928 inherited_unobs=0 session_sup=0 session_con=0 session_samples=0 cur_verts=5268 candidate_verts=0
4157,EVIDENCE,EVIDENCE inst=20 inherited_support=0 inherited_contradiction=279 session_support=0 session_contradiction=0 inherited_absent_flag=0 cur_verts=5268 observed_verts=0
4158,INGEST,INGEST inst=2 first=1786279329s seg_verts=10149 cur_verts=31644 observed_verts=0
4159,INGEST_DECIDE,INGEST_DECIDE inst=2 same_session_overlap=1 contradicted=0
4160,INGEST,INGEST inst=11 first=1786279328s seg_verts=14712 cur_verts=76068 observed_verts=0
4161,INGEST_DECIDE,INGEST_DECIDE inst=11 same_session_overlap=1 contradicted=0
4162,INGEST,INGEST inst=13 first=1786279328s seg_verts=4239 cur_verts=21441 observed_verts=0
4163,INGEST_DECIDE,INGEST_DECIDE inst=13 same_session_overlap=1 contradicted=0
4164,INGEST,INGEST inst=14 first=1786279329s seg_verts=2772 cur_verts=8352 observed_verts=0
4165,INGEST_DECIDE,INGEST_DECIDE inst=14 same_session_overlap=1 contradicted=0
4166,INGEST,INGEST inst=18 first=1786279328s seg_verts=5859 cur_verts=30234 observed_verts=0
4167,INGEST_DECIDE,INGEST_DECIDE inst=18 same_session_overlap=1 contradicted=0
4177,STATE_EVIDENCE_WINDOW,STATE_EVIDENCE_WINDOW inst=1 after=1786279339634311000 latest_measured_support=0 through=1786279341767633000 projected=0 support=0 contradiction=0 reliable=264 reliable_in_view=0 reliable_seen_through=0 absence_llr=0 absent_samples=0 total_samples=44922 absence_coverage_sufficient=0
4178,STATE_SLICE,STATE_SLICE inst=1 stamp=1786279341767633000 inherited_sup=0 inherited_con=0 inherited_samples=44922 inherited_supported=0 inherited_free=0 inherited_repl_other=0 inherited_repl_bg=0 inherited_occ=0 inherited_unobs=44922 session_sup=0 session_con=0 session_samples=0 cur_verts=134766 candidate_verts=0
4179,EVIDENCE,EVIDENCE inst=1 inherited_support=0 inherited_contradiction=0 session_support=0 session_contradiction=0 inherited_absent_flag=0 cur_verts=134766 observed_verts=0
4180,STATE_EVIDENCE_WINDOW,STATE_EVIDENCE_WINDOW inst=2 after=1786279335934300000 latest_measured_support=1786279341767633000 through=1786279341767633000 projected=1 support=486 contradiction=121 reliable=573 reliable_in_view=262 reliable_seen_through=3 absence_llr=0 absent_samples=60 total_samples=802 absence_coverage_sufficient=0
4181,STATE_SLICE,STATE_SLICE inst=2 stamp=1786279341767633000 inherited_sup=486 inherited_con=121 inherited_samples=802 inherited_supported=493 inherited_free=39 inherited_repl_other=36 inherited_repl_bg=48 inherited_occ=279 inherited_unobs=251 session_sup=0 session_con=0 session_samples=0 cur_verts=41793 candidate_verts=0
4182,EVIDENCE,EVIDENCE inst=2 inherited_support=486 inherited_contradiction=121 session_support=0 session_contradiction=0 inherited_absent_flag=0 cur_verts=41793 observed_verts=0
4183,MOBILITY_PRIOR,MOBILITY_PRIOR inst=2 session=0 class=10 changes=0 continuations=3 alpha=0.0566038 beta=1.9434 q=0.0113208
4184,MOBILITY_PRIOR,MOBILITY_PRIOR inst=2 session=0 class=10 changes=0 continuations=3 alpha=0.0566038 beta=1.9434 q=0.0113208
4185,TOP_ABSORB,TOP_ABSORB inst=2 geom=0 support=486 high_mobility=0 absorb=1
4186,STATE_EVIDENCE_WINDOW,STATE_EVIDENCE_WINDOW inst=3 after=1786279339634311000 latest_measured_support=1786279341334300000 through=1786279341767633000 projected=1 support=476 contradiction=167 reliable=294 reliable_in_view=43 reliable_seen_through=2 absence_llr=0 absent_samples=101 total_samples=1984 absence_coverage_sufficient=0
4187,STATE_SLICE,STATE_SLICE inst=3 stamp=1786279341767633000 inherited_sup=476 inherited_con=167 inherited_samples=1984 inherited_supported=496 inherited_free=151 inherited_repl_other=6 inherited_repl_bg=26 inherited_occ=1514 inherited_unobs=90 session_sup=0 session_con=0 session_samples=0 cur_verts=84735 candidate_verts=0
4188,EVIDENCE,EVIDENCE inst=3 inherited_support=476 inherited_contradiction=167 session_support=0 session_contradiction=0 inherited_absent_flag=0 cur_verts=84735 observed_verts=0
4189,MOBILITY_PRIOR,MOBILITY_PRIOR inst=3 session=0 class=15 changes=0 continuations=5 alpha=0.0588235 beta=1.94118 q=0.00840336
4190,MOBILITY_PRIOR,MOBILITY_PRIOR inst=3 session=0 class=15 changes=0 continuations=5 alpha=0.0588235 beta=1.94118 q=0.00840336
4191,TOP_ABSORB,TOP_ABSORB inst=3 geom=0 support=476 high_mobility=0 absorb=1
4192,STATE_EVIDENCE_WINDOW,STATE_EVIDENCE_WINDOW inst=4 after=1786279339634311000 latest_measured_support=1786279340467644000 through=1786279341767633000 projected=1 support=1694 contradiction=32 reliable=555 reliable_in_view=223 reliable_seen_through=0 absence_llr=0 absent_samples=23 total_samples=2995 absence_coverage_sufficient=0
4193,STATE_SLICE,STATE_SLICE inst=4 stamp=1786279341767633000 inherited_sup=1694 inherited_con=32 inherited_samples=2995 inherited_supported=1725 inherited_free=33 inherited_repl_other=0 inherited_repl_bg=0 inherited_occ=86 inherited_unobs=360 session_sup=0 session_con=0 session_samples=0 cur_verts=214347 candidate_verts=0
4194,EVIDENCE,EVIDENCE inst=4 inherited_support=1694 inherited_contradiction=32 session_support=0 session_contradiction=0 inherited_absent_flag=0 cur_verts=214347 observed_verts=0
4195,MOBILITY_PRIOR,MOBILITY_PRIOR inst=4 session=0 class=24 changes=0 continuations=4 alpha=0.0909091 beta=1.90909 q=0.0151515
4196,MOBILITY_PRIOR,MOBILITY_PRIOR inst=4 session=0 class=24 changes=0 continuations=4 alpha=0.0909091 beta=1.90909 q=0.0151515
4197,TOP_ABSORB,TOP_ABSORB inst=4 geom=0 support=1694 high_mobility=0 absorb=1
4198,STATE_EVIDENCE_WINDOW,STATE_EVIDENCE_WINDOW inst=5 after=1786279339634311000 latest_measured_support=1786279340900977000 through=1786279341767633000 projected=1 support=36 contradiction=76 reliable=359 reliable_in_view=36 reliable_seen_through=1 absence_llr=0.565501 absent_samples=43 total_samples=609 absence_coverage_sufficient=0
4199,STATE_SLICE,STATE_SLICE inst=5 stamp=1786279341767633000 inherited_sup=36 inherited_con=76 inherited_samples=609 inherited_supported=37 inherited_free=15 inherited_repl_other=35 inherited_repl_bg=38 inherited_occ=260 inherited_unobs=0 session_sup=0 session_con=0 session_samples=0 cur_verts=20262 candidate_verts=0
4200,EVIDENCE,EVIDENCE inst=5 inherited_support=36 inherited_contradiction=76 session_support=0 session_contradiction=0 inherited_absent_flag=0 cur_verts=20262 observed_verts=0
4201,MOBILITY_PRIOR,MOBILITY_PRIOR inst=5 session=0 class=33 changes=0 continuations=3 alpha=0.0833333 beta=1.91667 q=0.0166667
4202,MOBILITY_PRIOR,MOBILITY_PRIOR inst=5 session=0 class=33 changes=0 continuations=3 alpha=0.0833333 beta=1.91667 q=0.0166667
4203,TOP_ABSORB,TOP_ABSORB inst=5 geom=0 support=36 high_mobility=0 absorb=1
4204,STATE_EVIDENCE_WINDOW,STATE_EVIDENCE_WINDOW inst=6 after=1786279336267633000 latest_measured_support=1786279341767633000 through=1786279341767633000 projected=1 support=5546 contradiction=607 reliable=439 reliable_in_view=357 reliable_seen_through=0 absence_llr=1.97656 absent_samples=239 total_samples=2528 absence_coverage_sufficient=0
4205,STATE_SLICE,STATE_SLICE inst=6 stamp=1786279341767633000 inherited_sup=5546 inherited_con=607 inherited_samples=2528 inherited_supported=5898 inherited_free=594 inherited_repl_other=19 inherited_repl_bg=49 inherited_occ=1200 inherited_unobs=89 session_sup=0 session_con=0 session_samples=0 cur_verts=114999 candidate_verts=0
4206,EVIDENCE,EVIDENCE inst=6 inherited_support=5546 inherited_contradiction=607 session_support=0 session_contradiction=0 inherited_absent_flag=0 cur_verts=114999 observed_verts=0
4207,MOBILITY_PRIOR,MOBILITY_PRIOR inst=6 session=0 class=35 changes=0 continuations=4 alpha=0.0909091 beta=1.90909 q=0.0151515
4208,MOBILITY_PRIOR,MOBILITY_PRIOR inst=6 session=0 class=35 changes=0 continuations=4 alpha=0.0909091 beta=1.90909 q=0.0151515
4209,TOP_ABSORB,TOP_ABSORB inst=6 geom=0 support=5546 high_mobility=0 absorb=1
4210,STATE_EVIDENCE_WINDOW,STATE_EVIDENCE_WINDOW inst=7 after=1786279339634311000 latest_measured_support=1786279340900977000 through=1786279341767633000 projected=1 support=42 contradiction=184 reliable=448 reliable_in_view=37 reliable_seen_through=34 absence_llr=2.28591 absent_samples=117 total_samples=743 absence_coverage_sufficient=0
4211,STATE_SLICE,STATE_SLICE inst=7 stamp=1786279341767633000 inherited_sup=42 inherited_con=184 inherited_samples=743 inherited_supported=46 inherited_free=128 inherited_repl_other=6 inherited_repl_bg=60 inherited_occ=347 inherited_unobs=0 session_sup=0 session_con=0 session_samples=0 cur_verts=41649 candidate_verts=0
4212,EVIDENCE,EVIDENCE inst=7 inherited_support=42 inherited_contradiction=184 session_support=0 session_contradiction=0 inherited_absent_flag=0 cur_verts=41649 observed_verts=0
4213,MOBILITY_PRIOR,MOBILITY_PRIOR inst=7 session=0 class=74 changes=0 continuations=5 alpha=0.0625 beta=4.9375 q=0.00625
4214,MOBILITY_PRIOR,MOBILITY_PRIOR inst=7 session=0 class=74 changes=0 continuations=5 alpha=0.0625 beta=4.9375 q=0.00625
4215,TOP_ABSORB,TOP_ABSORB inst=7 geom=0 support=42 high_mobility=0 absorb=1
4216,STATE_EVIDENCE_WINDOW,STATE_EVIDENCE_WINDOW inst=10 after=1786279339634311000 latest_measured_support=1786279341334300000 through=1786279341767633000 projected=1 support=61 contradiction=907 reliable=351 reliable_in_view=116 reliable_seen_through=54 absence_llr=1.07505 absent_samples=295 total_samples=871 absence_coverage_sufficient=0
4217,STATE_SLICE,STATE_SLICE inst=10 stamp=1786279341767633000 inherited_sup=61 inherited_con=907 inherited_samples=871 inherited_supported=61 inherited_free=915 inherited_repl_other=29 inherited_repl_bg=61 inherited_occ=401 inherited_unobs=72 session_sup=0 session_con=0 session_samples=0 cur_verts=29301 candidate_verts=0
4218,EVIDENCE,EVIDENCE inst=10 inherited_support=61 inherited_contradiction=907 session_support=0 session_contradiction=0 inherited_absent_flag=0 cur_verts=29301 observed_verts=0
4219,MOBILITY_PRIOR,MOBILITY_PRIOR inst=10 session=0 class=75 changes=0 continuations=5 alpha=0.0588235 beta=1.94118 q=0.00840336
4220,MOBILITY_PRIOR,MOBILITY_PRIOR inst=10 session=0 class=75 changes=0 continuations=5 alpha=0.0588235 beta=1.94118 q=0.00840336
4221,TOP_ABSORB,TOP_ABSORB inst=10 geom=0 support=61 high_mobility=0 absorb=1
4222,OBJECT_EXTRACTION_INPUT,OBJECT_EXTRACTION_INPUT inst=1 first=1786279334100988000 last=1786279339967644000 observations=176 dynamic=0 motion_history=0 last_motion=0 displacement=0 static_fallback=0
4223,STATIC_SURFACE_FRAMES,STATIC_SURFACE_FRAMES inst=1 candidates=59 selected=59 first=1786279334167666000 last=1786279339967644000
4224,STATE_EVIDENCE_WINDOW,STATE_EVIDENCE_WINDOW inst=11 after=1786279335167655000 latest_measured_support=1786279341767633000 through=1786279341767633000 projected=1 support=837 contradiction=105 reliable=446 reliable_in_view=246 reliable_seen_through=0 absence_llr=0.681869 absent_samples=59 total_samples=1475 absence_coverage_sufficient=0
4225,STATE_SLICE,STATE_SLICE inst=11 stamp=1786279341767633000 inherited_sup=837 inherited_con=105 inherited_samples=1475 inherited_supported=847 inherited_free=72 inherited_repl_other=1 inherited_repl_bg=34 inherited_occ=574 inherited_unobs=155 session_sup=0 session_con=0 session_samples=0 cur_verts=90780 candidate_verts=0
4226,EVIDENCE,EVIDENCE inst=11 inherited_support=837 inherited_contradiction=105 session_support=0 session_contradiction=0 inherited_absent_flag=0 cur_verts=90780 observed_verts=0
4227,MOBILITY_PRIOR,MOBILITY_PRIOR inst=11 session=0 class=92 changes=0 continuations=6 alpha=0.0638298 beta=4.93617 q=0.00580271
4228,MOBILITY_PRIOR,MOBILITY_PRIOR inst=11 session=0 class=92 changes=0 continuations=6 alpha=0.0638298 beta=4.93617 q=0.00580271
4229,TOP_ABSORB,TOP_ABSORB inst=11 geom=0 support=837 high_mobility=0 absorb=1
4230,STATE_EVIDENCE_WINDOW,STATE_EVIDENCE_WINDOW inst=13 after=1786279335134311000 latest_measured_support=1786279341767633000 through=1786279341767633000 projected=1 support=63 contradiction=9 reliable=382 reliable_in_view=46 reliable_seen_through=0 absence_llr=0 absent_samples=9 total_samples=499 absence_coverage_sufficient=0
4231,STATE_SLICE,STATE_SLICE inst=13 stamp=1786279341767633000 inherited_sup=63 inherited_con=9 inherited_samples=499 inherited_supported=63 inherited_free=6 inherited_repl_other=0 inherited_repl_bg=3 inherited_occ=109 inherited_unobs=158 session_sup=0 session_con=0 session_samples=0 cur_verts=25680 candidate_verts=0
4232,EVIDENCE,EVIDENCE inst=13 inherited_support=63 inherited_contradiction=9 session_support=0 session_contradiction=0 inherited_absent_flag=0 cur_verts=25680 observed_verts=0
4233,MOBILITY_PRIOR,MOBILITY_PRIOR inst=13 session=0 class=115 changes=0 continuations=4 alpha=0.0697674 beta=10.9302 q=0.00465116
4234,MOBILITY_PRIOR,MOBILITY_PRIOR inst=13 session=0 class=115 changes=0 continuations=4 alpha=0.0697674 beta=10.9302 q=0.00465116
4235,TOP_ABSORB,TOP_ABSORB inst=13 geom=0 support=63 high_mobility=0 absorb=1
4236,STATE_EVIDENCE_WINDOW,STATE_EVIDENCE_WINDOW inst=14 after=1786279335900966000 latest_measured_support=1786279341767633000 through=1786279341767633000 projected=1 support=357 contradiction=24 reliable=177 reliable_in_view=83 reliable_seen_through=0 absence_llr=0.366927 absent_samples=13 total_samples=234 absence_coverage_sufficient=0
4237,STATE_SLICE,STATE_SLICE inst=14 stamp=1786279341767633000 inherited_sup=357 inherited_con=24 inherited_samples=234 inherited_supported=367 inherited_free=5 inherited_repl_other=7 inherited_repl_bg=14 inherited_occ=219 inherited_unobs=0 session_sup=0 session_con=0 session_samples=0 cur_verts=11124 candidate_verts=0
4238,EVIDENCE,EVIDENCE inst=14 inherited_support=357 inherited_contradiction=24 session_support=0 session_contradiction=0 inherited_absent_flag=0 cur_verts=11124 observed_verts=0
4239,MOBILITY_PRIOR,MOBILITY_PRIOR inst=14 session=0 class=92 changes=0 continuations=3 alpha=0.0638298 beta=7.93617 q=0.00580271
4240,MOBILITY_PRIOR,MOBILITY_PRIOR inst=14 session=0 class=92 changes=0 continuations=3 alpha=0.0638298 beta=7.93617 q=0.00580271
4241,TOP_ABSORB,TOP_ABSORB inst=14 geom=0 support=357 high_mobility=0 absorb=1
4242,STATE_EVIDENCE_WINDOW,STATE_EVIDENCE_WINDOW inst=16 after=1786279336700966000 latest_measured_support=1786279341767633000 through=1786279341767633000 projected=1 support=671 contradiction=52 reliable=699 reliable_in_view=395 reliable_seen_through=0 absence_llr=0 absent_samples=16 total_samples=416 absence_coverage_sufficient=0
4243,STATE_SLICE,STATE_SLICE inst=16 stamp=1786279341767633000 inherited_sup=671 inherited_con=52 inherited_samples=416 inherited_supported=703 inherited_free=1 inherited_repl_other=0 inherited_repl_bg=51 inherited_occ=197 inherited_unobs=0 session_sup=0 session_con=0 session_samples=0 cur_verts=24561 candidate_verts=0
4244,EVIDENCE,EVIDENCE inst=16 inherited_support=671 inherited_contradiction=52 session_support=0 session_contradiction=0 inherited_absent_flag=0 cur_verts=24561 observed_verts=0
4245,MOBILITY_PRIOR,MOBILITY_PRIOR inst=16 session=0 class=115 changes=0 continuations=4 alpha=0.0697674 beta=10.9302 q=0.00465116
4246,MOBILITY_PRIOR,MOBILITY_PRIOR inst=16 session=0 class=115 changes=0 continuations=4 alpha=0.0697674 beta=10.9302 q=0.00465116
4247,TOP_ABSORB,TOP_ABSORB inst=16 geom=0 support=671 high_mobility=0 absorb=1
4248,STATE_EVIDENCE_WINDOW,STATE_EVIDENCE_WINDOW inst=17 after=1786279339634311000 latest_measured_support=1786279341767633000 through=1786279341767633000 projected=1 support=1320 contradiction=68 reliable=934 reliable_in_view=833 reliable_seen_through=0 absence_llr=0.267629 absent_samples=38 total_samples=522 absence_coverage_sufficient=0
4249,STATE_SLICE,STATE_SLICE inst=17 stamp=1786279341767633000 inherited_sup=1320 inherited_con=68 inherited_samples=522 inherited_supported=1356 inherited_free=8 inherited_repl_other=7 inherited_repl_bg=55 inherited_occ=370 inherited_unobs=0 session_sup=0 session_con=0 session_samples=0 cur_verts=35727 candidate_verts=0
4250,EVIDENCE,EVIDENCE inst=17 inherited_support=1320 inherited_contradiction=68 session_support=0 session_contradiction=0 inherited_absent_flag=0 cur_verts=35727 observed_verts=0
4251,MOBILITY_PRIOR,MOBILITY_PRIOR inst=17 session=0 class=115 changes=0 continuations=5 alpha=0.0697674 beta=9.93023 q=0.00465116
4252,MOBILITY_PRIOR,MOBILITY_PRIOR inst=17 session=0 class=115 changes=0 continuations=5 alpha=0.0697674 beta=9.93023 q=0.00465116
4253,TOP_ABSORB,TOP_ABSORB inst=17 geom=0 support=1320 high_mobility=0 absorb=1
4254,STATE_EVIDENCE_WINDOW,STATE_EVIDENCE_WINDOW inst=18 after=1786279334634322000 latest_measured_support=0 through=1786279341767633000 projected=1 support=0 contradiction=1 reliable=534 reliable_in_view=0 reliable_seen_through=0 absence_llr=0 absent_samples=1 total_samples=576 absence_coverage_sufficient=0
4255,STATE_SLICE,STATE_SLICE inst=18 stamp=1786279341767633000 inherited_sup=0 inherited_con=1 inherited_samples=576 inherited_supported=0 inherited_free=0 inherited_repl_other=1 inherited_repl_bg=0 inherited_occ=1 inherited_unobs=416 session_sup=0 session_con=0 session_samples=0 cur_verts=36093 candidate_verts=0
4256,EVIDENCE,EVIDENCE inst=18 inherited_support=0 inherited_contradiction=1 session_support=0 session_contradiction=0 inherited_absent_flag=0 cur_verts=36093 observed_verts=0
4257,STATE_EVIDENCE_WINDOW,STATE_EVIDENCE_WINDOW inst=19 after=1786279333734300000 latest_measured_support=0 through=1786279341767633000 projected=1 support=0 contradiction=17 reliable=385 reliable_in_view=0 reliable_seen_through=0 absence_llr=0.610457 absent_samples=11 total_samples=614 absence_coverage_sufficient=0
4258,STATE_SLICE,STATE_SLICE inst=19 stamp=1786279341767633000 inherited_sup=0 inherited_con=17 inherited_samples=614 inherited_supported=0 inherited_free=17 inherited_repl_other=0 inherited_repl_bg=0 inherited_occ=0 inherited_unobs=532 session_sup=0 session_con=0 session_samples=0 cur_verts=25914 candidate_verts=0
4259,EVIDENCE,EVIDENCE inst=19 inherited_support=0 inherited_contradiction=17 session_support=0 session_contradiction=0 inherited_absent_flag=0 cur_verts=25914 observed_verts=0
4260,STATE_EVIDENCE_WINDOW,STATE_EVIDENCE_WINDOW inst=20 after=1786279301400977000 latest_measured_support=0 through=1786279341767633000 projected=1 support=0 contradiction=306 reliable=4 reliable_in_view=0 reliable_seen_through=0 absence_llr=0 absent_samples=44 total_samples=206 absence_coverage_sufficient=0
4261,STATE_SLICE,STATE_SLICE inst=20 stamp=1786279341767633000 inherited_sup=0 inherited_con=306 inherited_samples=206 inherited_supported=0 inherited_free=168 inherited_repl_other=29 inherited_repl_bg=130 inherited_occ=1064 inherited_unobs=0 session_sup=0 session_con=0 session_samples=0 cur_verts=5268 candidate_verts=0
4262,EVIDENCE,EVIDENCE inst=20 inherited_support=0 inherited_contradiction=306 session_support=0 session_contradiction=0 inherited_absent_flag=0 cur_verts=5268 observed_verts=0
4263,INGEST,INGEST inst=6 first=1786279329s seg_verts=28866 cur_verts=114999 observed_verts=0
4264,INGEST_DECIDE,INGEST_DECIDE inst=6 same_session_overlap=1 contradicted=0
4266,OBJECT_EXTRACTION_INPUT,OBJECT_EXTRACTION_INPUT inst=16 first=1786279322000966000 last=1786279343600966000 observations=551 dynamic=0 motion_history=0 last_motion=0 displacement=0 static_fallback=0
4267,STATIC_SURFACE_BOUNDARY,STATIC_SURFACE_BOUNDARY inst=16 rejected_stamp=1786279336567644000 current_stamp=1786279343600966000 forward_support=252 forward_free=15 reverse_support=206 reverse_free=65 forward_sampled=415 reverse_sampled=488
4268,STATIC_SURFACE_FRAMES,STATIC_SURFACE_FRAMES inst=16 candidates=71 selected=42 first=1786279336667633000 last=1786279343600966000
4269,OBJECT_EXTRACTION_INPUT,OBJECT_EXTRACTION_INPUT inst=17 first=1786279322700966000 last=1786279343600966000 observations=450 dynamic=0 motion_history=0 last_motion=0 displacement=0 static_fallback=0
4270,STATIC_SURFACE_FRAMES,STATIC_SURFACE_FRAMES inst=17 candidates=79 selected=79 first=1786279333767633000 last=1786279343600966000
4271,OBJECT_EXTRACTION_INPUT,OBJECT_EXTRACTION_INPUT inst=10 first=1786279333600966000 last=1786279343600966000 observations=291 dynamic=0 motion_history=0 last_motion=0 displacement=0 static_fallback=0
4272,STATIC_SURFACE_FRAMES,STATIC_SURFACE_FRAMES inst=10 candidates=96 selected=96 first=1786279333767633000 last=1786279343600966000
4273,OBJECT_EXTRACTION_INPUT,OBJECT_EXTRACTION_INPUT inst=3 first=1786279333967666000 last=1786279343500966000 observations=251 dynamic=0 motion_history=0 last_motion=0 displacement=0 static_fallback=0
4274,STATIC_SURFACE_FRAMES,STATIC_SURFACE_FRAMES inst=3 candidates=85 selected=85 first=1786279333967666000 last=1786279343467633000
4275,OBJECT_EXTRACTION_INPUT,OBJECT_EXTRACTION_INPUT inst=5 first=1786279334600977000 last=1786279340934300000 observations=173 dynamic=0 motion_history=0 last_motion=0 displacement=0 static_fallback=0
4276,STATIC_SURFACE_FRAMES,STATIC_SURFACE_FRAMES inst=5 candidates=56 selected=56 first=1786279334667644000 last=1786279340867633000
4277,OBJECT_EXTRACTION_INPUT,OBJECT_EXTRACTION_INPUT inst=7 first=1786279334634322000 last=1786279341134300000 observations=196 dynamic=0 motion_history=0 last_motion=0 displacement=0 static_fallback=0
4278,STATIC_SURFACE_FRAMES,STATIC_SURFACE_FRAMES inst=7 candidates=65 selected=65 first=1786279334667644000 last=1786279341067633000
4279,OBJECT_EXTRACTION_INPUT,OBJECT_EXTRACTION_INPUT inst=4 first=1786279335267644000 last=1786279340800966000 observations=167 dynamic=0 motion_history=0 last_motion=0 displacement=0 static_fallback=0
4280,STATIC_SURFACE_BOUNDARY,STATIC_SURFACE_BOUNDARY inst=4 rejected_stamp=1786279339567633000 current_stamp=1786279340767644000 forward_support=3 forward_free=0 reverse_support=227 reverse_free=68 forward_sampled=507 reverse_sampled=471
4281,STATIC_SURFACE_FRAMES,STATIC_SURFACE_FRAMES inst=4 candidates=56 selected=12 first=1786279339667633000 last=1786279340767644000
4282,OBJECT_EXTRACTION_INPUT,OBJECT_EXTRACTION_INPUT inst=6 first=1786279339834300000 last=1786279343600966000 observations=114 dynamic=0 motion_history=0 last_motion=0 displacement=0 static_fallback=0
4283,STATIC_SURFACE_FRAMES,STATIC_SURFACE_FRAMES inst=6 candidates=39 selected=39 first=1786279339867644000 last=1786279343600966000
4284,OBJECT_EXTRACTION_INPUT,OBJECT_EXTRACTION_INPUT inst=14 first=1786279339967644000 last=1786279343600966000 observations=110 dynamic=0 motion_history=0 last_motion=0 displacement=0 static_fallback=0
4285,STATIC_SURFACE_FRAMES,STATIC_SURFACE_FRAMES inst=14 candidates=38 selected=38 first=1786279339967644000 last=1786279343600966000
4286,OBJECT_EXTRACTION_INPUT,OBJECT_EXTRACTION_INPUT inst=2 first=1786279340434311000 last=1786279343600966000 observations=96 dynamic=0 motion_history=0 last_motion=0 displacement=0 static_fallback=0
4287,STATIC_SURFACE_FRAMES,STATIC_SURFACE_FRAMES inst=2 candidates=33 selected=33 first=1786279340467644000 last=1786279343600966000
4288,OBJECT_EXTRACTION_INPUT,OBJECT_EXTRACTION_INPUT inst=11 first=1786279340800966000 last=1786279343600966000 observations=85 dynamic=0 motion_history=0 last_motion=0 displacement=0 static_fallback=0
4289,STATIC_SURFACE_FRAMES,STATIC_SURFACE_FRAMES inst=11 candidates=29 selected=29 first=1786279340867633000 last=1786279343600966000
4290,OBJECT_EXTRACTION_INPUT,OBJECT_EXTRACTION_INPUT inst=13 first=1786279341134300000 last=1786279343600966000 observations=62 dynamic=0 motion_history=0 last_motion=0 displacement=0 static_fallback=0
4291,STATIC_SURFACE_FRAMES,STATIC_SURFACE_FRAMES inst=13 candidates=22 selected=22 first=1786279341367633000 last=1786279343600966000
4292,STATE_EVIDENCE_WINDOW,STATE_EVIDENCE_WINDOW inst=1 after=1786279339634311000 latest_measured_support=0 through=1786279343600966000 projected=0 support=0 contradiction=0 reliable=264 reliable_in_view=0 reliable_seen_through=0 absence_llr=0 absent_samples=0 total_samples=44922 absence_coverage_sufficient=0
4293,STATE_SLICE,STATE_SLICE inst=1 stamp=1786279343600966000 inherited_sup=0 inherited_con=0 inherited_samples=44922 inherited_supported=0 inherited_free=0 inherited_repl_other=0 inherited_repl_bg=0 inherited_occ=0 inherited_unobs=44174 session_sup=0 session_con=0 session_samples=0 cur_verts=134766 candidate_verts=0
4294,EVIDENCE,EVIDENCE inst=1 inherited_support=0 inherited_contradiction=0 session_support=0 session_contradiction=0 inherited_absent_flag=0 cur_verts=134766 observed_verts=0
4295,STATE_EVIDENCE_WINDOW,STATE_EVIDENCE_WINDOW inst=2 after=1786279341767633000 latest_measured_support=1786279343600966000 through=1786279343600966000 projected=1 support=1468 contradiction=254 reliable=708 reliable_in_view=466 reliable_seen_through=1 absence_llr=0 absent_samples=59 total_samples=802 absence_coverage_sufficient=0
4296,STATE_SLICE,STATE_SLICE inst=2 stamp=1786279343600966000 inherited_sup=1468 inherited_con=254 inherited_samples=802 inherited_supported=1496 inherited_free=116 inherited_repl_other=35 inherited_repl_bg=106 inherited_occ=831 inherited_unobs=171 session_sup=0 session_con=0 session_samples=0 cur_verts=41793 candidate_verts=0
4297,EVIDENCE,EVIDENCE inst=2 inherited_support=1468 inherited_contradiction=254 session_support=0 session_contradiction=0 inherited_absent_flag=0 cur_verts=41793 observed_verts=0
4298,MOBILITY_PRIOR,MOBILITY_PRIOR inst=2 session=0 class=10 changes=0 continuations=3 alpha=0.0566038 beta=1.9434 q=0.0113208
4299,MOBILITY_PRIOR,MOBILITY_PRIOR inst=2 session=0 class=10 changes=0 continuations=3 alpha=0.0566038 beta=1.9434 q=0.0113208
4300,TOP_ABSORB,TOP_ABSORB inst=2 geom=0 support=1468 high_mobility=0 absorb=1
4301,STATE_EVIDENCE_WINDOW,STATE_EVIDENCE_WINDOW inst=3 after=1786279341334300000 latest_measured_support=1786279343467633000 through=1786279343600966000 projected=1 support=5 contradiction=30 reliable=291 reliable_in_view=1 reliable_seen_through=1 absence_llr=0 absent_samples=21 total_samples=1984 absence_coverage_sufficient=0
4302,STATE_SLICE,STATE_SLICE inst=3 stamp=1786279343600966000 inherited_sup=5 inherited_con=30 inherited_samples=1984 inherited_supported=5 inherited_free=33 inherited_repl_other=0 inherited_repl_bg=0 inherited_occ=0 inherited_unobs=759 session_sup=0 session_con=0 session_samples=0 cur_verts=84735 candidate_verts=0
4303,EVIDENCE,EVIDENCE inst=3 inherited_support=5 inherited_contradiction=30 session_support=0 session_contradiction=0 inherited_absent_flag=0 cur_verts=84735 observed_verts=0
4304,MOBILITY_PRIOR,MOBILITY_PRIOR inst=3 session=0 class=15 changes=0 continuations=5 alpha=0.0588235 beta=1.94118 q=0.00840336
4305,MOBILITY_PRIOR,MOBILITY_PRIOR inst=3 session=0 class=15 changes=0 continuations=5 alpha=0.0588235 beta=1.94118 q=0.00840336
4306,TOP_ABSORB,TOP_ABSORB inst=3 geom=0 support=5 high_mobility=0 absorb=1
4307,STATE_EVIDENCE_WINDOW,STATE_EVIDENCE_WINDOW inst=4 after=1786279340467644000 latest_measured_support=0 through=1786279343600966000 projected=0 support=0 contradiction=0 reliable=555 reliable_in_view=0 reliable_seen_through=0 absence_llr=0 absent_samples=0 total_samples=71449 absence_coverage_sufficient=0
4308,STATE_SLICE,STATE_SLICE inst=4 stamp=1786279343600966000 inherited_sup=0 inherited_con=0 inherited_samples=71449 inherited_supported=0 inherited_free=0 inherited_repl_other=0 inherited_repl_bg=0 inherited_occ=0 inherited_unobs=71449 session_sup=0 session_con=0 session_samples=0 cur_verts=214347 candidate_verts=0
4309,EVIDENCE,EVIDENCE inst=4 inherited_support=0 inherited_contradiction=0 session_support=0 session_contradiction=0 inherited_absent_flag=0 cur_verts=214347 observed_verts=0
4310,STATE_EVIDENCE_WINDOW,STATE_EVIDENCE_WINDOW inst=5 after=1786279340900977000 latest_measured_support=0 through=1786279343600966000 projected=1 support=0 contradiction=29 reliable=353 reliable_in_view=0 reliable_seen_through=0 absence_llr=0.565501 absent_samples=15 total_samples=609 absence_coverage_sufficient=0
4311,STATE_SLICE,STATE_SLICE inst=5 stamp=1786279343600966000 inherited_sup=0 inherited_con=29 inherited_samples=609 inherited_supported=0 inherited_free=7 inherited_repl_other=11 inherited_repl_bg=13 inherited_occ=12 inherited_unobs=0 session_sup=0 session_con=0 session_samples=0 cur_verts=20262 candidate_verts=0
4312,EVIDENCE,EVIDENCE inst=5 inherited_support=0 inherited_contradiction=29 session_support=0 session_contradiction=0 inherited_absent_flag=0 cur_verts=20262 observed_verts=0
4313,STATE_EVIDENCE_WINDOW,STATE_EVIDENCE_WINDOW inst=6 after=1786279341767633000 latest_measured_support=1786279343600966000 through=1786279343600966000 projected=1 support=6889 contradiction=877 reliable=419 reliable_in_view=326 reliable_seen_through=0 absence_llr=1.85114 absent_samples=285 total_samples=2687 absence_coverage_sufficient=0
4314,STATE_SLICE,STATE_SLICE inst=6 stamp=1786279343600966000 inherited_sup=6889 inherited_con=877 inherited_samples=2687 inherited_supported=7398 inherited_free=916 inherited_repl_other=33 inherited_repl_bg=20 inherited_occ=2455 inherited_unobs=0 session_sup=0 session_con=0 session_samples=0 cur_verts=143865 candidate_verts=0
4315,EVIDENCE,EVIDENCE inst=6 inherited_support=6889 inherited_contradiction=877 session_support=0 session_contradiction=0 inherited_absent_flag=0 cur_verts=143865 observed_verts=0
4316,MOBILITY_PRIOR,MOBILITY_PRIOR inst=6 session=0 class=35 changes=0 continuations=5 alpha=0.0909091 beta=1.90909 q=0.012987
4317,MOBILITY_PRIOR,MOBILITY_PRIOR inst=6 session=0 class=35 changes=0 continuations=5 alpha=0.0909091 beta=1.90909 q=0.012987
4318,TOP_ABSORB,TOP_ABSORB inst=6 geom=0 support=6889 high_mobility=0 absorb=1
4319,STATE_EVIDENCE_WINDOW,STATE_EVIDENCE_WINDOW inst=7 after=1786279340900977000 latest_measured_support=0 through=1786279343600966000 projected=1 support=0 contradiction=9 reliable=448 reliable_in_view=0 reliable_seen_through=0 absence_llr=2.28591 absent_samples=8 total_samples=743 absence_coverage_sufficient=0
4320,STATE_SLICE,STATE_SLICE inst=7 stamp=1786279343600966000 inherited_sup=0 inherited_con=9 inherited_samples=743 inherited_supported=0 inherited_free=9 inherited_repl_other=0 inherited_repl_bg=0 inherited_occ=9 inherited_unobs=12 session_sup=0 session_con=0 session_samples=0 cur_verts=41649 candidate_verts=0
4321,EVIDENCE,EVIDENCE inst=7 inherited_support=0 inherited_contradiction=9 session_support=0 session_contradiction=0 inherited_absent_flag=0 cur_verts=41649 observed_verts=0
4322,STATE_EVIDENCE_WINDOW,STATE_EVIDENCE_WINDOW inst=10 after=1786279341334300000 latest_measured_support=1786279343600966000 through=1786279343600966000 projected=1 support=40 contradiction=460 reliable=351 reliable_in_view=29 reliable_seen_through=19 absence_llr=1.07505 absent_samples=131 total_samples=871 absence_coverage_sufficient=0
4323,STATE_SLICE,STATE_SLICE inst=10 stamp=1786279343600966000 inherited_sup=40 inherited_con=460 inherited_samples=871 inherited_supported=40 inherited_free=416 inherited_repl_other=0 inherited_repl_bg=61 inherited_occ=25 inherited_unobs=266 session_sup=0 session_con=0 session_samples=0 cur_verts=29301 candidate_verts=0
4324,EVIDENCE,EVIDENCE inst=10 inherited_support=40 inherited_contradiction=460 session_support=0 session_contradiction=0 inherited_absent_flag=0 cur_verts=29301 observed_verts=0
4325,MOBILITY_PRIOR,MOBILITY_PRIOR inst=10 session=0 class=75 changes=0 continuations=5 alpha=0.0588235 beta=1.94118 q=0.00840336
4326,MOBILITY_PRIOR,MOBILITY_PRIOR inst=10 session=0 class=75 changes=0 continuations=5 alpha=0.0588235 beta=1.94118 q=0.00840336
4327,TOP_ABSORB,TOP_ABSORB inst=10 geom=0 support=40 high_mobility=0 absorb=1
4328,STATE_EVIDENCE_WINDOW,STATE_EVIDENCE_WINDOW inst=11 after=1786279341767633000 latest_measured_support=1786279343600966000 through=1786279343600966000 projected=1 support=2724 contradiction=245 reliable=538 reliable_in_view=360 reliable_seen_through=3 absence_llr=0.5401 absent_samples=65 total_samples=1475 absence_coverage_sufficient=0
4329,STATE_SLICE,STATE_SLICE inst=11 stamp=1786279343600966000 inherited_sup=2724 inherited_con=245 inherited_samples=1475 inherited_supported=2755 inherited_free=192 inherited_repl_other=1 inherited_repl_bg=53 inherited_occ=1401 inherited_unobs=152 session_sup=0 session_con=0 session_samples=0 cur_verts=90780 candidate_verts=0
4330,EVIDENCE,EVIDENCE inst=11 inherited_support=2724 inherited_contradiction=245 session_support=0 session_contradiction=0 inherited_absent_flag=0 cur_verts=90780 observed_verts=0
4331,MOBILITY_PRIOR,MOBILITY_PRIOR inst=11 session=0 class=92 changes=0 continuations=6 alpha=0.0638298 beta=4.93617 q=0.00580271
4332,MOBILITY_PRIOR,MOBILITY_PRIOR inst=11 session=0 class=92 changes=0 continuations=6 alpha=0.0638298 beta=4.93617 q=0.00580271
4333,TOP_ABSORB,TOP_ABSORB inst=11 geom=0 support=2724 high_mobility=0 absorb=1
4334,STATE_EVIDENCE_WINDOW,STATE_EVIDENCE_WINDOW inst=13 after=1786279341767633000 latest_measured_support=1786279343600966000 through=1786279343600966000 projected=1 support=506 contradiction=55 reliable=395 reliable_in_view=109 reliable_seen_through=0 absence_llr=0 absent_samples=14 total_samples=499 absence_coverage_sufficient=0
4335,STATE_SLICE,STATE_SLICE inst=13 stamp=1786279343600966000 inherited_sup=506 inherited_con=55 inherited_samples=499 inherited_supported=517 inherited_free=33 inherited_repl_other=5 inherited_repl_bg=17 inherited_occ=510 inherited_unobs=170 session_sup=0 session_con=0 session_samples=0 cur_verts=25680 candidate_verts=0
4336,EVIDENCE,EVIDENCE inst=13 inherited_support=506 inherited_contradiction=55 session_support=0 session_contradiction=0 inherited_absent_flag=0 cur_verts=25680 observed_verts=0
4337,MOBILITY_PRIOR,MOBILITY_PRIOR inst=13 session=0 class=115 changes=0 continuations=4 alpha=0.0697674 beta=10.9302 q=0.00465116
4338,MOBILITY_PRIOR,MOBILITY_PRIOR inst=13 session=0 class=115 changes=0 continuations=4 alpha=0.0697674 beta=10.9302 q=0.00465116
4339,TOP_ABSORB,TOP_ABSORB inst=13 geom=0 support=506 high_mobility=0 absorb=1
4340,STATE_EVIDENCE_WINDOW,STATE_EVIDENCE_WINDOW inst=14 after=1786279341767633000 latest_measured_support=1786279343600966000 through=1786279343600966000 projected=1 support=408 contradiction=14 reliable=177 reliable_in_view=83 reliable_seen_through=0 absence_llr=0.293254 absent_samples=7 total_samples=234 absence_coverage_sufficient=0
4341,STATE_SLICE,STATE_SLICE inst=14 stamp=1786279343600966000 inherited_sup=408 inherited_con=14 inherited_samples=234 inherited_supported=429 inherited_free=0 inherited_repl_other=3 inherited_repl_bg=12 inherited_occ=194 inherited_unobs=0 session_sup=0 session_con=0 session_samples=0 cur_verts=11124 candidate_verts=0
4342,EVIDENCE,EVIDENCE inst=14 inherited_support=408 inherited_contradiction=14 session_support=0 session_contradiction=0 inherited_absent_flag=0 cur_verts=11124 observed_verts=0
4343,MOBILITY_PRIOR,MOBILITY_PRIOR inst=14 session=0 class=92 changes=0 continuations=3 alpha=0.0638298 beta=7.93617 q=0.00580271
4344,MOBILITY_PRIOR,MOBILITY_PRIOR inst=14 session=0 class=92 changes=0 continuations=3 alpha=0.0638298 beta=7.93617 q=0.00580271
4345,TOP_ABSORB,TOP_ABSORB inst=14 geom=0 support=408 high_mobility=0 absorb=1
4346,STATE_EVIDENCE_WINDOW,STATE_EVIDENCE_WINDOW inst=16 after=1786279341767633000 latest_measured_support=1786279343600966000 through=1786279343600966000 projected=1 support=1033 contradiction=53 reliable=729 reliable_in_view=379 reliable_seen_through=1 absence_llr=0 absent_samples=11 total_samples=416 absence_coverage_sufficient=0
4347,STATE_SLICE,STATE_SLICE inst=16 stamp=1786279343600966000 inherited_sup=1033 inherited_con=53 inherited_samples=416 inherited_supported=1083 inherited_free=0 inherited_repl_other=0 inherited_repl_bg=53 inherited_occ=158 inherited_unobs=0 session_sup=0 session_con=0 session_samples=0 cur_verts=24561 candidate_verts=0
4348,EVIDENCE,EVIDENCE inst=16 inherited_support=1033 inherited_contradiction=53 session_support=0 session_contradiction=0 inherited_absent_flag=0 cur_verts=24561 observed_verts=0
4349,MOBILITY_PRIOR,MOBILITY_PRIOR inst=16 session=0 class=115 changes=0 continuations=4 alpha=0.0697674 beta=10.9302 q=0.00465116
4350,MOBILITY_PRIOR,MOBILITY_PRIOR inst=16 session=0 class=115 changes=0 continuations=4 alpha=0.0697674 beta=10.9302 q=0.00465116
4351,TOP_ABSORB,TOP_ABSORB inst=16 geom=0 support=1033 high_mobility=0 absorb=1
4352,STATE_EVIDENCE_WINDOW,STATE_EVIDENCE_WINDOW inst=17 after=1786279341767633000 latest_measured_support=1786279343600966000 through=1786279343600966000 projected=1 support=1389 contradiction=81 reliable=953 reliable_in_view=686 reliable_seen_through=0 absence_llr=0.235225 absent_samples=28 total_samples=522 absence_coverage_sufficient=0
4353,STATE_SLICE,STATE_SLICE inst=17 stamp=1786279343600966000 inherited_sup=1389 inherited_con=81 inherited_samples=522 inherited_supported=1435 inherited_free=9 inherited_repl_other=1 inherited_repl_bg=75 inherited_occ=386 inherited_unobs=0 session_sup=0 session_con=0 session_samples=0 cur_verts=35727 candidate_verts=0
4354,EVIDENCE,EVIDENCE inst=17 inherited_support=1389 inherited_contradiction=81 session_support=0 session_contradiction=0 inherited_absent_flag=0 cur_verts=35727 observed_verts=0
4355,MOBILITY_PRIOR,MOBILITY_PRIOR inst=17 session=0 class=115 changes=0 continuations=5 alpha=0.0697674 beta=9.93023 q=0.00465116
4356,MOBILITY_PRIOR,MOBILITY_PRIOR inst=17 session=0 class=115 changes=0 continuations=5 alpha=0.0697674 beta=9.93023 q=0.00465116
4357,TOP_ABSORB,TOP_ABSORB inst=17 geom=0 support=1389 high_mobility=0 absorb=1
4358,STATE_EVIDENCE_WINDOW,STATE_EVIDENCE_WINDOW inst=18 after=1786279334634322000 latest_measured_support=0 through=1786279343600966000 projected=1 support=0 contradiction=1 reliable=534 reliable_in_view=0 reliable_seen_through=0 absence_llr=0 absent_samples=1 total_samples=576 absence_coverage_sufficient=0
4359,STATE_SLICE,STATE_SLICE inst=18 stamp=1786279343600966000 inherited_sup=0 inherited_con=1 inherited_samples=576 inherited_supported=0 inherited_free=0 inherited_repl_other=1 inherited_repl_bg=0 inherited_occ=4 inherited_unobs=394 session_sup=0 session_con=0 session_samples=0 cur_verts=36093 candidate_verts=0
4360,EVIDENCE,EVIDENCE inst=18 inherited_support=0 inherited_contradiction=1 session_support=0 session_contradiction=0 inherited_absent_flag=0 cur_verts=36093 observed_verts=0
4361,STATE_EVIDENCE_WINDOW,STATE_EVIDENCE_WINDOW inst=19 after=1786279333734300000 latest_measured_support=0 through=1786279343600966000 projected=1 support=0 contradiction=32 reliable=385 reliable_in_view=0 reliable_seen_through=0 absence_llr=0.610457 absent_samples=11 total_samples=614 absence_coverage_sufficient=0
4362,STATE_SLICE,STATE_SLICE inst=19 stamp=1786279343600966000 inherited_sup=0 inherited_con=32 inherited_samples=614 inherited_supported=0 inherited_free=37 inherited_repl_other=0 inherited_repl_bg=0 inherited_occ=0 inherited_unobs=532 session_sup=0 session_con=0 session_samples=0 cur_verts=25914 candidate_verts=0
4363,EVIDENCE,EVIDENCE inst=19 inherited_support=0 inherited_contradiction=32 session_support=0 session_contradiction=0 inherited_absent_flag=0 cur_verts=25914 observed_verts=0
4364,STATE_EVIDENCE_WINDOW,STATE_EVIDENCE_WINDOW inst=20 after=1786279301400977000 latest_measured_support=0 through=1786279343600966000 projected=1 support=0 contradiction=306 reliable=4 reliable_in_view=0 reliable_seen_through=0 absence_llr=0 absent_samples=44 total_samples=206 absence_coverage_sufficient=0
4365,STATE_SLICE,STATE_SLICE inst=20 stamp=1786279343600966000 inherited_sup=0 inherited_con=306 inherited_samples=206 inherited_supported=0 inherited_free=168 inherited_repl_other=29 inherited_repl_bg=130 inherited_occ=1064 inherited_unobs=0 session_sup=0 session_con=0 session_samples=0 cur_verts=5268 candidate_verts=0
4366,EVIDENCE,EVIDENCE inst=20 inherited_support=0 inherited_contradiction=306 session_support=0 session_contradiction=0 inherited_absent_flag=0 cur_verts=5268 observed_verts=0
4367,INGEST,INGEST inst=2 first=1786279340s seg_verts=7641 cur_verts=41793 observed_verts=0
4368,INGEST_DECIDE,INGEST_DECIDE inst=2 same_session_overlap=1 contradicted=0
4369,INGEST,INGEST inst=3 first=1786279333s seg_verts=8757 cur_verts=84735 observed_verts=0
4370,INGEST_DECIDE,INGEST_DECIDE inst=3 same_session_overlap=1 contradicted=0
4371,INGEST,INGEST inst=4 first=1786279339s seg_verts=37473 cur_verts=214347 observed_verts=0
4372,INGEST_DECIDE,INGEST_DECIDE inst=4 same_session_overlap=1 contradicted=0
4373,INGEST,INGEST inst=5 first=1786279334s seg_verts=1452 cur_verts=20262 observed_verts=0
4374,INGEST_DECIDE,INGEST_DECIDE inst=5 same_session_overlap=1 contradicted=0
4375,INGEST,INGEST inst=6 first=1786279339s seg_verts=28389 cur_verts=143865 observed_verts=0
4376,INGEST_DECIDE,INGEST_DECIDE inst=6 same_session_overlap=1 contradicted=0
4377,INGEST,INGEST inst=7 first=1786279334s seg_verts=2499 cur_verts=41649 observed_verts=0
4378,INGEST_DECIDE,INGEST_DECIDE inst=7 same_session_overlap=1 contradicted=0
4379,INGEST,INGEST inst=11 first=1786279340s seg_verts=8757 cur_verts=90780 observed_verts=0
4380,INGEST_DECIDE,INGEST_DECIDE inst=11 same_session_overlap=1 contradicted=0
4381,INGEST,INGEST inst=13 first=1786279341s seg_verts=2040 cur_verts=25680 observed_verts=0
4382,INGEST_DECIDE,INGEST_DECIDE inst=13 same_session_overlap=1 contradicted=0
4383,INGEST,INGEST inst=14 first=1786279339s seg_verts=2187 cur_verts=11124 observed_verts=0
4384,INGEST_DECIDE,INGEST_DECIDE inst=14 same_session_overlap=1 contradicted=0
4385,INGEST,INGEST inst=16 first=1786279336s seg_verts=5364 cur_verts=24561 observed_verts=0
4386,INGEST_DECIDE,INGEST_DECIDE inst=16 same_session_overlap=1 contradicted=0
4387,INGEST,INGEST inst=17 first=1786279333s seg_verts=8424 cur_verts=35727 observed_verts=0
4388,INGEST_DECIDE,INGEST_DECIDE inst=17 same_session_overlap=1 contradicted=0
4398,STATE_EVIDENCE_WINDOW,STATE_EVIDENCE_WINDOW inst=1 after=1786279339634311000 latest_measured_support=0 through=1786279343600966000 projected=0 support=0 contradiction=0 reliable=264 reliable_in_view=0 reliable_seen_through=0 absence_llr=0 absent_samples=0 total_samples=44922 absence_coverage_sufficient=0
4399,STATE_SLICE,STATE_SLICE inst=1 stamp=1786279343600966000 inherited_sup=0 inherited_con=0 inherited_samples=44922 inherited_supported=0 inherited_free=0 inherited_repl_other=0 inherited_repl_bg=0 inherited_occ=0 inherited_unobs=44174 session_sup=0 session_con=0 session_samples=0 cur_verts=134766 candidate_verts=0
4400,EVIDENCE,EVIDENCE inst=1 inherited_support=0 inherited_contradiction=0 session_support=0 session_contradiction=0 inherited_absent_flag=0 cur_verts=134766 observed_verts=0
4401,STATE_EVIDENCE_WINDOW,STATE_EVIDENCE_WINDOW inst=2 after=1786279343600966000 latest_measured_support=0 through=1786279343600966000 projected=0 support=0 contradiction=0 reliable=554 reliable_in_view=0 reliable_seen_through=0 absence_llr=0 absent_samples=0 total_samples=0 absence_coverage_sufficient=0
4402,STATE_SLICE,STATE_SLICE inst=2 stamp=1786279343600966000 inherited_sup=0 inherited_con=0 inherited_samples=0 inherited_supported=0 inherited_free=0 inherited_repl_other=0 inherited_repl_bg=0 inherited_occ=0 inherited_unobs=0 session_sup=0 session_con=0 session_samples=0 cur_verts=49434 candidate_verts=0
4403,EVIDENCE,EVIDENCE inst=2 inherited_support=0 inherited_contradiction=0 session_support=0 session_contradiction=0 inherited_absent_flag=0 cur_verts=49434 observed_verts=0
4404,STATE_EVIDENCE_WINDOW,STATE_EVIDENCE_WINDOW inst=3 after=1786279343500966000 latest_measured_support=0 through=1786279343600966000 projected=1 support=0 contradiction=5 reliable=223 reliable_in_view=0 reliable_seen_through=0 absence_llr=0 absent_samples=5 total_samples=2096 absence_coverage_sufficient=0
4405,STATE_SLICE,STATE_SLICE inst=3 stamp=1786279343600966000 inherited_sup=0 inherited_con=5 inherited_samples=2096 inherited_supported=0 inherited_free=5 inherited_repl_other=0 inherited_repl_bg=0 inherited_occ=0 inherited_unobs=922 session_sup=0 session_con=0 session_samples=0 cur_verts=93492 candidate_verts=0
4406,EVIDENCE,EVIDENCE inst=3 inherited_support=0 inherited_contradiction=5 session_support=0 session_contradiction=0 inherited_absent_flag=0 cur_verts=93492 observed_verts=0
4407,STATE_EVIDENCE_WINDOW,STATE_EVIDENCE_WINDOW inst=4 after=1786279340800966000 latest_measured_support=0 through=1786279343600966000 projected=0 support=0 contradiction=0 reliable=187 reliable_in_view=0 reliable_seen_through=0 absence_llr=0 absent_samples=0 total_samples=83940 absence_coverage_sufficient=0
4408,STATE_SLICE,STATE_SLICE inst=4 stamp=1786279343600966000 inherited_sup=0 inherited_con=0 inherited_samples=83940 inherited_supported=0 inherited_free=0 inherited_repl_other=0 inherited_repl_bg=0 inherited_occ=0 inherited_unobs=83940 session_sup=0 session_con=0 session_samples=0 cur_verts=251820 candidate_verts=0
4409,EVIDENCE,EVIDENCE inst=4 inherited_support=0 inherited_contradiction=0 session_support=0 session_contradiction=0 inherited_absent_flag=0 cur_verts=251820 observed_verts=0
4410,STATE_EVIDENCE_WINDOW,STATE_EVIDENCE_WINDOW inst=5 after=1786279340934300000 latest_measured_support=0 through=1786279343600966000 projected=1 support=0 contradiction=29 reliable=337 reliable_in_view=0 reliable_seen_through=0 absence_llr=0.565501 absent_samples=15 total_samples=646 absence_coverage_sufficient=0
4411,STATE_SLICE,STATE_SLICE inst=5 stamp=1786279343600966000 inherited_sup=0 inherited_con=29 inherited_samples=646 inherited_supported=0 inherited_free=7 inherited_repl_other=11 inherited_repl_bg=13 inherited_occ=12 inherited_unobs=2 session_sup=0 session_con=0 session_samples=0 cur_verts=21714 candidate_verts=0
4412,EVIDENCE,EVIDENCE inst=5 inherited_support=0 inherited_contradiction=29 session_support=0 session_contradiction=0 inherited_absent_flag=0 cur_verts=21714 observed_verts=0
4413,STATE_EVIDENCE_WINDOW,STATE_EVIDENCE_WINDOW inst=6 after=1786279343600966000 latest_measured_support=0 through=1786279343600966000 projected=0 support=0 contradiction=0 reliable=214 reliable_in_view=0 reliable_seen_through=0 absence_llr=1.85114 absent_samples=0 total_samples=0 absence_coverage_sufficient=0
4414,STATE_SLICE,STATE_SLICE inst=6 stamp=1786279343600966000 inherited_sup=0 inherited_con=0 inherited_samples=0 inherited_supported=0 inherited_free=0 inherited_repl_other=0 inherited_repl_bg=0 inherited_occ=0 inherited_unobs=0 session_sup=0 session_con=0 session_samples=0 cur_verts=172254 candidate_verts=0
4415,EVIDENCE,EVIDENCE inst=6 inherited_support=0 inherited_contradiction=0 session_support=0 session_contradiction=0 inherited_absent_flag=0 cur_verts=172254 observed_verts=0
4416,STATE_EVIDENCE_WINDOW,STATE_EVIDENCE_WINDOW inst=7 after=1786279341134300000 latest_measured_support=0 through=1786279343600966000 projected=1 support=0 contradiction=9 reliable=404 reliable_in_view=0 reliable_seen_through=0 absence_llr=2.28591 absent_samples=8 total_samples=844 absence_coverage_sufficient=0
4417,STATE_SLICE,STATE_SLICE inst=7 stamp=1786279343600966000 inherited_sup=0 inherited_con=9 inherited_samples=844 inherited_supported=0 inherited_free=9 inherited_repl_other=0 inherited_repl_bg=0 inherited_occ=9 inherited_unobs=12 session_sup=0 session_con=0 session_samples=0 cur_verts=44148 candidate_verts=0
4418,EVIDENCE,EVIDENCE inst=7 inherited_support=0 inherited_contradiction=9 session_support=0 session_contradiction=0 inherited_absent_flag=0 cur_verts=44148 observed_verts=0
4419,STATE_EVIDENCE_WINDOW,STATE_EVIDENCE_WINDOW inst=10 after=1786279343600966000 latest_measured_support=0 through=1786279343600966000 projected=0 support=0 contradiction=0 reliable=351 reliable_in_view=0 reliable_seen_through=0 absence_llr=1.07505 absent_samples=0 total_samples=0 absence_coverage_sufficient=0
4420,STATE_SLICE,STATE_SLICE inst=10 stamp=1786279343600966000 inherited_sup=0 inherited_con=0 inherited_samples=0 inherited_supported=0 inherited_free=0 inherited_repl_other=0 inherited_repl_bg=0 inherited_occ=0 inherited_unobs=0 session_sup=0 session_con=0 session_samples=0 cur_verts=29301 candidate_verts=0
4421,EVIDENCE,EVIDENCE inst=10 inherited_support=0 inherited_contradiction=0 session_support=0 session_contradiction=0 inherited_absent_flag=0 cur_verts=29301 observed_verts=0
4422,STATE_EVIDENCE_WINDOW,STATE_EVIDENCE_WINDOW inst=11 after=1786279343600966000 latest_measured_support=0 through=1786279343600966000 projected=0 support=0 contradiction=0 reliable=491 reliable_in_view=0 reliable_seen_through=0 absence_llr=0.5401 absent_samples=0 total_samples=0 absence_coverage_sufficient=0
4423,STATE_SLICE,STATE_SLICE inst=11 stamp=1786279343600966000 inherited_sup=0 inherited_con=0 inherited_samples=0 inherited_supported=0 inherited_free=0 inherited_repl_other=0 inherited_repl_bg=0 inherited_occ=0 inherited_unobs=0 session_sup=0 session_con=0 session_samples=0 cur_verts=99537 candidate_verts=0
4424,EVIDENCE,EVIDENCE inst=11 inherited_support=0 inherited_contradiction=0 session_support=0 session_contradiction=0 inherited_absent_flag=0 cur_verts=99537 observed_verts=0
4425,STATE_EVIDENCE_WINDOW,STATE_EVIDENCE_WINDOW inst=13 after=1786279343600966000 latest_measured_support=0 through=1786279343600966000 projected=0 support=0 contradiction=0 reliable=374 reliable_in_view=0 reliable_seen_through=0 absence_llr=0 absent_samples=0 total_samples=0 absence_coverage_sufficient=0
4426,STATE_SLICE,STATE_SLICE inst=13 stamp=1786279343600966000 inherited_sup=0 inherited_con=0 inherited_samples=0 inherited_supported=0 inherited_free=0 inherited_repl_other=0 inherited_repl_bg=0 inherited_occ=0 inherited_unobs=0 session_sup=0 session_con=0 session_samples=0 cur_verts=27720 candidate_verts=0
4427,EVIDENCE,EVIDENCE inst=13 inherited_support=0 inherited_contradiction=0 session_support=0 session_contradiction=0 inherited_absent_flag=0 cur_verts=27720 observed_verts=0
4428,STATE_EVIDENCE_WINDOW,STATE_EVIDENCE_WINDOW inst=14 after=1786279343600966000 latest_measured_support=0 through=1786279343600966000 projected=0 support=0 contradiction=0 reliable=177 reliable_in_view=0 reliable_seen_through=0 absence_llr=0.293254 absent_samples=0 total_samples=0 absence_coverage_sufficient=0
4429,STATE_SLICE,STATE_SLICE inst=14 stamp=1786279343600966000 inherited_sup=0 inherited_con=0 inherited_samples=0 inherited_supported=0 inherited_free=0 inherited_repl_other=0 inherited_repl_bg=0 inherited_occ=0 inherited_unobs=0 session_sup=0 session_con=0 session_samples=0 cur_verts=13311 candidate_verts=0
4430,EVIDENCE,EVIDENCE inst=14 inherited_support=0 inherited_contradiction=0 session_support=0 session_contradiction=0 inherited_absent_flag=0 cur_verts=13311 observed_verts=0
4431,STATE_EVIDENCE_WINDOW,STATE_EVIDENCE_WINDOW inst=16 after=1786279343600966000 latest_measured_support=0 through=1786279343600966000 projected=0 support=0 contradiction=0 reliable=662 reliable_in_view=0 reliable_seen_through=0 absence_llr=0 absent_samples=0 total_samples=0 absence_coverage_sufficient=0
4432,STATE_SLICE,STATE_SLICE inst=16 stamp=1786279343600966000 inherited_sup=0 inherited_con=0 inherited_samples=0 inherited_supported=0 inherited_free=0 inherited_repl_other=0 inherited_repl_bg=0 inherited_occ=0 inherited_unobs=0 session_sup=0 session_con=0 session_samples=0 cur_verts=29925 candidate_verts=0
4433,EVIDENCE,EVIDENCE inst=16 inherited_support=0 inherited_contradiction=0 session_support=0 session_contradiction=0 inherited_absent_flag=0 cur_verts=29925 observed_verts=0
4434,STATE_EVIDENCE_WINDOW,STATE_EVIDENCE_WINDOW inst=17 after=1786279343600966000 latest_measured_support=0 through=1786279343600966000 projected=0 support=0 contradiction=0 reliable=824 reliable_in_view=0 reliable_seen_through=0 absence_llr=0.235225 absent_samples=0 total_samples=0 absence_coverage_sufficient=0
4435,STATE_SLICE,STATE_SLICE inst=17 stamp=1786279343600966000 inherited_sup=0 inherited_con=0 inherited_samples=0 inherited_supported=0 inherited_free=0 inherited_repl_other=0 inherited_repl_bg=0 inherited_occ=0 inherited_unobs=0 session_sup=0 session_con=0 session_samples=0 cur_verts=44151 candidate_verts=0
4436,EVIDENCE,EVIDENCE inst=17 inherited_support=0 inherited_contradiction=0 session_support=0 session_contradiction=0 inherited_absent_flag=0 cur_verts=44151 observed_verts=0
4437,STATE_EVIDENCE_WINDOW,STATE_EVIDENCE_WINDOW inst=18 after=1786279334634322000 latest_measured_support=0 through=1786279343600966000 projected=1 support=0 contradiction=1 reliable=534 reliable_in_view=0 reliable_seen_through=0 absence_llr=0 absent_samples=1 total_samples=576 absence_coverage_sufficient=0
4438,STATE_SLICE,STATE_SLICE inst=18 stamp=1786279343600966000 inherited_sup=0 inherited_con=1 inherited_samples=576 inherited_supported=0 inherited_free=0 inherited_repl_other=1 inherited_repl_bg=0 inherited_occ=4 inherited_unobs=394 session_sup=0 session_con=0 session_samples=0 cur_verts=36093 candidate_verts=0
4439,EVIDENCE,EVIDENCE inst=18 inherited_support=0 inherited_contradiction=1 session_support=0 session_contradiction=0 inherited_absent_flag=0 cur_verts=36093 observed_verts=0
4440,STATE_EVIDENCE_WINDOW,STATE_EVIDENCE_WINDOW inst=19 after=1786279333734300000 latest_measured_support=0 through=1786279343600966000 projected=1 support=0 contradiction=32 reliable=385 reliable_in_view=0 reliable_seen_through=0 absence_llr=0.610457 absent_samples=11 total_samples=614 absence_coverage_sufficient=0
4441,STATE_SLICE,STATE_SLICE inst=19 stamp=1786279343600966000 inherited_sup=0 inherited_con=32 inherited_samples=614 inherited_supported=0 inherited_free=37 inherited_repl_other=0 inherited_repl_bg=0 inherited_occ=0 inherited_unobs=532 session_sup=0 session_con=0 session_samples=0 cur_verts=25914 candidate_verts=0
4442,EVIDENCE,EVIDENCE inst=19 inherited_support=0 inherited_contradiction=32 session_support=0 session_contradiction=0 inherited_absent_flag=0 cur_verts=25914 observed_verts=0
4443,STATE_EVIDENCE_WINDOW,STATE_EVIDENCE_WINDOW inst=20 after=1786279301400977000 latest_measured_support=0 through=1786279343600966000 projected=1 support=0 contradiction=306 reliable=4 reliable_in_view=0 reliable_seen_through=0 absence_llr=0 absent_samples=44 total_samples=206 absence_coverage_sufficient=0
4444,STATE_SLICE,STATE_SLICE inst=20 stamp=1786279343600966000 inherited_sup=0 inherited_con=306 inherited_samples=206 inherited_supported=0 inherited_free=168 inherited_repl_other=29 inherited_repl_bg=130 inherited_occ=1064 inherited_unobs=0 session_sup=0 session_con=0 session_samples=0 cur_verts=5268 candidate_verts=0
4445,EVIDENCE,EVIDENCE inst=20 inherited_support=0 inherited_contradiction=306 session_support=0 session_contradiction=0 inherited_absent_flag=0 cur_verts=5268 observed_verts=0
4446,STATE_EVIDENCE_WINDOW,STATE_EVIDENCE_WINDOW inst=1 after=1786279339634311000 latest_measured_support=0 through=1786279343600966000 projected=0 support=0 contradiction=0 reliable=264 reliable_in_view=0 reliable_seen_through=0 absence_llr=0 absent_samples=0 total_samples=44922 absence_coverage_sufficient=0
4447,STATE_SLICE,STATE_SLICE inst=1 stamp=1786279343600966000 inherited_sup=0 inherited_con=0 inherited_samples=44922 inherited_supported=0 inherited_free=0 inherited_repl_other=0 inherited_repl_bg=0 inherited_occ=0 inherited_unobs=44174 session_sup=0 session_con=0 session_samples=0 cur_verts=134766 candidate_verts=0
4448,EVIDENCE,EVIDENCE inst=1 inherited_support=0 inherited_contradiction=0 session_support=0 session_contradiction=0 inherited_absent_flag=0 cur_verts=134766 observed_verts=0
4449,STATE_EVIDENCE_WINDOW,STATE_EVIDENCE_WINDOW inst=2 after=1786279343600966000 latest_measured_support=0 through=1786279343600966000 projected=0 support=0 contradiction=0 reliable=554 reliable_in_view=0 reliable_seen_through=0 absence_llr=0 absent_samples=0 total_samples=0 absence_coverage_sufficient=0
4450,STATE_SLICE,STATE_SLICE inst=2 stamp=1786279343600966000 inherited_sup=0 inherited_con=0 inherited_samples=0 inherited_supported=0 inherited_free=0 inherited_repl_other=0 inherited_repl_bg=0 inherited_occ=0 inherited_unobs=0 session_sup=0 session_con=0 session_samples=0 cur_verts=49434 candidate_verts=0
4451,EVIDENCE,EVIDENCE inst=2 inherited_support=0 inherited_contradiction=0 session_support=0 session_contradiction=0 inherited_absent_flag=0 cur_verts=49434 observed_verts=0
4452,STATE_EVIDENCE_WINDOW,STATE_EVIDENCE_WINDOW inst=3 after=1786279343500966000 latest_measured_support=0 through=1786279343600966000 projected=1 support=0 contradiction=5 reliable=223 reliable_in_view=0 reliable_seen_through=0 absence_llr=0 absent_samples=5 total_samples=2096 absence_coverage_sufficient=0
4453,STATE_SLICE,STATE_SLICE inst=3 stamp=1786279343600966000 inherited_sup=0 inherited_con=5 inherited_samples=2096 inherited_supported=0 inherited_free=5 inherited_repl_other=0 inherited_repl_bg=0 inherited_occ=0 inherited_unobs=922 session_sup=0 session_con=0 session_samples=0 cur_verts=93492 candidate_verts=0
4454,EVIDENCE,EVIDENCE inst=3 inherited_support=0 inherited_contradiction=5 session_support=0 session_contradiction=0 inherited_absent_flag=0 cur_verts=93492 observed_verts=0
4455,STATE_EVIDENCE_WINDOW,STATE_EVIDENCE_WINDOW inst=4 after=1786279340800966000 latest_measured_support=0 through=1786279343600966000 projected=0 support=0 contradiction=0 reliable=187 reliable_in_view=0 reliable_seen_through=0 absence_llr=0 absent_samples=0 total_samples=83940 absence_coverage_sufficient=0
4456,STATE_SLICE,STATE_SLICE inst=4 stamp=1786279343600966000 inherited_sup=0 inherited_con=0 inherited_samples=83940 inherited_supported=0 inherited_free=0 inherited_repl_other=0 inherited_repl_bg=0 inherited_occ=0 inherited_unobs=83940 session_sup=0 session_con=0 session_samples=0 cur_verts=251820 candidate_verts=0
4457,EVIDENCE,EVIDENCE inst=4 inherited_support=0 inherited_contradiction=0 session_support=0 session_contradiction=0 inherited_absent_flag=0 cur_verts=251820 observed_verts=0
4458,STATE_EVIDENCE_WINDOW,STATE_EVIDENCE_WINDOW inst=5 after=1786279340934300000 latest_measured_support=0 through=1786279343600966000 projected=1 support=0 contradiction=29 reliable=337 reliable_in_view=0 reliable_seen_through=0 absence_llr=0.565501 absent_samples=15 total_samples=646 absence_coverage_sufficient=0
4459,STATE_SLICE,STATE_SLICE inst=5 stamp=1786279343600966000 inherited_sup=0 inherited_con=29 inherited_samples=646 inherited_supported=0 inherited_free=7 inherited_repl_other=11 inherited_repl_bg=13 inherited_occ=12 inherited_unobs=2 session_sup=0 session_con=0 session_samples=0 cur_verts=21714 candidate_verts=0
4460,EVIDENCE,EVIDENCE inst=5 inherited_support=0 inherited_contradiction=29 session_support=0 session_contradiction=0 inherited_absent_flag=0 cur_verts=21714 observed_verts=0
4461,STATE_EVIDENCE_WINDOW,STATE_EVIDENCE_WINDOW inst=6 after=1786279343600966000 latest_measured_support=0 through=1786279343600966000 projected=0 support=0 contradiction=0 reliable=214 reliable_in_view=0 reliable_seen_through=0 absence_llr=1.85114 absent_samples=0 total_samples=0 absence_coverage_sufficient=0
4462,STATE_SLICE,STATE_SLICE inst=6 stamp=1786279343600966000 inherited_sup=0 inherited_con=0 inherited_samples=0 inherited_supported=0 inherited_free=0 inherited_repl_other=0 inherited_repl_bg=0 inherited_occ=0 inherited_unobs=0 session_sup=0 session_con=0 session_samples=0 cur_verts=172254 candidate_verts=0
4463,EVIDENCE,EVIDENCE inst=6 inherited_support=0 inherited_contradiction=0 session_support=0 session_contradiction=0 inherited_absent_flag=0 cur_verts=172254 observed_verts=0
4464,STATE_EVIDENCE_WINDOW,STATE_EVIDENCE_WINDOW inst=7 after=1786279341134300000 latest_measured_support=0 through=1786279343600966000 projected=1 support=0 contradiction=9 reliable=404 reliable_in_view=0 reliable_seen_through=0 absence_llr=2.28591 absent_samples=8 total_samples=844 absence_coverage_sufficient=0
4465,STATE_SLICE,STATE_SLICE inst=7 stamp=1786279343600966000 inherited_sup=0 inherited_con=9 inherited_samples=844 inherited_supported=0 inherited_free=9 inherited_repl_other=0 inherited_repl_bg=0 inherited_occ=9 inherited_unobs=12 session_sup=0 session_con=0 session_samples=0 cur_verts=44148 candidate_verts=0
4466,EVIDENCE,EVIDENCE inst=7 inherited_support=0 inherited_contradiction=9 session_support=0 session_contradiction=0 inherited_absent_flag=0 cur_verts=44148 observed_verts=0
4467,STATE_EVIDENCE_WINDOW,STATE_EVIDENCE_WINDOW inst=10 after=1786279343600966000 latest_measured_support=0 through=1786279343600966000 projected=0 support=0 contradiction=0 reliable=351 reliable_in_view=0 reliable_seen_through=0 absence_llr=1.07505 absent_samples=0 total_samples=0 absence_coverage_sufficient=0
4468,STATE_SLICE,STATE_SLICE inst=10 stamp=1786279343600966000 inherited_sup=0 inherited_con=0 inherited_samples=0 inherited_supported=0 inherited_free=0 inherited_repl_other=0 inherited_repl_bg=0 inherited_occ=0 inherited_unobs=0 session_sup=0 session_con=0 session_samples=0 cur_verts=29301 candidate_verts=0
4469,EVIDENCE,EVIDENCE inst=10 inherited_support=0 inherited_contradiction=0 session_support=0 session_contradiction=0 inherited_absent_flag=0 cur_verts=29301 observed_verts=0
4470,STATE_EVIDENCE_WINDOW,STATE_EVIDENCE_WINDOW inst=11 after=1786279343600966000 latest_measured_support=0 through=1786279343600966000 projected=0 support=0 contradiction=0 reliable=491 reliable_in_view=0 reliable_seen_through=0 absence_llr=0.5401 absent_samples=0 total_samples=0 absence_coverage_sufficient=0
4471,STATE_SLICE,STATE_SLICE inst=11 stamp=1786279343600966000 inherited_sup=0 inherited_con=0 inherited_samples=0 inherited_supported=0 inherited_free=0 inherited_repl_other=0 inherited_repl_bg=0 inherited_occ=0 inherited_unobs=0 session_sup=0 session_con=0 session_samples=0 cur_verts=99537 candidate_verts=0
4472,EVIDENCE,EVIDENCE inst=11 inherited_support=0 inherited_contradiction=0 session_support=0 session_contradiction=0 inherited_absent_flag=0 cur_verts=99537 observed_verts=0
4473,STATE_EVIDENCE_WINDOW,STATE_EVIDENCE_WINDOW inst=13 after=1786279343600966000 latest_measured_support=0 through=1786279343600966000 projected=0 support=0 contradiction=0 reliable=374 reliable_in_view=0 reliable_seen_through=0 absence_llr=0 absent_samples=0 total_samples=0 absence_coverage_sufficient=0
4474,STATE_SLICE,STATE_SLICE inst=13 stamp=1786279343600966000 inherited_sup=0 inherited_con=0 inherited_samples=0 inherited_supported=0 inherited_free=0 inherited_repl_other=0 inherited_repl_bg=0 inherited_occ=0 inherited_unobs=0 session_sup=0 session_con=0 session_samples=0 cur_verts=27720 candidate_verts=0
4475,EVIDENCE,EVIDENCE inst=13 inherited_support=0 inherited_contradiction=0 session_support=0 session_contradiction=0 inherited_absent_flag=0 cur_verts=27720 observed_verts=0
4476,STATE_EVIDENCE_WINDOW,STATE_EVIDENCE_WINDOW inst=14 after=1786279343600966000 latest_measured_support=0 through=1786279343600966000 projected=0 support=0 contradiction=0 reliable=177 reliable_in_view=0 reliable_seen_through=0 absence_llr=0.293254 absent_samples=0 total_samples=0 absence_coverage_sufficient=0
4477,STATE_SLICE,STATE_SLICE inst=14 stamp=1786279343600966000 inherited_sup=0 inherited_con=0 inherited_samples=0 inherited_supported=0 inherited_free=0 inherited_repl_other=0 inherited_repl_bg=0 inherited_occ=0 inherited_unobs=0 session_sup=0 session_con=0 session_samples=0 cur_verts=13311 candidate_verts=0
4478,EVIDENCE,EVIDENCE inst=14 inherited_support=0 inherited_contradiction=0 session_support=0 session_contradiction=0 inherited_absent_flag=0 cur_verts=13311 observed_verts=0
4479,STATE_EVIDENCE_WINDOW,STATE_EVIDENCE_WINDOW inst=16 after=1786279343600966000 latest_measured_support=0 through=1786279343600966000 projected=0 support=0 contradiction=0 reliable=662 reliable_in_view=0 reliable_seen_through=0 absence_llr=0 absent_samples=0 total_samples=0 absence_coverage_sufficient=0
4480,STATE_SLICE,STATE_SLICE inst=16 stamp=1786279343600966000 inherited_sup=0 inherited_con=0 inherited_samples=0 inherited_supported=0 inherited_free=0 inherited_repl_other=0 inherited_repl_bg=0 inherited_occ=0 inherited_unobs=0 session_sup=0 session_con=0 session_samples=0 cur_verts=29925 candidate_verts=0
4481,EVIDENCE,EVIDENCE inst=16 inherited_support=0 inherited_contradiction=0 session_support=0 session_contradiction=0 inherited_absent_flag=0 cur_verts=29925 observed_verts=0
4482,STATE_EVIDENCE_WINDOW,STATE_EVIDENCE_WINDOW inst=17 after=1786279343600966000 latest_measured_support=0 through=1786279343600966000 projected=0 support=0 contradiction=0 reliable=824 reliable_in_view=0 reliable_seen_through=0 absence_llr=0.235225 absent_samples=0 total_samples=0 absence_coverage_sufficient=0
4483,STATE_SLICE,STATE_SLICE inst=17 stamp=1786279343600966000 inherited_sup=0 inherited_con=0 inherited_samples=0 inherited_supported=0 inherited_free=0 inherited_repl_other=0 inherited_repl_bg=0 inherited_occ=0 inherited_unobs=0 session_sup=0 session_con=0 session_samples=0 cur_verts=44151 candidate_verts=0
4484,EVIDENCE,EVIDENCE inst=17 inherited_support=0 inherited_contradiction=0 session_support=0 session_contradiction=0 inherited_absent_flag=0 cur_verts=44151 observed_verts=0
4485,STATE_EVIDENCE_WINDOW,STATE_EVIDENCE_WINDOW inst=18 after=1786279334634322000 latest_measured_support=0 through=1786279343600966000 projected=1 support=0 contradiction=1 reliable=534 reliable_in_view=0 reliable_seen_through=0 absence_llr=0 absent_samples=1 total_samples=576 absence_coverage_sufficient=0
4486,STATE_SLICE,STATE_SLICE inst=18 stamp=1786279343600966000 inherited_sup=0 inherited_con=1 inherited_samples=576 inherited_supported=0 inherited_free=0 inherited_repl_other=1 inherited_repl_bg=0 inherited_occ=4 inherited_unobs=394 session_sup=0 session_con=0 session_samples=0 cur_verts=36093 candidate_verts=0
4487,EVIDENCE,EVIDENCE inst=18 inherited_support=0 inherited_contradiction=1 session_support=0 session_contradiction=0 inherited_absent_flag=0 cur_verts=36093 observed_verts=0
4488,STATE_EVIDENCE_WINDOW,STATE_EVIDENCE_WINDOW inst=19 after=1786279333734300000 latest_measured_support=0 through=1786279343600966000 projected=1 support=0 contradiction=32 reliable=385 reliable_in_view=0 reliable_seen_through=0 absence_llr=0.610457 absent_samples=11 total_samples=614 absence_coverage_sufficient=0
4489,STATE_SLICE,STATE_SLICE inst=19 stamp=1786279343600966000 inherited_sup=0 inherited_con=32 inherited_samples=614 inherited_supported=0 inherited_free=37 inherited_repl_other=0 inherited_repl_bg=0 inherited_occ=0 inherited_unobs=532 session_sup=0 session_con=0 session_samples=0 cur_verts=25914 candidate_verts=0
4490,EVIDENCE,EVIDENCE inst=19 inherited_support=0 inherited_contradiction=32 session_support=0 session_contradiction=0 inherited_absent_flag=0 cur_verts=25914 observed_verts=0
4491,STATE_EVIDENCE_WINDOW,STATE_EVIDENCE_WINDOW inst=20 after=1786279301400977000 latest_measured_support=0 through=1786279343600966000 projected=1 support=0 contradiction=306 reliable=4 reliable_in_view=0 reliable_seen_through=0 absence_llr=0 absent_samples=44 total_samples=206 absence_coverage_sufficient=0
4492,STATE_SLICE,STATE_SLICE inst=20 stamp=1786279343600966000 inherited_sup=0 inherited_con=306 inherited_samples=206 inherited_supported=0 inherited_free=168 inherited_repl_other=29 inherited_repl_bg=130 inherited_occ=1064 inherited_unobs=0 session_sup=0 session_con=0 session_samples=0 cur_verts=5268 candidate_verts=0
4493,EVIDENCE,EVIDENCE inst=20 inherited_support=0 inherited_contradiction=306 session_support=0 session_contradiction=0 inherited_absent_flag=0 cur_verts=5268 observed_verts=0
