event_id,time_s,metric,baseline,candidate,delta
D2_B_I2,106.033323,full_confirmed_wrong_surface,36.0,34.0,-2.0
D2_B_I2,106.033323,common_confirmed_wrong_surface,36.0,34.0,-2.0
D2_B_I2,107.033334,full_confirmed_wrong_surface,36.0,34.0,-2.0
D2_B_I2,107.033334,common_confirmed_wrong_surface,36.0,34.0,-2.0
D2_B_I2,108.033334,full_confirmed_wrong_surface,36.0,37.0,1.0
D2_B_I2,108.033334,common_confirmed_wrong_surface,36.0,37.0,1.0
D2_B_I2,109.033334,full_confirmed_wrong_surface,36.0,37.0,1.0
D2_B_I2,109.033334,common_confirmed_wrong_surface,36.0,37.0,1.0
D2_B_I2,124.233323,full_confirmed_wrong_surface,103.0,36.0,-67.0
D2_B_I2,124.233323,common_confirmed_wrong_surface,103.0,36.0,-67.0
D2_B_I2,125.233356,full_confirmed_wrong_surface,103.0,96.0,-7.0
D2_B_I2,125.233356,common_confirmed_wrong_surface,103.0,96.0,-7.0
D2_B_I2,126.266667,full_confirmed_wrong_surface,103.0,96.0,-7.0
D2_B_I2,126.266667,common_confirmed_wrong_surface,103.0,96.0,-7.0
D2_B_I2,92.899989,confirmed_wrong_surface,0.0,189.0,189.0
D2_B_I2,92.899989,full_confirmed_wrong_surface,0.0,189.0,189.0
D2_B_I2,92.899989,common_confirmed_wrong_surface,0.0,189.0,189.0
D2_B_I2,92.899989,object_nearest,0.0,216.0,216.0
D2_B_I2,92.899989,background_nearest,35.0,26.0,-9.0
D3_AB_I10,100.966667,confirmed_wrong_surface,35.0,187.0,152.0
D3_AB_I10,100.966667,full_confirmed_wrong_surface,218.0,670.0,452.0
D3_AB_I10,100.966667,common_confirmed_wrong_surface,219.0,671.0,452.0
D3_AB_I10,100.966667,object_nearest,45.0,186.0,141.0
D3_AB_I10,100.966667,background_nearest,13.0,2.0,-11.0
D3_AB_I10,101.799989,confirmed_wrong_surface,35.0,187.0,152.0
D3_AB_I10,101.799989,full_confirmed_wrong_surface,215.0,670.0,455.0
D3_AB_I10,101.799989,common_confirmed_wrong_surface,216.0,671.0,455.0
D3_AB_I10,101.799989,object_nearest,45.0,186.0,141.0
D3_AB_I10,101.799989,background_nearest,13.0,2.0,-11.0
D3_AB_I10,101.966667,confirmed_wrong_surface,35.0,187.0,152.0
D3_AB_I10,101.966667,full_confirmed_wrong_surface,215.0,670.0,455.0
D3_AB_I10,101.966667,common_confirmed_wrong_surface,216.0,671.0,455.0
D3_AB_I10,101.966667,object_nearest,45.0,186.0,141.0
D3_AB_I10,101.966667,background_nearest,13.0,2.0,-11.0
D3_AB_I10,102.966667,confirmed_wrong_surface,35.0,187.0,152.0
D3_AB_I10,102.966667,full_confirmed_wrong_surface,215.0,670.0,455.0
D3_AB_I10,102.966667,common_confirmed_wrong_surface,216.0,671.0,455.0
D3_AB_I10,102.966667,object_nearest,45.0,186.0,141.0
D3_AB_I10,102.966667,background_nearest,13.0,2.0,-11.0
D3_AB_I10,104.0,confirmed_wrong_surface,35.0,187.0,152.0
D3_AB_I10,104.0,full_confirmed_wrong_surface,215.0,670.0,455.0
D3_AB_I10,104.0,common_confirmed_wrong_surface,216.0,671.0,455.0
D3_AB_I10,104.0,object_nearest,45.0,186.0,141.0
D3_AB_I10,104.0,background_nearest,13.0,2.0,-11.0
D3_AB_I10,105.0,confirmed_wrong_surface,35.0,187.0,152.0
D3_AB_I10,105.0,full_confirmed_wrong_surface,215.0,670.0,455.0
D3_AB_I10,105.0,common_confirmed_wrong_surface,216.0,671.0,455.0
D3_AB_I10,105.0,object_nearest,45.0,186.0,141.0
D3_AB_I10,105.0,background_nearest,13.0,2.0,-11.0
D3_AB_I10,106.033323,confirmed_wrong_surface,35.0,187.0,152.0
D3_AB_I10,106.033323,full_confirmed_wrong_surface,215.0,670.0,455.0
D3_AB_I10,106.033323,common_confirmed_wrong_surface,216.0,671.0,455.0
D3_AB_I10,106.033323,object_nearest,45.0,186.0,141.0
D3_AB_I10,106.033323,background_nearest,13.0,2.0,-11.0
D3_AB_I10,107.033334,confirmed_wrong_surface,35.0,187.0,152.0
D3_AB_I10,107.033334,full_confirmed_wrong_surface,215.0,670.0,455.0
D3_AB_I10,107.033334,common_confirmed_wrong_surface,216.0,671.0,455.0
D3_AB_I10,107.033334,object_nearest,45.0,186.0,141.0
D3_AB_I10,107.033334,background_nearest,13.0,2.0,-11.0
D3_AB_I10,108.033334,confirmed_wrong_surface,35.0,187.0,152.0
D3_AB_I10,108.033334,full_confirmed_wrong_surface,215.0,670.0,455.0
D3_AB_I10,108.033334,common_confirmed_wrong_surface,216.0,671.0,455.0
D3_AB_I10,108.033334,object_nearest,45.0,186.0,141.0
D3_AB_I10,108.033334,background_nearest,13.0,2.0,-11.0
D3_AB_I10,109.033334,confirmed_wrong_surface,35.0,187.0,152.0
D3_AB_I10,109.033334,full_confirmed_wrong_surface,215.0,670.0,455.0
D3_AB_I10,109.033334,common_confirmed_wrong_surface,216.0,671.0,455.0
D3_AB_I10,109.033334,object_nearest,45.0,186.0,141.0
D3_AB_I10,109.033334,background_nearest,13.0,2.0,-11.0
D3_AB_I10,110.033334,confirmed_wrong_surface,35.0,187.0,152.0
D3_AB_I10,110.033334,full_confirmed_wrong_surface,215.0,670.0,455.0
D3_AB_I10,110.033334,common_confirmed_wrong_surface,216.0,671.0,455.0
D3_AB_I10,110.033334,object_nearest,45.0,186.0,141.0
D3_AB_I10,110.033334,background_nearest,13.0,2.0,-11.0
D3_AB_I10,111.066667,confirmed_wrong_surface,35.0,187.0,152.0
D3_AB_I10,111.066667,full_confirmed_wrong_surface,215.0,670.0,455.0
D3_AB_I10,111.066667,common_confirmed_wrong_surface,216.0,671.0,455.0
D3_AB_I10,111.066667,object_nearest,45.0,186.0,141.0
D3_AB_I10,111.066667,background_nearest,13.0,2.0,-11.0
D3_AB_I10,112.099989,confirmed_wrong_surface,35.0,187.0,152.0
D3_AB_I10,112.099989,full_confirmed_wrong_surface,215.0,670.0,455.0
D3_AB_I10,112.099989,common_confirmed_wrong_surface,216.0,671.0,455.0
D3_AB_I10,112.099989,object_nearest,45.0,186.0,141.0
D3_AB_I10,112.099989,background_nearest,13.0,2.0,-11.0
D3_AB_I10,112.366656,confirmed_wrong_surface,35.0,187.0,152.0
D3_AB_I10,112.366656,full_confirmed_wrong_surface,215.0,670.0,455.0
D3_AB_I10,112.366656,common_confirmed_wrong_surface,216.0,671.0,455.0
D3_AB_I10,112.366656,object_nearest,45.0,186.0,141.0
D3_AB_I10,112.366656,background_nearest,13.0,2.0,-11.0
D3_AB_I10,113.099989,confirmed_wrong_surface,35.0,187.0,152.0
D3_AB_I10,113.099989,full_confirmed_wrong_surface,215.0,670.0,455.0
D3_AB_I10,113.099989,common_confirmed_wrong_surface,216.0,671.0,455.0
D3_AB_I10,113.099989,object_nearest,45.0,186.0,141.0
D3_AB_I10,113.099989,background_nearest,13.0,2.0,-11.0
D3_AB_I10,114.099989,confirmed_wrong_surface,35.0,187.0,152.0
D3_AB_I10,114.099989,full_confirmed_wrong_surface,215.0,670.0,455.0
D3_AB_I10,114.099989,common_confirmed_wrong_surface,216.0,671.0,455.0
D3_AB_I10,114.099989,object_nearest,45.0,186.0,141.0
D3_AB_I10,114.099989,background_nearest,13.0,2.0,-11.0
D3_AB_I10,115.1,confirmed_wrong_surface,35.0,187.0,152.0
D3_AB_I10,115.1,full_confirmed_wrong_surface,215.0,670.0,455.0
D3_AB_I10,115.1,common_confirmed_wrong_surface,216.0,671.0,455.0
D3_AB_I10,115.1,object_nearest,45.0,186.0,141.0
D3_AB_I10,115.1,background_nearest,13.0,2.0,-11.0
D3_AB_I10,116.133323,confirmed_wrong_surface,35.0,187.0,152.0
D3_AB_I10,116.133323,full_confirmed_wrong_surface,217.0,677.0,460.0
D3_AB_I10,116.133323,common_confirmed_wrong_surface,218.0,678.0,460.0
D3_AB_I10,116.133323,object_nearest,45.0,186.0,141.0
D3_AB_I10,116.133323,background_nearest,13.0,2.0,-11.0
D3_AB_I10,117.133334,confirmed_wrong_surface,34.0,187.0,153.0
D3_AB_I10,117.133334,full_confirmed_wrong_surface,215.0,678.0,463.0
D3_AB_I10,117.133334,common_confirmed_wrong_surface,216.0,679.0,463.0
D3_AB_I10,117.133334,object_nearest,45.0,186.0,141.0
D3_AB_I10,117.133334,background_nearest,13.0,2.0,-11.0
D3_AB_I10,118.166667,confirmed_wrong_surface,34.0,186.0,152.0
D3_AB_I10,118.166667,full_confirmed_wrong_surface,215.0,674.0,459.0
D3_AB_I10,118.166667,common_confirmed_wrong_surface,216.0,675.0,459.0
D3_AB_I10,118.166667,object_nearest,45.0,186.0,141.0
D3_AB_I10,118.166667,background_nearest,13.0,2.0,-11.0
D3_AB_I10,119.166667,confirmed_wrong_surface,36.0,186.0,150.0
D3_AB_I10,119.166667,full_confirmed_wrong_surface,218.0,674.0,456.0
D3_AB_I10,119.166667,common_confirmed_wrong_surface,219.0,675.0,456.0
D3_AB_I10,119.166667,object_nearest,45.0,186.0,141.0
D3_AB_I10,119.166667,background_nearest,13.0,2.0,-11.0
D3_AB_I10,120.166667,confirmed_wrong_surface,36.0,186.0,150.0
D3_AB_I10,120.166667,full_confirmed_wrong_surface,221.0,678.0,457.0
D3_AB_I10,120.166667,common_confirmed_wrong_surface,222.0,679.0,457.0
D3_AB_I10,120.166667,object_nearest,45.0,186.0,141.0
D3_AB_I10,120.166667,background_nearest,13.0,2.0,-11.0
D3_AB_I10,121.166678,confirmed_wrong_surface,36.0,186.0,150.0
D3_AB_I10,121.166678,full_confirmed_wrong_surface,221.0,682.0,461.0
D3_AB_I10,121.166678,common_confirmed_wrong_surface,222.0,683.0,461.0
D3_AB_I10,121.166678,object_nearest,45.0,186.0,141.0
D3_AB_I10,121.166678,background_nearest,13.0,2.0,-11.0
D3_AB_I10,122.2,confirmed_wrong_surface,36.0,186.0,150.0
D3_AB_I10,122.2,full_confirmed_wrong_surface,221.0,682.0,461.0
D3_AB_I10,122.2,common_confirmed_wrong_surface,222.0,683.0,461.0
D3_AB_I10,122.2,object_nearest,45.0,186.0,141.0
D3_AB_I10,122.2,background_nearest,13.0,2.0,-11.0
D3_AB_I10,123.2,confirmed_wrong_surface,36.0,187.0,151.0
D3_AB_I10,123.2,full_confirmed_wrong_surface,221.0,683.0,462.0
D3_AB_I10,123.2,common_confirmed_wrong_surface,222.0,684.0,462.0
D3_AB_I10,123.2,object_nearest,45.0,186.0,141.0
D3_AB_I10,123.2,background_nearest,13.0,2.0,-11.0
D3_AB_I10,124.233323,confirmed_wrong_surface,38.0,187.0,149.0
D3_AB_I10,124.233323,full_confirmed_wrong_surface,226.0,683.0,457.0
D3_AB_I10,124.233323,common_confirmed_wrong_surface,227.0,684.0,457.0
D3_AB_I10,124.233323,object_nearest,45.0,186.0,141.0
D3_AB_I10,124.233323,background_nearest,14.0,2.0,-12.0
D3_AB_I10,125.233356,confirmed_wrong_surface,38.0,187.0,149.0
D3_AB_I10,125.233356,full_confirmed_wrong_surface,226.0,683.0,457.0
D3_AB_I10,125.233356,common_confirmed_wrong_surface,227.0,684.0,457.0
D3_AB_I10,125.233356,object_nearest,45.0,186.0,141.0
D3_AB_I10,125.233356,background_nearest,14.0,2.0,-12.0
D3_AB_I10,126.266667,confirmed_wrong_surface,38.0,187.0,149.0
D3_AB_I10,126.266667,full_confirmed_wrong_surface,226.0,683.0,457.0
D3_AB_I10,126.266667,common_confirmed_wrong_surface,227.0,684.0,457.0
D3_AB_I10,126.266667,object_nearest,45.0,186.0,141.0
D3_AB_I10,126.266667,background_nearest,14.0,2.0,-12.0
D3_AB_I10,127.266667,confirmed_wrong_surface,33.0,187.0,154.0
D3_AB_I10,127.266667,full_confirmed_wrong_surface,192.0,685.0,493.0
D3_AB_I10,127.266667,common_confirmed_wrong_surface,193.0,686.0,493.0
D3_AB_I10,127.266667,object_nearest,44.0,186.0,142.0
D3_AB_I10,127.266667,background_nearest,12.0,2.0,-10.0
D3_AB_I10,128.3,confirmed_wrong_surface,33.0,187.0,154.0
D3_AB_I10,128.3,full_confirmed_wrong_surface,195.0,696.0,501.0
D3_AB_I10,128.3,common_confirmed_wrong_surface,196.0,697.0,501.0
D3_AB_I10,128.3,object_nearest,44.0,187.0,143.0
D3_AB_I10,128.3,background_nearest,12.0,1.0,-11.0
D3_AB_I10,129.333334,confirmed_wrong_surface,33.0,187.0,154.0
D3_AB_I10,129.333334,full_confirmed_wrong_surface,195.0,697.0,502.0
D3_AB_I10,129.333334,common_confirmed_wrong_surface,196.0,698.0,502.0
D3_AB_I10,129.333334,object_nearest,44.0,187.0,143.0
D3_AB_I10,129.333334,background_nearest,12.0,1.0,-11.0
D3_AB_I10,130.333334,confirmed_wrong_surface,29.0,187.0,158.0
D3_AB_I10,130.333334,full_confirmed_wrong_surface,189.0,701.0,512.0
D3_AB_I10,130.333334,common_confirmed_wrong_surface,190.0,702.0,512.0
D3_AB_I10,130.333334,object_nearest,44.0,187.0,143.0
D3_AB_I10,130.333334,background_nearest,12.0,1.0,-11.0
D3_AB_I10,131.333345,confirmed_wrong_surface,28.0,187.0,159.0
D3_AB_I10,131.333345,full_confirmed_wrong_surface,188.0,708.0,520.0
D3_AB_I10,131.333345,common_confirmed_wrong_surface,189.0,709.0,520.0
D3_AB_I10,131.333345,object_nearest,44.0,187.0,143.0
D3_AB_I10,131.333345,background_nearest,12.0,1.0,-11.0
D3_AB_I10,131.5,full_confirmed_wrong_surface,187.0,207.0,20.0
D3_AB_I10,131.5,common_confirmed_wrong_surface,188.0,208.0,20.0
D3_AB_I10,132.366656,full_confirmed_wrong_surface,190.0,210.0,20.0
D3_AB_I10,132.366656,common_confirmed_wrong_surface,191.0,211.0,20.0
D3_AB_I10,133.366667,full_confirmed_wrong_surface,192.0,212.0,20.0
D3_AB_I10,133.366667,common_confirmed_wrong_surface,193.0,213.0,20.0
D3_AB_I10,134.366678,full_confirmed_wrong_surface,192.0,212.0,20.0
D3_AB_I10,134.366678,common_confirmed_wrong_surface,193.0,213.0,20.0
D3_AB_I10,134.666656,object_nearest,10.0,13.0,3.0
D3_AB_I10,134.666656,background_nearest,42.0,39.0,-3.0
D3_AB_I10,16.6,confirmed_wrong_surface,1.0,182.0,181.0
D3_AB_I10,16.6,full_confirmed_wrong_surface,144.0,570.0,426.0
D3_AB_I10,16.6,common_confirmed_wrong_surface,144.0,570.0,426.0
D3_AB_I10,16.6,object_nearest,18.0,187.0,169.0
D3_AB_I10,16.6,background_nearest,16.0,1.0,-15.0
D3_AB_I10,17.233334,confirmed_wrong_surface,1.0,183.0,182.0
D3_AB_I10,17.233334,full_confirmed_wrong_surface,151.0,587.0,436.0
D3_AB_I10,17.233334,common_confirmed_wrong_surface,151.0,587.0,436.0
D3_AB_I10,17.233334,object_nearest,18.0,187.0,169.0
D3_AB_I10,17.233334,background_nearest,16.0,1.0,-15.0
D3_AB_I10,18.266656,confirmed_wrong_surface,1.0,183.0,182.0
D3_AB_I10,18.266656,full_confirmed_wrong_surface,151.0,587.0,436.0
D3_AB_I10,18.266656,common_confirmed_wrong_surface,151.0,587.0,436.0
D3_AB_I10,18.266656,object_nearest,18.0,187.0,169.0
D3_AB_I10,18.266656,background_nearest,16.0,1.0,-15.0
D3_AB_I10,18.7,confirmed_wrong_surface,1.0,183.0,182.0
D3_AB_I10,18.7,full_confirmed_wrong_surface,120.0,586.0,466.0
D3_AB_I10,18.7,common_confirmed_wrong_surface,120.0,586.0,466.0
D3_AB_I10,18.7,object_nearest,18.0,187.0,169.0
D3_AB_I10,18.7,background_nearest,16.0,1.0,-15.0
D3_AB_I10,19.266667,confirmed_wrong_surface,1.0,183.0,182.0
D3_AB_I10,19.266667,full_confirmed_wrong_surface,120.0,586.0,466.0
D3_AB_I10,19.266667,common_confirmed_wrong_surface,120.0,586.0,466.0
D3_AB_I10,19.266667,object_nearest,18.0,187.0,169.0
D3_AB_I10,19.266667,background_nearest,16.0,1.0,-15.0
D3_AB_I10,20.266678,confirmed_wrong_surface,1.0,183.0,182.0
D3_AB_I10,20.266678,full_confirmed_wrong_surface,120.0,586.0,466.0
D3_AB_I10,20.266678,common_confirmed_wrong_surface,120.0,586.0,466.0
D3_AB_I10,20.266678,object_nearest,18.0,187.0,169.0
D3_AB_I10,20.266678,background_nearest,16.0,1.0,-15.0
D3_AB_I10,20.833323,confirmed_wrong_surface,1.0,183.0,182.0
D3_AB_I10,20.833323,full_confirmed_wrong_surface,120.0,586.0,466.0
D3_AB_I10,20.833323,common_confirmed_wrong_surface,120.0,586.0,466.0
D3_AB_I10,20.833323,object_nearest,18.0,187.0,169.0
D3_AB_I10,20.833323,background_nearest,16.0,1.0,-15.0
D3_AB_I10,21.299989,confirmed_wrong_surface,1.0,183.0,182.0
D3_AB_I10,21.299989,full_confirmed_wrong_surface,120.0,586.0,466.0
D3_AB_I10,21.299989,common_confirmed_wrong_surface,120.0,586.0,466.0
D3_AB_I10,21.299989,object_nearest,18.0,187.0,169.0
D3_AB_I10,21.299989,background_nearest,16.0,1.0,-15.0
D3_AB_I10,22.299989,confirmed_wrong_surface,1.0,183.0,182.0
D3_AB_I10,22.299989,full_confirmed_wrong_surface,120.0,586.0,466.0
D3_AB_I10,22.299989,common_confirmed_wrong_surface,120.0,586.0,466.0
D3_AB_I10,22.299989,object_nearest,18.0,187.0,169.0
D3_AB_I10,22.299989,background_nearest,16.0,1.0,-15.0
D3_AB_I10,22.966656,confirmed_wrong_surface,1.0,183.0,182.0
D3_AB_I10,22.966656,full_confirmed_wrong_surface,120.0,586.0,466.0
D3_AB_I10,22.966656,common_confirmed_wrong_surface,120.0,586.0,466.0
D3_AB_I10,22.966656,object_nearest,21.0,187.0,166.0
D3_AB_I10,22.966656,background_nearest,16.0,1.0,-15.0
D3_AB_I10,23.299989,confirmed_wrong_surface,1.0,183.0,182.0
D3_AB_I10,23.299989,full_confirmed_wrong_surface,120.0,586.0,466.0
D3_AB_I10,23.299989,common_confirmed_wrong_surface,120.0,586.0,466.0
D3_AB_I10,23.299989,object_nearest,21.0,187.0,166.0
D3_AB_I10,23.299989,background_nearest,16.0,1.0,-15.0
D3_AB_I10,24.300011,confirmed_wrong_surface,1.0,183.0,182.0
D3_AB_I10,24.300011,full_confirmed_wrong_surface,120.0,586.0,466.0
D3_AB_I10,24.300011,common_confirmed_wrong_surface,120.0,586.0,466.0
D3_AB_I10,24.300011,object_nearest,21.0,187.0,166.0
D3_AB_I10,24.300011,background_nearest,16.0,1.0,-15.0
D3_AB_I10,25.1,confirmed_wrong_surface,1.0,183.0,182.0
D3_AB_I10,25.1,full_confirmed_wrong_surface,120.0,586.0,466.0
D3_AB_I10,25.1,common_confirmed_wrong_surface,120.0,586.0,466.0
D3_AB_I10,25.1,object_nearest,21.0,187.0,166.0
D3_AB_I10,25.1,background_nearest,16.0,1.0,-15.0
D3_AB_I10,25.333323,confirmed_wrong_surface,1.0,183.0,182.0
D3_AB_I10,25.333323,full_confirmed_wrong_surface,120.0,586.0,466.0
D3_AB_I10,25.333323,common_confirmed_wrong_surface,120.0,586.0,466.0
D3_AB_I10,25.333323,object_nearest,21.0,187.0,166.0
D3_AB_I10,25.333323,background_nearest,16.0,1.0,-15.0
D3_AB_I10,26.333323,confirmed_wrong_surface,1.0,183.0,182.0
D3_AB_I10,26.333323,full_confirmed_wrong_surface,120.0,586.0,466.0
D3_AB_I10,26.333323,common_confirmed_wrong_surface,120.0,586.0,466.0
D3_AB_I10,26.333323,object_nearest,21.0,187.0,166.0
D3_AB_I10,26.333323,background_nearest,16.0,1.0,-15.0
D3_AB_I10,27.233323,confirmed_wrong_surface,1.0,183.0,182.0
D3_AB_I10,27.233323,full_confirmed_wrong_surface,120.0,586.0,466.0
D3_AB_I10,27.233323,common_confirmed_wrong_surface,120.0,586.0,466.0
D3_AB_I10,27.233323,object_nearest,21.0,187.0,166.0
D3_AB_I10,27.233323,background_nearest,16.0,1.0,-15.0
D3_AB_I10,27.333323,confirmed_wrong_surface,1.0,183.0,182.0
D3_AB_I10,27.333323,full_confirmed_wrong_surface,120.0,586.0,466.0
D3_AB_I10,27.333323,common_confirmed_wrong_surface,120.0,586.0,466.0
D3_AB_I10,27.333323,object_nearest,21.0,187.0,166.0
D3_AB_I10,27.333323,background_nearest,16.0,1.0,-15.0
D3_AB_I10,28.333323,confirmed_wrong_surface,1.0,183.0,182.0
D3_AB_I10,28.333323,full_confirmed_wrong_surface,120.0,586.0,466.0
D3_AB_I10,28.333323,common_confirmed_wrong_surface,120.0,586.0,466.0
D3_AB_I10,28.333323,object_nearest,21.0,187.0,166.0
D3_AB_I10,28.333323,background_nearest,16.0,1.0,-15.0
D3_AB_I10,29.333323,confirmed_wrong_surface,1.0,183.0,182.0
D3_AB_I10,29.333323,full_confirmed_wrong_surface,120.0,586.0,466.0
D3_AB_I10,29.333323,common_confirmed_wrong_surface,120.0,586.0,466.0
D3_AB_I10,29.333323,object_nearest,21.0,187.0,166.0
D3_AB_I10,29.333323,background_nearest,16.0,1.0,-15.0
D3_AB_I10,29.366667,confirmed_wrong_surface,1.0,183.0,182.0
D3_AB_I10,29.366667,full_confirmed_wrong_surface,120.0,586.0,466.0
D3_AB_I10,29.366667,common_confirmed_wrong_surface,120.0,586.0,466.0
D3_AB_I10,29.366667,object_nearest,21.0,187.0,166.0
D3_AB_I10,29.366667,background_nearest,16.0,1.0,-15.0
D3_AB_I10,30.333334,confirmed_wrong_surface,1.0,183.0,182.0
D3_AB_I10,30.333334,full_confirmed_wrong_surface,120.0,586.0,466.0
D3_AB_I10,30.333334,common_confirmed_wrong_surface,120.0,586.0,466.0
D3_AB_I10,30.333334,object_nearest,21.0,187.0,166.0
D3_AB_I10,30.333334,background_nearest,16.0,1.0,-15.0
D3_AB_I10,31.366656,confirmed_wrong_surface,1.0,183.0,182.0
D3_AB_I10,31.366656,full_confirmed_wrong_surface,120.0,586.0,466.0
D3_AB_I10,31.366656,common_confirmed_wrong_surface,120.0,586.0,466.0
D3_AB_I10,31.366656,object_nearest,21.0,187.0,166.0
D3_AB_I10,31.366656,background_nearest,16.0,1.0,-15.0
D3_AB_I10,31.533323,confirmed_wrong_surface,1.0,183.0,182.0
D3_AB_I10,31.533323,full_confirmed_wrong_surface,120.0,586.0,466.0
D3_AB_I10,31.533323,common_confirmed_wrong_surface,120.0,586.0,466.0
D3_AB_I10,31.533323,object_nearest,21.0,187.0,166.0
D3_AB_I10,31.533323,background_nearest,16.0,1.0,-15.0
D3_AB_I10,32.366656,confirmed_wrong_surface,1.0,183.0,182.0
D3_AB_I10,32.366656,full_confirmed_wrong_surface,120.0,586.0,466.0
D3_AB_I10,32.366656,common_confirmed_wrong_surface,120.0,586.0,466.0
D3_AB_I10,32.366656,object_nearest,21.0,187.0,166.0
D3_AB_I10,32.366656,background_nearest,16.0,1.0,-15.0
D3_AB_I10,33.366656,confirmed_wrong_surface,1.0,183.0,182.0
D3_AB_I10,33.366656,full_confirmed_wrong_surface,120.0,586.0,466.0
D3_AB_I10,33.366656,common_confirmed_wrong_surface,120.0,586.0,466.0
D3_AB_I10,33.366656,object_nearest,21.0,187.0,166.0
D3_AB_I10,33.366656,background_nearest,16.0,1.0,-15.0
D3_AB_I10,33.600011,confirmed_wrong_surface,1.0,183.0,182.0
D3_AB_I10,33.600011,full_confirmed_wrong_surface,120.0,586.0,466.0
D3_AB_I10,33.600011,common_confirmed_wrong_surface,120.0,586.0,466.0
D3_AB_I10,33.600011,object_nearest,21.0,187.0,166.0
D3_AB_I10,33.600011,background_nearest,16.0,1.0,-15.0
D3_AB_I10,34.366689,confirmed_wrong_surface,1.0,183.0,182.0
D3_AB_I10,34.366689,full_confirmed_wrong_surface,120.0,586.0,466.0
D3_AB_I10,34.366689,common_confirmed_wrong_surface,120.0,586.0,466.0
D3_AB_I10,34.366689,object_nearest,21.0,187.0,166.0
D3_AB_I10,34.366689,background_nearest,16.0,1.0,-15.0
D3_AB_I10,35.4,confirmed_wrong_surface,1.0,183.0,182.0
D3_AB_I10,35.4,full_confirmed_wrong_surface,120.0,586.0,466.0
D3_AB_I10,35.4,common_confirmed_wrong_surface,120.0,586.0,466.0
D3_AB_I10,35.4,object_nearest,21.0,187.0,166.0
D3_AB_I10,35.4,background_nearest,16.0,1.0,-15.0
D3_AB_I10,35.733323,confirmed_wrong_surface,1.0,183.0,182.0
D3_AB_I10,35.733323,full_confirmed_wrong_surface,120.0,586.0,466.0
D3_AB_I10,35.733323,common_confirmed_wrong_surface,120.0,586.0,466.0
D3_AB_I10,35.733323,object_nearest,21.0,187.0,166.0
D3_AB_I10,35.733323,background_nearest,16.0,1.0,-15.0
D3_AB_I10,36.4,confirmed_wrong_surface,1.0,183.0,182.0
D3_AB_I10,36.4,full_confirmed_wrong_surface,120.0,586.0,466.0
D3_AB_I10,36.4,common_confirmed_wrong_surface,120.0,586.0,466.0
D3_AB_I10,36.4,object_nearest,21.0,187.0,166.0
D3_AB_I10,36.4,background_nearest,16.0,1.0,-15.0
D3_AB_I10,37.4,confirmed_wrong_surface,1.0,183.0,182.0
D3_AB_I10,37.4,full_confirmed_wrong_surface,120.0,586.0,466.0
D3_AB_I10,37.4,common_confirmed_wrong_surface,120.0,586.0,466.0
D3_AB_I10,37.4,object_nearest,21.0,187.0,166.0
D3_AB_I10,37.4,background_nearest,16.0,1.0,-15.0
D3_AB_I10,37.833323,confirmed_wrong_surface,1.0,183.0,182.0
D3_AB_I10,37.833323,full_confirmed_wrong_surface,120.0,586.0,466.0
D3_AB_I10,37.833323,common_confirmed_wrong_surface,120.0,586.0,466.0
D3_AB_I10,37.833323,object_nearest,21.0,187.0,166.0
D3_AB_I10,37.833323,background_nearest,16.0,1.0,-15.0
D3_AB_I10,38.4,confirmed_wrong_surface,1.0,183.0,182.0
D3_AB_I10,38.4,full_confirmed_wrong_surface,120.0,586.0,466.0
D3_AB_I10,38.4,common_confirmed_wrong_surface,120.0,586.0,466.0
D3_AB_I10,38.4,object_nearest,21.0,187.0,166.0
D3_AB_I10,38.4,background_nearest,16.0,1.0,-15.0
D3_AB_I10,39.4,confirmed_wrong_surface,1.0,183.0,182.0
D3_AB_I10,39.4,full_confirmed_wrong_surface,120.0,586.0,466.0
D3_AB_I10,39.4,common_confirmed_wrong_surface,120.0,586.0,466.0
D3_AB_I10,39.4,object_nearest,21.0,187.0,166.0
D3_AB_I10,39.4,background_nearest,16.0,1.0,-15.0
D3_AB_I10,39.933334,confirmed_wrong_surface,1.0,183.0,182.0
D3_AB_I10,39.933334,full_confirmed_wrong_surface,120.0,586.0,466.0
D3_AB_I10,39.933334,common_confirmed_wrong_surface,120.0,586.0,466.0
D3_AB_I10,39.933334,object_nearest,21.0,187.0,166.0
D3_AB_I10,39.933334,background_nearest,16.0,1.0,-15.0
D3_AB_I10,40.400011,confirmed_wrong_surface,1.0,183.0,182.0
D3_AB_I10,40.400011,full_confirmed_wrong_surface,120.0,586.0,466.0
D3_AB_I10,40.400011,common_confirmed_wrong_surface,120.0,586.0,466.0
D3_AB_I10,40.400011,object_nearest,21.0,187.0,166.0
D3_AB_I10,40.400011,background_nearest,16.0,1.0,-15.0
D3_AB_I10,41.400011,confirmed_wrong_surface,1.0,183.0,182.0
D3_AB_I10,41.400011,full_confirmed_wrong_surface,120.0,586.0,466.0
D3_AB_I10,41.400011,common_confirmed_wrong_surface,120.0,586.0,466.0
D3_AB_I10,41.400011,object_nearest,21.0,187.0,166.0
D3_AB_I10,41.400011,background_nearest,16.0,1.0,-15.0
D3_AB_I10,42.033345,confirmed_wrong_surface,1.0,183.0,182.0
D3_AB_I10,42.033345,full_confirmed_wrong_surface,120.0,586.0,466.0
D3_AB_I10,42.033345,common_confirmed_wrong_surface,120.0,586.0,466.0
D3_AB_I10,42.033345,object_nearest,12.0,187.0,175.0
D3_AB_I10,42.033345,background_nearest,22.0,1.0,-21.0
D3_AB_I10,42.433323,confirmed_wrong_surface,1.0,183.0,182.0
D3_AB_I10,42.433323,full_confirmed_wrong_surface,120.0,586.0,466.0
D3_AB_I10,42.433323,common_confirmed_wrong_surface,120.0,586.0,466.0
D3_AB_I10,42.433323,object_nearest,12.0,187.0,175.0
D3_AB_I10,42.433323,background_nearest,22.0,1.0,-21.0
D3_AB_I10,43.433323,confirmed_wrong_surface,1.0,183.0,182.0
D3_AB_I10,43.433323,full_confirmed_wrong_surface,120.0,586.0,466.0
D3_AB_I10,43.433323,common_confirmed_wrong_surface,120.0,586.0,466.0
D3_AB_I10,43.433323,object_nearest,12.0,187.0,175.0
D3_AB_I10,43.433323,background_nearest,22.0,1.0,-21.0
D3_AB_I10,44.166656,confirmed_wrong_surface,1.0,183.0,182.0
D3_AB_I10,44.166656,full_confirmed_wrong_surface,120.0,586.0,466.0
D3_AB_I10,44.166656,common_confirmed_wrong_surface,120.0,586.0,466.0
D3_AB_I10,44.166656,object_nearest,21.0,187.0,166.0
D3_AB_I10,44.166656,background_nearest,16.0,1.0,-15.0
D3_AB_I10,44.433323,confirmed_wrong_surface,1.0,183.0,182.0
D3_AB_I10,44.433323,full_confirmed_wrong_surface,120.0,586.0,466.0
D3_AB_I10,44.433323,common_confirmed_wrong_surface,120.0,586.0,466.0
D3_AB_I10,44.433323,object_nearest,21.0,187.0,166.0
D3_AB_I10,44.433323,background_nearest,16.0,1.0,-15.0
D3_AB_I10,45.433323,confirmed_wrong_surface,1.0,183.0,182.0
D3_AB_I10,45.433323,full_confirmed_wrong_surface,120.0,586.0,466.0
D3_AB_I10,45.433323,common_confirmed_wrong_surface,120.0,586.0,466.0
D3_AB_I10,45.433323,object_nearest,21.0,187.0,166.0
D3_AB_I10,45.433323,background_nearest,16.0,1.0,-15.0
D3_AB_I10,46.333323,confirmed_wrong_surface,1.0,183.0,182.0
D3_AB_I10,46.333323,full_confirmed_wrong_surface,120.0,586.0,466.0
D3_AB_I10,46.333323,common_confirmed_wrong_surface,120.0,586.0,466.0
D3_AB_I10,46.333323,object_nearest,18.0,187.0,169.0
D3_AB_I10,46.333323,background_nearest,17.0,1.0,-16.0
D3_AB_I10,46.433334,confirmed_wrong_surface,1.0,183.0,182.0
D3_AB_I10,46.433334,full_confirmed_wrong_surface,120.0,586.0,466.0
D3_AB_I10,46.433334,common_confirmed_wrong_surface,120.0,586.0,466.0
D3_AB_I10,46.433334,object_nearest,18.0,187.0,169.0
D3_AB_I10,46.433334,background_nearest,17.0,1.0,-16.0
D3_AB_I10,47.466667,confirmed_wrong_surface,1.0,183.0,182.0
D3_AB_I10,47.466667,full_confirmed_wrong_surface,120.0,586.0,466.0
D3_AB_I10,47.466667,common_confirmed_wrong_surface,120.0,586.0,466.0
D3_AB_I10,47.466667,object_nearest,18.0,187.0,169.0
D3_AB_I10,47.466667,background_nearest,17.0,1.0,-16.0
D3_AB_I10,48.466667,confirmed_wrong_surface,1.0,183.0,182.0
D3_AB_I10,48.466667,full_confirmed_wrong_surface,120.0,586.0,466.0
D3_AB_I10,48.466667,common_confirmed_wrong_surface,121.0,587.0,466.0
D3_AB_I10,48.466667,object_nearest,18.0,187.0,169.0
D3_AB_I10,48.466667,background_nearest,17.0,1.0,-16.0
D3_AB_I10,49.466667,confirmed_wrong_surface,1.0,183.0,182.0
D3_AB_I10,49.466667,full_confirmed_wrong_surface,120.0,586.0,466.0
D3_AB_I10,49.466667,common_confirmed_wrong_surface,121.0,587.0,466.0
D3_AB_I10,49.466667,object_nearest,18.0,187.0,169.0
D3_AB_I10,49.466667,background_nearest,17.0,1.0,-16.0
D3_AB_I10,50.466667,confirmed_wrong_surface,1.0,183.0,182.0
D3_AB_I10,50.466667,full_confirmed_wrong_surface,120.0,587.0,467.0
D3_AB_I10,50.466667,common_confirmed_wrong_surface,121.0,588.0,467.0
D3_AB_I10,50.466667,object_nearest,18.0,187.0,169.0
D3_AB_I10,50.466667,background_nearest,17.0,1.0,-16.0
D3_AB_I10,50.6,confirmed_wrong_surface,2.0,183.0,181.0
D3_AB_I10,50.6,full_confirmed_wrong_surface,123.0,587.0,464.0
D3_AB_I10,50.6,common_confirmed_wrong_surface,124.0,588.0,464.0
D3_AB_I10,50.6,object_nearest,21.0,187.0,166.0
D3_AB_I10,50.6,background_nearest,16.0,1.0,-15.0
D3_AB_I10,51.466667,confirmed_wrong_surface,2.0,183.0,181.0
D3_AB_I10,51.466667,full_confirmed_wrong_surface,123.0,598.0,475.0
D3_AB_I10,51.466667,common_confirmed_wrong_surface,124.0,599.0,475.0
D3_AB_I10,51.466667,object_nearest,21.0,187.0,166.0
D3_AB_I10,51.466667,background_nearest,16.0,1.0,-15.0
D3_AB_I10,52.466667,confirmed_wrong_surface,2.0,183.0,181.0
D3_AB_I10,52.466667,full_confirmed_wrong_surface,123.0,598.0,475.0
D3_AB_I10,52.466667,common_confirmed_wrong_surface,124.0,599.0,475.0
D3_AB_I10,52.466667,object_nearest,21.0,187.0,166.0
D3_AB_I10,52.466667,background_nearest,16.0,1.0,-15.0
D3_AB_I10,52.733334,confirmed_wrong_surface,2.0,182.0,180.0
D3_AB_I10,52.733334,full_confirmed_wrong_surface,122.0,596.0,474.0
D3_AB_I10,52.733334,common_confirmed_wrong_surface,122.0,596.0,474.0
D3_AB_I10,52.733334,object_nearest,20.0,186.0,166.0
D3_AB_I10,52.733334,background_nearest,14.0,2.0,-12.0
D3_AB_I10,53.466667,confirmed_wrong_surface,2.0,182.0,180.0
D3_AB_I10,53.466667,full_confirmed_wrong_surface,123.0,597.0,474.0
D3_AB_I10,53.466667,common_confirmed_wrong_surface,123.0,597.0,474.0
D3_AB_I10,53.466667,object_nearest,20.0,186.0,166.0
D3_AB_I10,53.466667,background_nearest,14.0,2.0,-12.0
D3_AB_I10,54.5,confirmed_wrong_surface,2.0,182.0,180.0
D3_AB_I10,54.5,full_confirmed_wrong_surface,125.0,606.0,481.0
D3_AB_I10,54.5,common_confirmed_wrong_surface,125.0,606.0,481.0
D3_AB_I10,54.5,object_nearest,20.0,186.0,166.0
D3_AB_I10,54.5,background_nearest,14.0,2.0,-12.0
D3_AB_I10,54.833345,confirmed_wrong_surface,1.0,182.0,181.0
D3_AB_I10,54.833345,full_confirmed_wrong_surface,124.0,607.0,483.0
D3_AB_I10,54.833345,common_confirmed_wrong_surface,124.0,607.0,483.0
D3_AB_I10,54.833345,object_nearest,20.0,186.0,166.0
D3_AB_I10,54.833345,background_nearest,14.0,2.0,-12.0
D3_AB_I10,55.5,confirmed_wrong_surface,1.0,185.0,184.0
D3_AB_I10,55.5,full_confirmed_wrong_surface,127.0,633.0,506.0
D3_AB_I10,55.5,common_confirmed_wrong_surface,127.0,633.0,506.0
D3_AB_I10,55.5,object_nearest,20.0,186.0,166.0
D3_AB_I10,55.5,background_nearest,14.0,2.0,-12.0
D3_AB_I10,56.5,confirmed_wrong_surface,1.0,185.0,184.0
D3_AB_I10,56.5,full_confirmed_wrong_surface,130.0,651.0,521.0
D3_AB_I10,56.5,common_confirmed_wrong_surface,130.0,651.0,521.0
D3_AB_I10,56.5,object_nearest,20.0,186.0,166.0
D3_AB_I10,56.5,background_nearest,14.0,2.0,-12.0
D3_AB_I10,57.0,confirmed_wrong_surface,3.0,185.0,182.0
D3_AB_I10,57.0,full_confirmed_wrong_surface,149.0,655.0,506.0
D3_AB_I10,57.0,common_confirmed_wrong_surface,149.0,655.0,506.0
D3_AB_I10,57.0,object_nearest,22.0,187.0,165.0
D3_AB_I10,57.0,background_nearest,15.0,1.0,-14.0
D3_AB_I10,57.5,confirmed_wrong_surface,3.0,185.0,182.0
D3_AB_I10,57.5,full_confirmed_wrong_surface,149.0,655.0,506.0
D3_AB_I10,57.5,common_confirmed_wrong_surface,149.0,655.0,506.0
D3_AB_I10,57.5,object_nearest,22.0,187.0,165.0
D3_AB_I10,57.5,background_nearest,15.0,1.0,-14.0
D3_AB_I10,58.533323,confirmed_wrong_surface,3.0,185.0,182.0
D3_AB_I10,58.533323,full_confirmed_wrong_surface,149.0,655.0,506.0
D3_AB_I10,58.533323,common_confirmed_wrong_surface,149.0,655.0,506.0
D3_AB_I10,58.533323,object_nearest,22.0,187.0,165.0
D3_AB_I10,58.533323,background_nearest,15.0,1.0,-14.0
D3_AB_I10,59.166656,confirmed_wrong_surface,3.0,185.0,182.0
D3_AB_I10,59.166656,full_confirmed_wrong_surface,157.0,654.0,497.0
D3_AB_I10,59.166656,common_confirmed_wrong_surface,157.0,654.0,497.0
D3_AB_I10,59.166656,object_nearest,22.0,186.0,164.0
D3_AB_I10,59.166656,background_nearest,15.0,2.0,-13.0
D3_AB_I10,59.533323,confirmed_wrong_surface,3.0,185.0,182.0
D3_AB_I10,59.533323,full_confirmed_wrong_surface,157.0,654.0,497.0
D3_AB_I10,59.533323,common_confirmed_wrong_surface,157.0,654.0,497.0
D3_AB_I10,59.533323,object_nearest,22.0,186.0,164.0
D3_AB_I10,59.533323,background_nearest,15.0,2.0,-13.0
D3_AB_I10,60.533334,confirmed_wrong_surface,3.0,185.0,182.0
D3_AB_I10,60.533334,full_confirmed_wrong_surface,157.0,654.0,497.0
D3_AB_I10,60.533334,common_confirmed_wrong_surface,157.0,654.0,497.0
D3_AB_I10,60.533334,object_nearest,22.0,186.0,164.0
D3_AB_I10,60.533334,background_nearest,15.0,2.0,-13.0
D3_AB_I10,61.333323,confirmed_wrong_surface,3.0,185.0,182.0
D3_AB_I10,61.333323,full_confirmed_wrong_surface,157.0,654.0,497.0
D3_AB_I10,61.333323,common_confirmed_wrong_surface,157.0,654.0,497.0
D3_AB_I10,61.333323,object_nearest,22.0,186.0,164.0
D3_AB_I10,61.333323,background_nearest,15.0,2.0,-13.0
D3_AB_I10,61.566656,confirmed_wrong_surface,3.0,185.0,182.0
D3_AB_I10,61.566656,full_confirmed_wrong_surface,157.0,654.0,497.0
D3_AB_I10,61.566656,common_confirmed_wrong_surface,157.0,654.0,497.0
D3_AB_I10,61.566656,object_nearest,22.0,186.0,164.0
D3_AB_I10,61.566656,background_nearest,15.0,2.0,-13.0
D3_AB_I10,62.566667,confirmed_wrong_surface,3.0,185.0,182.0
D3_AB_I10,62.566667,full_confirmed_wrong_surface,157.0,654.0,497.0
D3_AB_I10,62.566667,common_confirmed_wrong_surface,157.0,654.0,497.0
D3_AB_I10,62.566667,object_nearest,22.0,186.0,164.0
D3_AB_I10,62.566667,background_nearest,15.0,2.0,-13.0
D3_AB_I10,63.433334,confirmed_wrong_surface,3.0,185.0,182.0
D3_AB_I10,63.433334,full_confirmed_wrong_surface,157.0,654.0,497.0
D3_AB_I10,63.433334,common_confirmed_wrong_surface,157.0,654.0,497.0
D3_AB_I10,63.433334,object_nearest,22.0,186.0,164.0
D3_AB_I10,63.433334,background_nearest,15.0,2.0,-13.0
D3_AB_I10,63.6,confirmed_wrong_surface,3.0,185.0,182.0
D3_AB_I10,63.6,full_confirmed_wrong_surface,157.0,654.0,497.0
D3_AB_I10,63.6,common_confirmed_wrong_surface,157.0,654.0,497.0
D3_AB_I10,63.6,object_nearest,22.0,186.0,164.0
D3_AB_I10,63.6,background_nearest,15.0,2.0,-13.0
D3_AB_I10,64.633334,confirmed_wrong_surface,3.0,185.0,182.0
D3_AB_I10,64.633334,full_confirmed_wrong_surface,159.0,656.0,497.0
D3_AB_I10,64.633334,common_confirmed_wrong_surface,159.0,656.0,497.0
D3_AB_I10,64.633334,object_nearest,22.0,186.0,164.0
D3_AB_I10,64.633334,background_nearest,15.0,2.0,-13.0
D3_AB_I10,65.500011,confirmed_wrong_surface,3.0,185.0,182.0
D3_AB_I10,65.500011,full_confirmed_wrong_surface,159.0,656.0,497.0
D3_AB_I10,65.500011,common_confirmed_wrong_surface,159.0,656.0,497.0
D3_AB_I10,65.500011,object_nearest,22.0,186.0,164.0
D3_AB_I10,65.500011,background_nearest,15.0,2.0,-13.0
D3_AB_I10,65.633334,confirmed_wrong_surface,3.0,185.0,182.0
D3_AB_I10,65.633334,full_confirmed_wrong_surface,159.0,656.0,497.0
D3_AB_I10,65.633334,common_confirmed_wrong_surface,159.0,656.0,497.0
D3_AB_I10,65.633334,object_nearest,22.0,186.0,164.0
D3_AB_I10,65.633334,background_nearest,15.0,2.0,-13.0
D3_AB_I10,66.633334,confirmed_wrong_surface,3.0,185.0,182.0
D3_AB_I10,66.633334,full_confirmed_wrong_surface,159.0,656.0,497.0
D3_AB_I10,66.633334,common_confirmed_wrong_surface,159.0,656.0,497.0
D3_AB_I10,66.633334,object_nearest,22.0,186.0,164.0
D3_AB_I10,66.633334,background_nearest,15.0,2.0,-13.0
D3_AB_I10,67.633334,confirmed_wrong_surface,4.0,186.0,182.0
D3_AB_I10,67.633334,full_confirmed_wrong_surface,179.0,678.0,499.0
D3_AB_I10,67.633334,common_confirmed_wrong_surface,179.0,678.0,499.0
D3_AB_I10,67.633334,object_nearest,22.0,186.0,164.0
D3_AB_I10,67.633334,background_nearest,15.0,2.0,-13.0
D3_AB_I10,67.666656,confirmed_wrong_surface,6.0,4.0,-2.0
D3_AB_I10,67.666656,full_confirmed_wrong_surface,173.0,192.0,19.0
D3_AB_I10,67.666656,common_confirmed_wrong_surface,173.0,192.0,19.0
D3_AB_I10,67.666656,object_nearest,27.0,22.0,-5.0
D3_AB_I10,67.666656,background_nearest,10.0,15.0,5.0
D3_AB_I10,68.666667,confirmed_wrong_surface,7.0,6.0,-1.0
D3_AB_I10,68.666667,full_confirmed_wrong_surface,185.0,206.0,21.0
D3_AB_I10,68.666667,common_confirmed_wrong_surface,185.0,206.0,21.0
D3_AB_I10,68.666667,object_nearest,27.0,22.0,-5.0
D3_AB_I10,68.666667,background_nearest,10.0,15.0,5.0
D3_AB_I10,69.666667,confirmed_wrong_surface,15.0,14.0,-1.0
D3_AB_I10,69.666667,full_confirmed_wrong_surface,212.0,233.0,21.0
D3_AB_I10,69.666667,common_confirmed_wrong_surface,213.0,234.0,21.0
D3_AB_I10,69.666667,object_nearest,27.0,22.0,-5.0
D3_AB_I10,69.666667,background_nearest,10.0,15.0,5.0
D3_AB_I10,69.833323,confirmed_wrong_surface,14.0,187.0,173.0
D3_AB_I10,69.833323,full_confirmed_wrong_surface,185.0,665.0,480.0
D3_AB_I10,69.833323,common_confirmed_wrong_surface,187.0,667.0,480.0
D3_AB_I10,69.833323,object_nearest,25.0,186.0,161.0
D3_AB_I10,69.833323,background_nearest,19.0,2.0,-17.0
D3_AB_I10,70.666667,confirmed_wrong_surface,15.0,187.0,172.0
D3_AB_I10,70.666667,full_confirmed_wrong_surface,203.0,683.0,480.0
D3_AB_I10,70.666667,common_confirmed_wrong_surface,205.0,685.0,480.0
D3_AB_I10,70.666667,object_nearest,25.0,186.0,161.0
D3_AB_I10,70.666667,background_nearest,19.0,2.0,-17.0
D3_AB_I10,71.666667,confirmed_wrong_surface,15.0,187.0,172.0
D3_AB_I10,71.666667,full_confirmed_wrong_surface,205.0,685.0,480.0
D3_AB_I10,71.666667,common_confirmed_wrong_surface,207.0,687.0,480.0
D3_AB_I10,71.666667,object_nearest,25.0,186.0,161.0
D3_AB_I10,71.666667,background_nearest,19.0,2.0,-17.0
D3_AB_I10,71.966667,confirmed_wrong_surface,14.0,186.0,172.0
D3_AB_I10,71.966667,full_confirmed_wrong_surface,198.0,677.0,479.0
D3_AB_I10,71.966667,common_confirmed_wrong_surface,200.0,679.0,479.0
D3_AB_I10,71.966667,object_nearest,25.0,186.0,161.0
D3_AB_I10,71.966667,background_nearest,22.0,1.0,-21.0
D3_AB_I10,72.666667,confirmed_wrong_surface,19.0,186.0,167.0
D3_AB_I10,72.666667,full_confirmed_wrong_surface,207.0,677.0,470.0
D3_AB_I10,72.666667,common_confirmed_wrong_surface,209.0,679.0,470.0
D3_AB_I10,72.666667,object_nearest,25.0,186.0,161.0
D3_AB_I10,72.666667,background_nearest,22.0,1.0,-21.0
D3_AB_I10,73.666667,confirmed_wrong_surface,19.0,186.0,167.0
D3_AB_I10,73.666667,full_confirmed_wrong_surface,207.0,677.0,470.0
D3_AB_I10,73.666667,common_confirmed_wrong_surface,209.0,679.0,470.0
D3_AB_I10,73.666667,object_nearest,25.0,186.0,161.0
D3_AB_I10,73.666667,background_nearest,22.0,1.0,-21.0
D3_AB_I10,74.1,confirmed_wrong_surface,19.0,186.0,167.0
D3_AB_I10,74.1,full_confirmed_wrong_surface,196.0,666.0,470.0
D3_AB_I10,74.1,common_confirmed_wrong_surface,197.0,667.0,470.0
D3_AB_I10,74.1,object_nearest,25.0,186.0,161.0
D3_AB_I10,74.1,background_nearest,20.0,1.0,-19.0
D3_AB_I10,74.666667,confirmed_wrong_surface,19.0,186.0,167.0
D3_AB_I10,74.666667,full_confirmed_wrong_surface,196.0,666.0,470.0
D3_AB_I10,74.666667,common_confirmed_wrong_surface,197.0,667.0,470.0
D3_AB_I10,74.666667,object_nearest,25.0,186.0,161.0
D3_AB_I10,74.666667,background_nearest,20.0,1.0,-19.0
D3_AB_I10,75.7,confirmed_wrong_surface,19.0,186.0,167.0
D3_AB_I10,75.7,full_confirmed_wrong_surface,196.0,666.0,470.0
D3_AB_I10,75.7,common_confirmed_wrong_surface,197.0,667.0,470.0
D3_AB_I10,75.7,object_nearest,25.0,186.0,161.0
D3_AB_I10,75.7,background_nearest,20.0,1.0,-19.0
D3_AB_I10,76.233323,confirmed_wrong_surface,20.0,187.0,167.0
D3_AB_I10,76.233323,full_confirmed_wrong_surface,199.0,669.0,470.0
D3_AB_I10,76.233323,common_confirmed_wrong_surface,200.0,670.0,470.0
D3_AB_I10,76.233323,object_nearest,25.0,186.0,161.0
D3_AB_I10,76.233323,background_nearest,21.0,2.0,-19.0
D3_AB_I10,76.733323,confirmed_wrong_surface,20.0,187.0,167.0
D3_AB_I10,76.733323,full_confirmed_wrong_surface,199.0,669.0,470.0
D3_AB_I10,76.733323,common_confirmed_wrong_surface,200.0,670.0,470.0
D3_AB_I10,76.733323,object_nearest,25.0,186.0,161.0
D3_AB_I10,76.733323,background_nearest,21.0,2.0,-19.0
D3_AB_I10,77.733334,confirmed_wrong_surface,20.0,187.0,167.0
D3_AB_I10,77.733334,full_confirmed_wrong_surface,199.0,669.0,470.0
D3_AB_I10,77.733334,common_confirmed_wrong_surface,200.0,670.0,470.0
D3_AB_I10,77.733334,object_nearest,25.0,186.0,161.0
D3_AB_I10,77.733334,background_nearest,21.0,2.0,-19.0
D3_AB_I10,78.333345,confirmed_wrong_surface,20.0,187.0,167.0
D3_AB_I10,78.333345,full_confirmed_wrong_surface,195.0,665.0,470.0
D3_AB_I10,78.333345,common_confirmed_wrong_surface,196.0,666.0,470.0
D3_AB_I10,78.333345,object_nearest,25.0,186.0,161.0
D3_AB_I10,78.333345,background_nearest,21.0,2.0,-19.0
D3_AB_I10,78.766656,confirmed_wrong_surface,20.0,187.0,167.0
D3_AB_I10,78.766656,full_confirmed_wrong_surface,195.0,665.0,470.0
D3_AB_I10,78.766656,common_confirmed_wrong_surface,196.0,666.0,470.0
D3_AB_I10,78.766656,object_nearest,25.0,186.0,161.0
D3_AB_I10,78.766656,background_nearest,21.0,2.0,-19.0
D3_AB_I10,79.766667,confirmed_wrong_surface,20.0,187.0,167.0
D3_AB_I10,79.766667,full_confirmed_wrong_surface,195.0,665.0,470.0
D3_AB_I10,79.766667,common_confirmed_wrong_surface,196.0,666.0,470.0
D3_AB_I10,79.766667,object_nearest,25.0,186.0,161.0
D3_AB_I10,79.766667,background_nearest,21.0,2.0,-19.0
D3_AB_I10,80.466667,confirmed_wrong_surface,20.0,185.0,165.0
D3_AB_I10,80.466667,full_confirmed_wrong_surface,195.0,663.0,468.0
D3_AB_I10,80.466667,common_confirmed_wrong_surface,196.0,664.0,468.0
D3_AB_I10,80.466667,object_nearest,45.0,186.0,141.0
D3_AB_I10,80.466667,background_nearest,13.0,2.0,-11.0
D3_AB_I10,80.8,confirmed_wrong_surface,20.0,185.0,165.0
D3_AB_I10,80.8,full_confirmed_wrong_surface,195.0,663.0,468.0
D3_AB_I10,80.8,common_confirmed_wrong_surface,196.0,664.0,468.0
D3_AB_I10,80.8,object_nearest,45.0,186.0,141.0
D3_AB_I10,80.8,background_nearest,13.0,2.0,-11.0
D3_AB_I10,81.8,confirmed_wrong_surface,20.0,185.0,165.0
D3_AB_I10,81.8,full_confirmed_wrong_surface,195.0,663.0,468.0
D3_AB_I10,81.8,common_confirmed_wrong_surface,196.0,664.0,468.0
D3_AB_I10,81.8,object_nearest,45.0,186.0,141.0
D3_AB_I10,81.8,background_nearest,13.0,2.0,-11.0
D3_AB_I10,82.6,confirmed_wrong_surface,20.0,185.0,165.0
D3_AB_I10,82.6,full_confirmed_wrong_surface,199.0,667.0,468.0
D3_AB_I10,82.6,common_confirmed_wrong_surface,200.0,668.0,468.0
D3_AB_I10,82.6,object_nearest,46.0,186.0,140.0
D3_AB_I10,82.6,background_nearest,12.0,2.0,-10.0
D3_AB_I10,82.8,confirmed_wrong_surface,24.0,186.0,162.0
D3_AB_I10,82.8,full_confirmed_wrong_surface,206.0,669.0,463.0
D3_AB_I10,82.8,common_confirmed_wrong_surface,207.0,670.0,463.0
D3_AB_I10,82.8,object_nearest,46.0,186.0,140.0
D3_AB_I10,82.8,background_nearest,12.0,2.0,-10.0
D3_AB_I10,83.833334,confirmed_wrong_surface,25.0,186.0,161.0
D3_AB_I10,83.833334,full_confirmed_wrong_surface,207.0,670.0,463.0
D3_AB_I10,83.833334,common_confirmed_wrong_surface,208.0,671.0,463.0
D3_AB_I10,83.833334,object_nearest,46.0,186.0,140.0
D3_AB_I10,83.833334,background_nearest,12.0,2.0,-10.0
D3_AB_I10,84.700011,confirmed_wrong_surface,29.0,186.0,157.0
D3_AB_I10,84.700011,full_confirmed_wrong_surface,212.0,669.0,457.0
D3_AB_I10,84.700011,common_confirmed_wrong_surface,213.0,670.0,457.0
D3_AB_I10,84.700011,object_nearest,41.0,186.0,145.0
D3_AB_I10,84.700011,background_nearest,17.0,2.0,-15.0
D3_AB_I10,84.833334,confirmed_wrong_surface,29.0,186.0,157.0
D3_AB_I10,84.833334,full_confirmed_wrong_surface,212.0,669.0,457.0
D3_AB_I10,84.833334,common_confirmed_wrong_surface,213.0,670.0,457.0
D3_AB_I10,84.833334,object_nearest,41.0,186.0,145.0
D3_AB_I10,84.833334,background_nearest,17.0,2.0,-15.0
D3_AB_I10,85.833334,confirmed_wrong_surface,29.0,186.0,157.0
D3_AB_I10,85.833334,full_confirmed_wrong_surface,212.0,669.0,457.0
D3_AB_I10,85.833334,common_confirmed_wrong_surface,213.0,670.0,457.0
D3_AB_I10,85.833334,object_nearest,41.0,186.0,145.0
D3_AB_I10,85.833334,background_nearest,17.0,2.0,-15.0
D3_AB_I10,86.8,confirmed_wrong_surface,29.0,186.0,157.0
D3_AB_I10,86.8,full_confirmed_wrong_surface,212.0,669.0,457.0
D3_AB_I10,86.8,common_confirmed_wrong_surface,213.0,670.0,457.0
D3_AB_I10,86.8,object_nearest,41.0,186.0,145.0
D3_AB_I10,86.8,background_nearest,17.0,2.0,-15.0
D3_AB_I10,86.833334,confirmed_wrong_surface,29.0,186.0,157.0
D3_AB_I10,86.833334,full_confirmed_wrong_surface,212.0,669.0,457.0
D3_AB_I10,86.833334,common_confirmed_wrong_surface,213.0,670.0,457.0
D3_AB_I10,86.833334,object_nearest,41.0,186.0,145.0
D3_AB_I10,86.833334,background_nearest,17.0,2.0,-15.0
D3_AB_I10,87.833334,confirmed_wrong_surface,29.0,186.0,157.0
D3_AB_I10,87.833334,full_confirmed_wrong_surface,212.0,669.0,457.0
D3_AB_I10,87.833334,common_confirmed_wrong_surface,213.0,670.0,457.0
D3_AB_I10,87.833334,object_nearest,41.0,186.0,145.0
D3_AB_I10,87.833334,background_nearest,17.0,2.0,-15.0
D3_AB_I10,88.866667,confirmed_wrong_surface,29.0,186.0,157.0
D3_AB_I10,88.866667,full_confirmed_wrong_surface,212.0,669.0,457.0
D3_AB_I10,88.866667,common_confirmed_wrong_surface,213.0,670.0,457.0
D3_AB_I10,88.866667,object_nearest,41.0,186.0,145.0
D3_AB_I10,88.866667,background_nearest,17.0,2.0,-15.0
D3_AB_I10,88.966667,confirmed_wrong_surface,35.0,187.0,152.0
D3_AB_I10,88.966667,full_confirmed_wrong_surface,218.0,670.0,452.0
D3_AB_I10,88.966667,common_confirmed_wrong_surface,219.0,671.0,452.0
D3_AB_I10,88.966667,object_nearest,45.0,186.0,141.0
D3_AB_I10,88.966667,background_nearest,13.0,2.0,-11.0
D3_AB_I10,89.866667,confirmed_wrong_surface,35.0,187.0,152.0
D3_AB_I10,89.866667,full_confirmed_wrong_surface,218.0,670.0,452.0
D3_AB_I10,89.866667,common_confirmed_wrong_surface,219.0,671.0,452.0
D3_AB_I10,89.866667,object_nearest,45.0,186.0,141.0
D3_AB_I10,89.866667,background_nearest,13.0,2.0,-11.0
D3_AB_I10,90.866667,confirmed_wrong_surface,35.0,187.0,152.0
D3_AB_I10,90.866667,full_confirmed_wrong_surface,218.0,670.0,452.0
D3_AB_I10,90.866667,common_confirmed_wrong_surface,219.0,671.0,452.0
D3_AB_I10,90.866667,object_nearest,45.0,186.0,141.0
D3_AB_I10,90.866667,background_nearest,13.0,2.0,-11.0
D3_AB_I10,91.099989,confirmed_wrong_surface,35.0,187.0,152.0
D3_AB_I10,91.099989,full_confirmed_wrong_surface,218.0,670.0,452.0
D3_AB_I10,91.099989,common_confirmed_wrong_surface,219.0,671.0,452.0
D3_AB_I10,91.099989,object_nearest,45.0,186.0,141.0
D3_AB_I10,91.099989,background_nearest,13.0,2.0,-11.0
D3_AB_I10,91.866667,confirmed_wrong_surface,35.0,187.0,152.0
D3_AB_I10,91.866667,full_confirmed_wrong_surface,218.0,670.0,452.0
D3_AB_I10,91.866667,common_confirmed_wrong_surface,219.0,671.0,452.0
D3_AB_I10,91.866667,object_nearest,45.0,186.0,141.0
D3_AB_I10,91.866667,background_nearest,13.0,2.0,-11.0
D3_AB_I10,92.899989,confirmed_wrong_surface,35.0,187.0,152.0
D3_AB_I10,92.899989,full_confirmed_wrong_surface,218.0,670.0,452.0
D3_AB_I10,92.899989,common_confirmed_wrong_surface,219.0,671.0,452.0
D3_AB_I10,92.899989,object_nearest,45.0,186.0,141.0
D3_AB_I10,92.899989,background_nearest,13.0,2.0,-11.0
D3_AB_I10,93.233323,confirmed_wrong_surface,35.0,187.0,152.0
D3_AB_I10,93.233323,full_confirmed_wrong_surface,218.0,670.0,452.0
D3_AB_I10,93.233323,common_confirmed_wrong_surface,219.0,671.0,452.0
D3_AB_I10,93.233323,object_nearest,45.0,186.0,141.0
D3_AB_I10,93.233323,background_nearest,13.0,2.0,-11.0
D3_AB_I10,93.899989,confirmed_wrong_surface,35.0,187.0,152.0
D3_AB_I10,93.899989,full_confirmed_wrong_surface,218.0,670.0,452.0
D3_AB_I10,93.899989,common_confirmed_wrong_surface,219.0,671.0,452.0
D3_AB_I10,93.899989,object_nearest,45.0,186.0,141.0
D3_AB_I10,93.899989,background_nearest,13.0,2.0,-11.0
D3_AB_I10,94.9,confirmed_wrong_surface,35.0,187.0,152.0
D3_AB_I10,94.9,full_confirmed_wrong_surface,218.0,670.0,452.0
D3_AB_I10,94.9,common_confirmed_wrong_surface,219.0,671.0,452.0
D3_AB_I10,94.9,object_nearest,45.0,186.0,141.0
D3_AB_I10,94.9,background_nearest,13.0,2.0,-11.0
D3_AB_I10,95.333323,confirmed_wrong_surface,35.0,187.0,152.0
D3_AB_I10,95.333323,full_confirmed_wrong_surface,218.0,670.0,452.0
D3_AB_I10,95.333323,common_confirmed_wrong_surface,219.0,671.0,452.0
D3_AB_I10,95.333323,object_nearest,45.0,186.0,141.0
D3_AB_I10,95.333323,background_nearest,13.0,2.0,-11.0
D3_AB_I10,95.9,confirmed_wrong_surface,35.0,187.0,152.0
D3_AB_I10,95.9,full_confirmed_wrong_surface,218.0,670.0,452.0
D3_AB_I10,95.9,common_confirmed_wrong_surface,219.0,671.0,452.0
D3_AB_I10,95.9,object_nearest,45.0,186.0,141.0
D3_AB_I10,95.9,background_nearest,13.0,2.0,-11.0
D3_AB_I10,96.933323,confirmed_wrong_surface,35.0,187.0,152.0
D3_AB_I10,96.933323,full_confirmed_wrong_surface,218.0,670.0,452.0
D3_AB_I10,96.933323,common_confirmed_wrong_surface,219.0,671.0,452.0
D3_AB_I10,96.933323,object_nearest,45.0,186.0,141.0
D3_AB_I10,96.933323,background_nearest,13.0,2.0,-11.0
D3_AB_I10,97.5,confirmed_wrong_surface,35.0,187.0,152.0
D3_AB_I10,97.5,full_confirmed_wrong_surface,218.0,670.0,452.0
D3_AB_I10,97.5,common_confirmed_wrong_surface,219.0,671.0,452.0
D3_AB_I10,97.5,object_nearest,45.0,186.0,141.0
D3_AB_I10,97.5,background_nearest,13.0,2.0,-11.0
D3_AB_I10,97.933334,confirmed_wrong_surface,35.0,187.0,152.0
D3_AB_I10,97.933334,full_confirmed_wrong_surface,218.0,670.0,452.0
D3_AB_I10,97.933334,common_confirmed_wrong_surface,219.0,671.0,452.0
D3_AB_I10,97.933334,object_nearest,45.0,186.0,141.0
D3_AB_I10,97.933334,background_nearest,13.0,2.0,-11.0
D3_AB_I10,98.933334,confirmed_wrong_surface,35.0,187.0,152.0
D3_AB_I10,98.933334,full_confirmed_wrong_surface,218.0,670.0,452.0
D3_AB_I10,98.933334,common_confirmed_wrong_surface,219.0,671.0,452.0
D3_AB_I10,98.933334,object_nearest,45.0,186.0,141.0
D3_AB_I10,98.933334,background_nearest,13.0,2.0,-11.0
D3_AB_I10,99.666656,confirmed_wrong_surface,35.0,187.0,152.0
D3_AB_I10,99.666656,full_confirmed_wrong_surface,218.0,670.0,452.0
D3_AB_I10,99.666656,common_confirmed_wrong_surface,219.0,671.0,452.0
D3_AB_I10,99.666656,object_nearest,45.0,186.0,141.0
D3_AB_I10,99.666656,background_nearest,13.0,2.0,-11.0
D3_AB_I10,99.966656,confirmed_wrong_surface,35.0,187.0,152.0
D3_AB_I10,99.966656,full_confirmed_wrong_surface,218.0,670.0,452.0
D3_AB_I10,99.966656,common_confirmed_wrong_surface,219.0,671.0,452.0
D3_AB_I10,99.966656,object_nearest,45.0,186.0,141.0
D3_AB_I10,99.966656,background_nearest,13.0,2.0,-11.0
D3_AB_I18,124.233323,full_confirmed_wrong_surface,66.0,2.0,-64.0
D3_AB_I18,124.233323,common_confirmed_wrong_surface,66.0,2.0,-64.0
D3_AB_I18,125.233356,full_confirmed_wrong_surface,66.0,73.0,7.0
D3_AB_I18,125.233356,common_confirmed_wrong_surface,66.0,73.0,7.0
D3_AB_I18,126.266667,full_confirmed_wrong_surface,66.0,73.0,7.0
D3_AB_I18,126.266667,common_confirmed_wrong_surface,66.0,73.0,7.0
D3_AB_I18,92.899989,confirmed_wrong_surface,0.0,324.0,324.0
D3_AB_I18,92.899989,full_confirmed_wrong_surface,0.0,324.0,324.0
D3_AB_I18,92.899989,common_confirmed_wrong_surface,0.0,324.0,324.0
D3_AB_I18,92.899989,object_nearest,0.0,331.0,331.0
D3_AB_I18,92.899989,background_nearest,84.0,9.0,-75.0
D3_AB_I19,92.899989,full_confirmed_wrong_surface,80.0,150.0,70.0
D3_AB_I19,92.899989,common_confirmed_wrong_surface,80.0,150.0,70.0
D3_AB_I2,104.0,confirmed_wrong_surface,96.0,81.0,-15.0
D3_AB_I2,104.0,full_confirmed_wrong_surface,302.0,264.0,-38.0
D3_AB_I2,104.0,common_confirmed_wrong_surface,304.0,264.0,-40.0
D3_AB_I2,104.0,object_nearest,79.0,53.0,-26.0
D3_AB_I2,104.0,background_nearest,42.0,53.0,11.0
D3_AB_I2,120.166667,confirmed_wrong_surface,96.0,102.0,6.0
D3_AB_I2,120.166667,full_confirmed_wrong_surface,302.0,308.0,6.0
D3_AB_I2,120.166667,common_confirmed_wrong_surface,304.0,310.0,6.0
D3_AB_I2,120.166667,object_nearest,79.0,78.0,-1.0
D3_AB_I2,120.166667,background_nearest,42.0,48.0,6.0
D3_AB_I2,122.2,full_confirmed_wrong_surface,301.0,302.0,1.0
D3_AB_I2,122.2,common_confirmed_wrong_surface,303.0,304.0,1.0
D3_AB_I2,123.2,confirmed_wrong_surface,102.0,103.0,1.0
D3_AB_I2,123.2,full_confirmed_wrong_surface,302.0,305.0,3.0
D3_AB_I2,123.2,common_confirmed_wrong_surface,304.0,307.0,3.0
D3_AB_I2,123.2,object_nearest,78.0,76.0,-2.0
D3_AB_I2,123.2,background_nearest,48.0,49.0,1.0
D3_AB_I2,124.233323,confirmed_wrong_surface,101.0,103.0,2.0
D3_AB_I2,124.233323,full_confirmed_wrong_surface,304.0,308.0,4.0
D3_AB_I2,124.233323,common_confirmed_wrong_surface,306.0,310.0,4.0
D3_AB_I2,124.233323,object_nearest,78.0,76.0,-2.0
D3_AB_I2,124.233323,background_nearest,47.0,49.0,2.0
D3_AB_I2,125.233356,confirmed_wrong_surface,100.0,99.0,-1.0
D3_AB_I2,125.233356,full_confirmed_wrong_surface,300.0,298.0,-2.0
D3_AB_I2,125.233356,common_confirmed_wrong_surface,302.0,300.0,-2.0
D3_AB_I2,125.233356,background_nearest,47.0,46.0,-1.0
D3_AB_I2,126.266667,confirmed_wrong_surface,100.0,99.0,-1.0
D3_AB_I2,126.266667,full_confirmed_wrong_surface,301.0,299.0,-2.0
D3_AB_I2,126.266667,common_confirmed_wrong_surface,303.0,301.0,-2.0
D3_AB_I2,126.266667,background_nearest,47.0,46.0,-1.0
D3_AB_I2,127.266667,full_confirmed_wrong_surface,301.0,299.0,-2.0
D3_AB_I2,127.266667,common_confirmed_wrong_surface,303.0,301.0,-2.0
D3_AB_I2,130.333334,confirmed_wrong_surface,97.0,99.0,2.0
D3_AB_I2,130.333334,full_confirmed_wrong_surface,297.0,302.0,5.0
D3_AB_I2,130.333334,common_confirmed_wrong_surface,299.0,304.0,5.0
D3_AB_I2,131.333345,confirmed_wrong_surface,95.0,97.0,2.0
D3_AB_I2,131.333345,full_confirmed_wrong_surface,287.0,291.0,4.0
D3_AB_I2,131.333345,common_confirmed_wrong_surface,289.0,293.0,4.0
D3_AB_I2,131.5,confirmed_wrong_surface,96.0,97.0,1.0
D3_AB_I2,131.5,full_confirmed_wrong_surface,289.0,291.0,2.0
D3_AB_I2,131.5,common_confirmed_wrong_surface,291.0,293.0,2.0
D3_AB_I2,131.5,object_nearest,79.0,77.0,-2.0
D3_AB_I2,131.5,background_nearest,45.0,47.0,2.0
D3_AB_I2,132.366656,confirmed_wrong_surface,96.0,97.0,1.0
D3_AB_I2,132.366656,full_confirmed_wrong_surface,291.0,293.0,2.0
D3_AB_I2,132.366656,common_confirmed_wrong_surface,293.0,295.0,2.0
D3_AB_I2,132.366656,object_nearest,79.0,77.0,-2.0
D3_AB_I2,132.366656,background_nearest,45.0,47.0,2.0
D3_AB_I2,133.366667,confirmed_wrong_surface,96.0,97.0,1.0
D3_AB_I2,133.366667,full_confirmed_wrong_surface,291.0,293.0,2.0
D3_AB_I2,133.366667,common_confirmed_wrong_surface,293.0,295.0,2.0
D3_AB_I2,133.366667,object_nearest,79.0,77.0,-2.0
D3_AB_I2,133.366667,background_nearest,45.0,47.0,2.0
D3_AB_I2,134.366678,confirmed_wrong_surface,95.0,96.0,1.0
D3_AB_I2,134.366678,full_confirmed_wrong_surface,285.0,287.0,2.0
D3_AB_I2,134.366678,common_confirmed_wrong_surface,287.0,289.0,2.0
D3_AB_I2,134.366678,object_nearest,80.0,77.0,-3.0
D3_AB_I2,134.366678,background_nearest,41.0,47.0,6.0
D3_AB_I2,134.666656,object_nearest,30.0,29.0,-1.0
D3_AB_I2,134.666656,background_nearest,56.0,57.0,1.0
D3_AB_I2,16.6,full_confirmed_wrong_surface,724.0,723.0,-1.0
D3_AB_I2,16.6,common_confirmed_wrong_surface,724.0,723.0,-1.0
D3_AB_I2,17.233334,full_confirmed_wrong_surface,729.0,728.0,-1.0
D3_AB_I2,17.233334,common_confirmed_wrong_surface,729.0,728.0,-1.0
D3_AB_I2,18.266656,full_confirmed_wrong_surface,755.0,754.0,-1.0
D3_AB_I2,18.266656,common_confirmed_wrong_surface,755.0,754.0,-1.0
D3_AB_I2,18.7,confirmed_wrong_surface,247.0,246.0,-1.0
D3_AB_I2,18.7,full_confirmed_wrong_surface,486.0,485.0,-1.0
D3_AB_I2,18.7,common_confirmed_wrong_surface,486.0,485.0,-1.0
D3_AB_I2,18.7,object_nearest,260.0,284.0,24.0
D3_AB_I2,18.7,background_nearest,42.0,21.0,-21.0
D3_AB_I2,19.266667,confirmed_wrong_surface,248.0,247.0,-1.0
D3_AB_I2,19.266667,full_confirmed_wrong_surface,497.0,496.0,-1.0
D3_AB_I2,19.266667,common_confirmed_wrong_surface,497.0,496.0,-1.0
D3_AB_I2,19.266667,object_nearest,260.0,284.0,24.0
D3_AB_I2,19.266667,background_nearest,42.0,21.0,-21.0
D3_AB_I2,20.266678,confirmed_wrong_surface,251.0,250.0,-1.0
D3_AB_I2,20.266678,full_confirmed_wrong_surface,504.0,503.0,-1.0
D3_AB_I2,20.266678,common_confirmed_wrong_surface,504.0,503.0,-1.0
D3_AB_I2,20.266678,object_nearest,260.0,284.0,24.0
D3_AB_I2,20.266678,background_nearest,42.0,21.0,-21.0
D3_AB_I2,20.833323,confirmed_wrong_surface,6.0,249.0,243.0
D3_AB_I2,20.833323,full_confirmed_wrong_surface,8.0,497.0,489.0
D3_AB_I2,20.833323,common_confirmed_wrong_surface,8.0,497.0,489.0
D3_AB_I2,20.833323,object_nearest,56.0,283.0,227.0
D3_AB_I2,20.833323,background_nearest,43.0,25.0,-18.0
D3_AB_I2,21.299989,confirmed_wrong_surface,6.0,249.0,243.0
D3_AB_I2,21.299989,full_confirmed_wrong_surface,8.0,497.0,489.0
D3_AB_I2,21.299989,common_confirmed_wrong_surface,8.0,497.0,489.0
D3_AB_I2,21.299989,object_nearest,56.0,283.0,227.0
D3_AB_I2,21.299989,background_nearest,43.0,25.0,-18.0
D3_AB_I2,22.299989,confirmed_wrong_surface,6.0,249.0,243.0
D3_AB_I2,22.299989,full_confirmed_wrong_surface,8.0,497.0,489.0
D3_AB_I2,22.299989,common_confirmed_wrong_surface,8.0,497.0,489.0
D3_AB_I2,22.299989,object_nearest,56.0,283.0,227.0
D3_AB_I2,22.299989,background_nearest,43.0,25.0,-18.0
D3_AB_I2,22.966656,confirmed_wrong_surface,6.0,249.0,243.0
D3_AB_I2,22.966656,full_confirmed_wrong_surface,8.0,497.0,489.0
D3_AB_I2,22.966656,common_confirmed_wrong_surface,8.0,497.0,489.0
D3_AB_I2,22.966656,object_nearest,56.0,283.0,227.0
D3_AB_I2,22.966656,background_nearest,43.0,25.0,-18.0
D3_AB_I2,23.299989,confirmed_wrong_surface,6.0,249.0,243.0
D3_AB_I2,23.299989,full_confirmed_wrong_surface,8.0,497.0,489.0
D3_AB_I2,23.299989,common_confirmed_wrong_surface,8.0,497.0,489.0
D3_AB_I2,23.299989,object_nearest,56.0,283.0,227.0
D3_AB_I2,23.299989,background_nearest,43.0,25.0,-18.0
D3_AB_I2,24.300011,confirmed_wrong_surface,6.0,249.0,243.0
D3_AB_I2,24.300011,full_confirmed_wrong_surface,8.0,497.0,489.0
D3_AB_I2,24.300011,common_confirmed_wrong_surface,8.0,497.0,489.0
D3_AB_I2,24.300011,object_nearest,56.0,283.0,227.0
D3_AB_I2,24.300011,background_nearest,43.0,25.0,-18.0
D3_AB_I2,25.1,full_confirmed_wrong_surface,9.0,15.0,6.0
D3_AB_I2,25.1,common_confirmed_wrong_surface,9.0,15.0,6.0
D3_AB_I2,25.333323,full_confirmed_wrong_surface,9.0,15.0,6.0
D3_AB_I2,25.333323,common_confirmed_wrong_surface,9.0,15.0,6.0
D3_AB_I2,26.333323,full_confirmed_wrong_surface,9.0,15.0,6.0
D3_AB_I2,26.333323,common_confirmed_wrong_surface,9.0,15.0,6.0
D3_AB_I2,27.233323,full_confirmed_wrong_surface,9.0,15.0,6.0
D3_AB_I2,27.233323,common_confirmed_wrong_surface,9.0,15.0,6.0
D3_AB_I2,27.333323,full_confirmed_wrong_surface,9.0,15.0,6.0
D3_AB_I2,27.333323,common_confirmed_wrong_surface,9.0,15.0,6.0
D3_AB_I2,28.333323,full_confirmed_wrong_surface,9.0,15.0,6.0
D3_AB_I2,28.333323,common_confirmed_wrong_surface,9.0,15.0,6.0
D3_AB_I2,29.333323,full_confirmed_wrong_surface,9.0,15.0,6.0
D3_AB_I2,29.333323,common_confirmed_wrong_surface,9.0,15.0,6.0
D3_AB_I2,29.366667,full_confirmed_wrong_surface,9.0,15.0,6.0
D3_AB_I2,29.366667,common_confirmed_wrong_surface,9.0,15.0,6.0
D3_AB_I2,30.333334,full_confirmed_wrong_surface,10.0,16.0,6.0
D3_AB_I2,30.333334,common_confirmed_wrong_surface,10.0,16.0,6.0
D3_AB_I2,31.366656,full_confirmed_wrong_surface,22.0,28.0,6.0
D3_AB_I2,31.366656,common_confirmed_wrong_surface,22.0,28.0,6.0
D3_AB_I2,31.533323,full_confirmed_wrong_surface,32.0,38.0,6.0
D3_AB_I2,31.533323,common_confirmed_wrong_surface,32.0,38.0,6.0
D3_AB_I2,32.366656,full_confirmed_wrong_surface,58.0,64.0,6.0
D3_AB_I2,32.366656,common_confirmed_wrong_surface,58.0,64.0,6.0
D3_AB_I2,33.366656,full_confirmed_wrong_surface,76.0,82.0,6.0
D3_AB_I2,33.366656,common_confirmed_wrong_surface,76.0,82.0,6.0
D3_AB_I2,95.333323,confirmed_wrong_surface,51.0,54.0,3.0
D3_AB_I2,95.333323,full_confirmed_wrong_surface,151.0,155.0,4.0
D3_AB_I2,95.333323,common_confirmed_wrong_surface,152.0,156.0,4.0
D3_AB_I2,95.333323,object_nearest,53.0,51.0,-2.0
D3_AB_I2,95.333323,background_nearest,56.0,59.0,3.0
D3_AB_I2,95.9,confirmed_wrong_surface,82.0,83.0,1.0
D3_AB_I2,95.9,full_confirmed_wrong_surface,231.0,232.0,1.0
D3_AB_I2,95.9,common_confirmed_wrong_surface,232.0,233.0,1.0
D3_AB_I2,95.9,object_nearest,53.0,51.0,-2.0
D3_AB_I2,95.9,background_nearest,56.0,59.0,3.0
D3_AB_I2,96.933323,confirmed_wrong_surface,83.0,84.0,1.0
D3_AB_I2,96.933323,full_confirmed_wrong_surface,236.0,237.0,1.0
D3_AB_I2,96.933323,common_confirmed_wrong_surface,236.0,237.0,1.0
D3_AB_I2,96.933323,object_nearest,53.0,51.0,-2.0
D3_AB_I2,96.933323,background_nearest,56.0,59.0,3.0
D3_AB_I2,97.5,confirmed_wrong_surface,91.0,92.0,1.0
D3_AB_I2,97.5,full_confirmed_wrong_surface,239.0,240.0,1.0
D3_AB_I2,97.5,common_confirmed_wrong_surface,239.0,240.0,1.0
D3_AB_I2,97.5,object_nearest,50.0,48.0,-2.0
D3_AB_I2,97.5,background_nearest,60.0,63.0,3.0
D3_AB_I2,97.933334,confirmed_wrong_surface,92.0,93.0,1.0
D3_AB_I2,97.933334,full_confirmed_wrong_surface,279.0,280.0,1.0
D3_AB_I2,97.933334,common_confirmed_wrong_surface,279.0,280.0,1.0
D3_AB_I2,97.933334,object_nearest,50.0,48.0,-2.0
D3_AB_I2,97.933334,background_nearest,60.0,63.0,3.0
D3_AB_I2,98.933334,confirmed_wrong_surface,92.0,93.0,1.0
D3_AB_I2,98.933334,full_confirmed_wrong_surface,281.0,282.0,1.0
D3_AB_I2,98.933334,common_confirmed_wrong_surface,281.0,282.0,1.0
D3_AB_I2,98.933334,object_nearest,50.0,48.0,-2.0
D3_AB_I2,98.933334,background_nearest,60.0,63.0,3.0
D3_AB_I3,100.966667,confirmed_wrong_surface,9.0,60.0,51.0
D3_AB_I3,100.966667,full_confirmed_wrong_surface,9.0,266.0,257.0
D3_AB_I3,100.966667,common_confirmed_wrong_surface,9.0,266.0,257.0
D3_AB_I3,100.966667,object_nearest,9.0,60.0,51.0
D3_AB_I3,101.799989,confirmed_wrong_surface,9.0,60.0,51.0
D3_AB_I3,101.799989,full_confirmed_wrong_surface,9.0,266.0,257.0
D3_AB_I3,101.799989,common_confirmed_wrong_surface,9.0,266.0,257.0
D3_AB_I3,101.799989,object_nearest,9.0,60.0,51.0
D3_AB_I3,101.966667,confirmed_wrong_surface,9.0,60.0,51.0
D3_AB_I3,101.966667,full_confirmed_wrong_surface,9.0,266.0,257.0
D3_AB_I3,101.966667,common_confirmed_wrong_surface,9.0,266.0,257.0
D3_AB_I3,101.966667,object_nearest,9.0,60.0,51.0
D3_AB_I3,102.966667,confirmed_wrong_surface,9.0,60.0,51.0
D3_AB_I3,102.966667,full_confirmed_wrong_surface,9.0,266.0,257.0
D3_AB_I3,102.966667,common_confirmed_wrong_surface,9.0,266.0,257.0
D3_AB_I3,102.966667,object_nearest,9.0,60.0,51.0
D3_AB_I3,104.0,confirmed_wrong_surface,9.0,60.0,51.0
D3_AB_I3,104.0,full_confirmed_wrong_surface,9.0,266.0,257.0
D3_AB_I3,104.0,common_confirmed_wrong_surface,9.0,266.0,257.0
D3_AB_I3,104.0,object_nearest,9.0,60.0,51.0
D3_AB_I3,105.0,confirmed_wrong_surface,9.0,60.0,51.0
D3_AB_I3,105.0,full_confirmed_wrong_surface,9.0,266.0,257.0
D3_AB_I3,105.0,common_confirmed_wrong_surface,9.0,266.0,257.0
D3_AB_I3,105.0,object_nearest,9.0,60.0,51.0
D3_AB_I3,106.033323,confirmed_wrong_surface,9.0,60.0,51.0
D3_AB_I3,106.033323,full_confirmed_wrong_surface,9.0,266.0,257.0
D3_AB_I3,106.033323,common_confirmed_wrong_surface,9.0,266.0,257.0
D3_AB_I3,106.033323,object_nearest,9.0,60.0,51.0
D3_AB_I3,107.033334,confirmed_wrong_surface,9.0,60.0,51.0
D3_AB_I3,107.033334,full_confirmed_wrong_surface,9.0,266.0,257.0
D3_AB_I3,107.033334,common_confirmed_wrong_surface,9.0,266.0,257.0
D3_AB_I3,107.033334,object_nearest,9.0,60.0,51.0
D3_AB_I3,108.033334,confirmed_wrong_surface,9.0,60.0,51.0
D3_AB_I3,108.033334,full_confirmed_wrong_surface,9.0,266.0,257.0
D3_AB_I3,108.033334,common_confirmed_wrong_surface,9.0,266.0,257.0
D3_AB_I3,108.033334,object_nearest,9.0,60.0,51.0
D3_AB_I3,109.033334,confirmed_wrong_surface,9.0,60.0,51.0
D3_AB_I3,109.033334,full_confirmed_wrong_surface,9.0,266.0,257.0
D3_AB_I3,109.033334,common_confirmed_wrong_surface,9.0,266.0,257.0
D3_AB_I3,109.033334,object_nearest,9.0,60.0,51.0
D3_AB_I3,110.033334,confirmed_wrong_surface,9.0,60.0,51.0
D3_AB_I3,110.033334,full_confirmed_wrong_surface,9.0,266.0,257.0
D3_AB_I3,110.033334,common_confirmed_wrong_surface,9.0,266.0,257.0
D3_AB_I3,110.033334,object_nearest,9.0,60.0,51.0
D3_AB_I3,111.066667,confirmed_wrong_surface,9.0,60.0,51.0
D3_AB_I3,111.066667,full_confirmed_wrong_surface,9.0,266.0,257.0
D3_AB_I3,111.066667,common_confirmed_wrong_surface,9.0,266.0,257.0
D3_AB_I3,111.066667,object_nearest,9.0,60.0,51.0
D3_AB_I3,112.099989,confirmed_wrong_surface,9.0,60.0,51.0
D3_AB_I3,112.099989,full_confirmed_wrong_surface,9.0,266.0,257.0
D3_AB_I3,112.099989,common_confirmed_wrong_surface,9.0,266.0,257.0
D3_AB_I3,112.099989,object_nearest,9.0,60.0,51.0
D3_AB_I3,112.366656,confirmed_wrong_surface,9.0,60.0,51.0
D3_AB_I3,112.366656,full_confirmed_wrong_surface,9.0,266.0,257.0
D3_AB_I3,112.366656,common_confirmed_wrong_surface,9.0,266.0,257.0
D3_AB_I3,112.366656,object_nearest,9.0,60.0,51.0
D3_AB_I3,113.099989,confirmed_wrong_surface,9.0,60.0,51.0
D3_AB_I3,113.099989,full_confirmed_wrong_surface,9.0,266.0,257.0
D3_AB_I3,113.099989,common_confirmed_wrong_surface,9.0,266.0,257.0
D3_AB_I3,113.099989,object_nearest,9.0,60.0,51.0
D3_AB_I3,114.099989,confirmed_wrong_surface,9.0,60.0,51.0
D3_AB_I3,114.099989,full_confirmed_wrong_surface,9.0,266.0,257.0
D3_AB_I3,114.099989,common_confirmed_wrong_surface,9.0,266.0,257.0
D3_AB_I3,114.099989,object_nearest,9.0,60.0,51.0
D3_AB_I3,115.1,confirmed_wrong_surface,9.0,60.0,51.0
D3_AB_I3,115.1,full_confirmed_wrong_surface,9.0,266.0,257.0
D3_AB_I3,115.1,common_confirmed_wrong_surface,9.0,266.0,257.0
D3_AB_I3,115.1,object_nearest,9.0,60.0,51.0
D3_AB_I3,116.133323,confirmed_wrong_surface,9.0,60.0,51.0
D3_AB_I3,116.133323,full_confirmed_wrong_surface,9.0,266.0,257.0
D3_AB_I3,116.133323,common_confirmed_wrong_surface,9.0,266.0,257.0
D3_AB_I3,116.133323,object_nearest,9.0,60.0,51.0
D3_AB_I3,117.133334,confirmed_wrong_surface,9.0,60.0,51.0
D3_AB_I3,117.133334,full_confirmed_wrong_surface,9.0,266.0,257.0
D3_AB_I3,117.133334,common_confirmed_wrong_surface,9.0,266.0,257.0
D3_AB_I3,117.133334,object_nearest,9.0,60.0,51.0
D3_AB_I3,118.166667,confirmed_wrong_surface,9.0,60.0,51.0
D3_AB_I3,118.166667,full_confirmed_wrong_surface,9.0,266.0,257.0
D3_AB_I3,118.166667,common_confirmed_wrong_surface,9.0,266.0,257.0
D3_AB_I3,118.166667,object_nearest,9.0,60.0,51.0
D3_AB_I3,119.166667,confirmed_wrong_surface,9.0,60.0,51.0
D3_AB_I3,119.166667,full_confirmed_wrong_surface,9.0,266.0,257.0
D3_AB_I3,119.166667,common_confirmed_wrong_surface,9.0,266.0,257.0
D3_AB_I3,119.166667,object_nearest,9.0,60.0,51.0
D3_AB_I3,120.166667,confirmed_wrong_surface,9.0,60.0,51.0
D3_AB_I3,120.166667,full_confirmed_wrong_surface,9.0,266.0,257.0
D3_AB_I3,120.166667,common_confirmed_wrong_surface,9.0,266.0,257.0
D3_AB_I3,120.166667,object_nearest,9.0,60.0,51.0
D3_AB_I3,121.166678,confirmed_wrong_surface,9.0,60.0,51.0
D3_AB_I3,121.166678,full_confirmed_wrong_surface,9.0,266.0,257.0
D3_AB_I3,121.166678,common_confirmed_wrong_surface,9.0,266.0,257.0
D3_AB_I3,121.166678,object_nearest,9.0,60.0,51.0
D3_AB_I3,122.2,confirmed_wrong_surface,9.0,60.0,51.0
D3_AB_I3,122.2,full_confirmed_wrong_surface,9.0,266.0,257.0
D3_AB_I3,122.2,common_confirmed_wrong_surface,9.0,266.0,257.0
D3_AB_I3,122.2,object_nearest,9.0,60.0,51.0
D3_AB_I3,123.2,confirmed_wrong_surface,9.0,60.0,51.0
D3_AB_I3,123.2,full_confirmed_wrong_surface,9.0,266.0,257.0
D3_AB_I3,123.2,common_confirmed_wrong_surface,9.0,266.0,257.0
D3_AB_I3,123.2,object_nearest,9.0,60.0,51.0
D3_AB_I3,124.233323,confirmed_wrong_surface,9.0,60.0,51.0
D3_AB_I3,124.233323,full_confirmed_wrong_surface,9.0,266.0,257.0
D3_AB_I3,124.233323,common_confirmed_wrong_surface,9.0,266.0,257.0
D3_AB_I3,124.233323,object_nearest,9.0,60.0,51.0
D3_AB_I3,125.233356,confirmed_wrong_surface,9.0,60.0,51.0
D3_AB_I3,125.233356,full_confirmed_wrong_surface,9.0,266.0,257.0
D3_AB_I3,125.233356,common_confirmed_wrong_surface,9.0,266.0,257.0
D3_AB_I3,125.233356,object_nearest,9.0,60.0,51.0
D3_AB_I3,126.266667,confirmed_wrong_surface,9.0,60.0,51.0
D3_AB_I3,126.266667,full_confirmed_wrong_surface,9.0,266.0,257.0
D3_AB_I3,126.266667,common_confirmed_wrong_surface,9.0,266.0,257.0
D3_AB_I3,126.266667,object_nearest,9.0,60.0,51.0
D3_AB_I3,127.266667,confirmed_wrong_surface,9.0,60.0,51.0
D3_AB_I3,127.266667,full_confirmed_wrong_surface,9.0,266.0,257.0
D3_AB_I3,127.266667,common_confirmed_wrong_surface,9.0,266.0,257.0
D3_AB_I3,127.266667,object_nearest,9.0,60.0,51.0
D3_AB_I3,128.3,confirmed_wrong_surface,9.0,60.0,51.0
D3_AB_I3,128.3,full_confirmed_wrong_surface,9.0,266.0,257.0
D3_AB_I3,128.3,common_confirmed_wrong_surface,9.0,266.0,257.0
D3_AB_I3,128.3,object_nearest,9.0,60.0,51.0
D3_AB_I3,129.333334,confirmed_wrong_surface,9.0,60.0,51.0
D3_AB_I3,129.333334,full_confirmed_wrong_surface,9.0,266.0,257.0
D3_AB_I3,129.333334,common_confirmed_wrong_surface,9.0,266.0,257.0
D3_AB_I3,129.333334,object_nearest,9.0,60.0,51.0
D3_AB_I3,130.333334,confirmed_wrong_surface,9.0,60.0,51.0
D3_AB_I3,130.333334,full_confirmed_wrong_surface,9.0,266.0,257.0
D3_AB_I3,130.333334,common_confirmed_wrong_surface,9.0,266.0,257.0
D3_AB_I3,130.333334,object_nearest,9.0,60.0,51.0
D3_AB_I3,131.333345,confirmed_wrong_surface,9.0,60.0,51.0
D3_AB_I3,131.333345,full_confirmed_wrong_surface,9.0,266.0,257.0
D3_AB_I3,131.333345,common_confirmed_wrong_surface,9.0,266.0,257.0
D3_AB_I3,131.333345,object_nearest,9.0,60.0,51.0
D3_AB_I3,131.5,confirmed_wrong_surface,9.0,60.0,51.0
D3_AB_I3,131.5,full_confirmed_wrong_surface,9.0,266.0,257.0
D3_AB_I3,131.5,common_confirmed_wrong_surface,9.0,266.0,257.0
D3_AB_I3,131.5,object_nearest,9.0,60.0,51.0
D3_AB_I3,132.366656,confirmed_wrong_surface,9.0,60.0,51.0
D3_AB_I3,132.366656,full_confirmed_wrong_surface,9.0,266.0,257.0
D3_AB_I3,132.366656,common_confirmed_wrong_surface,9.0,266.0,257.0
D3_AB_I3,132.366656,object_nearest,9.0,60.0,51.0
D3_AB_I3,133.366667,confirmed_wrong_surface,9.0,60.0,51.0
D3_AB_I3,133.366667,full_confirmed_wrong_surface,9.0,266.0,257.0
D3_AB_I3,133.366667,common_confirmed_wrong_surface,9.0,266.0,257.0
D3_AB_I3,133.366667,object_nearest,9.0,60.0,51.0
D3_AB_I3,134.366678,confirmed_wrong_surface,9.0,60.0,51.0
D3_AB_I3,134.366678,full_confirmed_wrong_surface,9.0,266.0,257.0
D3_AB_I3,134.366678,common_confirmed_wrong_surface,9.0,266.0,257.0
D3_AB_I3,134.366678,object_nearest,9.0,60.0,51.0
D3_AB_I3,18.7,confirmed_wrong_surface,11.0,60.0,49.0
D3_AB_I3,18.7,full_confirmed_wrong_surface,11.0,166.0,155.0
D3_AB_I3,18.7,common_confirmed_wrong_surface,11.0,166.0,155.0
D3_AB_I3,18.7,object_nearest,9.0,60.0,51.0
D3_AB_I3,18.7,background_nearest,2.0,0.0,-2.0
D3_AB_I3,19.266667,confirmed_wrong_surface,11.0,60.0,49.0
D3_AB_I3,19.266667,full_confirmed_wrong_surface,11.0,166.0,155.0
D3_AB_I3,19.266667,common_confirmed_wrong_surface,11.0,166.0,155.0
D3_AB_I3,19.266667,object_nearest,9.0,60.0,51.0
D3_AB_I3,19.266667,background_nearest,2.0,0.0,-2.0
D3_AB_I3,20.266678,confirmed_wrong_surface,11.0,60.0,49.0
D3_AB_I3,20.266678,full_confirmed_wrong_surface,11.0,166.0,155.0
D3_AB_I3,20.266678,common_confirmed_wrong_surface,11.0,166.0,155.0
D3_AB_I3,20.266678,object_nearest,9.0,60.0,51.0
D3_AB_I3,20.266678,background_nearest,2.0,0.0,-2.0
D3_AB_I3,20.833323,confirmed_wrong_surface,11.0,60.0,49.0
D3_AB_I3,20.833323,full_confirmed_wrong_surface,11.0,166.0,155.0
D3_AB_I3,20.833323,common_confirmed_wrong_surface,11.0,166.0,155.0
D3_AB_I3,20.833323,object_nearest,9.0,60.0,51.0
D3_AB_I3,20.833323,background_nearest,2.0,0.0,-2.0
D3_AB_I3,21.299989,confirmed_wrong_surface,11.0,60.0,49.0
D3_AB_I3,21.299989,full_confirmed_wrong_surface,11.0,166.0,155.0
D3_AB_I3,21.299989,common_confirmed_wrong_surface,11.0,166.0,155.0
D3_AB_I3,21.299989,object_nearest,9.0,60.0,51.0
D3_AB_I3,21.299989,background_nearest,2.0,0.0,-2.0
D3_AB_I3,22.299989,confirmed_wrong_surface,11.0,60.0,49.0
D3_AB_I3,22.299989,full_confirmed_wrong_surface,11.0,166.0,155.0
D3_AB_I3,22.299989,common_confirmed_wrong_surface,11.0,166.0,155.0
D3_AB_I3,22.299989,object_nearest,9.0,60.0,51.0
D3_AB_I3,22.299989,background_nearest,2.0,0.0,-2.0
D3_AB_I3,22.966656,confirmed_wrong_surface,11.0,60.0,49.0
D3_AB_I3,22.966656,full_confirmed_wrong_surface,11.0,166.0,155.0
D3_AB_I3,22.966656,common_confirmed_wrong_surface,11.0,166.0,155.0
D3_AB_I3,22.966656,object_nearest,9.0,60.0,51.0
D3_AB_I3,22.966656,background_nearest,2.0,0.0,-2.0
D3_AB_I3,23.299989,confirmed_wrong_surface,11.0,60.0,49.0
D3_AB_I3,23.299989,full_confirmed_wrong_surface,11.0,166.0,155.0
D3_AB_I3,23.299989,common_confirmed_wrong_surface,11.0,166.0,155.0
D3_AB_I3,23.299989,object_nearest,9.0,60.0,51.0
D3_AB_I3,23.299989,background_nearest,2.0,0.0,-2.0
D3_AB_I3,24.300011,confirmed_wrong_surface,11.0,60.0,49.0
D3_AB_I3,24.300011,full_confirmed_wrong_surface,11.0,166.0,155.0
D3_AB_I3,24.300011,common_confirmed_wrong_surface,11.0,166.0,155.0
D3_AB_I3,24.300011,object_nearest,9.0,60.0,51.0
D3_AB_I3,24.300011,background_nearest,2.0,0.0,-2.0
D3_AB_I3,25.1,confirmed_wrong_surface,11.0,60.0,49.0
D3_AB_I3,25.1,full_confirmed_wrong_surface,11.0,166.0,155.0
D3_AB_I3,25.1,common_confirmed_wrong_surface,11.0,166.0,155.0
D3_AB_I3,25.1,object_nearest,9.0,60.0,51.0
D3_AB_I3,25.1,background_nearest,2.0,0.0,-2.0
D3_AB_I3,25.333323,confirmed_wrong_surface,11.0,60.0,49.0
D3_AB_I3,25.333323,full_confirmed_wrong_surface,11.0,166.0,155.0
D3_AB_I3,25.333323,common_confirmed_wrong_surface,11.0,166.0,155.0
D3_AB_I3,25.333323,object_nearest,9.0,60.0,51.0
D3_AB_I3,25.333323,background_nearest,2.0,0.0,-2.0
D3_AB_I3,26.333323,confirmed_wrong_surface,11.0,60.0,49.0
D3_AB_I3,26.333323,full_confirmed_wrong_surface,11.0,166.0,155.0
D3_AB_I3,26.333323,common_confirmed_wrong_surface,11.0,166.0,155.0
D3_AB_I3,26.333323,object_nearest,9.0,60.0,51.0
D3_AB_I3,26.333323,background_nearest,2.0,0.0,-2.0
D3_AB_I3,27.233323,confirmed_wrong_surface,11.0,60.0,49.0
D3_AB_I3,27.233323,full_confirmed_wrong_surface,11.0,166.0,155.0
D3_AB_I3,27.233323,common_confirmed_wrong_surface,11.0,166.0,155.0
D3_AB_I3,27.233323,object_nearest,9.0,60.0,51.0
D3_AB_I3,27.233323,background_nearest,2.0,0.0,-2.0
D3_AB_I3,27.333323,confirmed_wrong_surface,11.0,60.0,49.0
D3_AB_I3,27.333323,full_confirmed_wrong_surface,11.0,166.0,155.0
D3_AB_I3,27.333323,common_confirmed_wrong_surface,11.0,166.0,155.0
D3_AB_I3,27.333323,object_nearest,9.0,60.0,51.0
D3_AB_I3,27.333323,background_nearest,2.0,0.0,-2.0
D3_AB_I3,28.333323,confirmed_wrong_surface,11.0,60.0,49.0
D3_AB_I3,28.333323,full_confirmed_wrong_surface,11.0,166.0,155.0
D3_AB_I3,28.333323,common_confirmed_wrong_surface,11.0,166.0,155.0
D3_AB_I3,28.333323,object_nearest,9.0,60.0,51.0
D3_AB_I3,28.333323,background_nearest,2.0,0.0,-2.0
D3_AB_I3,29.333323,confirmed_wrong_surface,11.0,60.0,49.0
D3_AB_I3,29.333323,full_confirmed_wrong_surface,11.0,166.0,155.0
D3_AB_I3,29.333323,common_confirmed_wrong_surface,11.0,166.0,155.0
D3_AB_I3,29.333323,object_nearest,9.0,60.0,51.0
D3_AB_I3,29.333323,background_nearest,2.0,0.0,-2.0
D3_AB_I3,29.366667,confirmed_wrong_surface,11.0,60.0,49.0
D3_AB_I3,29.366667,full_confirmed_wrong_surface,11.0,166.0,155.0
D3_AB_I3,29.366667,common_confirmed_wrong_surface,11.0,166.0,155.0
D3_AB_I3,29.366667,object_nearest,9.0,60.0,51.0
D3_AB_I3,29.366667,background_nearest,2.0,0.0,-2.0
D3_AB_I3,30.333334,confirmed_wrong_surface,11.0,60.0,49.0
D3_AB_I3,30.333334,full_confirmed_wrong_surface,11.0,166.0,155.0
D3_AB_I3,30.333334,common_confirmed_wrong_surface,11.0,166.0,155.0
D3_AB_I3,30.333334,object_nearest,9.0,60.0,51.0
D3_AB_I3,30.333334,background_nearest,2.0,0.0,-2.0
D3_AB_I3,31.366656,confirmed_wrong_surface,11.0,60.0,49.0
D3_AB_I3,31.366656,full_confirmed_wrong_surface,11.0,166.0,155.0
D3_AB_I3,31.366656,common_confirmed_wrong_surface,11.0,166.0,155.0
D3_AB_I3,31.366656,object_nearest,9.0,60.0,51.0
D3_AB_I3,31.366656,background_nearest,2.0,0.0,-2.0
D3_AB_I3,31.533323,confirmed_wrong_surface,11.0,60.0,49.0
D3_AB_I3,31.533323,full_confirmed_wrong_surface,11.0,166.0,155.0
D3_AB_I3,31.533323,common_confirmed_wrong_surface,11.0,166.0,155.0
D3_AB_I3,31.533323,object_nearest,9.0,60.0,51.0
D3_AB_I3,31.533323,background_nearest,2.0,0.0,-2.0
D3_AB_I3,32.366656,confirmed_wrong_surface,11.0,60.0,49.0
D3_AB_I3,32.366656,full_confirmed_wrong_surface,11.0,166.0,155.0
D3_AB_I3,32.366656,common_confirmed_wrong_surface,11.0,166.0,155.0
D3_AB_I3,32.366656,object_nearest,9.0,60.0,51.0
D3_AB_I3,32.366656,background_nearest,2.0,0.0,-2.0
D3_AB_I3,33.366656,confirmed_wrong_surface,11.0,60.0,49.0
D3_AB_I3,33.366656,full_confirmed_wrong_surface,11.0,166.0,155.0
D3_AB_I3,33.366656,common_confirmed_wrong_surface,11.0,166.0,155.0
D3_AB_I3,33.366656,object_nearest,9.0,60.0,51.0
D3_AB_I3,33.366656,background_nearest,2.0,0.0,-2.0
D3_AB_I3,33.600011,confirmed_wrong_surface,11.0,60.0,49.0
D3_AB_I3,33.600011,full_confirmed_wrong_surface,11.0,166.0,155.0
D3_AB_I3,33.600011,common_confirmed_wrong_surface,11.0,166.0,155.0
D3_AB_I3,33.600011,object_nearest,9.0,60.0,51.0
D3_AB_I3,33.600011,background_nearest,2.0,0.0,-2.0
D3_AB_I3,34.366689,confirmed_wrong_surface,11.0,60.0,49.0
D3_AB_I3,34.366689,full_confirmed_wrong_surface,11.0,166.0,155.0
D3_AB_I3,34.366689,common_confirmed_wrong_surface,11.0,166.0,155.0
D3_AB_I3,34.366689,object_nearest,9.0,60.0,51.0
D3_AB_I3,34.366689,background_nearest,2.0,0.0,-2.0
D3_AB_I3,35.4,confirmed_wrong_surface,11.0,60.0,49.0
D3_AB_I3,35.4,full_confirmed_wrong_surface,11.0,166.0,155.0
D3_AB_I3,35.4,common_confirmed_wrong_surface,11.0,166.0,155.0
D3_AB_I3,35.4,object_nearest,9.0,60.0,51.0
D3_AB_I3,35.4,background_nearest,2.0,0.0,-2.0
D3_AB_I3,35.733323,confirmed_wrong_surface,11.0,60.0,49.0
D3_AB_I3,35.733323,full_confirmed_wrong_surface,11.0,166.0,155.0
D3_AB_I3,35.733323,common_confirmed_wrong_surface,11.0,166.0,155.0
D3_AB_I3,35.733323,object_nearest,9.0,60.0,51.0
D3_AB_I3,35.733323,background_nearest,2.0,0.0,-2.0
D3_AB_I3,36.4,confirmed_wrong_surface,11.0,60.0,49.0
D3_AB_I3,36.4,full_confirmed_wrong_surface,11.0,166.0,155.0
D3_AB_I3,36.4,common_confirmed_wrong_surface,11.0,166.0,155.0
D3_AB_I3,36.4,object_nearest,9.0,60.0,51.0
D3_AB_I3,36.4,background_nearest,2.0,0.0,-2.0
D3_AB_I3,37.4,confirmed_wrong_surface,11.0,60.0,49.0
D3_AB_I3,37.4,full_confirmed_wrong_surface,11.0,166.0,155.0
D3_AB_I3,37.4,common_confirmed_wrong_surface,11.0,166.0,155.0
D3_AB_I3,37.4,object_nearest,9.0,60.0,51.0
D3_AB_I3,37.4,background_nearest,2.0,0.0,-2.0
D3_AB_I3,37.833323,confirmed_wrong_surface,11.0,60.0,49.0
D3_AB_I3,37.833323,full_confirmed_wrong_surface,11.0,166.0,155.0
D3_AB_I3,37.833323,common_confirmed_wrong_surface,11.0,166.0,155.0
D3_AB_I3,37.833323,object_nearest,9.0,60.0,51.0
D3_AB_I3,37.833323,background_nearest,2.0,0.0,-2.0
D3_AB_I3,38.4,confirmed_wrong_surface,11.0,60.0,49.0
D3_AB_I3,38.4,full_confirmed_wrong_surface,11.0,166.0,155.0
D3_AB_I3,38.4,common_confirmed_wrong_surface,11.0,166.0,155.0
D3_AB_I3,38.4,object_nearest,9.0,60.0,51.0
D3_AB_I3,38.4,background_nearest,2.0,0.0,-2.0
D3_AB_I3,39.4,confirmed_wrong_surface,11.0,60.0,49.0
D3_AB_I3,39.4,full_confirmed_wrong_surface,11.0,166.0,155.0
D3_AB_I3,39.4,common_confirmed_wrong_surface,11.0,166.0,155.0
D3_AB_I3,39.4,object_nearest,9.0,60.0,51.0
D3_AB_I3,39.4,background_nearest,2.0,0.0,-2.0
D3_AB_I3,39.933334,confirmed_wrong_surface,11.0,60.0,49.0
D3_AB_I3,39.933334,full_confirmed_wrong_surface,11.0,166.0,155.0
D3_AB_I3,39.933334,common_confirmed_wrong_surface,11.0,166.0,155.0
D3_AB_I3,39.933334,object_nearest,9.0,60.0,51.0
D3_AB_I3,39.933334,background_nearest,2.0,0.0,-2.0
D3_AB_I3,40.400011,confirmed_wrong_surface,11.0,60.0,49.0
D3_AB_I3,40.400011,full_confirmed_wrong_surface,11.0,166.0,155.0
D3_AB_I3,40.400011,common_confirmed_wrong_surface,11.0,166.0,155.0
D3_AB_I3,40.400011,object_nearest,9.0,60.0,51.0
D3_AB_I3,40.400011,background_nearest,2.0,0.0,-2.0
D3_AB_I3,41.400011,confirmed_wrong_surface,11.0,60.0,49.0
D3_AB_I3,41.400011,full_confirmed_wrong_surface,11.0,166.0,155.0
D3_AB_I3,41.400011,common_confirmed_wrong_surface,11.0,166.0,155.0
D3_AB_I3,41.400011,object_nearest,9.0,60.0,51.0
D3_AB_I3,41.400011,background_nearest,2.0,0.0,-2.0
D3_AB_I3,44.166656,confirmed_wrong_surface,11.0,60.0,49.0
D3_AB_I3,44.166656,full_confirmed_wrong_surface,11.0,166.0,155.0
D3_AB_I3,44.166656,common_confirmed_wrong_surface,11.0,166.0,155.0
D3_AB_I3,44.166656,object_nearest,9.0,60.0,51.0
D3_AB_I3,44.166656,background_nearest,2.0,0.0,-2.0
D3_AB_I3,44.433323,confirmed_wrong_surface,11.0,60.0,49.0
D3_AB_I3,44.433323,full_confirmed_wrong_surface,11.0,166.0,155.0
D3_AB_I3,44.433323,common_confirmed_wrong_surface,11.0,166.0,155.0
D3_AB_I3,44.433323,object_nearest,9.0,60.0,51.0
D3_AB_I3,44.433323,background_nearest,2.0,0.0,-2.0
D3_AB_I3,45.433323,confirmed_wrong_surface,11.0,60.0,49.0
D3_AB_I3,45.433323,full_confirmed_wrong_surface,11.0,166.0,155.0
D3_AB_I3,45.433323,common_confirmed_wrong_surface,11.0,166.0,155.0
D3_AB_I3,45.433323,object_nearest,9.0,60.0,51.0
D3_AB_I3,45.433323,background_nearest,2.0,0.0,-2.0
D3_AB_I3,46.333323,confirmed_wrong_surface,11.0,60.0,49.0
D3_AB_I3,46.333323,full_confirmed_wrong_surface,11.0,166.0,155.0
D3_AB_I3,46.333323,common_confirmed_wrong_surface,11.0,166.0,155.0
D3_AB_I3,46.333323,object_nearest,9.0,60.0,51.0
D3_AB_I3,46.333323,background_nearest,2.0,0.0,-2.0
D3_AB_I3,46.433334,confirmed_wrong_surface,11.0,60.0,49.0
D3_AB_I3,46.433334,full_confirmed_wrong_surface,11.0,166.0,155.0
D3_AB_I3,46.433334,common_confirmed_wrong_surface,11.0,166.0,155.0
D3_AB_I3,46.433334,object_nearest,9.0,60.0,51.0
D3_AB_I3,46.433334,background_nearest,2.0,0.0,-2.0
D3_AB_I3,47.466667,confirmed_wrong_surface,11.0,60.0,49.0
D3_AB_I3,47.466667,full_confirmed_wrong_surface,11.0,166.0,155.0
D3_AB_I3,47.466667,common_confirmed_wrong_surface,11.0,166.0,155.0
D3_AB_I3,47.466667,object_nearest,9.0,60.0,51.0
D3_AB_I3,47.466667,background_nearest,2.0,0.0,-2.0
D3_AB_I3,48.466667,confirmed_wrong_surface,11.0,60.0,49.0
D3_AB_I3,48.466667,full_confirmed_wrong_surface,11.0,166.0,155.0
D3_AB_I3,48.466667,common_confirmed_wrong_surface,11.0,166.0,155.0
D3_AB_I3,48.466667,object_nearest,9.0,60.0,51.0
D3_AB_I3,48.466667,background_nearest,2.0,0.0,-2.0
D3_AB_I3,49.466667,confirmed_wrong_surface,11.0,60.0,49.0
D3_AB_I3,49.466667,full_confirmed_wrong_surface,20.0,166.0,146.0
D3_AB_I3,49.466667,common_confirmed_wrong_surface,20.0,166.0,146.0
D3_AB_I3,49.466667,object_nearest,9.0,60.0,51.0
D3_AB_I3,49.466667,background_nearest,2.0,0.0,-2.0
D3_AB_I3,50.466667,confirmed_wrong_surface,11.0,60.0,49.0
D3_AB_I3,50.466667,full_confirmed_wrong_surface,47.0,182.0,135.0
D3_AB_I3,50.466667,common_confirmed_wrong_surface,47.0,182.0,135.0
D3_AB_I3,50.466667,object_nearest,9.0,60.0,51.0
D3_AB_I3,50.466667,background_nearest,2.0,0.0,-2.0
D3_AB_I3,50.6,confirmed_wrong_surface,11.0,60.0,49.0
D3_AB_I3,50.6,full_confirmed_wrong_surface,21.0,182.0,161.0
D3_AB_I3,50.6,common_confirmed_wrong_surface,21.0,182.0,161.0
D3_AB_I3,50.6,object_nearest,9.0,60.0,51.0
D3_AB_I3,50.6,background_nearest,2.0,0.0,-2.0
D3_AB_I3,51.466667,confirmed_wrong_surface,11.0,60.0,49.0
D3_AB_I3,51.466667,full_confirmed_wrong_surface,32.0,182.0,150.0
D3_AB_I3,51.466667,common_confirmed_wrong_surface,32.0,182.0,150.0
D3_AB_I3,51.466667,object_nearest,9.0,60.0,51.0
D3_AB_I3,51.466667,background_nearest,2.0,0.0,-2.0
D3_AB_I3,52.466667,confirmed_wrong_surface,11.0,60.0,49.0
D3_AB_I3,52.466667,full_confirmed_wrong_surface,32.0,182.0,150.0
D3_AB_I3,52.466667,common_confirmed_wrong_surface,32.0,182.0,150.0
D3_AB_I3,52.466667,object_nearest,9.0,60.0,51.0
D3_AB_I3,52.466667,background_nearest,2.0,0.0,-2.0
D3_AB_I3,52.733334,confirmed_wrong_surface,10.0,60.0,50.0
D3_AB_I3,52.733334,full_confirmed_wrong_surface,21.0,182.0,161.0
D3_AB_I3,52.733334,common_confirmed_wrong_surface,21.0,182.0,161.0
D3_AB_I3,52.733334,object_nearest,9.0,60.0,51.0
D3_AB_I3,52.733334,background_nearest,1.0,0.0,-1.0
D3_AB_I3,53.466667,confirmed_wrong_surface,10.0,60.0,50.0
D3_AB_I3,53.466667,full_confirmed_wrong_surface,21.0,182.0,161.0
D3_AB_I3,53.466667,common_confirmed_wrong_surface,21.0,182.0,161.0
D3_AB_I3,53.466667,object_nearest,9.0,60.0,51.0
D3_AB_I3,53.466667,background_nearest,1.0,0.0,-1.0
D3_AB_I3,54.5,confirmed_wrong_surface,10.0,60.0,50.0
D3_AB_I3,54.5,full_confirmed_wrong_surface,31.0,232.0,201.0
D3_AB_I3,54.5,common_confirmed_wrong_surface,31.0,232.0,201.0
D3_AB_I3,54.5,object_nearest,9.0,60.0,51.0
D3_AB_I3,54.5,background_nearest,1.0,0.0,-1.0
D3_AB_I3,54.833345,confirmed_wrong_surface,10.0,60.0,50.0
D3_AB_I3,54.833345,full_confirmed_wrong_surface,10.0,232.0,222.0
D3_AB_I3,54.833345,common_confirmed_wrong_surface,10.0,232.0,222.0
D3_AB_I3,54.833345,object_nearest,9.0,60.0,51.0
D3_AB_I3,54.833345,background_nearest,1.0,0.0,-1.0
D3_AB_I3,55.5,confirmed_wrong_surface,10.0,60.0,50.0
D3_AB_I3,55.5,full_confirmed_wrong_surface,10.0,243.0,233.0
D3_AB_I3,55.5,common_confirmed_wrong_surface,10.0,243.0,233.0
D3_AB_I3,55.5,object_nearest,9.0,60.0,51.0
D3_AB_I3,55.5,background_nearest,1.0,0.0,-1.0
D3_AB_I3,56.5,confirmed_wrong_surface,10.0,60.0,50.0
D3_AB_I3,56.5,full_confirmed_wrong_surface,10.0,243.0,233.0
D3_AB_I3,56.5,common_confirmed_wrong_surface,10.0,243.0,233.0
D3_AB_I3,56.5,object_nearest,9.0,60.0,51.0
D3_AB_I3,56.5,background_nearest,1.0,0.0,-1.0
D3_AB_I3,57.0,confirmed_wrong_surface,10.0,60.0,50.0
D3_AB_I3,57.0,full_confirmed_wrong_surface,10.0,243.0,233.0
D3_AB_I3,57.0,common_confirmed_wrong_surface,10.0,243.0,233.0
D3_AB_I3,57.0,object_nearest,9.0,60.0,51.0
D3_AB_I3,57.0,background_nearest,1.0,0.0,-1.0
D3_AB_I3,57.5,confirmed_wrong_surface,10.0,60.0,50.0
D3_AB_I3,57.5,full_confirmed_wrong_surface,10.0,243.0,233.0
D3_AB_I3,57.5,common_confirmed_wrong_surface,10.0,243.0,233.0
D3_AB_I3,57.5,object_nearest,9.0,60.0,51.0
D3_AB_I3,57.5,background_nearest,1.0,0.0,-1.0
D3_AB_I3,58.533323,confirmed_wrong_surface,10.0,60.0,50.0
D3_AB_I3,58.533323,full_confirmed_wrong_surface,10.0,243.0,233.0
D3_AB_I3,58.533323,common_confirmed_wrong_surface,10.0,243.0,233.0
D3_AB_I3,58.533323,object_nearest,9.0,60.0,51.0
D3_AB_I3,58.533323,background_nearest,1.0,0.0,-1.0
D3_AB_I3,59.166656,confirmed_wrong_surface,1.0,60.0,59.0
D3_AB_I3,59.166656,full_confirmed_wrong_surface,1.0,243.0,242.0
D3_AB_I3,59.166656,common_confirmed_wrong_surface,1.0,243.0,242.0
D3_AB_I3,59.166656,object_nearest,0.0,60.0,60.0
D3_AB_I3,59.166656,background_nearest,1.0,0.0,-1.0
D3_AB_I3,59.533323,confirmed_wrong_surface,1.0,60.0,59.0
D3_AB_I3,59.533323,full_confirmed_wrong_surface,1.0,243.0,242.0
D3_AB_I3,59.533323,common_confirmed_wrong_surface,1.0,243.0,242.0
D3_AB_I3,59.533323,object_nearest,0.0,60.0,60.0
D3_AB_I3,59.533323,background_nearest,1.0,0.0,-1.0
D3_AB_I3,60.533334,confirmed_wrong_surface,1.0,60.0,59.0
D3_AB_I3,60.533334,full_confirmed_wrong_surface,1.0,243.0,242.0
D3_AB_I3,60.533334,common_confirmed_wrong_surface,1.0,243.0,242.0
D3_AB_I3,60.533334,object_nearest,0.0,60.0,60.0
D3_AB_I3,60.533334,background_nearest,1.0,0.0,-1.0
D3_AB_I3,61.333323,confirmed_wrong_surface,1.0,60.0,59.0
D3_AB_I3,61.333323,full_confirmed_wrong_surface,1.0,243.0,242.0
D3_AB_I3,61.333323,common_confirmed_wrong_surface,1.0,243.0,242.0
D3_AB_I3,61.333323,object_nearest,0.0,60.0,60.0
D3_AB_I3,61.333323,background_nearest,1.0,0.0,-1.0
D3_AB_I3,61.566656,confirmed_wrong_surface,1.0,60.0,59.0
D3_AB_I3,61.566656,full_confirmed_wrong_surface,1.0,243.0,242.0
D3_AB_I3,61.566656,common_confirmed_wrong_surface,1.0,243.0,242.0
D3_AB_I3,61.566656,object_nearest,0.0,60.0,60.0
D3_AB_I3,61.566656,background_nearest,1.0,0.0,-1.0
D3_AB_I3,62.566667,confirmed_wrong_surface,1.0,60.0,59.0
D3_AB_I3,62.566667,full_confirmed_wrong_surface,1.0,243.0,242.0
D3_AB_I3,62.566667,common_confirmed_wrong_surface,1.0,243.0,242.0
D3_AB_I3,62.566667,object_nearest,0.0,60.0,60.0
D3_AB_I3,62.566667,background_nearest,1.0,0.0,-1.0
D3_AB_I3,63.433334,confirmed_wrong_surface,2.0,60.0,58.0
D3_AB_I3,63.433334,full_confirmed_wrong_surface,2.0,243.0,241.0
D3_AB_I3,63.433334,common_confirmed_wrong_surface,2.0,243.0,241.0
D3_AB_I3,63.433334,object_nearest,0.0,60.0,60.0
D3_AB_I3,63.433334,background_nearest,2.0,0.0,-2.0
D3_AB_I3,63.6,confirmed_wrong_surface,2.0,60.0,58.0
D3_AB_I3,63.6,full_confirmed_wrong_surface,2.0,243.0,241.0
D3_AB_I3,63.6,common_confirmed_wrong_surface,2.0,243.0,241.0
D3_AB_I3,63.6,object_nearest,0.0,60.0,60.0
D3_AB_I3,63.6,background_nearest,2.0,0.0,-2.0
D3_AB_I3,64.633334,confirmed_wrong_surface,2.0,60.0,58.0
D3_AB_I3,64.633334,full_confirmed_wrong_surface,2.0,243.0,241.0
D3_AB_I3,64.633334,common_confirmed_wrong_surface,2.0,243.0,241.0
D3_AB_I3,64.633334,object_nearest,0.0,60.0,60.0
D3_AB_I3,64.633334,background_nearest,2.0,0.0,-2.0
D3_AB_I3,65.500011,confirmed_wrong_surface,1.0,60.0,59.0
D3_AB_I3,65.500011,full_confirmed_wrong_surface,1.0,243.0,242.0
D3_AB_I3,65.500011,common_confirmed_wrong_surface,1.0,243.0,242.0
D3_AB_I3,65.500011,object_nearest,0.0,60.0,60.0
D3_AB_I3,65.500011,background_nearest,1.0,0.0,-1.0
D3_AB_I3,65.633334,confirmed_wrong_surface,1.0,60.0,59.0
D3_AB_I3,65.633334,full_confirmed_wrong_surface,1.0,243.0,242.0
D3_AB_I3,65.633334,common_confirmed_wrong_surface,1.0,243.0,242.0
D3_AB_I3,65.633334,object_nearest,0.0,60.0,60.0
D3_AB_I3,65.633334,background_nearest,1.0,0.0,-1.0
D3_AB_I3,66.633334,confirmed_wrong_surface,1.0,60.0,59.0
D3_AB_I3,66.633334,full_confirmed_wrong_surface,1.0,243.0,242.0
D3_AB_I3,66.633334,common_confirmed_wrong_surface,1.0,243.0,242.0
D3_AB_I3,66.633334,object_nearest,0.0,60.0,60.0
D3_AB_I3,66.633334,background_nearest,1.0,0.0,-1.0
D3_AB_I3,67.633334,confirmed_wrong_surface,1.0,60.0,59.0
D3_AB_I3,67.633334,full_confirmed_wrong_surface,1.0,243.0,242.0
D3_AB_I3,67.633334,common_confirmed_wrong_surface,1.0,243.0,242.0
D3_AB_I3,67.633334,object_nearest,0.0,60.0,60.0
D3_AB_I3,67.633334,background_nearest,1.0,0.0,-1.0
D3_AB_I3,67.666656,confirmed_wrong_surface,2.0,60.0,58.0
D3_AB_I3,67.666656,full_confirmed_wrong_surface,2.0,243.0,241.0
D3_AB_I3,67.666656,common_confirmed_wrong_surface,2.0,243.0,241.0
D3_AB_I3,67.666656,object_nearest,0.0,60.0,60.0
D3_AB_I3,67.666656,background_nearest,2.0,0.0,-2.0
D3_AB_I3,68.666667,confirmed_wrong_surface,2.0,60.0,58.0
D3_AB_I3,68.666667,full_confirmed_wrong_surface,2.0,246.0,244.0
D3_AB_I3,68.666667,common_confirmed_wrong_surface,2.0,246.0,244.0
D3_AB_I3,68.666667,object_nearest,0.0,60.0,60.0
D3_AB_I3,68.666667,background_nearest,2.0,0.0,-2.0
D3_AB_I3,69.666667,confirmed_wrong_surface,2.0,60.0,58.0
D3_AB_I3,69.666667,full_confirmed_wrong_surface,2.0,246.0,244.0
D3_AB_I3,69.666667,common_confirmed_wrong_surface,2.0,246.0,244.0
D3_AB_I3,69.666667,object_nearest,0.0,60.0,60.0
D3_AB_I3,69.666667,background_nearest,2.0,0.0,-2.0
D3_AB_I3,69.833323,confirmed_wrong_surface,11.0,60.0,49.0
D3_AB_I3,69.833323,full_confirmed_wrong_surface,11.0,246.0,235.0
D3_AB_I3,69.833323,common_confirmed_wrong_surface,11.0,246.0,235.0
D3_AB_I3,69.833323,object_nearest,9.0,60.0,51.0
D3_AB_I3,69.833323,background_nearest,2.0,0.0,-2.0
D3_AB_I3,70.666667,confirmed_wrong_surface,11.0,60.0,49.0
D3_AB_I3,70.666667,full_confirmed_wrong_surface,11.0,247.0,236.0
D3_AB_I3,70.666667,common_confirmed_wrong_surface,11.0,247.0,236.0
D3_AB_I3,70.666667,object_nearest,9.0,60.0,51.0
D3_AB_I3,70.666667,background_nearest,2.0,0.0,-2.0
D3_AB_I3,71.666667,confirmed_wrong_surface,11.0,60.0,49.0
D3_AB_I3,71.666667,full_confirmed_wrong_surface,11.0,251.0,240.0
D3_AB_I3,71.666667,common_confirmed_wrong_surface,11.0,251.0,240.0
D3_AB_I3,71.666667,object_nearest,9.0,60.0,51.0
D3_AB_I3,71.666667,background_nearest,2.0,0.0,-2.0
D3_AB_I3,71.966667,confirmed_wrong_surface,11.0,60.0,49.0
D3_AB_I3,71.966667,full_confirmed_wrong_surface,11.0,251.0,240.0
D3_AB_I3,71.966667,common_confirmed_wrong_surface,11.0,251.0,240.0
D3_AB_I3,71.966667,object_nearest,9.0,60.0,51.0
D3_AB_I3,71.966667,background_nearest,2.0,0.0,-2.0
D3_AB_I3,72.666667,confirmed_wrong_surface,11.0,60.0,49.0
D3_AB_I3,72.666667,full_confirmed_wrong_surface,11.0,257.0,246.0
D3_AB_I3,72.666667,common_confirmed_wrong_surface,11.0,257.0,246.0
D3_AB_I3,72.666667,object_nearest,9.0,60.0,51.0
D3_AB_I3,72.666667,background_nearest,2.0,0.0,-2.0
D3_AB_I3,73.666667,confirmed_wrong_surface,11.0,60.0,49.0
D3_AB_I3,73.666667,full_confirmed_wrong_surface,11.0,260.0,249.0
D3_AB_I3,73.666667,common_confirmed_wrong_surface,11.0,260.0,249.0
D3_AB_I3,73.666667,object_nearest,9.0,60.0,51.0
D3_AB_I3,73.666667,background_nearest,2.0,0.0,-2.0
D3_AB_I3,74.1,confirmed_wrong_surface,11.0,60.0,49.0
D3_AB_I3,74.1,full_confirmed_wrong_surface,11.0,260.0,249.0
D3_AB_I3,74.1,common_confirmed_wrong_surface,11.0,260.0,249.0
D3_AB_I3,74.1,object_nearest,9.0,60.0,51.0
D3_AB_I3,74.1,background_nearest,2.0,0.0,-2.0
D3_AB_I3,74.666667,confirmed_wrong_surface,11.0,60.0,49.0
D3_AB_I3,74.666667,full_confirmed_wrong_surface,11.0,266.0,255.0
D3_AB_I3,74.666667,common_confirmed_wrong_surface,11.0,266.0,255.0
D3_AB_I3,74.666667,object_nearest,9.0,60.0,51.0
D3_AB_I3,74.666667,background_nearest,2.0,0.0,-2.0
D3_AB_I3,75.7,confirmed_wrong_surface,11.0,60.0,49.0
D3_AB_I3,75.7,full_confirmed_wrong_surface,11.0,266.0,255.0
D3_AB_I3,75.7,common_confirmed_wrong_surface,11.0,266.0,255.0
D3_AB_I3,75.7,object_nearest,9.0,60.0,51.0
D3_AB_I3,75.7,background_nearest,2.0,0.0,-2.0
D3_AB_I3,76.233323,confirmed_wrong_surface,11.0,60.0,49.0
D3_AB_I3,76.233323,full_confirmed_wrong_surface,11.0,266.0,255.0
D3_AB_I3,76.233323,common_confirmed_wrong_surface,11.0,266.0,255.0
D3_AB_I3,76.233323,object_nearest,9.0,60.0,51.0
D3_AB_I3,76.233323,background_nearest,2.0,0.0,-2.0
D3_AB_I3,76.733323,confirmed_wrong_surface,11.0,60.0,49.0
D3_AB_I3,76.733323,full_confirmed_wrong_surface,11.0,266.0,255.0
D3_AB_I3,76.733323,common_confirmed_wrong_surface,11.0,266.0,255.0
D3_AB_I3,76.733323,object_nearest,9.0,60.0,51.0
D3_AB_I3,76.733323,background_nearest,2.0,0.0,-2.0
D3_AB_I3,77.733334,confirmed_wrong_surface,11.0,60.0,49.0
D3_AB_I3,77.733334,full_confirmed_wrong_surface,11.0,266.0,255.0
D3_AB_I3,77.733334,common_confirmed_wrong_surface,11.0,266.0,255.0
D3_AB_I3,77.733334,object_nearest,9.0,60.0,51.0
D3_AB_I3,77.733334,background_nearest,2.0,0.0,-2.0
D3_AB_I3,78.333345,confirmed_wrong_surface,11.0,60.0,49.0
D3_AB_I3,78.333345,full_confirmed_wrong_surface,11.0,266.0,255.0
D3_AB_I3,78.333345,common_confirmed_wrong_surface,11.0,266.0,255.0
D3_AB_I3,78.333345,object_nearest,9.0,60.0,51.0
D3_AB_I3,78.333345,background_nearest,2.0,0.0,-2.0
D3_AB_I3,78.766656,confirmed_wrong_surface,11.0,60.0,49.0
D3_AB_I3,78.766656,full_confirmed_wrong_surface,11.0,266.0,255.0
D3_AB_I3,78.766656,common_confirmed_wrong_surface,11.0,266.0,255.0
D3_AB_I3,78.766656,object_nearest,9.0,60.0,51.0
D3_AB_I3,78.766656,background_nearest,2.0,0.0,-2.0
D3_AB_I3,79.766667,confirmed_wrong_surface,11.0,60.0,49.0
D3_AB_I3,79.766667,full_confirmed_wrong_surface,11.0,266.0,255.0
D3_AB_I3,79.766667,common_confirmed_wrong_surface,11.0,266.0,255.0
D3_AB_I3,79.766667,object_nearest,9.0,60.0,51.0
D3_AB_I3,79.766667,background_nearest,2.0,0.0,-2.0
D3_AB_I3,80.466667,confirmed_wrong_surface,9.0,60.0,51.0
D3_AB_I3,80.466667,full_confirmed_wrong_surface,9.0,266.0,257.0
D3_AB_I3,80.466667,common_confirmed_wrong_surface,9.0,266.0,257.0
D3_AB_I3,80.466667,object_nearest,9.0,60.0,51.0
D3_AB_I3,80.8,confirmed_wrong_surface,9.0,60.0,51.0
D3_AB_I3,80.8,full_confirmed_wrong_surface,9.0,266.0,257.0
D3_AB_I3,80.8,common_confirmed_wrong_surface,9.0,266.0,257.0
D3_AB_I3,80.8,object_nearest,9.0,60.0,51.0
D3_AB_I3,81.8,confirmed_wrong_surface,9.0,60.0,51.0
D3_AB_I3,81.8,full_confirmed_wrong_surface,9.0,266.0,257.0
D3_AB_I3,81.8,common_confirmed_wrong_surface,9.0,266.0,257.0
D3_AB_I3,81.8,object_nearest,9.0,60.0,51.0
D3_AB_I3,82.6,confirmed_wrong_surface,9.0,60.0,51.0
D3_AB_I3,82.6,full_confirmed_wrong_surface,9.0,266.0,257.0
D3_AB_I3,82.6,common_confirmed_wrong_surface,9.0,266.0,257.0
D3_AB_I3,82.6,object_nearest,9.0,60.0,51.0
D3_AB_I3,82.8,confirmed_wrong_surface,9.0,60.0,51.0
D3_AB_I3,82.8,full_confirmed_wrong_surface,9.0,266.0,257.0
D3_AB_I3,82.8,common_confirmed_wrong_surface,9.0,266.0,257.0
D3_AB_I3,82.8,object_nearest,9.0,60.0,51.0
D3_AB_I3,83.833334,confirmed_wrong_surface,9.0,60.0,51.0
D3_AB_I3,83.833334,full_confirmed_wrong_surface,9.0,266.0,257.0
D3_AB_I3,83.833334,common_confirmed_wrong_surface,9.0,266.0,257.0
D3_AB_I3,83.833334,object_nearest,9.0,60.0,51.0
D3_AB_I3,84.700011,confirmed_wrong_surface,9.0,60.0,51.0
D3_AB_I3,84.700011,full_confirmed_wrong_surface,9.0,266.0,257.0
D3_AB_I3,84.700011,common_confirmed_wrong_surface,9.0,266.0,257.0
D3_AB_I3,84.700011,object_nearest,9.0,60.0,51.0
D3_AB_I3,84.833334,confirmed_wrong_surface,9.0,60.0,51.0
D3_AB_I3,84.833334,full_confirmed_wrong_surface,9.0,266.0,257.0
D3_AB_I3,84.833334,common_confirmed_wrong_surface,9.0,266.0,257.0
D3_AB_I3,84.833334,object_nearest,9.0,60.0,51.0
D3_AB_I3,85.833334,confirmed_wrong_surface,9.0,60.0,51.0
D3_AB_I3,85.833334,full_confirmed_wrong_surface,9.0,266.0,257.0
D3_AB_I3,85.833334,common_confirmed_wrong_surface,9.0,266.0,257.0
D3_AB_I3,85.833334,object_nearest,9.0,60.0,51.0
D3_AB_I3,86.8,confirmed_wrong_surface,9.0,60.0,51.0
D3_AB_I3,86.8,full_confirmed_wrong_surface,9.0,266.0,257.0
D3_AB_I3,86.8,common_confirmed_wrong_surface,9.0,266.0,257.0
D3_AB_I3,86.8,object_nearest,9.0,60.0,51.0
D3_AB_I3,86.833334,confirmed_wrong_surface,9.0,60.0,51.0
D3_AB_I3,86.833334,full_confirmed_wrong_surface,9.0,266.0,257.0
D3_AB_I3,86.833334,common_confirmed_wrong_surface,9.0,266.0,257.0
D3_AB_I3,86.833334,object_nearest,9.0,60.0,51.0
D3_AB_I3,87.833334,confirmed_wrong_surface,9.0,60.0,51.0
D3_AB_I3,87.833334,full_confirmed_wrong_surface,9.0,266.0,257.0
D3_AB_I3,87.833334,common_confirmed_wrong_surface,9.0,266.0,257.0
D3_AB_I3,87.833334,object_nearest,9.0,60.0,51.0
D3_AB_I3,88.866667,confirmed_wrong_surface,9.0,60.0,51.0
D3_AB_I3,88.866667,full_confirmed_wrong_surface,9.0,266.0,257.0
D3_AB_I3,88.866667,common_confirmed_wrong_surface,9.0,266.0,257.0
D3_AB_I3,88.866667,object_nearest,9.0,60.0,51.0
D3_AB_I3,88.966667,confirmed_wrong_surface,9.0,60.0,51.0
D3_AB_I3,88.966667,full_confirmed_wrong_surface,9.0,266.0,257.0
D3_AB_I3,88.966667,common_confirmed_wrong_surface,9.0,266.0,257.0
D3_AB_I3,88.966667,object_nearest,9.0,60.0,51.0
D3_AB_I3,89.866667,confirmed_wrong_surface,9.0,60.0,51.0
D3_AB_I3,89.866667,full_confirmed_wrong_surface,9.0,266.0,257.0
D3_AB_I3,89.866667,common_confirmed_wrong_surface,9.0,266.0,257.0
D3_AB_I3,89.866667,object_nearest,9.0,60.0,51.0
D3_AB_I3,90.866667,confirmed_wrong_surface,9.0,60.0,51.0
D3_AB_I3,90.866667,full_confirmed_wrong_surface,9.0,266.0,257.0
D3_AB_I3,90.866667,common_confirmed_wrong_surface,9.0,266.0,257.0
D3_AB_I3,90.866667,object_nearest,9.0,60.0,51.0
D3_AB_I3,91.099989,confirmed_wrong_surface,9.0,60.0,51.0
D3_AB_I3,91.099989,full_confirmed_wrong_surface,9.0,266.0,257.0
D3_AB_I3,91.099989,common_confirmed_wrong_surface,9.0,266.0,257.0
D3_AB_I3,91.099989,object_nearest,9.0,60.0,51.0
D3_AB_I3,91.866667,confirmed_wrong_surface,9.0,60.0,51.0
D3_AB_I3,91.866667,full_confirmed_wrong_surface,9.0,266.0,257.0
D3_AB_I3,91.866667,common_confirmed_wrong_surface,9.0,266.0,257.0
D3_AB_I3,91.866667,object_nearest,9.0,60.0,51.0
D3_AB_I3,92.899989,confirmed_wrong_surface,9.0,60.0,51.0
D3_AB_I3,92.899989,full_confirmed_wrong_surface,9.0,266.0,257.0
D3_AB_I3,92.899989,common_confirmed_wrong_surface,9.0,266.0,257.0
D3_AB_I3,92.899989,object_nearest,9.0,60.0,51.0
D3_AB_I3,93.233323,confirmed_wrong_surface,9.0,60.0,51.0
D3_AB_I3,93.233323,full_confirmed_wrong_surface,9.0,266.0,257.0
D3_AB_I3,93.233323,common_confirmed_wrong_surface,9.0,266.0,257.0
D3_AB_I3,93.233323,object_nearest,9.0,60.0,51.0
D3_AB_I3,93.899989,confirmed_wrong_surface,9.0,60.0,51.0
D3_AB_I3,93.899989,full_confirmed_wrong_surface,9.0,266.0,257.0
D3_AB_I3,93.899989,common_confirmed_wrong_surface,9.0,266.0,257.0
D3_AB_I3,93.899989,object_nearest,9.0,60.0,51.0
D3_AB_I3,94.9,confirmed_wrong_surface,9.0,60.0,51.0
D3_AB_I3,94.9,full_confirmed_wrong_surface,9.0,266.0,257.0
D3_AB_I3,94.9,common_confirmed_wrong_surface,9.0,266.0,257.0
D3_AB_I3,94.9,object_nearest,9.0,60.0,51.0
D3_AB_I3,95.333323,confirmed_wrong_surface,9.0,60.0,51.0
D3_AB_I3,95.333323,full_confirmed_wrong_surface,9.0,266.0,257.0
D3_AB_I3,95.333323,common_confirmed_wrong_surface,9.0,266.0,257.0
D3_AB_I3,95.333323,object_nearest,9.0,60.0,51.0
D3_AB_I3,95.9,confirmed_wrong_surface,9.0,60.0,51.0
D3_AB_I3,95.9,full_confirmed_wrong_surface,9.0,266.0,257.0
D3_AB_I3,95.9,common_confirmed_wrong_surface,9.0,266.0,257.0
D3_AB_I3,95.9,object_nearest,9.0,60.0,51.0
D3_AB_I3,96.933323,confirmed_wrong_surface,9.0,60.0,51.0
D3_AB_I3,96.933323,full_confirmed_wrong_surface,9.0,266.0,257.0
D3_AB_I3,96.933323,common_confirmed_wrong_surface,9.0,266.0,257.0
D3_AB_I3,96.933323,object_nearest,9.0,60.0,51.0
D3_AB_I3,97.5,confirmed_wrong_surface,9.0,60.0,51.0
D3_AB_I3,97.5,full_confirmed_wrong_surface,9.0,266.0,257.0
D3_AB_I3,97.5,common_confirmed_wrong_surface,9.0,266.0,257.0
D3_AB_I3,97.5,object_nearest,9.0,60.0,51.0
D3_AB_I3,97.933334,confirmed_wrong_surface,9.0,60.0,51.0
D3_AB_I3,97.933334,full_confirmed_wrong_surface,9.0,266.0,257.0
D3_AB_I3,97.933334,common_confirmed_wrong_surface,9.0,266.0,257.0
D3_AB_I3,97.933334,object_nearest,9.0,60.0,51.0
D3_AB_I3,98.933334,confirmed_wrong_surface,9.0,60.0,51.0
D3_AB_I3,98.933334,full_confirmed_wrong_surface,9.0,266.0,257.0
D3_AB_I3,98.933334,common_confirmed_wrong_surface,9.0,266.0,257.0
D3_AB_I3,98.933334,object_nearest,9.0,60.0,51.0
D3_AB_I3,99.666656,confirmed_wrong_surface,9.0,60.0,51.0
D3_AB_I3,99.666656,full_confirmed_wrong_surface,9.0,266.0,257.0
D3_AB_I3,99.666656,common_confirmed_wrong_surface,9.0,266.0,257.0
D3_AB_I3,99.666656,object_nearest,9.0,60.0,51.0
D3_AB_I3,99.966656,confirmed_wrong_surface,9.0,60.0,51.0
D3_AB_I3,99.966656,full_confirmed_wrong_surface,9.0,266.0,257.0
D3_AB_I3,99.966656,common_confirmed_wrong_surface,9.0,266.0,257.0
D3_AB_I3,99.966656,object_nearest,9.0,60.0,51.0
