stage,line,mechanism,physical_id,stamp_ns,payload
a,116,FAST_DDS_ACK_CONTRACT_OK,,,FAST_DDS_ACK_CONTRACT_OK topic=/session_update/frame_processed reliability=RELIABLE initial_heartbeat_ns=1000000 heartbeat_ns=10000000 nack_response_ns=1000000
a,462,OBJECT_EXTRACTION_INPUT,52,,OBJECT_EXTRACTION_INPUT inst=52 first=1000000000 last=1633333333 observations=20 dynamic=0 motion_history=0 last_motion=0 displacement=0 static_fallback=0
a,463,STATIC_SURFACE_FRAMES,52,,STATIC_SURFACE_FRAMES inst=52 candidates=6 selected=6 first=1066666667 last=1566666667
a,464,OBJECT_EXTRACTION_INPUT,149,,OBJECT_EXTRACTION_INPUT inst=149 first=1000000000 last=2733333333 observations=53 dynamic=0 motion_history=0 last_motion=0 displacement=0 static_fallback=0
a,465,OBJECT_EXTRACTION_INPUT,48,,OBJECT_EXTRACTION_INPUT inst=48 first=1000000000 last=2566666667 observations=48 dynamic=0 motion_history=0 last_motion=0 displacement=0 static_fallback=0
a,466,STATIC_SURFACE_FRAMES,48,,STATIC_SURFACE_FRAMES inst=48 candidates=16 selected=16 first=1066666667 last=2566666667
a,467,STATIC_SURFACE_FRAMES,149,,STATIC_SURFACE_FRAMES inst=149 candidates=17 selected=17 first=1066666667 last=2666666667
a,468,OBJECT_EXTRACTION_INPUT,68,,OBJECT_EXTRACTION_INPUT inst=68 first=1000000000 last=3000000000 observations=61 dynamic=0 motion_history=0 last_motion=0 displacement=0 static_fallback=0
a,469,OBJECT_EXTRACTION_INPUT,71,,OBJECT_EXTRACTION_INPUT inst=71 first=1433333333 last=3066666667 observations=50 dynamic=0 motion_history=0 last_motion=0 displacement=0 static_fallback=0
a,470,STATIC_SURFACE_FRAMES,71,,STATIC_SURFACE_FRAMES inst=71 candidates=17 selected=17 first=1466666667 last=3066666667
a,471,STATIC_SURFACE_FRAMES,68,,STATIC_SURFACE_FRAMES inst=68 candidates=20 selected=20 first=1066666667 last=2966666667
a,480,OBJECT_EXTRACTION_INPUT,16,,OBJECT_EXTRACTION_INPUT inst=16 first=1266666667 last=3233333333 observations=60 dynamic=0 motion_history=0 last_motion=0 displacement=0 static_fallback=0
a,481,OBJECT_EXTRACTION_INPUT,69,,OBJECT_EXTRACTION_INPUT inst=69 first=1066666667 last=3233333333 observations=66 dynamic=0 motion_history=0 last_motion=0 displacement=0 static_fallback=0
a,482,STATIC_SURFACE_FRAMES,16,,STATIC_SURFACE_FRAMES inst=16 candidates=20 selected=20 first=1266666667 last=3166666667
a,483,OBJECT_EXTRACTION_INPUT,15,,OBJECT_EXTRACTION_INPUT inst=15 first=1300000000 last=3233333333 observations=59 dynamic=0 motion_history=0 last_motion=0 displacement=0 static_fallback=0
a,484,STATIC_SURFACE_FRAMES,69,,STATIC_SURFACE_FRAMES inst=69 candidates=22 selected=22 first=1066666667 last=3166666667
a,485,STATIC_SURFACE_FRAMES,15,,STATIC_SURFACE_FRAMES inst=15 candidates=19 selected=19 first=1366666667 last=3166666667
a,486,OBJECT_EXTRACTION_INPUT,126,,OBJECT_EXTRACTION_INPUT inst=126 first=1300000000 last=3266666667 observations=60 dynamic=0 motion_history=0 last_motion=0 displacement=0 static_fallback=0
a,487,STATIC_SURFACE_FRAMES,126,,STATIC_SURFACE_FRAMES inst=126 candidates=20 selected=20 first=1366666667 last=3266666667
a,489,OBJECT_EXTRACTION_INPUT,124,,OBJECT_EXTRACTION_INPUT inst=124 first=1366666667 last=3300000000 observations=59 dynamic=0 motion_history=0 last_motion=0 displacement=0 static_fallback=0
a,490,STATIC_SURFACE_FRAMES,124,,STATIC_SURFACE_FRAMES inst=124 candidates=20 selected=20 first=1366666667 last=3266666667
a,491,OBJECT_EXTRACTION_INPUT,125,,OBJECT_EXTRACTION_INPUT inst=125 first=1433333333 last=3400000000 observations=60 dynamic=0 motion_history=0 last_motion=0 displacement=0 static_fallback=0
a,492,STATIC_SURFACE_FRAMES,125,,STATIC_SURFACE_FRAMES inst=125 candidates=20 selected=20 first=1466666667 last=3366666667
a,493,OBJECT_EXTRACTION_INPUT,181,,OBJECT_EXTRACTION_INPUT inst=181 first=1833333333 last=3800000000 observations=60 dynamic=0 motion_history=0 last_motion=0 displacement=0 static_fallback=0
a,494,STATIC_SURFACE_FRAMES,181,,STATIC_SURFACE_FRAMES inst=181 candidates=20 selected=20 first=1866666667 last=3766666667
a,495,OBJECT_EXTRACTION_INPUT,80,,OBJECT_EXTRACTION_INPUT inst=80 first=2400000000 last=4300000000 observations=58 dynamic=0 motion_history=0 last_motion=0 displacement=0 static_fallback=0
a,496,OBJECT_EXTRACTION_INPUT,79,,OBJECT_EXTRACTION_INPUT inst=79 first=2333333333 last=4333333333 observations=61 dynamic=0 motion_history=0 last_motion=0 displacement=0 static_fallback=0
a,497,STATIC_SURFACE_FRAMES,80,,STATIC_SURFACE_FRAMES inst=80 candidates=19 selected=19 first=2466666667 last=4266666667
a,498,OBJECT_EXTRACTION_INPUT,170,,OBJECT_EXTRACTION_INPUT inst=170 first=2400000000 last=4433333333 observations=62 dynamic=0 motion_history=0 last_motion=0 displacement=0 static_fallback=0
a,499,STATIC_SURFACE_FRAMES,79,,STATIC_SURFACE_FRAMES inst=79 candidates=20 selected=20 first=2366666667 last=4266666667
a,500,OBJECT_EXTRACTION_INPUT,81,,OBJECT_EXTRACTION_INPUT inst=81 first=2466666667 last=4333333333 observations=57 dynamic=0 motion_history=0 last_motion=0 displacement=0 static_fallback=0
a,501,STATIC_SURFACE_FRAMES,81,,STATIC_SURFACE_FRAMES inst=81 candidates=19 selected=19 first=2466666667 last=4266666667
a,502,OBJECT_EXTRACTION_INPUT,39,,OBJECT_EXTRACTION_INPUT inst=39 first=3333333333 last=4300000000 observations=30 dynamic=0 motion_history=0 last_motion=0 displacement=0 static_fallback=0
a,503,STATIC_SURFACE_FRAMES,170,,STATIC_SURFACE_FRAMES inst=170 candidates=20 selected=20 first=2466666667 last=4366666667
a,504,OBJECT_EXTRACTION_INPUT,40,,OBJECT_EXTRACTION_INPUT inst=40 first=3333333333 last=4366666667 observations=32 dynamic=0 motion_history=0 last_motion=0 displacement=0 static_fallback=0
a,505,STATIC_SURFACE_FRAMES,39,,STATIC_SURFACE_FRAMES inst=39 candidates=10 selected=10 first=3366666667 last=4266666667
a,506,OBJECT_EXTRACTION_INPUT,38,,OBJECT_EXTRACTION_INPUT inst=38 first=3433333333 last=4466666667 observations=32 dynamic=0 motion_history=0 last_motion=0 displacement=0 static_fallback=0
a,507,STATIC_SURFACE_FRAMES,40,,STATIC_SURFACE_FRAMES inst=40 candidates=11 selected=11 first=3366666667 last=4366666667
a,508,OBJECT_EXTRACTION_INPUT,31,,OBJECT_EXTRACTION_INPUT inst=31 first=3433333333 last=4466666667 observations=32 dynamic=0 motion_history=0 last_motion=0 displacement=0 static_fallback=0
a,509,STATIC_SURFACE_FRAMES,38,,STATIC_SURFACE_FRAMES inst=38 candidates=11 selected=11 first=3466666667 last=4466666667
a,510,STATIC_SURFACE_FRAMES,31,,STATIC_SURFACE_FRAMES inst=31 candidates=11 selected=11 first=3466666667 last=4466666667
a,511,OBJECT_EXTRACTION_INPUT,89,,OBJECT_EXTRACTION_INPUT inst=89 first=1466666667 last=4800000000 observations=101 dynamic=0 motion_history=0 last_motion=0 displacement=0 static_fallback=0
a,512,OBJECT_EXTRACTION_INPUT,117,,OBJECT_EXTRACTION_INPUT inst=117 first=1900000000 last=4600000000 observations=71 dynamic=0 motion_history=0 last_motion=0 displacement=0 static_fallback=0
a,513,STATIC_SURFACE_FRAMES,117,,STATIC_SURFACE_FRAMES inst=117 candidates=23 selected=23 first=1966666667 last=4566666667
a,514,OBJECT_EXTRACTION_INPUT,44,,OBJECT_EXTRACTION_INPUT inst=44 first=2633333333 last=4833333333 observations=67 dynamic=0 motion_history=0 last_motion=0 displacement=0 static_fallback=0
a,515,STATIC_SURFACE_FRAMES,44,,STATIC_SURFACE_FRAMES inst=44 candidates=22 selected=22 first=2666666667 last=4766666667
a,516,OBJECT_EXTRACTION_INPUT,24,,OBJECT_EXTRACTION_INPUT inst=24 first=2833333333 last=4900000000 observations=63 dynamic=0 motion_history=0 last_motion=0 displacement=0 static_fallback=0
a,517,STATIC_SURFACE_FRAMES,89,,STATIC_SURFACE_FRAMES inst=89 candidates=34 selected=34 first=1466666667 last=4766666667
a,518,STATIC_SURFACE_FRAMES,24,,STATIC_SURFACE_FRAMES inst=24 candidates=21 selected=21 first=2866666667 last=4866666667
a,519,OBJECT_EXTRACTION_INPUT,131,,OBJECT_EXTRACTION_INPUT inst=131 first=2833333333 last=4900000000 observations=63 dynamic=0 motion_history=0 last_motion=0 displacement=0 static_fallback=0
a,520,STATIC_SURFACE_FRAMES,131,,STATIC_SURFACE_FRAMES inst=131 candidates=21 selected=21 first=2866666667 last=4866666667
a,521,OBJECT_EXTRACTION_INPUT,25,,OBJECT_EXTRACTION_INPUT inst=25 first=2866666667 last=4900000000 observations=62 dynamic=0 motion_history=0 last_motion=0 displacement=0 static_fallback=0
a,522,STATIC_SURFACE_FRAMES,25,,STATIC_SURFACE_FRAMES inst=25 candidates=21 selected=21 first=2866666667 last=4866666667
a,523,OBJECT_EXTRACTION_INPUT,22,,OBJECT_EXTRACTION_INPUT inst=22 first=2866666667 last=4866666667 observations=61 dynamic=0 motion_history=0 last_motion=0 displacement=0 static_fallback=0
a,524,STATIC_SURFACE_FRAMES,22,,STATIC_SURFACE_FRAMES inst=22 candidates=21 selected=21 first=2866666667 last=4866666667
a,525,OBJECT_EXTRACTION_INPUT,21,,OBJECT_EXTRACTION_INPUT inst=21 first=2866666667 last=4866666667 observations=61 dynamic=0 motion_history=0 last_motion=0 displacement=0 static_fallback=0
a,526,STATIC_SURFACE_FRAMES,21,,STATIC_SURFACE_FRAMES inst=21 candidates=21 selected=21 first=2866666667 last=4866666667
a,527,OBJECT_EXTRACTION_INPUT,26,,OBJECT_EXTRACTION_INPUT inst=26 first=2900000000 last=4833333333 observations=59 dynamic=0 motion_history=0 last_motion=0 displacement=0 static_fallback=0
a,528,STATIC_SURFACE_FRAMES,26,,STATIC_SURFACE_FRAMES inst=26 candidates=19 selected=19 first=2966666667 last=4766666667
a,529,OBJECT_EXTRACTION_INPUT,205,,OBJECT_EXTRACTION_INPUT inst=205 first=2900000000 last=4866666667 observations=60 dynamic=0 motion_history=0 last_motion=0 displacement=0 static_fallback=0
a,530,STATIC_SURFACE_FRAMES,205,,STATIC_SURFACE_FRAMES inst=205 candidates=20 selected=20 first=2966666667 last=4866666667
a,531,OBJECT_EXTRACTION_INPUT,70,,OBJECT_EXTRACTION_INPUT inst=70 first=2900000000 last=4666666667 observations=54 dynamic=0 motion_history=0 last_motion=0 displacement=0 static_fallback=0
a,532,STATIC_SURFACE_FRAMES,70,,STATIC_SURFACE_FRAMES inst=70 candidates=18 selected=18 first=2966666667 last=4666666667
a,533,OBJECT_EXTRACTION_INPUT,23,,OBJECT_EXTRACTION_INPUT inst=23 first=2900000000 last=4866666667 observations=60 dynamic=0 motion_history=0 last_motion=0 displacement=0 static_fallback=0
a,534,STATIC_SURFACE_FRAMES,23,,STATIC_SURFACE_FRAMES inst=23 candidates=20 selected=20 first=2966666667 last=4866666667
a,535,OBJECT_EXTRACTION_INPUT,37,,OBJECT_EXTRACTION_INPUT inst=37 first=2933333333 last=4833333333 observations=58 dynamic=0 motion_history=0 last_motion=0 displacement=0 static_fallback=0
a,536,STATIC_SURFACE_FRAMES,37,,STATIC_SURFACE_FRAMES inst=37 candidates=19 selected=19 first=2966666667 last=4766666667
a,537,OBJECT_EXTRACTION_INPUT,36,,OBJECT_EXTRACTION_INPUT inst=36 first=2933333333 last=4833333333 observations=58 dynamic=0 motion_history=0 last_motion=0 displacement=0 static_fallback=0
a,538,STATIC_SURFACE_FRAMES,36,,STATIC_SURFACE_FRAMES inst=36 candidates=19 selected=19 first=2966666667 last=4766666667
a,539,OBJECT_EXTRACTION_INPUT,35,,OBJECT_EXTRACTION_INPUT inst=35 first=2933333333 last=4800000000 observations=57 dynamic=0 motion_history=0 last_motion=0 displacement=0 static_fallback=0
a,540,STATIC_SURFACE_FRAMES,35,,STATIC_SURFACE_FRAMES inst=35 candidates=19 selected=19 first=2966666667 last=4766666667
a,541,OBJECT_EXTRACTION_INPUT,34,,OBJECT_EXTRACTION_INPUT inst=34 first=2933333333 last=4833333333 observations=58 dynamic=0 motion_history=0 last_motion=0 displacement=0 static_fallback=0
a,542,STATIC_SURFACE_FRAMES,34,,STATIC_SURFACE_FRAMES inst=34 candidates=19 selected=19 first=2966666667 last=4766666667
a,543,OBJECT_EXTRACTION_INPUT,19,,OBJECT_EXTRACTION_INPUT inst=19 first=3300000000 last=4566666667 observations=39 dynamic=0 motion_history=0 last_motion=0 displacement=0 static_fallback=0
a,544,STATIC_SURFACE_FRAMES,19,,STATIC_SURFACE_FRAMES inst=19 candidates=13 selected=13 first=3366666667 last=4566666667
a,545,OBJECT_EXTRACTION_INPUT,28,,OBJECT_EXTRACTION_INPUT inst=28 first=3300000000 last=4533333333 observations=38 dynamic=0 motion_history=0 last_motion=0 displacement=0 static_fallback=0
a,546,STATIC_SURFACE_FRAMES,28,,STATIC_SURFACE_FRAMES inst=28 candidates=12 selected=12 first=3366666667 last=4466666667
a,547,OBJECT_EXTRACTION_INPUT,20,,OBJECT_EXTRACTION_INPUT inst=20 first=3300000000 last=4566666667 observations=39 dynamic=0 motion_history=0 last_motion=0 displacement=0 static_fallback=0
a,548,STATIC_SURFACE_FRAMES,20,,STATIC_SURFACE_FRAMES inst=20 candidates=13 selected=13 first=3366666667 last=4566666667
a,549,OBJECT_EXTRACTION_INPUT,33,,OBJECT_EXTRACTION_INPUT inst=33 first=3333333333 last=4533333333 observations=37 dynamic=0 motion_history=0 last_motion=0 displacement=0 static_fallback=0
a,550,STATIC_SURFACE_FRAMES,33,,STATIC_SURFACE_FRAMES inst=33 candidates=12 selected=12 first=3366666667 last=4466666667
a,551,OBJECT_EXTRACTION_INPUT,43,,OBJECT_EXTRACTION_INPUT inst=43 first=3333333333 last=4533333333 observations=37 dynamic=0 motion_history=0 last_motion=0 displacement=0 static_fallback=0
a,552,STATIC_SURFACE_FRAMES,43,,STATIC_SURFACE_FRAMES inst=43 candidates=12 selected=12 first=3366666667 last=4466666667
a,553,OBJECT_EXTRACTION_INPUT,41,,OBJECT_EXTRACTION_INPUT inst=41 first=3333333333 last=4533333333 observations=37 dynamic=0 motion_history=0 last_motion=0 displacement=0 static_fallback=0
a,554,STATIC_SURFACE_FRAMES,41,,STATIC_SURFACE_FRAMES inst=41 candidates=12 selected=12 first=3366666667 last=4466666667
a,555,OBJECT_EXTRACTION_INPUT,30,,OBJECT_EXTRACTION_INPUT inst=30 first=3333333333 last=4533333333 observations=37 dynamic=0 motion_history=0 last_motion=0 displacement=0 static_fallback=0
a,556,STATIC_SURFACE_FRAMES,30,,STATIC_SURFACE_FRAMES inst=30 candidates=12 selected=12 first=3366666667 last=4466666667
a,557,OBJECT_EXTRACTION_INPUT,32,,OBJECT_EXTRACTION_INPUT inst=32 first=3366666667 last=4500000000 observations=35 dynamic=0 motion_history=0 last_motion=0 displacement=0 static_fallback=0
a,558,STATIC_SURFACE_FRAMES,32,,STATIC_SURFACE_FRAMES inst=32 candidates=12 selected=12 first=3366666667 last=4466666667
a,559,OBJECT_EXTRACTION_INPUT,129,,OBJECT_EXTRACTION_INPUT inst=129 first=3366666667 last=4500000000 observations=35 dynamic=0 motion_history=0 last_motion=0 displacement=0 static_fallback=0
a,560,STATIC_SURFACE_FRAMES,129,,STATIC_SURFACE_FRAMES inst=129 candidates=12 selected=12 first=3366666667 last=4466666667
a,561,OBJECT_EXTRACTION_INPUT,27,,OBJECT_EXTRACTION_INPUT inst=27 first=3366666667 last=4500000000 observations=35 dynamic=0 motion_history=0 last_motion=0 displacement=0 static_fallback=0
a,562,STATIC_SURFACE_FRAMES,27,,STATIC_SURFACE_FRAMES inst=27 candidates=12 selected=12 first=3366666667 last=4466666667
a,563,OBJECT_EXTRACTION_INPUT,29,,OBJECT_EXTRACTION_INPUT inst=29 first=3400000000 last=4500000000 observations=34 dynamic=0 motion_history=0 last_motion=0 displacement=0 static_fallback=0
a,564,STATIC_SURFACE_FRAMES,29,,STATIC_SURFACE_FRAMES inst=29 candidates=11 selected=11 first=3466666667 last=4466666667
a,565,OBJECT_EXTRACTION_INPUT,42,,OBJECT_EXTRACTION_INPUT inst=42 first=3900000000 last=4700000000 observations=25 dynamic=0 motion_history=0 last_motion=0 displacement=0 static_fallback=0
a,566,STATIC_SURFACE_FRAMES,42,,STATIC_SURFACE_FRAMES inst=42 candidates=8 selected=8 first=3966666667 last=4666666667
a,567,OBJECT_EXTRACTION_INPUT,72,,OBJECT_EXTRACTION_INPUT inst=72 first=1733333333 last=5033333333 observations=85 dynamic=0 motion_history=0 last_motion=0 displacement=0 static_fallback=0
a,568,OBJECT_EXTRACTION_INPUT,17,,OBJECT_EXTRACTION_INPUT inst=17 first=2566666667 last=5166666667 observations=79 dynamic=0 motion_history=0 last_motion=0 displacement=0 static_fallback=0
a,569,STATIC_SURFACE_FRAMES,17,,STATIC_SURFACE_FRAMES inst=17 candidates=27 selected=27 first=2566666667 last=5166666667
a,570,OBJECT_EXTRACTION_INPUT,45,,OBJECT_EXTRACTION_INPUT inst=45 first=2566666667 last=5200000000 observations=80 dynamic=0 motion_history=0 last_motion=0 displacement=0 static_fallback=0
a,571,STATIC_SURFACE_FRAMES,72,,STATIC_SURFACE_FRAMES inst=72 candidates=28 selected=28 first=1766666667 last=4966666667
a,572,STATIC_SURFACE_FRAMES,45,,STATIC_SURFACE_FRAMES inst=45 candidates=27 selected=27 first=2566666667 last=5166666667
a,573,OBJECT_EXTRACTION_INPUT,18,,OBJECT_EXTRACTION_INPUT inst=18 first=2600000000 last=5166666667 observations=78 dynamic=0 motion_history=0 last_motion=0 displacement=0 static_fallback=0
a,574,STATIC_SURFACE_FRAMES,18,,STATIC_SURFACE_FRAMES inst=18 candidates=26 selected=26 first=2666666667 last=5166666667
a,575,OBJECT_EXTRACTION_INPUT,207,,OBJECT_EXTRACTION_INPUT inst=207 first=2600000000 last=5166666667 observations=78 dynamic=0 motion_history=0 last_motion=0 displacement=0 static_fallback=0
a,576,STATIC_SURFACE_FRAMES,207,,STATIC_SURFACE_FRAMES inst=207 candidates=26 selected=26 first=2666666667 last=5166666667
a,577,OBJECT_EXTRACTION_INPUT,128,,OBJECT_EXTRACTION_INPUT inst=128 first=2600000000 last=5166666667 observations=78 dynamic=0 motion_history=0 last_motion=0 displacement=0 static_fallback=0
a,578,STATIC_SURFACE_FRAMES,128,,STATIC_SURFACE_FRAMES inst=128 candidates=26 selected=26 first=2666666667 last=5166666667
a,579,OBJECT_EXTRACTION_INPUT,206,,OBJECT_EXTRACTION_INPUT inst=206 first=2633333333 last=5133333333 observations=76 dynamic=0 motion_history=0 last_motion=0 displacement=0 static_fallback=0
a,580,STATIC_SURFACE_FRAMES,206,,STATIC_SURFACE_FRAMES inst=206 candidates=25 selected=25 first=2666666667 last=5066666667
a,581,OBJECT_EXTRACTION_INPUT,127,,OBJECT_EXTRACTION_INPUT inst=127 first=2666666667 last=5100000000 observations=74 dynamic=0 motion_history=0 last_motion=0 displacement=0 static_fallback=0
a,582,STATIC_SURFACE_FRAMES,127,,STATIC_SURFACE_FRAMES inst=127 candidates=25 selected=25 first=2666666667 last=5066666667
a,583,OBJECT_EXTRACTION_INPUT,208,,OBJECT_EXTRACTION_INPUT inst=208 first=2666666667 last=5100000000 observations=74 dynamic=0 motion_history=0 last_motion=0 displacement=0 static_fallback=0
a,584,STATIC_SURFACE_FRAMES,208,,STATIC_SURFACE_FRAMES inst=208 candidates=25 selected=25 first=2666666667 last=5066666667
a,585,OBJECT_EXTRACTION_INPUT,204,,OBJECT_EXTRACTION_INPUT inst=204 first=2733333333 last=5033333333 observations=70 dynamic=0 motion_history=0 last_motion=0 displacement=0 static_fallback=0
a,586,STATIC_SURFACE_FRAMES,204,,STATIC_SURFACE_FRAMES inst=204 candidates=23 selected=23 first=2766666667 last=4966666667
a,587,OBJECT_EXTRACTION_INPUT,130,,OBJECT_EXTRACTION_INPUT inst=130 first=2766666667 last=5000000000 observations=68 dynamic=0 motion_history=0 last_motion=0 displacement=0 static_fallback=0
a,588,STATIC_SURFACE_FRAMES,130,,STATIC_SURFACE_FRAMES inst=130 candidates=23 selected=23 first=2766666667 last=4966666667
a,589,OBJECT_EXTRACTION_INPUT,163,,OBJECT_EXTRACTION_INPUT inst=163 first=1200000000 last=5433333333 observations=80 dynamic=0 motion_history=0 last_motion=0 displacement=0 static_fallback=0
a,590,OBJECT_EXTRACTION_INPUT,136,,OBJECT_EXTRACTION_INPUT inst=136 first=2333333333 last=5633333333 observations=100 dynamic=0 motion_history=0 last_motion=0 displacement=0 static_fallback=0
a,591,STATIC_SURFACE_FRAMES,163,,STATIC_SURFACE_FRAMES inst=163 candidates=26 selected=26 first=1266666667 last=5366666667
a,592,STATIC_SURFACE_FRAMES,136,,STATIC_SURFACE_FRAMES inst=136 candidates=33 selected=33 first=2366666667 last=5566666667
a,593,OBJECT_EXTRACTION_INPUT,56,,OBJECT_EXTRACTION_INPUT inst=56 first=2333333333 last=5466666667 observations=95 dynamic=0 motion_history=0 last_motion=0 displacement=0 static_fallback=0
a,594,STATIC_SURFACE_FRAMES,56,,STATIC_SURFACE_FRAMES inst=56 candidates=32 selected=32 first=2366666667 last=5466666667
a,595,OBJECT_EXTRACTION_INPUT,51,,OBJECT_EXTRACTION_INPUT inst=51 first=2133333333 last=5800000000 observations=111 dynamic=0 motion_history=0 last_motion=0 displacement=0 static_fallback=0
a,596,STATIC_SURFACE_FRAMES,51,,STATIC_SURFACE_FRAMES inst=51 candidates=37 selected=37 first=2166666667 last=5766666667
a,605,OBJECT_EXTRACTION_INPUT,164,,OBJECT_EXTRACTION_INPUT inst=164 first=1233333333 last=6333333333 observations=89 dynamic=0 motion_history=0 last_motion=0 displacement=0 static_fallback=0
a,606,OBJECT_EXTRACTION_INPUT,174,,OBJECT_EXTRACTION_INPUT inst=174 first=1666666667 last=6633333333 observations=125 dynamic=0 motion_history=0 last_motion=0 displacement=0 static_fallback=0
a,607,STATIC_SURFACE_FRAMES,164,,STATIC_SURFACE_FRAMES inst=164 candidates=30 selected=30 first=1266666667 last=6266666667
a,608,STATIC_SURFACE_FRAMES,174,,STATIC_SURFACE_FRAMES inst=174 candidates=42 selected=42 first=1666666667 last=6566666667
a,609,OBJECT_EXTRACTION_INPUT,171,,OBJECT_EXTRACTION_INPUT inst=171 first=1766666667 last=6466666667 observations=131 dynamic=0 motion_history=0 last_motion=0 displacement=0 static_fallback=0
a,610,STATIC_SURFACE_FRAMES,171,,STATIC_SURFACE_FRAMES inst=171 candidates=44 selected=44 first=1766666667 last=6466666667
a,612,OBJECT_EXTRACTION_INPUT,173,,OBJECT_EXTRACTION_INPUT inst=173 first=1466666667 last=7066666667 observations=123 dynamic=0 motion_history=0 last_motion=0 displacement=0 static_fallback=0
a,613,OBJECT_EXTRACTION_INPUT,175,,OBJECT_EXTRACTION_INPUT inst=175 first=1566666667 last=6833333333 observations=124 dynamic=0 motion_history=0 last_motion=0 displacement=0 static_fallback=0
a,614,STATIC_SURFACE_FRAMES,175,,STATIC_SURFACE_FRAMES inst=175 candidates=42 selected=42 first=1566666667 last=6766666667
a,615,STATIC_SURFACE_FRAMES,173,,STATIC_SURFACE_FRAMES inst=173 candidates=42 selected=42 first=1466666667 last=7066666667
a,616,OBJECT_EXTRACTION_INPUT,109,,OBJECT_EXTRACTION_INPUT inst=109 first=1300000000 last=7400000000 observations=135 dynamic=0 motion_history=0 last_motion=0 displacement=0 static_fallback=0
a,617,OBJECT_EXTRACTION_INPUT,155,,OBJECT_EXTRACTION_INPUT inst=155 first=1366666667 last=7266666667 observations=162 dynamic=0 motion_history=0 last_motion=0 displacement=0 static_fallback=0
a,618,STATIC_SURFACE_FRAMES,155,,STATIC_SURFACE_FRAMES inst=155 candidates=54 selected=54 first=1366666667 last=7266666667
a,619,STATIC_SURFACE_FRAMES,109,,STATIC_SURFACE_FRAMES inst=109 candidates=45 selected=45 first=1366666667 last=7366666667
a,620,OBJECT_EXTRACTION_INPUT,162,,OBJECT_EXTRACTION_INPUT inst=162 first=1100000000 last=7733333333 observations=127 dynamic=0 motion_history=0 last_motion=0 displacement=0 static_fallback=0
a,621,OBJECT_EXTRACTION_INPUT,167,,OBJECT_EXTRACTION_INPUT inst=167 first=1100000000 last=7700000000 observations=126 dynamic=0 motion_history=0 last_motion=0 displacement=0 static_fallback=0
a,622,STATIC_SURFACE_FRAMES,167,,STATIC_SURFACE_FRAMES inst=167 candidates=41 selected=41 first=1166666667 last=7666666667
a,623,STATIC_SURFACE_FRAMES,162,,STATIC_SURFACE_FRAMES inst=162 candidates=41 selected=41 first=1166666667 last=7666666667
a,624,OBJECT_EXTRACTION_INPUT,161,,OBJECT_EXTRACTION_INPUT inst=161 first=1133333333 last=7633333333 observations=128 dynamic=0 motion_history=0 last_motion=0 displacement=0 static_fallback=0
a,625,STATIC_SURFACE_FRAMES,161,,STATIC_SURFACE_FRAMES inst=161 candidates=42 selected=42 first=1166666667 last=7566666667
a,626,OBJECT_EXTRACTION_INPUT,10,,OBJECT_EXTRACTION_INPUT inst=10 first=5433333333 last=7566666667 observations=65 dynamic=0 motion_history=0 last_motion=0 displacement=0 static_fallback=0
a,627,STATIC_SURFACE_FRAMES,10,,STATIC_SURFACE_FRAMES inst=10 candidates=22 selected=22 first=5466666667 last=7566666667
a,628,OBJECT_EXTRACTION_INPUT,12,,OBJECT_EXTRACTION_INPUT inst=12 first=6366666667 last=7566666667 observations=37 dynamic=0 motion_history=0 last_motion=0 displacement=0 static_fallback=0
a,629,STATIC_SURFACE_FRAMES,12,,STATIC_SURFACE_FRAMES inst=12 candidates=13 selected=13 first=6366666667 last=7566666667
a,630,OBJECT_EXTRACTION_INPUT,11,,OBJECT_EXTRACTION_INPUT inst=11 first=6366666667 last=7566666667 observations=36 dynamic=0 motion_history=0 last_motion=0 displacement=0 static_fallback=0
a,631,STATIC_SURFACE_FRAMES,11,,STATIC_SURFACE_FRAMES inst=11 candidates=13 selected=13 first=6366666667 last=7566666667
a,632,OBJECT_EXTRACTION_INPUT,9,,OBJECT_EXTRACTION_INPUT inst=9 first=6633333333 last=7633333333 observations=30 dynamic=0 motion_history=0 last_motion=0 displacement=0 static_fallback=0
a,633,STATIC_SURFACE_FRAMES,9,,STATIC_SURFACE_FRAMES inst=9 candidates=10 selected=10 first=6666666667 last=7566666667
a,634,OBJECT_EXTRACTION_INPUT,82,,OBJECT_EXTRACTION_INPUT inst=82 first=6666666667 last=7633333333 observations=30 dynamic=0 motion_history=0 last_motion=0 displacement=0 static_fallback=0
a,635,STATIC_SURFACE_FRAMES,82,,STATIC_SURFACE_FRAMES inst=82 candidates=10 selected=10 first=6666666667 last=7566666667
a,636,OBJECT_EXTRACTION_INPUT,8,,OBJECT_EXTRACTION_INPUT inst=8 first=6666666667 last=7633333333 observations=30 dynamic=0 motion_history=0 last_motion=0 displacement=0 static_fallback=0
a,637,STATIC_SURFACE_FRAMES,8,,STATIC_SURFACE_FRAMES inst=8 candidates=10 selected=10 first=6666666667 last=7566666667
a,638,OBJECT_EXTRACTION_INPUT,119,,OBJECT_EXTRACTION_INPUT inst=119 first=6800000000 last=7633333333 observations=26 dynamic=0 motion_history=0 last_motion=0 displacement=0 static_fallback=0
a,639,STATIC_SURFACE_FRAMES,119,,STATIC_SURFACE_FRAMES inst=119 candidates=8 selected=8 first=6866666667 last=7566666667
a,640,INGEST,21,,INGEST inst=21 first=2s seg_verts=252 cur_verts=0 observed_verts=0
a,641,INGEST,48,,INGEST inst=48 first=1s seg_verts=3213 cur_verts=0 observed_verts=0
a,642,INGEST,52,,INGEST inst=52 first=1s seg_verts=2343 cur_verts=0 observed_verts=0
a,643,INGEST,56,,INGEST inst=56 first=2s seg_verts=26043 cur_verts=0 observed_verts=0
a,644,INGEST,68,,INGEST inst=68 first=1s seg_verts=1791 cur_verts=0 observed_verts=0
a,645,INGEST,69,,INGEST inst=69 first=1s seg_verts=1440 cur_verts=0 observed_verts=0
a,646,INGEST,70,,INGEST inst=70 first=2s seg_verts=1083 cur_verts=0 observed_verts=0
a,647,INGEST,71,,INGEST inst=71 first=1s seg_verts=192 cur_verts=0 observed_verts=0
a,648,INGEST,72,,INGEST inst=72 first=1s seg_verts=303 cur_verts=0 observed_verts=0
a,649,INGEST,89,,INGEST inst=89 first=1s seg_verts=4425 cur_verts=0 observed_verts=0
a,650,INGEST,109,,INGEST inst=109 first=1s seg_verts=7305 cur_verts=0 observed_verts=0
a,651,INGEST,126,,INGEST inst=126 first=1s seg_verts=291 cur_verts=0 observed_verts=0
a,652,INGEST,128,,INGEST inst=128 first=2s seg_verts=240 cur_verts=0 observed_verts=0
a,653,INGEST,136,,INGEST inst=136 first=2s seg_verts=1746 cur_verts=0 observed_verts=0
a,654,INGEST,149,,INGEST inst=149 first=1s seg_verts=873 cur_verts=0 observed_verts=0
a,655,INGEST,155,,INGEST inst=155 first=1s seg_verts=8868 cur_verts=0 observed_verts=0
a,656,INGEST,161,,INGEST inst=161 first=1s seg_verts=699 cur_verts=0 observed_verts=0
a,657,INGEST,162,,INGEST inst=162 first=1s seg_verts=468 cur_verts=0 observed_verts=0
a,658,INGEST,163,,INGEST inst=163 first=1s seg_verts=2070 cur_verts=0 observed_verts=0
a,659,INGEST,164,,INGEST inst=164 first=1s seg_verts=1350 cur_verts=0 observed_verts=0
a,660,INGEST,167,,INGEST inst=167 first=1s seg_verts=1029 cur_verts=0 observed_verts=0
a,661,INGEST,171,,INGEST inst=171 first=1s seg_verts=2577 cur_verts=0 observed_verts=0
a,662,INGEST,173,,INGEST inst=173 first=1s seg_verts=1152 cur_verts=0 observed_verts=0
a,663,INGEST,174,,INGEST inst=174 first=1s seg_verts=1104 cur_verts=0 observed_verts=0
a,664,INGEST,175,,INGEST inst=175 first=1s seg_verts=690 cur_verts=0 observed_verts=0
a,665,INGEST,205,,INGEST inst=205 first=2s seg_verts=306 cur_verts=0 observed_verts=0
a,666,OBJECT_EXTRACTION_INPUT,148,,OBJECT_EXTRACTION_INPUT inst=148 first=1000000000 last=8400000000 observations=127 dynamic=0 motion_history=0 last_motion=0 displacement=0 static_fallback=0
a,667,OBJECT_EXTRACTION_INPUT,147,,OBJECT_EXTRACTION_INPUT inst=147 first=1000000000 last=8400000000 observations=126 dynamic=0 motion_history=0 last_motion=0 displacement=0 static_fallback=0
a,668,STATIC_SURFACE_FRAMES,147,,STATIC_SURFACE_FRAMES inst=147 candidates=28 selected=28 first=1066666667 last=7066666667
a,669,STATIC_SURFACE_FRAMES,148,,STATIC_SURFACE_FRAMES inst=148 candidates=29 selected=29 first=1066666667 last=7066666667
a,670,OBJECT_EXTRACTION_INPUT,156,,OBJECT_EXTRACTION_INPUT inst=156 first=1000000000 last=8933333333 observations=154 dynamic=0 motion_history=0 last_motion=0 displacement=0 static_fallback=0
a,671,OBJECT_EXTRACTION_INPUT,149,,OBJECT_EXTRACTION_INPUT inst=149 first=6400000000 last=8833333333 observations=74 dynamic=0 motion_history=0 last_motion=0 displacement=0 static_fallback=0
a,672,STATIC_SURFACE_FRAMES,149,,STATIC_SURFACE_FRAMES inst=149 candidates=7 selected=7 first=6466666667 last=7066666667
a,673,STATIC_SURFACE_FRAMES,156,,STATIC_SURFACE_FRAMES inst=156 candidates=32 selected=32 first=1066666667 last=7066666667
a,682,OBJECT_EXTRACTION_INPUT,108,,OBJECT_EXTRACTION_INPUT inst=108 first=7133333333 last=9900000000 observations=84 dynamic=0 motion_history=0 last_motion=0 displacement=0 static_fallback=0
a,693,OBJECT_EXTRACTION_INPUT,16,,OBJECT_EXTRACTION_INPUT inst=16 first=13166666667 last=13900000000 observations=23 dynamic=0 motion_history=0 last_motion=0 displacement=0 static_fallback=0
a,694,OBJECT_EXTRACTION_INPUT,15,,OBJECT_EXTRACTION_INPUT inst=15 first=13200000000 last=13900000000 observations=22 dynamic=0 motion_history=0 last_motion=0 displacement=0 static_fallback=0
a,695,STATIC_SURFACE_FRAMES,15,,STATIC_SURFACE_FRAMES inst=15 candidates=7 selected=7 first=13266666667 last=13866666667
a,696,STATIC_SURFACE_FRAMES,16,,STATIC_SURFACE_FRAMES inst=16 candidates=8 selected=8 first=13166666667 last=13866666667
a,697,OBJECT_EXTRACTION_INPUT,48,,OBJECT_EXTRACTION_INPUT inst=48 first=11333333333 last=14266666667 observations=89 dynamic=0 motion_history=0 last_motion=0 displacement=0 static_fallback=0
a,698,STATIC_SURFACE_FRAMES,48,,STATIC_SURFACE_FRAMES inst=48 candidates=30 selected=30 first=11366666667 last=14266666667
a,707,OBJECT_EXTRACTION_INPUT,52,,OBJECT_EXTRACTION_INPUT inst=52 first=11700000000 last=15633333333 observations=119 dynamic=0 motion_history=0 last_motion=0 displacement=0 static_fallback=0
a,708,STATIC_SURFACE_FRAMES,52,,STATIC_SURFACE_FRAMES inst=52 candidates=39 selected=39 first=11766666667 last=15566666667
a,709,OBJECT_EXTRACTION_INPUT,5,,OBJECT_EXTRACTION_INPUT inst=5 first=12000000000 last=16100000000 observations=124 dynamic=0 motion_history=0 last_motion=0 displacement=0 static_fallback=0
a,710,OBJECT_EXTRACTION_INPUT,88,,OBJECT_EXTRACTION_INPUT inst=88 first=12066666667 last=16033333333 observations=120 dynamic=0 motion_history=0 last_motion=0 displacement=0 static_fallback=0
a,711,STATIC_SURFACE_FRAMES,88,,STATIC_SURFACE_FRAMES inst=88 candidates=40 selected=40 first=12066666667 last=15966666667
a,712,STATIC_SURFACE_FRAMES,5,,STATIC_SURFACE_FRAMES inst=5 candidates=41 selected=41 first=12066666667 last=16066666667
a,713,OBJECT_EXTRACTION_INPUT,71,,OBJECT_EXTRACTION_INPUT inst=71 first=12200000000 last=16433333333 observations=128 dynamic=0 motion_history=0 last_motion=0 displacement=0 static_fallback=0
a,714,OBJECT_EXTRACTION_INPUT,69,,OBJECT_EXTRACTION_INPUT inst=69 first=12266666667 last=16566666667 observations=130 dynamic=0 motion_history=0 last_motion=0 displacement=0 static_fallback=0
a,715,STATIC_SURFACE_FRAMES,69,,STATIC_SURFACE_FRAMES inst=69 candidates=44 selected=44 first=12266666667 last=16566666667
a,716,STATIC_SURFACE_FRAMES,71,,STATIC_SURFACE_FRAMES inst=71 candidates=42 selected=42 first=12266666667 last=16366666667
a,717,OBJECT_EXTRACTION_INPUT,112,,OBJECT_EXTRACTION_INPUT inst=112 first=12333333333 last=16400000000 observations=123 dynamic=0 motion_history=0 last_motion=0 displacement=0 static_fallback=0
a,718,OBJECT_EXTRACTION_INPUT,3,,OBJECT_EXTRACTION_INPUT inst=3 first=12766666667 last=16600000000 observations=116 dynamic=0 motion_history=0 last_motion=0 displacement=0 static_fallback=0
a,719,STATIC_SURFACE_FRAMES,3,,STATIC_SURFACE_FRAMES inst=3 candidates=39 selected=39 first=12766666667 last=16566666667
a,720,STATIC_SURFACE_FRAMES,112,,STATIC_SURFACE_FRAMES inst=112 candidates=41 selected=41 first=12366666667 last=16366666667
a,721,OBJECT_EXTRACTION_INPUT,163,,OBJECT_EXTRACTION_INPUT inst=163 first=12933333333 last=16300000000 observations=45 dynamic=0 motion_history=0 last_motion=0 displacement=0 static_fallback=0
a,722,STATIC_SURFACE_FRAMES,163,,STATIC_SURFACE_FRAMES inst=163 candidates=15 selected=15 first=12966666667 last=16266666667
a,723,OBJECT_EXTRACTION_INPUT,46,,OBJECT_EXTRACTION_INPUT inst=46 first=14500000000 last=16533333333 observations=35 dynamic=0 motion_history=0 last_motion=0 displacement=0 static_fallback=0
a,724,STATIC_SURFACE_FRAMES,46,,STATIC_SURFACE_FRAMES inst=46 candidates=9 selected=9 first=14866666667 last=16466666667
a,726,OBJECT_EXTRACTION_INPUT,57,,OBJECT_EXTRACTION_INPUT inst=57 first=12433333333 last=16933333333 observations=136 dynamic=0 motion_history=0 last_motion=0 displacement=0 static_fallback=0
a,727,OBJECT_EXTRACTION_INPUT,89,,OBJECT_EXTRACTION_INPUT inst=89 first=12433333333 last=17000000000 observations=138 dynamic=0 motion_history=0 last_motion=0 displacement=0 static_fallback=0
a,728,STATIC_SURFACE_FRAMES,89,,STATIC_SURFACE_FRAMES inst=89 candidates=46 selected=46 first=12466666667 last=16966666667
a,729,STATIC_SURFACE_FRAMES,57,,STATIC_SURFACE_FRAMES inst=57 candidates=45 selected=45 first=12466666667 last=16866666667
a,730,OBJECT_EXTRACTION_INPUT,117,,OBJECT_EXTRACTION_INPUT inst=117 first=12700000000 last=16700000000 observations=121 dynamic=0 motion_history=0 last_motion=0 displacement=0 static_fallback=0
a,731,STATIC_SURFACE_FRAMES,117,,STATIC_SURFACE_FRAMES inst=117 candidates=40 selected=40 first=12766666667 last=16666666667
a,732,OBJECT_EXTRACTION_INPUT,181,,OBJECT_EXTRACTION_INPUT inst=181 first=12700000000 last=16733333333 observations=122 dynamic=0 motion_history=0 last_motion=0 displacement=0 static_fallback=0
a,733,STATIC_SURFACE_FRAMES,181,,STATIC_SURFACE_FRAMES inst=181 candidates=40 selected=40 first=12766666667 last=16666666667
a,734,OBJECT_EXTRACTION_INPUT,1,,OBJECT_EXTRACTION_INPUT inst=1 first=12766666667 last=16666666667 observations=118 dynamic=0 motion_history=0 last_motion=0 displacement=0 static_fallback=0
a,735,STATIC_SURFACE_FRAMES,1,,STATIC_SURFACE_FRAMES inst=1 candidates=40 selected=40 first=12766666667 last=16666666667
a,736,OBJECT_EXTRACTION_INPUT,70,,OBJECT_EXTRACTION_INPUT inst=70 first=12800000000 last=16933333333 observations=125 dynamic=0 motion_history=0 last_motion=0 displacement=0 static_fallback=0
a,737,STATIC_SURFACE_FRAMES,70,,STATIC_SURFACE_FRAMES inst=70 candidates=41 selected=41 first=12866666667 last=16866666667
a,738,OBJECT_EXTRACTION_INPUT,180,,OBJECT_EXTRACTION_INPUT inst=180 first=12900000000 last=16833333333 observations=119 dynamic=0 motion_history=0 last_motion=0 displacement=0 static_fallback=0
a,739,STATIC_SURFACE_FRAMES,180,,STATIC_SURFACE_FRAMES inst=180 candidates=39 selected=39 first=12966666667 last=16766666667
a,740,OBJECT_EXTRACTION_INPUT,179,,OBJECT_EXTRACTION_INPUT inst=179 first=13000000000 last=16766666667 observations=80 dynamic=0 motion_history=0 last_motion=0 displacement=0 static_fallback=0
a,741,STATIC_SURFACE_FRAMES,179,,STATIC_SURFACE_FRAMES inst=179 candidates=27 selected=27 first=13066666667 last=16766666667
a,742,OBJECT_EXTRACTION_INPUT,153,,OBJECT_EXTRACTION_INPUT inst=153 first=13033333333 last=16900000000 observations=117 dynamic=0 motion_history=0 last_motion=0 displacement=0 static_fallback=0
a,743,STATIC_SURFACE_FRAMES,153,,STATIC_SURFACE_FRAMES inst=153 candidates=39 selected=39 first=13066666667 last=16866666667
a,744,OBJECT_EXTRACTION_INPUT,132,,OBJECT_EXTRACTION_INPUT inst=132 first=13066666667 last=16900000000 observations=116 dynamic=0 motion_history=0 last_motion=0 displacement=0 static_fallback=0
a,745,STATIC_SURFACE_FRAMES,132,,STATIC_SURFACE_FRAMES inst=132 candidates=39 selected=39 first=13066666667 last=16866666667
a,746,OBJECT_EXTRACTION_INPUT,114,,OBJECT_EXTRACTION_INPUT inst=114 first=14566666667 last=16900000000 observations=38 dynamic=0 motion_history=0 last_motion=0 displacement=0 static_fallback=0
a,747,STATIC_SURFACE_FRAMES,114,,STATIC_SURFACE_FRAMES inst=114 candidates=14 selected=14 first=14566666667 last=16866666667
a,748,OBJECT_EXTRACTION_INPUT,72,,OBJECT_EXTRACTION_INPUT inst=72 first=12933333333 last=17300000000 observations=116 dynamic=0 motion_history=0 last_motion=0 displacement=0 static_fallback=0
a,749,OBJECT_EXTRACTION_INPUT,40,,OBJECT_EXTRACTION_INPUT inst=40 first=13366666667 last=17233333333 observations=34 dynamic=0 motion_history=0 last_motion=0 displacement=0 static_fallback=0
a,750,STATIC_SURFACE_FRAMES,40,,STATIC_SURFACE_FRAMES inst=40 candidates=11 selected=11 first=13366666667 last=17166666667
a,751,OBJECT_EXTRACTION_INPUT,39,,OBJECT_EXTRACTION_INPUT inst=39 first=13400000000 last=17233333333 observations=29 dynamic=0 motion_history=0 last_motion=0 displacement=0 static_fallback=0
a,752,STATIC_SURFACE_FRAMES,39,,STATIC_SURFACE_FRAMES inst=39 candidates=9 selected=9 first=13466666667 last=17166666667
a,753,OBJECT_EXTRACTION_INPUT,19,,OBJECT_EXTRACTION_INPUT inst=19 first=13400000000 last=17133333333 observations=81 dynamic=0 motion_history=0 last_motion=0 displacement=0 static_fallback=0
a,754,STATIC_SURFACE_FRAMES,19,,STATIC_SURFACE_FRAMES inst=19 candidates=26 selected=26 first=13466666667 last=17066666667
a,755,OBJECT_EXTRACTION_INPUT,20,,OBJECT_EXTRACTION_INPUT inst=20 first=13400000000 last=17133333333 observations=77 dynamic=0 motion_history=0 last_motion=0 displacement=0 static_fallback=0
a,756,STATIC_SURFACE_FRAMES,20,,STATIC_SURFACE_FRAMES inst=20 candidates=26 selected=26 first=13466666667 last=17066666667
a,757,OBJECT_EXTRACTION_INPUT,33,,OBJECT_EXTRACTION_INPUT inst=33 first=13433333333 last=17133333333 observations=71 dynamic=0 motion_history=0 last_motion=0 displacement=0 static_fallback=0
a,758,STATIC_SURFACE_FRAMES,72,,STATIC_SURFACE_FRAMES inst=72 candidates=39 selected=39 first=12966666667 last=17266666667
a,759,STATIC_SURFACE_FRAMES,33,,STATIC_SURFACE_FRAMES inst=33 candidates=23 selected=23 first=13666666667 last=17066666667
a,760,OBJECT_EXTRACTION_INPUT,28,,OBJECT_EXTRACTION_INPUT inst=28 first=13433333333 last=17133333333 observations=76 dynamic=0 motion_history=0 last_motion=0 displacement=0 static_fallback=0
a,761,STATIC_SURFACE_FRAMES,28,,STATIC_SURFACE_FRAMES inst=28 candidates=25 selected=25 first=13466666667 last=17066666667
a,762,OBJECT_EXTRACTION_INPUT,31,,OBJECT_EXTRACTION_INPUT inst=31 first=13700000000 last=17100000000 observations=72 dynamic=0 motion_history=0 last_motion=0 displacement=0 static_fallback=0
a,763,STATIC_SURFACE_FRAMES,31,,STATIC_SURFACE_FRAMES inst=31 candidates=24 selected=24 first=13766666667 last=17066666667
a,764,OBJECT_EXTRACTION_INPUT,27,,OBJECT_EXTRACTION_INPUT inst=27 first=13733333333 last=17100000000 observations=69 dynamic=0 motion_history=0 last_motion=0 displacement=0 static_fallback=0
a,765,STATIC_SURFACE_FRAMES,27,,STATIC_SURFACE_FRAMES inst=27 candidates=23 selected=23 first=13766666667 last=17066666667
a,766,OBJECT_EXTRACTION_INPUT,38,,OBJECT_EXTRACTION_INPUT inst=38 first=15066666667 last=17100000000 observations=47 dynamic=0 motion_history=0 last_motion=0 displacement=0 static_fallback=0
a,767,STATIC_SURFACE_FRAMES,38,,STATIC_SURFACE_FRAMES inst=38 candidates=17 selected=17 first=15066666667 last=17066666667
a,768,OBJECT_EXTRACTION_INPUT,29,,OBJECT_EXTRACTION_INPUT inst=29 first=15100000000 last=17100000000 observations=58 dynamic=0 motion_history=0 last_motion=0 displacement=0 static_fallback=0
a,769,STATIC_SURFACE_FRAMES,29,,STATIC_SURFACE_FRAMES inst=29 candidates=20 selected=20 first=15166666667 last=17066666667
a,770,OBJECT_EXTRACTION_INPUT,21,,OBJECT_EXTRACTION_INPUT inst=21 first=15100000000 last=17333333333 observations=68 dynamic=0 motion_history=0 last_motion=0 displacement=0 static_fallback=0
a,771,STATIC_SURFACE_FRAMES,21,,STATIC_SURFACE_FRAMES inst=21 candidates=22 selected=22 first=15166666667 last=17266666667
a,772,OBJECT_EXTRACTION_INPUT,32,,OBJECT_EXTRACTION_INPUT inst=32 first=15100000000 last=17100000000 observations=58 dynamic=0 motion_history=0 last_motion=0 displacement=0 static_fallback=0
a,773,STATIC_SURFACE_FRAMES,32,,STATIC_SURFACE_FRAMES inst=32 candidates=17 selected=17 first=15166666667 last=17066666667
a,774,OBJECT_EXTRACTION_INPUT,43,,OBJECT_EXTRACTION_INPUT inst=43 first=15133333333 last=17100000000 observations=60 dynamic=0 motion_history=0 last_motion=0 displacement=0 static_fallback=0
a,775,STATIC_SURFACE_FRAMES,43,,STATIC_SURFACE_FRAMES inst=43 candidates=20 selected=20 first=15166666667 last=17066666667
a,776,OBJECT_EXTRACTION_INPUT,41,,OBJECT_EXTRACTION_INPUT inst=41 first=15133333333 last=17133333333 observations=61 dynamic=0 motion_history=0 last_motion=0 displacement=0 static_fallback=0
a,777,STATIC_SURFACE_FRAMES,41,,STATIC_SURFACE_FRAMES inst=41 candidates=20 selected=20 first=15166666667 last=17066666667
a,778,OBJECT_EXTRACTION_INPUT,30,,OBJECT_EXTRACTION_INPUT inst=30 first=15133333333 last=17133333333 observations=52 dynamic=0 motion_history=0 last_motion=0 displacement=0 static_fallback=0
a,779,STATIC_SURFACE_FRAMES,30,,STATIC_SURFACE_FRAMES inst=30 candidates=18 selected=18 first=15166666667 last=17066666667
a,780,OBJECT_EXTRACTION_INPUT,36,,OBJECT_EXTRACTION_INPUT inst=36 first=15366666667 last=17300000000 observations=59 dynamic=0 motion_history=0 last_motion=0 displacement=0 static_fallback=0
a,781,STATIC_SURFACE_FRAMES,36,,STATIC_SURFACE_FRAMES inst=36 candidates=20 selected=20 first=15366666667 last=17266666667
a,782,OBJECT_EXTRACTION_INPUT,35,,OBJECT_EXTRACTION_INPUT inst=35 first=15400000000 last=17266666667 observations=57 dynamic=0 motion_history=0 last_motion=0 displacement=0 static_fallback=0
a,783,STATIC_SURFACE_FRAMES,35,,STATIC_SURFACE_FRAMES inst=35 candidates=19 selected=19 first=15466666667 last=17266666667
a,784,OBJECT_EXTRACTION_INPUT,37,,OBJECT_EXTRACTION_INPUT inst=37 first=15400000000 last=17300000000 observations=58 dynamic=0 motion_history=0 last_motion=0 displacement=0 static_fallback=0
a,785,STATIC_SURFACE_FRAMES,37,,STATIC_SURFACE_FRAMES inst=37 candidates=19 selected=19 first=15466666667 last=17266666667
a,786,OBJECT_EXTRACTION_INPUT,205,,OBJECT_EXTRACTION_INPUT inst=205 first=15400000000 last=17366666667 observations=60 dynamic=0 motion_history=0 last_motion=0 displacement=0 static_fallback=0
a,787,STATIC_SURFACE_FRAMES,205,,STATIC_SURFACE_FRAMES inst=205 candidates=20 selected=20 first=15466666667 last=17366666667
a,788,OBJECT_EXTRACTION_INPUT,34,,OBJECT_EXTRACTION_INPUT inst=34 first=15400000000 last=17300000000 observations=58 dynamic=0 motion_history=0 last_motion=0 displacement=0 static_fallback=0
a,789,STATIC_SURFACE_FRAMES,34,,STATIC_SURFACE_FRAMES inst=34 candidates=19 selected=19 first=15466666667 last=17266666667
a,790,OBJECT_EXTRACTION_INPUT,26,,OBJECT_EXTRACTION_INPUT inst=26 first=15400000000 last=17333333333 observations=59 dynamic=0 motion_history=0 last_motion=0 displacement=0 static_fallback=0
a,791,STATIC_SURFACE_FRAMES,26,,STATIC_SURFACE_FRAMES inst=26 candidates=19 selected=19 first=15466666667 last=17266666667
a,792,OBJECT_EXTRACTION_INPUT,131,,OBJECT_EXTRACTION_INPUT inst=131 first=15400000000 last=17400000000 observations=61 dynamic=0 motion_history=0 last_motion=0 displacement=0 static_fallback=0
a,793,STATIC_SURFACE_FRAMES,131,,STATIC_SURFACE_FRAMES inst=131 candidates=20 selected=20 first=15466666667 last=17366666667
a,794,OBJECT_EXTRACTION_INPUT,23,,OBJECT_EXTRACTION_INPUT inst=23 first=15433333333 last=17300000000 observations=57 dynamic=0 motion_history=0 last_motion=0 displacement=0 static_fallback=0
a,795,STATIC_SURFACE_FRAMES,23,,STATIC_SURFACE_FRAMES inst=23 candidates=19 selected=19 first=15466666667 last=17266666667
a,796,OBJECT_EXTRACTION_INPUT,22,,OBJECT_EXTRACTION_INPUT inst=22 first=15433333333 last=17300000000 observations=57 dynamic=0 motion_history=0 last_motion=0 displacement=0 static_fallback=0
a,797,STATIC_SURFACE_FRAMES,22,,STATIC_SURFACE_FRAMES inst=22 candidates=19 selected=19 first=15466666667 last=17266666667
a,798,OBJECT_EXTRACTION_INPUT,24,,OBJECT_EXTRACTION_INPUT inst=24 first=15466666667 last=17366666667 observations=58 dynamic=0 motion_history=0 last_motion=0 displacement=0 static_fallback=0
a,799,STATIC_SURFACE_FRAMES,24,,STATIC_SURFACE_FRAMES inst=24 candidates=20 selected=20 first=15466666667 last=17366666667
a,800,OBJECT_EXTRACTION_INPUT,25,,OBJECT_EXTRACTION_INPUT inst=25 first=15466666667 last=17333333333 observations=57 dynamic=0 motion_history=0 last_motion=0 displacement=0 static_fallback=0
a,801,STATIC_SURFACE_FRAMES,25,,STATIC_SURFACE_FRAMES inst=25 candidates=19 selected=19 first=15466666667 last=17266666667
a,802,OBJECT_EXTRACTION_INPUT,204,,OBJECT_EXTRACTION_INPUT inst=204 first=15566666667 last=17466666667 observations=58 dynamic=0 motion_history=0 last_motion=0 displacement=0 static_fallback=0
a,803,STATIC_SURFACE_FRAMES,204,,STATIC_SURFACE_FRAMES inst=204 candidates=20 selected=20 first=15566666667 last=17466666667
a,804,OBJECT_EXTRACTION_INPUT,130,,OBJECT_EXTRACTION_INPUT inst=130 first=15566666667 last=17400000000 observations=56 dynamic=0 motion_history=0 last_motion=0 displacement=0 static_fallback=0
a,805,STATIC_SURFACE_FRAMES,130,,STATIC_SURFACE_FRAMES inst=130 candidates=19 selected=19 first=15566666667 last=17366666667
a,806,OBJECT_EXTRACTION_INPUT,56,,OBJECT_EXTRACTION_INPUT inst=56 first=13233333333 last=17833333333 observations=128 dynamic=0 motion_history=0 last_motion=0 displacement=0 static_fallback=0
a,807,OBJECT_EXTRACTION_INPUT,44,,OBJECT_EXTRACTION_INPUT inst=44 first=15533333333 last=17566666667 observations=62 dynamic=0 motion_history=0 last_motion=0 displacement=0 static_fallback=0
a,808,STATIC_SURFACE_FRAMES,44,,STATIC_SURFACE_FRAMES inst=44 candidates=21 selected=21 first=15566666667 last=17566666667
a,809,OBJECT_EXTRACTION_INPUT,17,,OBJECT_EXTRACTION_INPUT inst=17 first=15566666667 last=17533333333 observations=60 dynamic=0 motion_history=0 last_motion=0 displacement=0 static_fallback=0
a,810,STATIC_SURFACE_FRAMES,17,,STATIC_SURFACE_FRAMES inst=17 candidates=20 selected=20 first=15566666667 last=17466666667
a,811,OBJECT_EXTRACTION_INPUT,18,,OBJECT_EXTRACTION_INPUT inst=18 first=15566666667 last=17533333333 observations=60 dynamic=0 motion_history=0 last_motion=0 displacement=0 static_fallback=0
a,812,STATIC_SURFACE_FRAMES,18,,STATIC_SURFACE_FRAMES inst=18 candidates=20 selected=20 first=15566666667 last=17466666667
a,813,STATIC_SURFACE_FRAMES,56,,STATIC_SURFACE_FRAMES inst=56 candidates=42 selected=42 first=13266666667 last=17766666667
a,814,OBJECT_EXTRACTION_INPUT,45,,OBJECT_EXTRACTION_INPUT inst=45 first=15566666667 last=17533333333 observations=60 dynamic=0 motion_history=0 last_motion=0 displacement=0 static_fallback=0
a,815,STATIC_SURFACE_FRAMES,45,,STATIC_SURFACE_FRAMES inst=45 candidates=20 selected=20 first=15566666667 last=17466666667
a,816,OBJECT_EXTRACTION_INPUT,42,,OBJECT_EXTRACTION_INPUT inst=42 first=15566666667 last=17566666667 observations=61 dynamic=0 motion_history=0 last_motion=0 displacement=0 static_fallback=0
a,817,STATIC_SURFACE_FRAMES,42,,STATIC_SURFACE_FRAMES inst=42 candidates=21 selected=21 first=15566666667 last=17566666667
a,818,OBJECT_EXTRACTION_INPUT,127,,OBJECT_EXTRACTION_INPUT inst=127 first=15600000000 last=17500000000 observations=58 dynamic=0 motion_history=0 last_motion=0 displacement=0 static_fallback=0
a,819,STATIC_SURFACE_FRAMES,127,,STATIC_SURFACE_FRAMES inst=127 candidates=19 selected=19 first=15666666667 last=17466666667
a,820,OBJECT_EXTRACTION_INPUT,208,,OBJECT_EXTRACTION_INPUT inst=208 first=15666666667 last=17500000000 observations=56 dynamic=0 motion_history=0 last_motion=0 displacement=0 static_fallback=0
a,821,STATIC_SURFACE_FRAMES,208,,STATIC_SURFACE_FRAMES inst=208 candidates=19 selected=19 first=15666666667 last=17466666667
a,822,OBJECT_EXTRACTION_INPUT,128,,OBJECT_EXTRACTION_INPUT inst=128 first=15700000000 last=17533333333 observations=56 dynamic=0 motion_history=0 last_motion=0 displacement=0 static_fallback=0
a,823,STATIC_SURFACE_FRAMES,128,,STATIC_SURFACE_FRAMES inst=128 candidates=18 selected=18 first=15766666667 last=17466666667
a,824,OBJECT_EXTRACTION_INPUT,206,,OBJECT_EXTRACTION_INPUT inst=206 first=15700000000 last=17533333333 observations=56 dynamic=0 motion_history=0 last_motion=0 displacement=0 static_fallback=0
a,825,STATIC_SURFACE_FRAMES,206,,STATIC_SURFACE_FRAMES inst=206 candidates=18 selected=18 first=15766666667 last=17466666667
a,826,OBJECT_EXTRACTION_INPUT,155,,OBJECT_EXTRACTION_INPUT inst=155 first=17100000000 last=17966666667 observations=27 dynamic=0 motion_history=0 last_motion=0 displacement=0 static_fallback=0
a,827,STATIC_SURFACE_FRAMES,155,,STATIC_SURFACE_FRAMES inst=155 candidates=9 selected=9 first=17166666667 last=17966666667
a,837,OBJECT_EXTRACTION_INPUT,171,,OBJECT_EXTRACTION_INPUT inst=171 first=16833333333 last=18666666667 observations=56 dynamic=0 motion_history=0 last_motion=0 displacement=0 static_fallback=0
a,838,STATIC_SURFACE_FRAMES,171,,STATIC_SURFACE_FRAMES inst=171 candidates=19 selected=19 first=16866666667 last=18666666667
a,839,STATE_EVIDENCE_WINDOW,21,,STATE_EVIDENCE_WINDOW inst=21 after=4866666667 latest_measured_support=17033333333 through=22233333333 projected=1 support=16 contradiction=0 reliable=47 reliable_in_view=47 reliable_seen_through=0 absence_llr=0 absent_samples=0 total_samples=10 absence_coverage_sufficient=0
a,840,STATE_SLICE,21,22233333333,STATE_SLICE inst=21 stamp=22233333333 inherited_sup=16 inherited_con=0 inherited_samples=10 inherited_supported=16 inherited_free=0 inherited_repl_other=0 inherited_repl_bg=0 inherited_occ=40 inherited_unobs=0 session_sup=0 session_con=0 session_samples=0 cur_verts=252 candidate_verts=0
a,841,EVIDENCE,21,,EVIDENCE inst=21 inherited_support=16 inherited_contradiction=0 session_support=0 session_contradiction=0 inherited_absent_flag=0 cur_verts=252 observed_verts=0
a,842,MOBILITY_PRIOR,21,,MOBILITY_PRIOR inst=21 session=0 class=4 changes=0 continuations=0 alpha=0.5 beta=1.5 q=0.25
a,843,TOP_ABSORB_POSTERIOR,21,,TOP_ABSORB_POSTERIOR inst=21 measurement=confirmed_current change_prior=0.25 geometry_factor_or_bound=1 geometry_evaluated=0 candidate_vertices=0 effective_cells=0 off_share=unmeasured legacy_same_site=1 absorb=1
a,844,MOBILITY_PRIOR,21,,MOBILITY_PRIOR inst=21 session=0 class=4 changes=0 continuations=0 alpha=0.5 beta=1.5 q=0.25
a,845,TOP_ABSORB,21,,TOP_ABSORB inst=21 geom=0 support=16 high_mobility=0 absorb=1
a,846,STATE_EVIDENCE_WINDOW,48,,STATE_EVIDENCE_WINDOW inst=48 after=2566666667 latest_measured_support=12266666667 through=22233333333 projected=0 support=48 contradiction=32 reliable=1066 reliable_in_view=1066 reliable_seen_through=0 absence_llr=0 absent_samples=0 total_samples=1071 absence_coverage_sufficient=0
a,847,STATE_SLICE,48,22233333333,STATE_SLICE inst=48 stamp=22233333333 inherited_sup=48 inherited_con=32 inherited_samples=1071 inherited_supported=606 inherited_free=83 inherited_repl_other=0 inherited_repl_bg=0 inherited_occ=0 inherited_unobs=22 session_sup=0 session_con=0 session_samples=0 cur_verts=3213 candidate_verts=0
a,848,EVIDENCE,48,,EVIDENCE inst=48 inherited_support=48 inherited_contradiction=32 session_support=0 session_contradiction=0 inherited_absent_flag=0 cur_verts=3213 observed_verts=0
a,849,MOBILITY_PRIOR,48,,MOBILITY_PRIOR inst=48 session=0 class=6 changes=0 continuations=0 alpha=1.5 beta=0.5 q=0.75
a,850,TOP_ABSORB_POSTERIOR,48,,TOP_ABSORB_POSTERIOR inst=48 measurement=confirmed_current change_prior=0.75 geometry_factor_or_bound=1 geometry_evaluated=0 candidate_vertices=0 effective_cells=0 off_share=unmeasured legacy_same_site=0 absorb=0
a,851,MOBILITY_PRIOR,48,,MOBILITY_PRIOR inst=48 session=0 class=6 changes=0 continuations=0 alpha=1.5 beta=0.5 q=0.75
a,852,TOP_ABSORB,48,,TOP_ABSORB inst=48 geom=0 support=48 high_mobility=1 absorb=0
a,853,STATE_EVIDENCE_WINDOW,52,,STATE_EVIDENCE_WINDOW inst=52 after=1633333333 latest_measured_support=12266666667 through=22233333333 projected=0 support=55 contradiction=0 reliable=640 reliable_in_view=640 reliable_seen_through=0 absence_llr=0 absent_samples=0 total_samples=781 absence_coverage_sufficient=0
a,854,STATE_SLICE,52,22233333333,STATE_SLICE inst=52 stamp=22233333333 inherited_sup=55 inherited_con=0 inherited_samples=781 inherited_supported=402 inherited_free=0 inherited_repl_other=0 inherited_repl_bg=0 inherited_occ=0 inherited_unobs=265 session_sup=0 session_con=0 session_samples=0 cur_verts=2343 candidate_verts=0
a,855,EVIDENCE,52,,EVIDENCE inst=52 inherited_support=55 inherited_contradiction=0 session_support=0 session_contradiction=0 inherited_absent_flag=0 cur_verts=2343 observed_verts=0
a,856,MOBILITY_PRIOR,52,,MOBILITY_PRIOR inst=52 session=0 class=6 changes=0 continuations=0 alpha=1.5 beta=0.5 q=0.75
a,857,TOP_ABSORB_POSTERIOR,52,,TOP_ABSORB_POSTERIOR inst=52 measurement=confirmed_current change_prior=0.75 geometry_factor_or_bound=1 geometry_evaluated=0 candidate_vertices=0 effective_cells=0 off_share=unmeasured legacy_same_site=0 absorb=0
a,858,MOBILITY_PRIOR,52,,MOBILITY_PRIOR inst=52 session=0 class=6 changes=0 continuations=0 alpha=1.5 beta=0.5 q=0.75
a,859,TOP_ABSORB,52,,TOP_ABSORB inst=52 geom=0 support=55 high_mobility=1 absorb=0
a,860,STATE_EVIDENCE_WINDOW,56,,STATE_EVIDENCE_WINDOW inst=56 after=5466666667 latest_measured_support=13566666667 through=22233333333 projected=0 support=360 contradiction=119 reliable=1314 reliable_in_view=1314 reliable_seen_through=17 absence_llr=0 absent_samples=0 total_samples=8681 absence_coverage_sufficient=0
a,861,STATE_SLICE,56,22233333333,STATE_SLICE inst=56 stamp=22233333333 inherited_sup=360 inherited_con=119 inherited_samples=8681 inherited_supported=10476 inherited_free=136 inherited_repl_other=150 inherited_repl_bg=60 inherited_occ=1479 inherited_unobs=3281 session_sup=0 session_con=0 session_samples=0 cur_verts=26043 candidate_verts=0
a,862,EVIDENCE,56,,EVIDENCE inst=56 inherited_support=360 inherited_contradiction=119 session_support=0 session_contradiction=0 inherited_absent_flag=0 cur_verts=26043 observed_verts=0
a,863,MOBILITY_PRIOR,56,,MOBILITY_PRIOR inst=56 session=0 class=6 changes=0 continuations=0 alpha=1.5 beta=0.5 q=0.75
a,864,TOP_ABSORB_POSTERIOR,56,,TOP_ABSORB_POSTERIOR inst=56 measurement=confirmed_current change_prior=0.75 geometry_factor_or_bound=1 geometry_evaluated=0 candidate_vertices=0 effective_cells=0 off_share=unmeasured legacy_same_site=0 absorb=0
a,865,MOBILITY_PRIOR,56,,MOBILITY_PRIOR inst=56 session=0 class=6 changes=0 continuations=0 alpha=1.5 beta=0.5 q=0.75
a,866,TOP_ABSORB,56,,TOP_ABSORB inst=56 geom=0 support=360 high_mobility=1 absorb=0
a,867,STATE_EVIDENCE_WINDOW,68,,STATE_EVIDENCE_WINDOW inst=68 after=3000000000 latest_measured_support=0 through=22233333333 projected=0 support=0 contradiction=0 reliable=383 reliable_in_view=383 reliable_seen_through=2 absence_llr=0 absent_samples=0 total_samples=597 absence_coverage_sufficient=0
a,868,STATE_SLICE,68,22233333333,STATE_SLICE inst=68 stamp=22233333333 inherited_sup=0 inherited_con=0 inherited_samples=597 inherited_supported=0 inherited_free=0 inherited_repl_other=0 inherited_repl_bg=0 inherited_occ=0 inherited_unobs=33 session_sup=0 session_con=0 session_samples=0 cur_verts=1791 candidate_verts=0
a,869,EVIDENCE,68,,EVIDENCE inst=68 inherited_support=0 inherited_contradiction=0 session_support=0 session_contradiction=0 inherited_absent_flag=0 cur_verts=1791 observed_verts=0
a,870,STATE_EVIDENCE_WINDOW,69,,STATE_EVIDENCE_WINDOW inst=69 after=3233333333 latest_measured_support=13133333333 through=22233333333 projected=0 support=284 contradiction=225 reliable=425 reliable_in_view=425 reliable_seen_through=3 absence_llr=0 absent_samples=0 total_samples=480 absence_coverage_sufficient=0
a,871,STATE_SLICE,69,22233333333,STATE_SLICE inst=69 stamp=22233333333 inherited_sup=284 inherited_con=225 inherited_samples=480 inherited_supported=4233 inherited_free=450 inherited_repl_other=332 inherited_repl_bg=0 inherited_occ=1074 inherited_unobs=0 session_sup=0 session_con=0 session_samples=0 cur_verts=1440 candidate_verts=0
a,872,EVIDENCE,69,,EVIDENCE inst=69 inherited_support=284 inherited_contradiction=225 session_support=0 session_contradiction=0 inherited_absent_flag=0 cur_verts=1440 observed_verts=0
a,873,MOBILITY_PRIOR,69,,MOBILITY_PRIOR inst=69 session=0 class=9 changes=0 continuations=0 alpha=1.5 beta=0.5 q=0.75
a,874,TOP_ABSORB_POSTERIOR,69,,TOP_ABSORB_POSTERIOR inst=69 measurement=confirmed_current change_prior=0.75 geometry_factor_or_bound=1 geometry_evaluated=0 candidate_vertices=0 effective_cells=0 off_share=unmeasured legacy_same_site=0 absorb=0
a,875,MOBILITY_PRIOR,69,,MOBILITY_PRIOR inst=69 session=0 class=9 changes=0 continuations=0 alpha=1.5 beta=0.5 q=0.75
a,876,TOP_ABSORB,69,,TOP_ABSORB inst=69 geom=0 support=284 high_mobility=1 absorb=0
a,877,STATE_EVIDENCE_WINDOW,70,,STATE_EVIDENCE_WINDOW inst=70 after=4666666667 latest_measured_support=13566666667 through=22233333333 projected=0 support=59 contradiction=25 reliable=273 reliable_in_view=273 reliable_seen_through=3 absence_llr=0 absent_samples=0 total_samples=361 absence_coverage_sufficient=0
a,878,STATE_SLICE,70,22233333333,STATE_SLICE inst=70 stamp=22233333333 inherited_sup=59 inherited_con=25 inherited_samples=361 inherited_supported=2496 inherited_free=0 inherited_repl_other=231 inherited_repl_bg=0 inherited_occ=186 inherited_unobs=0 session_sup=0 session_con=0 session_samples=0 cur_verts=1083 candidate_verts=0
a,879,EVIDENCE,70,,EVIDENCE inst=70 inherited_support=59 inherited_contradiction=25 session_support=0 session_contradiction=0 inherited_absent_flag=0 cur_verts=1083 observed_verts=0
a,880,MOBILITY_PRIOR,70,,MOBILITY_PRIOR inst=70 session=0 class=9 changes=0 continuations=0 alpha=1.5 beta=0.5 q=0.75
a,881,TOP_ABSORB_POSTERIOR,70,,TOP_ABSORB_POSTERIOR inst=70 measurement=confirmed_current change_prior=0.75 geometry_factor_or_bound=1 geometry_evaluated=0 candidate_vertices=0 effective_cells=0 off_share=unmeasured legacy_same_site=0 absorb=0
a,882,MOBILITY_PRIOR,70,,MOBILITY_PRIOR inst=70 session=0 class=9 changes=0 continuations=0 alpha=1.5 beta=0.5 q=0.75
a,883,TOP_ABSORB,70,,TOP_ABSORB inst=70 geom=0 support=59 high_mobility=1 absorb=0
a,884,STATE_EVIDENCE_WINDOW,71,,STATE_EVIDENCE_WINDOW inst=71 after=3066666667 latest_measured_support=13133333333 through=22233333333 projected=0 support=51 contradiction=12 reliable=57 reliable_in_view=57 reliable_seen_through=0 absence_llr=0 absent_samples=0 total_samples=64 absence_coverage_sufficient=0
a,885,STATE_SLICE,71,22233333333,STATE_SLICE inst=71 stamp=22233333333 inherited_sup=51 inherited_con=12 inherited_samples=64 inherited_supported=610 inherited_free=0 inherited_repl_other=24 inherited_repl_bg=0 inherited_occ=0 inherited_unobs=0 session_sup=0 session_con=0 session_samples=0 cur_verts=192 candidate_verts=0
a,886,EVIDENCE,71,,EVIDENCE inst=71 inherited_support=51 inherited_contradiction=12 session_support=0 session_contradiction=0 inherited_absent_flag=0 cur_verts=192 observed_verts=0
a,887,MOBILITY_PRIOR,71,,MOBILITY_PRIOR inst=71 session=0 class=9 changes=0 continuations=0 alpha=1.5 beta=0.5 q=0.75
a,888,TOP_ABSORB_POSTERIOR,71,,TOP_ABSORB_POSTERIOR inst=71 measurement=confirmed_current change_prior=0.75 geometry_factor_or_bound=1 geometry_evaluated=0 candidate_vertices=0 effective_cells=0 off_share=unmeasured legacy_same_site=0 absorb=0
a,889,MOBILITY_PRIOR,71,,MOBILITY_PRIOR inst=71 session=0 class=9 changes=0 continuations=0 alpha=1.5 beta=0.5 q=0.75
a,890,TOP_ABSORB,71,,TOP_ABSORB inst=71 geom=0 support=51 high_mobility=1 absorb=0
a,891,STATE_EVIDENCE_WINDOW,72,,STATE_EVIDENCE_WINDOW inst=72 after=5033333333 latest_measured_support=14000000000 through=22233333333 projected=0 support=79 contradiction=25 reliable=79 reliable_in_view=79 reliable_seen_through=0 absence_llr=0 absent_samples=0 total_samples=101 absence_coverage_sufficient=0
a,892,STATE_SLICE,72,22233333333,STATE_SLICE inst=72 stamp=22233333333 inherited_sup=79 inherited_con=25 inherited_samples=101 inherited_supported=1505 inherited_free=11 inherited_repl_other=14 inherited_repl_bg=0 inherited_occ=0 inherited_unobs=0 session_sup=0 session_con=0 session_samples=0 cur_verts=303 candidate_verts=0
a,893,EVIDENCE,72,,EVIDENCE inst=72 inherited_support=79 inherited_contradiction=25 session_support=0 session_contradiction=0 inherited_absent_flag=0 cur_verts=303 observed_verts=0
a,894,MOBILITY_PRIOR,72,,MOBILITY_PRIOR inst=72 session=0 class=9 changes=0 continuations=0 alpha=1.5 beta=0.5 q=0.75
a,895,TOP_ABSORB_POSTERIOR,72,,TOP_ABSORB_POSTERIOR inst=72 measurement=confirmed_current change_prior=0.75 geometry_factor_or_bound=1 geometry_evaluated=0 candidate_vertices=0 effective_cells=0 off_share=unmeasured legacy_same_site=0 absorb=0
a,896,MOBILITY_PRIOR,72,,MOBILITY_PRIOR inst=72 session=0 class=9 changes=0 continuations=0 alpha=1.5 beta=0.5 q=0.75
a,897,TOP_ABSORB,72,,TOP_ABSORB inst=72 geom=0 support=79 high_mobility=1 absorb=0
a,898,STATE_EVIDENCE_WINDOW,89,,STATE_EVIDENCE_WINDOW inst=89 after=4800000000 latest_measured_support=13566666667 through=22233333333 projected=0 support=295 contradiction=140 reliable=1325 reliable_in_view=1325 reliable_seen_through=2 absence_llr=0 absent_samples=0 total_samples=1475 absence_coverage_sufficient=0
a,899,STATE_SLICE,89,22233333333,STATE_SLICE inst=89 stamp=22233333333 inherited_sup=295 inherited_con=140 inherited_samples=1475 inherited_supported=5643 inherited_free=160 inherited_repl_other=192 inherited_repl_bg=0 inherited_occ=1337 inherited_unobs=0 session_sup=0 session_con=0 session_samples=0 cur_verts=4425 candidate_verts=0
a,900,EVIDENCE,89,,EVIDENCE inst=89 inherited_support=295 inherited_contradiction=140 session_support=0 session_contradiction=0 inherited_absent_flag=0 cur_verts=4425 observed_verts=0
a,901,MOBILITY_PRIOR,89,,MOBILITY_PRIOR inst=89 session=0 class=15 changes=0 continuations=0 alpha=1.5 beta=0.5 q=0.75
a,902,TOP_ABSORB_POSTERIOR,89,,TOP_ABSORB_POSTERIOR inst=89 measurement=confirmed_current change_prior=0.75 geometry_factor_or_bound=1 geometry_evaluated=0 candidate_vertices=0 effective_cells=0 off_share=unmeasured legacy_same_site=0 absorb=0
a,903,MOBILITY_PRIOR,89,,MOBILITY_PRIOR inst=89 session=0 class=15 changes=0 continuations=0 alpha=1.5 beta=0.5 q=0.75
a,904,TOP_ABSORB,89,,TOP_ABSORB inst=89 geom=0 support=295 high_mobility=1 absorb=0
a,905,STATE_EVIDENCE_WINDOW,109,,STATE_EVIDENCE_WINDOW inst=109 after=7400000000 latest_measured_support=0 through=22233333333 projected=0 support=0 contradiction=0 reliable=862 reliable_in_view=862 reliable_seen_through=15 absence_llr=0 absent_samples=0 total_samples=2435 absence_coverage_sufficient=0
a,906,STATE_SLICE,109,22233333333,STATE_SLICE inst=109 stamp=22233333333 inherited_sup=0 inherited_con=0 inherited_samples=2435 inherited_supported=0 inherited_free=0 inherited_repl_other=0 inherited_repl_bg=0 inherited_occ=0 inherited_unobs=2435 session_sup=0 session_con=0 session_samples=0 cur_verts=7305 candidate_verts=0
a,907,EVIDENCE,109,,EVIDENCE inst=109 inherited_support=0 inherited_contradiction=0 session_support=0 session_contradiction=0 inherited_absent_flag=0 cur_verts=7305 observed_verts=0
a,908,STATE_EVIDENCE_WINDOW,126,,STATE_EVIDENCE_WINDOW inst=126 after=3266666667 latest_measured_support=0 through=22233333333 projected=0 support=0 contradiction=0 reliable=81 reliable_in_view=81 reliable_seen_through=0 absence_llr=0 absent_samples=0 total_samples=97 absence_coverage_sufficient=0
a,909,STATE_SLICE,126,22233333333,STATE_SLICE inst=126 stamp=22233333333 inherited_sup=0 inherited_con=0 inherited_samples=97 inherited_supported=0 inherited_free=0 inherited_repl_other=0 inherited_repl_bg=0 inherited_occ=0 inherited_unobs=0 session_sup=0 session_con=0 session_samples=0 cur_verts=291 candidate_verts=0
a,910,EVIDENCE,126,,EVIDENCE inst=126 inherited_support=0 inherited_contradiction=0 session_support=0 session_contradiction=0 inherited_absent_flag=0 cur_verts=291 observed_verts=0
a,911,STATE_EVIDENCE_WINDOW,128,,STATE_EVIDENCE_WINDOW inst=128 after=5166666667 latest_measured_support=17466666667 through=22233333333 projected=1 support=10 contradiction=0 reliable=53 reliable_in_view=53 reliable_seen_through=1 absence_llr=0 absent_samples=0 total_samples=7 absence_coverage_sufficient=0
a,912,STATE_SLICE,128,22233333333,STATE_SLICE inst=128 stamp=22233333333 inherited_sup=10 inherited_con=0 inherited_samples=7 inherited_supported=10 inherited_free=0 inherited_repl_other=0 inherited_repl_bg=0 inherited_occ=25 inherited_unobs=0 session_sup=0 session_con=0 session_samples=0 cur_verts=240 candidate_verts=0
a,913,EVIDENCE,128,,EVIDENCE inst=128 inherited_support=10 inherited_contradiction=0 session_support=0 session_contradiction=0 inherited_absent_flag=0 cur_verts=240 observed_verts=0
a,914,MOBILITY_PRIOR,128,,MOBILITY_PRIOR inst=128 session=0 class=24 changes=0 continuations=0 alpha=0.5 beta=1.5 q=0.25
a,915,TOP_ABSORB_POSTERIOR,128,,TOP_ABSORB_POSTERIOR inst=128 measurement=confirmed_current change_prior=0.25 geometry_factor_or_bound=1 geometry_evaluated=0 candidate_vertices=0 effective_cells=0 off_share=unmeasured legacy_same_site=1 absorb=1
a,916,MOBILITY_PRIOR,128,,MOBILITY_PRIOR inst=128 session=0 class=24 changes=0 continuations=0 alpha=0.5 beta=1.5 q=0.25
a,917,TOP_ABSORB,128,,TOP_ABSORB inst=128 geom=0 support=10 high_mobility=0 absorb=1
a,918,STATE_EVIDENCE_WINDOW,136,,STATE_EVIDENCE_WINDOW inst=136 after=5633333333 latest_measured_support=19200000000 through=22233333333 projected=1 support=432 contradiction=86 reliable=440 reliable_in_view=440 reliable_seen_through=0 absence_llr=0 absent_samples=15 total_samples=95 absence_coverage_sufficient=0
a,919,STATE_SLICE,136,22233333333,STATE_SLICE inst=136 stamp=22233333333 inherited_sup=432 inherited_con=86 inherited_samples=95 inherited_supported=432 inherited_free=0 inherited_repl_other=0 inherited_repl_bg=86 inherited_occ=25 inherited_unobs=0 session_sup=0 session_con=0 session_samples=0 cur_verts=1746 candidate_verts=0
a,920,EVIDENCE,136,,EVIDENCE inst=136 inherited_support=432 inherited_contradiction=86 session_support=0 session_contradiction=0 inherited_absent_flag=0 cur_verts=1746 observed_verts=0
a,921,MOBILITY_PRIOR,136,,MOBILITY_PRIOR inst=136 session=0 class=26 changes=0 continuations=0 alpha=0.5 beta=1.5 q=0.25
a,922,TOP_ABSORB_POSTERIOR,136,,TOP_ABSORB_POSTERIOR inst=136 measurement=confirmed_current change_prior=0.25 geometry_factor_or_bound=1 geometry_evaluated=0 candidate_vertices=0 effective_cells=0 off_share=unmeasured legacy_same_site=1 absorb=1
a,923,MOBILITY_PRIOR,136,,MOBILITY_PRIOR inst=136 session=0 class=26 changes=0 continuations=0 alpha=0.5 beta=1.5 q=0.25
a,924,TOP_ABSORB,136,,TOP_ABSORB inst=136 geom=0 support=432 high_mobility=0 absorb=1
a,925,STATE_EVIDENCE_WINDOW,149,,STATE_EVIDENCE_WINDOW inst=149 after=2733333333 latest_measured_support=8800000000 through=22233333333 projected=1 support=185 contradiction=14 reliable=264 reliable_in_view=264 reliable_seen_through=1 absence_llr=0 absent_samples=4 total_samples=43 absence_coverage_sufficient=0
a,926,STATE_SLICE,149,22233333333,STATE_SLICE inst=149 stamp=22233333333 inherited_sup=185 inherited_con=14 inherited_samples=43 inherited_supported=186 inherited_free=0 inherited_repl_other=14 inherited_repl_bg=0 inherited_occ=0 inherited_unobs=0 session_sup=0 session_con=0 session_samples=0 cur_verts=873 candidate_verts=0
a,927,EVIDENCE,149,,EVIDENCE inst=149 inherited_support=185 inherited_contradiction=14 session_support=0 session_contradiction=0 inherited_absent_flag=0 cur_verts=873 observed_verts=0
a,928,MOBILITY_PRIOR,149,,MOBILITY_PRIOR inst=149 session=0 class=28 changes=0 continuations=0 alpha=0.5 beta=1.5 q=0.25
a,929,TOP_ABSORB_POSTERIOR,149,,TOP_ABSORB_POSTERIOR inst=149 measurement=confirmed_current change_prior=0.25 geometry_factor_or_bound=1 geometry_evaluated=0 candidate_vertices=0 effective_cells=0 off_share=unmeasured legacy_same_site=1 absorb=1
a,930,MOBILITY_PRIOR,149,,MOBILITY_PRIOR inst=149 session=0 class=28 changes=0 continuations=0 alpha=0.5 beta=1.5 q=0.25
a,931,TOP_ABSORB,149,,TOP_ABSORB inst=149 geom=0 support=185 high_mobility=0 absorb=1
a,932,STATE_EVIDENCE_WINDOW,155,,STATE_EVIDENCE_WINDOW inst=155 after=7266666667 latest_measured_support=17900000000 through=22233333333 projected=1 support=25 contradiction=2 reliable=1155 reliable_in_view=1155 reliable_seen_through=1 absence_llr=0 absent_samples=1 total_samples=431 absence_coverage_sufficient=0
a,933,STATE_SLICE,155,22233333333,STATE_SLICE inst=155 stamp=22233333333 inherited_sup=25 inherited_con=2 inherited_samples=431 inherited_supported=25 inherited_free=0 inherited_repl_other=0 inherited_repl_bg=2 inherited_occ=14 inherited_unobs=400 session_sup=0 session_con=0 session_samples=0 cur_verts=8868 candidate_verts=0
a,934,EVIDENCE,155,,EVIDENCE inst=155 inherited_support=25 inherited_contradiction=2 session_support=0 session_contradiction=0 inherited_absent_flag=0 cur_verts=8868 observed_verts=0
a,935,MOBILITY_PRIOR,155,,MOBILITY_PRIOR inst=155 session=0 class=32 changes=0 continuations=0 alpha=0.5 beta=1.5 q=0.25
a,936,TOP_ABSORB_POSTERIOR,155,,TOP_ABSORB_POSTERIOR inst=155 measurement=confirmed_current change_prior=0.25 geometry_factor_or_bound=1 geometry_evaluated=0 candidate_vertices=0 effective_cells=0 off_share=unmeasured legacy_same_site=1 absorb=1
a,937,MOBILITY_PRIOR,155,,MOBILITY_PRIOR inst=155 session=0 class=32 changes=0 continuations=0 alpha=0.5 beta=1.5 q=0.25
a,938,TOP_ABSORB,155,,TOP_ABSORB inst=155 geom=0 support=25 high_mobility=0 absorb=1
a,939,STATE_EVIDENCE_WINDOW,161,,STATE_EVIDENCE_WINDOW inst=161 after=7633333333 latest_measured_support=0 through=22233333333 projected=0 support=0 contradiction=0 reliable=178 reliable_in_view=178 reliable_seen_through=1 absence_llr=0 absent_samples=0 total_samples=233 absence_coverage_sufficient=0
a,940,STATE_SLICE,161,22233333333,STATE_SLICE inst=161 stamp=22233333333 inherited_sup=0 inherited_con=0 inherited_samples=233 inherited_supported=0 inherited_free=0 inherited_repl_other=0 inherited_repl_bg=0 inherited_occ=0 inherited_unobs=233 session_sup=0 session_con=0 session_samples=0 cur_verts=699 candidate_verts=0
a,941,EVIDENCE,161,,EVIDENCE inst=161 inherited_support=0 inherited_contradiction=0 session_support=0 session_contradiction=0 inherited_absent_flag=0 cur_verts=699 observed_verts=0
a,942,STATE_EVIDENCE_WINDOW,162,,STATE_EVIDENCE_WINDOW inst=162 after=7733333333 latest_measured_support=0 through=22233333333 projected=0 support=0 contradiction=0 reliable=132 reliable_in_view=132 reliable_seen_through=0 absence_llr=0 absent_samples=0 total_samples=156 absence_coverage_sufficient=0
a,943,STATE_SLICE,162,22233333333,STATE_SLICE inst=162 stamp=22233333333 inherited_sup=0 inherited_con=0 inherited_samples=156 inherited_supported=0 inherited_free=0 inherited_repl_other=0 inherited_repl_bg=0 inherited_occ=0 inherited_unobs=156 session_sup=0 session_con=0 session_samples=0 cur_verts=468 candidate_verts=0
a,944,EVIDENCE,162,,EVIDENCE inst=162 inherited_support=0 inherited_contradiction=0 session_support=0 session_contradiction=0 inherited_absent_flag=0 cur_verts=468 observed_verts=0
a,945,STATE_EVIDENCE_WINDOW,163,,STATE_EVIDENCE_WINDOW inst=163 after=5433333333 latest_measured_support=13566666667 through=22233333333 projected=0 support=26 contradiction=0 reliable=472 reliable_in_view=472 reliable_seen_through=1 absence_llr=0 absent_samples=0 total_samples=690 absence_coverage_sufficient=0
a,946,STATE_SLICE,163,22233333333,STATE_SLICE inst=163 stamp=22233333333 inherited_sup=26 inherited_con=0 inherited_samples=690 inherited_supported=880 inherited_free=0 inherited_repl_other=0 inherited_repl_bg=0 inherited_occ=0 inherited_unobs=115 session_sup=0 session_con=0 session_samples=0 cur_verts=2070 candidate_verts=0
a,947,EVIDENCE,163,,EVIDENCE inst=163 inherited_support=26 inherited_contradiction=0 session_support=0 session_contradiction=0 inherited_absent_flag=0 cur_verts=2070 observed_verts=0
a,948,MOBILITY_PRIOR,163,,MOBILITY_PRIOR inst=163 session=0 class=35 changes=0 continuations=0 alpha=1.5 beta=0.5 q=0.75
a,949,TOP_ABSORB_POSTERIOR,163,,TOP_ABSORB_POSTERIOR inst=163 measurement=confirmed_current change_prior=0.75 geometry_factor_or_bound=1 geometry_evaluated=0 candidate_vertices=0 effective_cells=0 off_share=unmeasured legacy_same_site=0 absorb=0
a,950,MOBILITY_PRIOR,163,,MOBILITY_PRIOR inst=163 session=0 class=35 changes=0 continuations=0 alpha=1.5 beta=0.5 q=0.75
a,951,TOP_ABSORB,163,,TOP_ABSORB inst=163 geom=0 support=26 high_mobility=1 absorb=0
a,952,STATE_EVIDENCE_WINDOW,164,,STATE_EVIDENCE_WINDOW inst=164 after=6333333333 latest_measured_support=0 through=22233333333 projected=0 support=0 contradiction=0 reliable=207 reliable_in_view=207 reliable_seen_through=0 absence_llr=0 absent_samples=0 total_samples=450 absence_coverage_sufficient=0
a,953,STATE_SLICE,164,22233333333,STATE_SLICE inst=164 stamp=22233333333 inherited_sup=0 inherited_con=0 inherited_samples=450 inherited_supported=0 inherited_free=0 inherited_repl_other=0 inherited_repl_bg=0 inherited_occ=0 inherited_unobs=450 session_sup=0 session_con=0 session_samples=0 cur_verts=1350 candidate_verts=0
a,954,EVIDENCE,164,,EVIDENCE inst=164 inherited_support=0 inherited_contradiction=0 session_support=0 session_contradiction=0 inherited_absent_flag=0 cur_verts=1350 observed_verts=0
a,955,STATE_EVIDENCE_WINDOW,167,,STATE_EVIDENCE_WINDOW inst=167 after=7700000000 latest_measured_support=0 through=22233333333 projected=0 support=0 contradiction=0 reliable=220 reliable_in_view=220 reliable_seen_through=1 absence_llr=0 absent_samples=0 total_samples=343 absence_coverage_sufficient=0
a,956,STATE_SLICE,167,22233333333,STATE_SLICE inst=167 stamp=22233333333 inherited_sup=0 inherited_con=0 inherited_samples=343 inherited_supported=0 inherited_free=0 inherited_repl_other=0 inherited_repl_bg=0 inherited_occ=0 inherited_unobs=343 session_sup=0 session_con=0 session_samples=0 cur_verts=1029 candidate_verts=0
a,957,EVIDENCE,167,,EVIDENCE inst=167 inherited_support=0 inherited_contradiction=0 session_support=0 session_contradiction=0 inherited_absent_flag=0 cur_verts=1029 observed_verts=0
a,958,STATE_EVIDENCE_WINDOW,171,,STATE_EVIDENCE_WINDOW inst=171 after=6466666667 latest_measured_support=18333333333 through=22233333333 projected=1 support=200 contradiction=14 reliable=785 reliable_in_view=785 reliable_seen_through=1 absence_llr=0 absent_samples=2 total_samples=136 absence_coverage_sufficient=0
a,959,STATE_SLICE,171,22233333333,STATE_SLICE inst=171 stamp=22233333333 inherited_sup=200 inherited_con=14 inherited_samples=136 inherited_supported=200 inherited_free=0 inherited_repl_other=0 inherited_repl_bg=14 inherited_occ=0 inherited_unobs=63 session_sup=0 session_con=0 session_samples=0 cur_verts=2577 candidate_verts=0
a,960,EVIDENCE,171,,EVIDENCE inst=171 inherited_support=200 inherited_contradiction=14 session_support=0 session_contradiction=0 inherited_absent_flag=0 cur_verts=2577 observed_verts=0
a,961,MOBILITY_PRIOR,171,,MOBILITY_PRIOR inst=171 session=0 class=39 changes=0 continuations=0 alpha=1.5 beta=0.5 q=0.75
a,962,TOP_ABSORB_POSTERIOR,171,,TOP_ABSORB_POSTERIOR inst=171 measurement=confirmed_current change_prior=0.75 geometry_factor_or_bound=1 geometry_evaluated=0 candidate_vertices=0 effective_cells=0 off_share=unmeasured legacy_same_site=0 absorb=0
a,963,MOBILITY_PRIOR,171,,MOBILITY_PRIOR inst=171 session=0 class=39 changes=0 continuations=0 alpha=1.5 beta=0.5 q=0.75
a,964,TOP_ABSORB,171,,TOP_ABSORB inst=171 geom=0 support=200 high_mobility=1 absorb=0
a,965,STATE_EVIDENCE_WINDOW,173,,STATE_EVIDENCE_WINDOW inst=173 after=7066666667 latest_measured_support=0 through=22233333333 projected=0 support=0 contradiction=0 reliable=321 reliable_in_view=321 reliable_seen_through=1 absence_llr=0 absent_samples=0 total_samples=384 absence_coverage_sufficient=0
a,966,STATE_SLICE,173,22233333333,STATE_SLICE inst=173 stamp=22233333333 inherited_sup=0 inherited_con=0 inherited_samples=384 inherited_supported=0 inherited_free=0 inherited_repl_other=0 inherited_repl_bg=0 inherited_occ=0 inherited_unobs=384 session_sup=0 session_con=0 session_samples=0 cur_verts=1152 candidate_verts=0
a,967,EVIDENCE,173,,EVIDENCE inst=173 inherited_support=0 inherited_contradiction=0 session_support=0 session_contradiction=0 inherited_absent_flag=0 cur_verts=1152 observed_verts=0
a,968,STATE_EVIDENCE_WINDOW,174,,STATE_EVIDENCE_WINDOW inst=174 after=6633333333 latest_measured_support=0 through=22233333333 projected=0 support=0 contradiction=0 reliable=302 reliable_in_view=302 reliable_seen_through=0 absence_llr=0 absent_samples=0 total_samples=368 absence_coverage_sufficient=0
a,969,STATE_SLICE,174,22233333333,STATE_SLICE inst=174 stamp=22233333333 inherited_sup=0 inherited_con=0 inherited_samples=368 inherited_supported=0 inherited_free=0 inherited_repl_other=0 inherited_repl_bg=0 inherited_occ=0 inherited_unobs=368 session_sup=0 session_con=0 session_samples=0 cur_verts=1104 candidate_verts=0
a,970,EVIDENCE,174,,EVIDENCE inst=174 inherited_support=0 inherited_contradiction=0 session_support=0 session_contradiction=0 inherited_absent_flag=0 cur_verts=1104 observed_verts=0
a,971,STATE_EVIDENCE_WINDOW,175,,STATE_EVIDENCE_WINDOW inst=175 after=6833333333 latest_measured_support=0 through=22233333333 projected=0 support=0 contradiction=0 reliable=197 reliable_in_view=197 reliable_seen_through=0 absence_llr=0 absent_samples=0 total_samples=230 absence_coverage_sufficient=0
a,972,STATE_SLICE,175,22233333333,STATE_SLICE inst=175 stamp=22233333333 inherited_sup=0 inherited_con=0 inherited_samples=230 inherited_supported=0 inherited_free=0 inherited_repl_other=0 inherited_repl_bg=0 inherited_occ=0 inherited_unobs=230 session_sup=0 session_con=0 session_samples=0 cur_verts=690 candidate_verts=0
a,973,EVIDENCE,175,,EVIDENCE inst=175 inherited_support=0 inherited_contradiction=0 session_support=0 session_contradiction=0 inherited_absent_flag=0 cur_verts=690 observed_verts=0
a,974,STATE_EVIDENCE_WINDOW,205,,STATE_EVIDENCE_WINDOW inst=205 after=4866666667 latest_measured_support=17033333333 through=22233333333 projected=1 support=48 contradiction=12 reliable=63 reliable_in_view=63 reliable_seen_through=2 absence_llr=0 absent_samples=3 total_samples=15 absence_coverage_sufficient=0
a,975,STATE_SLICE,205,22233333333,STATE_SLICE inst=205 stamp=22233333333 inherited_sup=48 inherited_con=12 inherited_samples=15 inherited_supported=48 inherited_free=0 inherited_repl_other=12 inherited_repl_bg=0 inherited_occ=0 inherited_unobs=0 session_sup=0 session_con=0 session_samples=0 cur_verts=306 candidate_verts=0
a,976,EVIDENCE,205,,EVIDENCE inst=205 inherited_support=48 inherited_contradiction=12 session_support=0 session_contradiction=0 inherited_absent_flag=0 cur_verts=306 observed_verts=0
a,977,MOBILITY_PRIOR,205,,MOBILITY_PRIOR inst=205 session=0 class=46 changes=0 continuations=0 alpha=0.5 beta=1.5 q=0.25
a,978,TOP_ABSORB_POSTERIOR,205,,TOP_ABSORB_POSTERIOR inst=205 measurement=confirmed_current change_prior=0.25 geometry_factor_or_bound=1 geometry_evaluated=0 candidate_vertices=0 effective_cells=0 off_share=unmeasured legacy_same_site=1 absorb=1
a,979,MOBILITY_PRIOR,205,,MOBILITY_PRIOR inst=205 session=0 class=46 changes=0 continuations=0 alpha=0.5 beta=1.5 q=0.25
a,980,TOP_ABSORB,205,,TOP_ABSORB inst=205 geom=0 support=48 high_mobility=0 absorb=1
a,981,INGEST,3,,INGEST inst=3 first=12s seg_verts=141 cur_verts=0 observed_verts=0
a,982,INGEST,5,,INGEST inst=5 first=12s seg_verts=4848 cur_verts=0 observed_verts=0
a,983,INGEST,48,,INGEST inst=48 first=11s seg_verts=3366 cur_verts=3213 observed_verts=0
a,984,MOBILITY_PRIOR,48,,MOBILITY_PRIOR inst=48 session=0 class=6 changes=0 continuations=0 alpha=1.5 beta=0.5 q=0.75
a,985,OVERLAP_POSTERIOR,48,,OVERLAP_POSTERIOR inst=48 shared_probability_lower_bound=0.848199 change_prior=0.75 same_state=1
a,986,EMPTY_INTERVAL_POSTERIOR,48,,EMPTY_INTERVAL_POSTERIOR inst=48 since=11366666667 support=48 judged=1066 seen_through=0 measured=1 calibrated_source=1 log_ratio=-6.3078 change_prior=0.75 log_odds=-5.20919 empty=0
a,987,INGEST_DECIDE,48,,INGEST_DECIDE inst=48 same_session_overlap=1 contradicted=0
a,988,INGEST,52,,INGEST inst=52 first=11s seg_verts=9132 cur_verts=2343 observed_verts=0
a,989,MOBILITY_PRIOR,52,,MOBILITY_PRIOR inst=52 session=0 class=6 changes=0 continuations=0 alpha=1.5 beta=0.5 q=0.75
a,990,OVERLAP_POSTERIOR,52,,OVERLAP_POSTERIOR inst=52 shared_probability_lower_bound=0.960773 change_prior=0.75 same_state=1
a,991,EMPTY_INTERVAL_POSTERIOR,52,,EMPTY_INTERVAL_POSTERIOR inst=52 since=11766666667 support=55 judged=640 seen_through=0 measured=1 calibrated_source=1 log_ratio=-5.84967 change_prior=0.75 log_odds=-4.75105 empty=0
a,992,INGEST_DECIDE,52,,INGEST_DECIDE inst=52 same_session_overlap=1 contradicted=0
a,993,INGEST,56,,INGEST inst=56 first=13s seg_verts=23766 cur_verts=26043 observed_verts=0
a,994,MOBILITY_PRIOR,56,,MOBILITY_PRIOR inst=56 session=0 class=6 changes=0 continuations=0 alpha=1.5 beta=0.5 q=0.75
a,995,OVERLAP_POSTERIOR,56,,OVERLAP_POSTERIOR inst=56 shared_probability_lower_bound=0.802263 change_prior=0.75 same_state=1
a,996,EMPTY_INTERVAL_POSTERIOR,56,,EMPTY_INTERVAL_POSTERIOR inst=56 since=13266666667 support=360 judged=1314 seen_through=17 measured=1 calibrated_source=1 log_ratio=-1.69188 change_prior=0.75 log_odds=-0.593265 empty=0
a,997,INGEST_DECIDE,56,,INGEST_DECIDE inst=56 same_session_overlap=1 contradicted=0
a,998,INGEST,57,,INGEST inst=57 first=12s seg_verts=5286 cur_verts=0 observed_verts=0
a,999,INGEST,69,,INGEST inst=69 first=12s seg_verts=1785 cur_verts=1440 observed_verts=0
a,1000,MOBILITY_PRIOR,69,,MOBILITY_PRIOR inst=69 session=0 class=9 changes=0 continuations=0 alpha=1.5 beta=0.5 q=0.75
a,1001,OVERLAP_POSTERIOR,69,,OVERLAP_POSTERIOR inst=69 shared_probability_lower_bound=0.866195 change_prior=0.75 same_state=1
a,1002,EMPTY_INTERVAL_POSTERIOR,69,,EMPTY_INTERVAL_POSTERIOR inst=69 since=12266666667 support=284 judged=425 seen_through=3 measured=1 calibrated_source=1 log_ratio=-2.23018 change_prior=0.75 log_odds=-1.13157 empty=0
a,1003,INGEST_DECIDE,69,,INGEST_DECIDE inst=69 same_session_overlap=1 contradicted=0
a,1004,INGEST,70,,INGEST inst=70 first=12s seg_verts=1416 cur_verts=1083 observed_verts=0
a,1005,MOBILITY_PRIOR,70,,MOBILITY_PRIOR inst=70 session=0 class=9 changes=0 continuations=0 alpha=1.5 beta=0.5 q=0.75
a,1006,OVERLAP_POSTERIOR,70,,OVERLAP_POSTERIOR inst=70 shared_probability_lower_bound=0.796419 change_prior=0.75 same_state=1
a,1007,EMPTY_INTERVAL_POSTERIOR,70,,EMPTY_INTERVAL_POSTERIOR inst=70 since=12866666667 support=59 judged=273 seen_through=3 measured=1 calibrated_source=1 log_ratio=-1.82983 change_prior=0.75 log_odds=-0.731215 empty=0
a,1008,INGEST_DECIDE,70,,INGEST_DECIDE inst=70 same_session_overlap=1 contradicted=0
a,1009,INGEST,71,,INGEST inst=71 first=12s seg_verts=1953 cur_verts=192 observed_verts=0
a,1010,MOBILITY_PRIOR,71,,MOBILITY_PRIOR inst=71 session=0 class=9 changes=0 continuations=0 alpha=1.5 beta=0.5 q=0.75
a,1011,OVERLAP_POSTERIOR,71,,OVERLAP_POSTERIOR inst=71 shared_probability_lower_bound=0.957373 change_prior=0.75 same_state=1
a,1012,EMPTY_INTERVAL_POSTERIOR,71,,EMPTY_INTERVAL_POSTERIOR inst=71 since=12266666667 support=51 judged=57 seen_through=0 measured=1 calibrated_source=1 log_ratio=-3.68903 change_prior=0.75 log_odds=-2.59042 empty=0
a,1013,INGEST_DECIDE,71,,INGEST_DECIDE inst=71 same_session_overlap=1 contradicted=0
a,1014,INGEST,72,,INGEST inst=72 first=12s seg_verts=2436 cur_verts=303 observed_verts=0
a,1015,MOBILITY_PRIOR,72,,MOBILITY_PRIOR inst=72 session=0 class=9 changes=0 continuations=0 alpha=1.5 beta=0.5 q=0.75
a,1016,OVERLAP_POSTERIOR,72,,OVERLAP_POSTERIOR inst=72 shared_probability_lower_bound=0.937391 change_prior=0.75 same_state=1
a,1017,EMPTY_INTERVAL_POSTERIOR,72,,EMPTY_INTERVAL_POSTERIOR inst=72 since=12966666667 support=79 judged=79 seen_through=0 measured=1 calibrated_source=1 log_ratio=-3.97835 change_prior=0.75 log_odds=-2.87974 empty=0
a,1018,INGEST_DECIDE,72,,INGEST_DECIDE inst=72 same_session_overlap=1 contradicted=0
a,1019,INGEST,88,,INGEST inst=88 first=12s seg_verts=735 cur_verts=0 observed_verts=0
a,1020,INGEST,89,,INGEST inst=89 first=12s seg_verts=4599 cur_verts=4425 observed_verts=0
a,1021,MOBILITY_PRIOR,89,,MOBILITY_PRIOR inst=89 session=0 class=15 changes=0 continuations=0 alpha=1.5 beta=0.5 q=0.75
a,1022,OVERLAP_POSTERIOR,89,,OVERLAP_POSTERIOR inst=89 shared_probability_lower_bound=0.866174 change_prior=0.75 same_state=1
a,1023,EMPTY_INTERVAL_POSTERIOR,89,,EMPTY_INTERVAL_POSTERIOR inst=89 since=12466666667 support=295 judged=1325 seen_through=2 measured=1 calibrated_source=1 log_ratio=-3.61226 change_prior=0.75 log_odds=-2.51364 empty=0
a,1024,INGEST_DECIDE,89,,INGEST_DECIDE inst=89 same_session_overlap=1 contradicted=0
a,1025,INGEST,112,,INGEST inst=112 first=12s seg_verts=2715 cur_verts=0 observed_verts=0
a,1026,INGEST,128,,INGEST inst=128 first=15s seg_verts=87 cur_verts=240 observed_verts=0
a,1027,MOBILITY_PRIOR,128,,MOBILITY_PRIOR inst=128 session=0 class=24 changes=0 continuations=0 alpha=0.5 beta=1.5 q=0.25
a,1028,OVERLAP_POSTERIOR,128,,OVERLAP_POSTERIOR inst=128 shared_probability_lower_bound=0.566356 change_prior=0.25 same_state=1
a,1029,EMPTY_INTERVAL_POSTERIOR,128,,EMPTY_INTERVAL_POSTERIOR inst=128 since=15766666667 support=10 judged=53 seen_through=1 measured=1 calibrated_source=1 log_ratio=-1.31524 change_prior=0.25 log_odds=-2.41385 empty=0
a,1030,INGEST_DECIDE,128,,INGEST_DECIDE inst=128 same_session_overlap=1 contradicted=0
a,1031,INGEST,132,,INGEST inst=132 first=13s seg_verts=183 cur_verts=0 observed_verts=0
a,1032,INGEST,147,,INGEST inst=147 first=1s seg_verts=597 cur_verts=0 observed_verts=0
a,1033,INGEST,148,,INGEST inst=148 first=1s seg_verts=501 cur_verts=0 observed_verts=0
a,1034,INGEST,149,,INGEST inst=149 first=6s seg_verts=873 cur_verts=873 observed_verts=0
a,1035,MOBILITY_PRIOR,149,,MOBILITY_PRIOR inst=149 session=0 class=28 changes=0 continuations=0 alpha=0.5 beta=1.5 q=0.25
a,1036,OVERLAP_POSTERIOR,149,,OVERLAP_POSTERIOR inst=149 shared_probability_lower_bound=0.374108 change_prior=0.25 same_state=1
a,1037,EMPTY_INTERVAL_POSTERIOR,149,,EMPTY_INTERVAL_POSTERIOR inst=149 since=6466666667 support=185 judged=264 seen_through=1 measured=1 calibrated_source=1 log_ratio=-2.75944 change_prior=0.25 log_odds=-3.85805 empty=0
a,1038,INGEST_DECIDE,149,,INGEST_DECIDE inst=149 same_session_overlap=1 contradicted=0
a,1039,INGEST,153,,INGEST inst=153 first=13s seg_verts=1731 cur_verts=0 observed_verts=0
a,1040,INGEST,155,,INGEST inst=155 first=17s seg_verts=492 cur_verts=8868 observed_verts=0
a,1041,MOBILITY_PRIOR,155,,MOBILITY_PRIOR inst=155 session=0 class=32 changes=0 continuations=0 alpha=0.5 beta=1.5 q=0.25
a,1042,OVERLAP_POSTERIOR,155,,OVERLAP_POSTERIOR inst=155 shared_probability_lower_bound=0.554089 change_prior=0.25 same_state=1
a,1043,EMPTY_INTERVAL_POSTERIOR,155,,EMPTY_INTERVAL_POSTERIOR inst=155 since=17166666667 support=25 judged=1155 seen_through=1 measured=1 calibrated_source=1 log_ratio=-4.08642 change_prior=0.25 log_odds=-5.18503 empty=0
a,1044,INGEST_DECIDE,155,,INGEST_DECIDE inst=155 same_session_overlap=1 contradicted=0
a,1045,INGEST,156,,INGEST inst=156 first=1s seg_verts=4977 cur_verts=0 observed_verts=0
a,1046,INGEST,163,,INGEST inst=163 first=12s seg_verts=1182 cur_verts=2070 observed_verts=0
a,1047,MOBILITY_PRIOR,163,,MOBILITY_PRIOR inst=163 session=0 class=35 changes=0 continuations=0 alpha=1.5 beta=0.5 q=0.75
a,1048,OVERLAP_POSTERIOR,163,,OVERLAP_POSTERIOR inst=163 shared_probability_lower_bound=0.786259 change_prior=0.75 same_state=1
a,1049,EMPTY_INTERVAL_POSTERIOR,163,,EMPTY_INTERVAL_POSTERIOR inst=163 since=12966666667 support=26 judged=472 seen_through=1 measured=1 calibrated_source=1 log_ratio=-3.28186 change_prior=0.75 log_odds=-2.18325 empty=0
a,1050,INGEST_DECIDE,163,,INGEST_DECIDE inst=163 same_session_overlap=1 contradicted=0
a,1051,INGEST,171,,INGEST inst=171 first=16s seg_verts=1536 cur_verts=2577 observed_verts=0
a,1052,MOBILITY_PRIOR,171,,MOBILITY_PRIOR inst=171 session=0 class=39 changes=0 continuations=0 alpha=1.5 beta=0.5 q=0.75
a,1053,OVERLAP_POSTERIOR,171,,OVERLAP_POSTERIOR inst=171 shared_probability_lower_bound=0.887091 change_prior=0.75 same_state=1
a,1054,EMPTY_INTERVAL_POSTERIOR,171,,EMPTY_INTERVAL_POSTERIOR inst=171 since=16866666667 support=200 judged=785 seen_through=1 measured=1 calibrated_source=1 log_ratio=-3.73923 change_prior=0.75 log_odds=-2.64062 empty=0
a,1055,INGEST_DECIDE,171,,INGEST_DECIDE inst=171 same_session_overlap=1 contradicted=0
a,1056,INGEST,180,,INGEST inst=180 first=12s seg_verts=264 cur_verts=0 observed_verts=0
a,1057,INGEST,205,,INGEST inst=205 first=15s seg_verts=246 cur_verts=306 observed_verts=0
a,1058,MOBILITY_PRIOR,205,,MOBILITY_PRIOR inst=205 session=0 class=46 changes=0 continuations=0 alpha=0.5 beta=1.5 q=0.25
a,1059,OVERLAP_POSTERIOR,205,,OVERLAP_POSTERIOR inst=205 shared_probability_lower_bound=0.791454 change_prior=0.25 same_state=1
a,1060,EMPTY_INTERVAL_POSTERIOR,205,,EMPTY_INTERVAL_POSTERIOR inst=205 since=15466666667 support=48 judged=63 seen_through=2 measured=1 calibrated_source=1 log_ratio=-0.859408 change_prior=0.25 log_odds=-1.95802 empty=0
a,1061,INGEST_DECIDE,205,,INGEST_DECIDE inst=205 same_session_overlap=1 contradicted=0
a,1062,OBJECT_EXTRACTION_INPUT,136,,OBJECT_EXTRACTION_INPUT inst=136 first=16233333333 last=19500000000 observations=99 dynamic=0 motion_history=0 last_motion=0 displacement=0 static_fallback=0
a,1063,STATIC_SURFACE_FRAMES,136,,STATIC_SURFACE_FRAMES inst=136 candidates=33 selected=33 first=16266666667 last=19466666667
a,1064,OBJECT_EXTRACTION_INPUT,51,,OBJECT_EXTRACTION_INPUT inst=51 first=18700000000 last=20600000000 observations=58 dynamic=0 motion_history=0 last_motion=0 displacement=0 static_fallback=0
a,1065,OBJECT_EXTRACTION_INPUT,13,,OBJECT_EXTRACTION_INPUT inst=13 first=19800000000 last=20800000000 observations=31 dynamic=0 motion_history=0 last_motion=0 displacement=0 static_fallback=0
a,1066,STATIC_SURFACE_FRAMES,13,,STATIC_SURFACE_FRAMES inst=13 candidates=10 selected=10 first=19866666667 last=20766666667
a,1067,OBJECT_EXTRACTION_INPUT,14,,OBJECT_EXTRACTION_INPUT inst=14 first=19833333333 last=20800000000 observations=30 dynamic=0 motion_history=0 last_motion=0 displacement=0 static_fallback=0
a,1068,STATIC_SURFACE_FRAMES,14,,STATIC_SURFACE_FRAMES inst=14 candidates=10 selected=10 first=19866666667 last=20766666667
a,1069,OBJECT_EXTRACTION_INPUT,183,,OBJECT_EXTRACTION_INPUT inst=183 first=19833333333 last=20600000000 observations=24 dynamic=0 motion_history=0 last_motion=0 displacement=0 static_fallback=0
a,1070,STATIC_SURFACE_FRAMES,183,,STATIC_SURFACE_FRAMES inst=183 candidates=8 selected=8 first=19866666667 last=20566666667
a,1071,OBJECT_EXTRACTION_INPUT,120,,OBJECT_EXTRACTION_INPUT inst=120 first=19866666667 last=20833333333 observations=30 dynamic=0 motion_history=0 last_motion=0 displacement=0 static_fallback=0
a,1072,STATIC_SURFACE_FRAMES,51,,STATIC_SURFACE_FRAMES inst=51 candidates=19 selected=19 first=18766666667 last=20566666667
a,1073,OBJECT_EXTRACTION_INPUT,182,,OBJECT_EXTRACTION_INPUT inst=182 first=19866666667 last=20666666667 observations=25 dynamic=0 motion_history=0 last_motion=0 displacement=0 static_fallback=0
a,1074,STATIC_SURFACE_FRAMES,120,,STATIC_SURFACE_FRAMES inst=120 candidates=10 selected=10 first=19866666667 last=20766666667
a,1075,OBJECT_EXTRACTION_INPUT,123,,OBJECT_EXTRACTION_INPUT inst=123 first=19966666667 last=20900000000 observations=29 dynamic=0 motion_history=0 last_motion=0 displacement=0 static_fallback=0
a,1076,STATIC_SURFACE_FRAMES,182,,STATIC_SURFACE_FRAMES inst=182 candidates=9 selected=9 first=19866666667 last=20666666667
a,1077,STATIC_SURFACE_FRAMES,123,,STATIC_SURFACE_FRAMES inst=123 candidates=10 selected=10 first=19966666667 last=20866666667
a,1078,OBJECT_EXTRACTION_INPUT,55,,OBJECT_EXTRACTION_INPUT inst=55 first=19733333333 last=21133333333 observations=43 dynamic=0 motion_history=0 last_motion=0 displacement=0 static_fallback=0
a,1079,OBJECT_EXTRACTION_INPUT,122,,OBJECT_EXTRACTION_INPUT inst=122 first=19833333333 last=20966666667 observations=35 dynamic=0 motion_history=0 last_motion=0 displacement=0 static_fallback=0
a,1080,STATIC_SURFACE_FRAMES,122,,STATIC_SURFACE_FRAMES inst=122 candidates=12 selected=12 first=19866666667 last=20966666667
a,1081,OBJECT_EXTRACTION_INPUT,121,,OBJECT_EXTRACTION_INPUT inst=121 first=19900000000 last=21133333333 observations=38 dynamic=0 motion_history=0 last_motion=0 displacement=0 static_fallback=0
a,1082,STATIC_SURFACE_FRAMES,55,,STATIC_SURFACE_FRAMES inst=55 candidates=14 selected=14 first=19766666667 last=21066666667
a,1083,STATIC_SURFACE_FRAMES,121,,STATIC_SURFACE_FRAMES inst=121 candidates=12 selected=12 first=19966666667 last=21066666667
a,1092,OBJECT_EXTRACTION_INPUT,107,,OBJECT_EXTRACTION_INPUT inst=107 first=19933333333 last=21033333333 observations=34 dynamic=0 motion_history=0 last_motion=0 displacement=0 static_fallback=0
a,1093,STATIC_SURFACE_FRAMES,107,,STATIC_SURFACE_FRAMES inst=107 candidates=11 selected=11 first=19966666667 last=20966666667
a,1094,OBJECT_EXTRACTION_INPUT,106,,OBJECT_EXTRACTION_INPUT inst=106 first=19966666667 last=21100000000 observations=35 dynamic=0 motion_history=0 last_motion=0 displacement=0 static_fallback=0
a,1095,STATIC_SURFACE_FRAMES,106,,STATIC_SURFACE_FRAMES inst=106 candidates=12 selected=12 first=19966666667 last=21066666667
a,1096,OBJECT_EXTRACTION_INPUT,172,,OBJECT_EXTRACTION_INPUT inst=172 first=20233333333 last=21466666667 observations=38 dynamic=0 motion_history=0 last_motion=0 displacement=0 static_fallback=0
a,1097,STATIC_SURFACE_FRAMES,172,,STATIC_SURFACE_FRAMES inst=172 candidates=13 selected=13 first=20266666667 last=21466666667
a,1098,OBJECT_EXTRACTION_INPUT,165,,OBJECT_EXTRACTION_INPUT inst=165 first=19966666667 last=22666666667 observations=82 dynamic=0 motion_history=0 last_motion=0 displacement=0 static_fallback=0
a,1099,OBJECT_EXTRACTION_INPUT,137,,OBJECT_EXTRACTION_INPUT inst=137 first=20000000000 last=22533333333 observations=77 dynamic=0 motion_history=0 last_motion=0 displacement=0 static_fallback=0
a,1100,STATIC_SURFACE_FRAMES,165,,STATIC_SURFACE_FRAMES inst=165 candidates=28 selected=28 first=19966666667 last=22666666667
a,1101,STATIC_SURFACE_FRAMES,137,,STATIC_SURFACE_FRAMES inst=137 candidates=25 selected=25 first=20066666667 last=22466666667
a,1102,OBJECT_EXTRACTION_INPUT,138,,OBJECT_EXTRACTION_INPUT inst=138 first=20066666667 last=22400000000 observations=71 dynamic=0 motion_history=0 last_motion=0 displacement=0 static_fallback=0
a,1103,STATIC_SURFACE_FRAMES,138,,STATIC_SURFACE_FRAMES inst=138 candidates=24 selected=24 first=20066666667 last=22366666667
a,1105,OBJECT_EXTRACTION_INPUT,49,,OBJECT_EXTRACTION_INPUT inst=49 first=19833333333 last=23066666667 observations=98 dynamic=0 motion_history=0 last_motion=0 displacement=0 static_fallback=0
a,1106,STATIC_SURFACE_FRAMES,49,,STATIC_SURFACE_FRAMES inst=49 candidates=33 selected=33 first=19866666667 last=23066666667
a,1107,OBJECT_EXTRACTION_INPUT,146,,OBJECT_EXTRACTION_INPUT inst=146 first=19766666667 last=23466666667 observations=112 dynamic=0 motion_history=0 last_motion=0 displacement=0 static_fallback=0
a,1108,STATIC_SURFACE_FRAMES,146,,STATIC_SURFACE_FRAMES inst=146 candidates=38 selected=38 first=19766666667 last=23466666667
a,1118,OBJECT_EXTRACTION_INPUT,145,,OBJECT_EXTRACTION_INPUT inst=145 first=19633333333 last=25366666667 observations=154 dynamic=0 motion_history=0 last_motion=0 displacement=0 static_fallback=0
a,1119,OBJECT_EXTRACTION_INPUT,143,,OBJECT_EXTRACTION_INPUT inst=143 first=19666666667 last=25433333333 observations=174 dynamic=0 motion_history=0 last_motion=0 displacement=0 static_fallback=0
a,1120,STATIC_SURFACE_FRAMES,145,,STATIC_SURFACE_FRAMES inst=145 candidates=52 selected=52 first=19666666667 last=25366666667
a,1121,STATIC_SURFACE_FRAMES,143,,STATIC_SURFACE_FRAMES inst=143 candidates=58 selected=58 first=19666666667 last=25366666667
a,1122,OBJECT_EXTRACTION_INPUT,166,,OBJECT_EXTRACTION_INPUT inst=166 first=19033333333 last=25933333333 observations=151 dynamic=0 motion_history=0 last_motion=0 displacement=0 static_fallback=0
a,1123,OBJECT_EXTRACTION_INPUT,139,,OBJECT_EXTRACTION_INPUT inst=139 first=19066666667 last=26033333333 observations=150 dynamic=0 motion_history=0 last_motion=0 displacement=0 static_fallback=0
a,1124,STATIC_SURFACE_FRAMES,166,,STATIC_SURFACE_FRAMES inst=166 candidates=48 selected=48 first=19266666667 last=25866666667
a,1125,STATIC_SURFACE_FRAMES,139,,STATIC_SURFACE_FRAMES inst=139 candidates=48 selected=48 first=19266666667 last=25966666667
a,1126,OBJECT_EXTRACTION_INPUT,140,,OBJECT_EXTRACTION_INPUT inst=140 first=19066666667 last=26100000000 observations=149 dynamic=0 motion_history=0 last_motion=0 displacement=0 static_fallback=0
a,1127,STATIC_SURFACE_FRAMES,140,,STATIC_SURFACE_FRAMES inst=140 candidates=48 selected=48 first=19266666667 last=26066666667
a,1128,OBJECT_EXTRACTION_INPUT,7,,OBJECT_EXTRACTION_INPUT inst=7 first=19000000000 last=29166666667 observations=306 dynamic=0 motion_history=0 last_motion=0 displacement=0 static_fallback=0
a,1129,STATIC_SURFACE_FRAMES,7,,STATIC_SURFACE_FRAMES inst=7 candidates=100 selected=100 first=19266666667 last=29166666667
a,1130,OBJECT_EXTRACTION_INPUT,50,,OBJECT_EXTRACTION_INPUT inst=50 first=19033333333 last=26300000000 observations=171 dynamic=0 motion_history=0 last_motion=0 displacement=0 static_fallback=0
a,1131,STATIC_SURFACE_FRAMES,50,,STATIC_SURFACE_FRAMES inst=50 candidates=50 selected=50 first=19766666667 last=26266666667
a,1132,OBJECT_EXTRACTION_INPUT,144,,OBJECT_EXTRACTION_INPUT inst=144 first=19166666667 last=27066666667 observations=229 dynamic=0 motion_history=0 last_motion=0 displacement=0 static_fallback=0
a,1133,OBJECT_EXTRACTION_INPUT,142,,OBJECT_EXTRACTION_INPUT inst=142 first=19233333333 last=27433333333 observations=231 dynamic=0 motion_history=0 last_motion=0 displacement=0 static_fallback=0
a,1134,STATIC_SURFACE_FRAMES,144,,STATIC_SURFACE_FRAMES inst=144 candidates=63 selected=63 first=20566666667 last=27066666667
a,1135,STATIC_SURFACE_FRAMES,142,,STATIC_SURFACE_FRAMES inst=142 candidates=64 selected=64 first=20566666667 last=27366666667
a,1141,OBJECT_EXTRACTION_INPUT,141,,OBJECT_EXTRACTION_INPUT inst=141 first=19633333333 last=27033333333 observations=184 dynamic=0 motion_history=0 last_motion=0 displacement=0 static_fallback=0
a,1142,STATIC_SURFACE_FRAMES,141,,STATIC_SURFACE_FRAMES inst=141 candidates=52 selected=52 first=20566666667 last=26966666667
a,1144,OBJECT_EXTRACTION_INPUT,135,,OBJECT_EXTRACTION_INPUT inst=135 first=24466666667 last=28766666667 observations=70 dynamic=0 motion_history=0 last_motion=0 displacement=0 static_fallback=0
a,1145,STATIC_SURFACE_FRAMES,135,,STATIC_SURFACE_FRAMES inst=135 candidates=24 selected=24 first=24466666667 last=28766666667
a,1146,STATE_EVIDENCE_WINDOW,3,,STATE_EVIDENCE_WINDOW inst=3 after=16600000000 latest_measured_support=0 through=33066666667 projected=0 support=0 contradiction=0 reliable=28 reliable_in_view=28 reliable_seen_through=0 absence_llr=0 absent_samples=0 total_samples=47 absence_coverage_sufficient=0
a,1147,STATE_SLICE,3,33066666667,STATE_SLICE inst=3 stamp=33066666667 inherited_sup=0 inherited_con=0 inherited_samples=47 inherited_supported=0 inherited_free=0 inherited_repl_other=0 inherited_repl_bg=0 inherited_occ=0 inherited_unobs=47 session_sup=0 session_con=0 session_samples=0 cur_verts=141 candidate_verts=0
a,1148,EVIDENCE,3,,EVIDENCE inst=3 inherited_support=0 inherited_contradiction=0 session_support=0 session_contradiction=0 inherited_absent_flag=0 cur_verts=141 observed_verts=0
a,1149,STATE_EVIDENCE_WINDOW,5,,STATE_EVIDENCE_WINDOW inst=5 after=16100000000 latest_measured_support=0 through=33066666667 projected=0 support=0 contradiction=0 reliable=1443 reliable_in_view=1443 reliable_seen_through=7 absence_llr=0 absent_samples=0 total_samples=1616 absence_coverage_sufficient=0
a,1150,STATE_SLICE,5,33066666667,STATE_SLICE inst=5 stamp=33066666667 inherited_sup=0 inherited_con=0 inherited_samples=1616 inherited_supported=0 inherited_free=0 inherited_repl_other=0 inherited_repl_bg=0 inherited_occ=0 inherited_unobs=1616 session_sup=0 session_con=0 session_samples=0 cur_verts=4848 candidate_verts=0
a,1151,EVIDENCE,5,,EVIDENCE inst=5 inherited_support=0 inherited_contradiction=0 session_support=0 session_contradiction=0 inherited_absent_flag=0 cur_verts=4848 observed_verts=0
a,1152,STATE_EVIDENCE_WINDOW,21,,STATE_EVIDENCE_WINDOW inst=21 after=17033333333 latest_measured_support=0 through=33066666667 projected=0 support=0 contradiction=0 reliable=42 reliable_in_view=0 reliable_seen_through=0 absence_llr=0 absent_samples=0 total_samples=84 absence_coverage_sufficient=0
a,1153,STATE_SLICE,21,33066666667,STATE_SLICE inst=21 stamp=33066666667 inherited_sup=0 inherited_con=0 inherited_samples=84 inherited_supported=0 inherited_free=0 inherited_repl_other=0 inherited_repl_bg=0 inherited_occ=0 inherited_unobs=84 session_sup=0 session_con=0 session_samples=0 cur_verts=252 candidate_verts=0
a,1154,EVIDENCE,21,,EVIDENCE inst=21 inherited_support=0 inherited_contradiction=0 session_support=0 session_contradiction=0 inherited_absent_flag=0 cur_verts=252 observed_verts=0
a,1155,STATE_EVIDENCE_WINDOW,48,,STATE_EVIDENCE_WINDOW inst=48 after=14266666667 latest_measured_support=0 through=33066666667 projected=0 support=0 contradiction=0 reliable=1062 reliable_in_view=0 reliable_seen_through=0 absence_llr=0 absent_samples=0 total_samples=2193 absence_coverage_sufficient=0
a,1156,STATE_SLICE,48,33066666667,STATE_SLICE inst=48 stamp=33066666667 inherited_sup=0 inherited_con=0 inherited_samples=2193 inherited_supported=0 inherited_free=0 inherited_repl_other=0 inherited_repl_bg=0 inherited_occ=0 inherited_unobs=2193 session_sup=0 session_con=0 session_samples=0 cur_verts=6579 candidate_verts=0
a,1157,EVIDENCE,48,,EVIDENCE inst=48 inherited_support=0 inherited_contradiction=0 session_support=0 session_contradiction=0 inherited_absent_flag=0 cur_verts=6579 observed_verts=0
a,1158,STATE_EVIDENCE_WINDOW,52,,STATE_EVIDENCE_WINDOW inst=52 after=15633333333 latest_measured_support=0 through=33066666667 projected=0 support=0 contradiction=0 reliable=280 reliable_in_view=0 reliable_seen_through=0 absence_llr=0 absent_samples=0 total_samples=3825 absence_coverage_sufficient=0
a,1159,STATE_SLICE,52,33066666667,STATE_SLICE inst=52 stamp=33066666667 inherited_sup=0 inherited_con=0 inherited_samples=3825 inherited_supported=0 inherited_free=0 inherited_repl_other=0 inherited_repl_bg=0 inherited_occ=0 inherited_unobs=3825 session_sup=0 session_con=0 session_samples=0 cur_verts=11475 candidate_verts=0
a,1160,EVIDENCE,52,,EVIDENCE inst=52 inherited_support=0 inherited_contradiction=0 session_support=0 session_contradiction=0 inherited_absent_flag=0 cur_verts=11475 observed_verts=0
a,1161,STATE_EVIDENCE_WINDOW,56,,STATE_EVIDENCE_WINDOW inst=56 after=17833333333 latest_measured_support=33066666667 through=33066666667 projected=1 support=50 contradiction=0 reliable=145 reliable_in_view=3 reliable_seen_through=0 absence_llr=0 absent_samples=0 total_samples=1451 absence_coverage_sufficient=0
a,1162,STATE_SLICE,56,33066666667,STATE_SLICE inst=56 stamp=33066666667 inherited_sup=50 inherited_con=0 inherited_samples=1451 inherited_supported=50 inherited_free=0 inherited_repl_other=0 inherited_repl_bg=0 inherited_occ=7346 inherited_unobs=0 session_sup=0 session_con=0 session_samples=0 cur_verts=49809 candidate_verts=0
a,1163,EVIDENCE,56,,EVIDENCE inst=56 inherited_support=50 inherited_contradiction=0 session_support=0 session_contradiction=0 inherited_absent_flag=0 cur_verts=49809 observed_verts=0
a,1164,MOBILITY_PRIOR,56,,MOBILITY_PRIOR inst=56 session=0 class=6 changes=0 continuations=0 alpha=1.5 beta=0.5 q=0.75
a,1165,TOP_ABSORB_POSTERIOR,56,,TOP_ABSORB_POSTERIOR inst=56 measurement=confirmed_current change_prior=0.75 geometry_factor_or_bound=1 geometry_evaluated=0 candidate_vertices=0 effective_cells=0 off_share=unmeasured legacy_same_site=0 absorb=0
a,1166,MOBILITY_PRIOR,56,,MOBILITY_PRIOR inst=56 session=0 class=6 changes=0 continuations=0 alpha=1.5 beta=0.5 q=0.75
a,1167,TOP_ABSORB,56,,TOP_ABSORB inst=56 geom=0 support=50 high_mobility=1 absorb=0
a,1168,STATE_EVIDENCE_WINDOW,57,,STATE_EVIDENCE_WINDOW inst=57 after=16933333333 latest_measured_support=0 through=33066666667 projected=0 support=0 contradiction=0 reliable=1242 reliable_in_view=1242 reliable_seen_through=1 absence_llr=0 absent_samples=0 total_samples=1762 absence_coverage_sufficient=0
a,1169,STATE_SLICE,57,33066666667,STATE_SLICE inst=57 stamp=33066666667 inherited_sup=0 inherited_con=0 inherited_samples=1762 inherited_supported=0 inherited_free=0 inherited_repl_other=0 inherited_repl_bg=0 inherited_occ=0 inherited_unobs=1762 session_sup=0 session_con=0 session_samples=0 cur_verts=5286 candidate_verts=0
a,1170,EVIDENCE,57,,EVIDENCE inst=57 inherited_support=0 inherited_contradiction=0 session_support=0 session_contradiction=0 inherited_absent_flag=0 cur_verts=5286 observed_verts=0
a,1171,STATE_EVIDENCE_WINDOW,68,,STATE_EVIDENCE_WINDOW inst=68 after=3000000000 latest_measured_support=0 through=33066666667 projected=0 support=0 contradiction=0 reliable=378 reliable_in_view=0 reliable_seen_through=0 absence_llr=0 absent_samples=0 total_samples=597 absence_coverage_sufficient=0
a,1172,STATE_SLICE,68,33066666667,STATE_SLICE inst=68 stamp=33066666667 inherited_sup=0 inherited_con=0 inherited_samples=597 inherited_supported=0 inherited_free=0 inherited_repl_other=0 inherited_repl_bg=0 inherited_occ=0 inherited_unobs=33 session_sup=0 session_con=0 session_samples=0 cur_verts=1791 candidate_verts=0
a,1173,EVIDENCE,68,,EVIDENCE inst=68 inherited_support=0 inherited_contradiction=0 session_support=0 session_contradiction=0 inherited_absent_flag=0 cur_verts=1791 observed_verts=0
a,1174,STATE_EVIDENCE_WINDOW,69,,STATE_EVIDENCE_WINDOW inst=69 after=16566666667 latest_measured_support=0 through=33066666667 projected=0 support=0 contradiction=0 reliable=413 reliable_in_view=0 reliable_seen_through=0 absence_llr=0 absent_samples=0 total_samples=1075 absence_coverage_sufficient=0
a,1175,STATE_SLICE,69,33066666667,STATE_SLICE inst=69 stamp=33066666667 inherited_sup=0 inherited_con=0 inherited_samples=1075 inherited_supported=0 inherited_free=0 inherited_repl_other=0 inherited_repl_bg=0 inherited_occ=0 inherited_unobs=1075 session_sup=0 session_con=0 session_samples=0 cur_verts=3225 candidate_verts=0
a,1176,EVIDENCE,69,,EVIDENCE inst=69 inherited_support=0 inherited_contradiction=0 session_support=0 session_contradiction=0 inherited_absent_flag=0 cur_verts=3225 observed_verts=0
a,1177,STATE_EVIDENCE_WINDOW,70,,STATE_EVIDENCE_WINDOW inst=70 after=16933333333 latest_measured_support=33066666667 through=33066666667 projected=1 support=4 contradiction=0 reliable=264 reliable_in_view=0 reliable_seen_through=0 absence_llr=0 absent_samples=0 total_samples=79 absence_coverage_sufficient=0
a,1178,STATE_SLICE,70,33066666667,STATE_SLICE inst=70 stamp=33066666667 inherited_sup=4 inherited_con=0 inherited_samples=79 inherited_supported=4 inherited_free=0 inherited_repl_other=0 inherited_repl_bg=0 inherited_occ=421 inherited_unobs=0 session_sup=0 session_con=0 session_samples=0 cur_verts=2499 candidate_verts=0
a,1179,EVIDENCE,70,,EVIDENCE inst=70 inherited_support=4 inherited_contradiction=0 session_support=0 session_contradiction=0 inherited_absent_flag=0 cur_verts=2499 observed_verts=0
a,1180,MOBILITY_PRIOR,70,,MOBILITY_PRIOR inst=70 session=0 class=9 changes=0 continuations=0 alpha=1.5 beta=0.5 q=0.75
a,1181,TOP_ABSORB_POSTERIOR,70,,TOP_ABSORB_POSTERIOR inst=70 measurement=confirmed_current change_prior=0.75 geometry_factor_or_bound=1 geometry_evaluated=0 candidate_vertices=0 effective_cells=0 off_share=unmeasured legacy_same_site=0 absorb=0
a,1182,MOBILITY_PRIOR,70,,MOBILITY_PRIOR inst=70 session=0 class=9 changes=0 continuations=0 alpha=1.5 beta=0.5 q=0.75
a,1183,TOP_ABSORB,70,,TOP_ABSORB inst=70 geom=0 support=4 high_mobility=1 absorb=0
a,1184,STATE_EVIDENCE_WINDOW,71,,STATE_EVIDENCE_WINDOW inst=71 after=16433333333 latest_measured_support=0 through=33066666667 projected=0 support=0 contradiction=0 reliable=55 reliable_in_view=0 reliable_seen_through=0 absence_llr=0 absent_samples=0 total_samples=715 absence_coverage_sufficient=0
a,1185,STATE_SLICE,71,33066666667,STATE_SLICE inst=71 stamp=33066666667 inherited_sup=0 inherited_con=0 inherited_samples=715 inherited_supported=0 inherited_free=0 inherited_repl_other=0 inherited_repl_bg=0 inherited_occ=0 inherited_unobs=715 session_sup=0 session_con=0 session_samples=0 cur_verts=2145 candidate_verts=0
a,1186,EVIDENCE,71,,EVIDENCE inst=71 inherited_support=0 inherited_contradiction=0 session_support=0 session_contradiction=0 inherited_absent_flag=0 cur_verts=2145 observed_verts=0
a,1187,STATE_EVIDENCE_WINDOW,72,,STATE_EVIDENCE_WINDOW inst=72 after=17300000000 latest_measured_support=0 through=33066666667 projected=0 support=0 contradiction=0 reliable=71 reliable_in_view=0 reliable_seen_through=0 absence_llr=0 absent_samples=0 total_samples=913 absence_coverage_sufficient=0
a,1188,STATE_SLICE,72,33066666667,STATE_SLICE inst=72 stamp=33066666667 inherited_sup=0 inherited_con=0 inherited_samples=913 inherited_supported=0 inherited_free=0 inherited_repl_other=0 inherited_repl_bg=0 inherited_occ=0 inherited_unobs=913 session_sup=0 session_con=0 session_samples=0 cur_verts=2739 candidate_verts=0
a,1189,EVIDENCE,72,,EVIDENCE inst=72 inherited_support=0 inherited_contradiction=0 session_support=0 session_contradiction=0 inherited_absent_flag=0 cur_verts=2739 observed_verts=0
a,1190,STATE_EVIDENCE_WINDOW,88,,STATE_EVIDENCE_WINDOW inst=88 after=16033333333 latest_measured_support=0 through=33066666667 projected=0 support=0 contradiction=0 reliable=172 reliable_in_view=172 reliable_seen_through=0 absence_llr=0 absent_samples=0 total_samples=245 absence_coverage_sufficient=0
a,1191,STATE_SLICE,88,33066666667,STATE_SLICE inst=88 stamp=33066666667 inherited_sup=0 inherited_con=0 inherited_samples=245 inherited_supported=0 inherited_free=0 inherited_repl_other=0 inherited_repl_bg=0 inherited_occ=0 inherited_unobs=245 session_sup=0 session_con=0 session_samples=0 cur_verts=735 candidate_verts=0
a,1192,EVIDENCE,88,,EVIDENCE inst=88 inherited_support=0 inherited_contradiction=0 session_support=0 session_contradiction=0 inherited_absent_flag=0 cur_verts=735 observed_verts=0
a,1193,STATE_EVIDENCE_WINDOW,89,,STATE_EVIDENCE_WINDOW inst=89 after=17000000000 latest_measured_support=0 through=33066666667 projected=0 support=0 contradiction=0 reliable=777 reliable_in_view=0 reliable_seen_through=0 absence_llr=0 absent_samples=0 total_samples=3008 absence_coverage_sufficient=0
a,1194,STATE_SLICE,89,33066666667,STATE_SLICE inst=89 stamp=33066666667 inherited_sup=0 inherited_con=0 inherited_samples=3008 inherited_supported=0 inherited_free=0 inherited_repl_other=0 inherited_repl_bg=0 inherited_occ=0 inherited_unobs=3008 session_sup=0 session_con=0 session_samples=0 cur_verts=9024 candidate_verts=0
a,1195,EVIDENCE,89,,EVIDENCE inst=89 inherited_support=0 inherited_contradiction=0 session_support=0 session_contradiction=0 inherited_absent_flag=0 cur_verts=9024 observed_verts=0
a,1196,STATE_EVIDENCE_WINDOW,109,,STATE_EVIDENCE_WINDOW inst=109 after=7400000000 latest_measured_support=0 through=33066666667 projected=0 support=0 contradiction=0 reliable=787 reliable_in_view=0 reliable_seen_through=0 absence_llr=0 absent_samples=0 total_samples=2435 absence_coverage_sufficient=0
a,1197,STATE_SLICE,109,33066666667,STATE_SLICE inst=109 stamp=33066666667 inherited_sup=0 inherited_con=0 inherited_samples=2435 inherited_supported=0 inherited_free=0 inherited_repl_other=0 inherited_repl_bg=0 inherited_occ=0 inherited_unobs=2435 session_sup=0 session_con=0 session_samples=0 cur_verts=7305 candidate_verts=0
a,1198,EVIDENCE,109,,EVIDENCE inst=109 inherited_support=0 inherited_contradiction=0 session_support=0 session_contradiction=0 inherited_absent_flag=0 cur_verts=7305 observed_verts=0
a,1199,STATE_EVIDENCE_WINDOW,112,,STATE_EVIDENCE_WINDOW inst=112 after=16400000000 latest_measured_support=0 through=33066666667 projected=0 support=0 contradiction=0 reliable=812 reliable_in_view=812 reliable_seen_through=0 absence_llr=0 absent_samples=0 total_samples=905 absence_coverage_sufficient=0
a,1200,STATE_SLICE,112,33066666667,STATE_SLICE inst=112 stamp=33066666667 inherited_sup=0 inherited_con=0 inherited_samples=905 inherited_supported=0 inherited_free=0 inherited_repl_other=0 inherited_repl_bg=0 inherited_occ=0 inherited_unobs=905 session_sup=0 session_con=0 session_samples=0 cur_verts=2715 candidate_verts=0
a,1201,EVIDENCE,112,,EVIDENCE inst=112 inherited_support=0 inherited_contradiction=0 session_support=0 session_contradiction=0 inherited_absent_flag=0 cur_verts=2715 observed_verts=0
a,1202,STATE_EVIDENCE_WINDOW,126,,STATE_EVIDENCE_WINDOW inst=126 after=3266666667 latest_measured_support=0 through=33066666667 projected=0 support=0 contradiction=0 reliable=81 reliable_in_view=0 reliable_seen_through=0 absence_llr=0 absent_samples=0 total_samples=97 absence_coverage_sufficient=0
a,1203,STATE_SLICE,126,33066666667,STATE_SLICE inst=126 stamp=33066666667 inherited_sup=0 inherited_con=0 inherited_samples=97 inherited_supported=0 inherited_free=0 inherited_repl_other=0 inherited_repl_bg=0 inherited_occ=0 inherited_unobs=0 session_sup=0 session_con=0 session_samples=0 cur_verts=291 candidate_verts=0
a,1204,EVIDENCE,126,,EVIDENCE inst=126 inherited_support=0 inherited_contradiction=0 session_support=0 session_contradiction=0 inherited_absent_flag=0 cur_verts=291 observed_verts=0
a,1205,STATE_EVIDENCE_WINDOW,128,,STATE_EVIDENCE_WINDOW inst=128 after=17533333333 latest_measured_support=0 through=33066666667 projected=0 support=0 contradiction=0 reliable=49 reliable_in_view=0 reliable_seen_through=0 absence_llr=0 absent_samples=0 total_samples=109 absence_coverage_sufficient=0
a,1206,STATE_SLICE,128,33066666667,STATE_SLICE inst=128 stamp=33066666667 inherited_sup=0 inherited_con=0 inherited_samples=109 inherited_supported=0 inherited_free=0 inherited_repl_other=0 inherited_repl_bg=0 inherited_occ=0 inherited_unobs=109 session_sup=0 session_con=0 session_samples=0 cur_verts=327 candidate_verts=0
a,1207,EVIDENCE,128,,EVIDENCE inst=128 inherited_support=0 inherited_contradiction=0 session_support=0 session_contradiction=0 inherited_absent_flag=0 cur_verts=327 observed_verts=0
a,1208,STATE_EVIDENCE_WINDOW,132,,STATE_EVIDENCE_WINDOW inst=132 after=16900000000 latest_measured_support=0 through=33066666667 projected=0 support=0 contradiction=0 reliable=29 reliable_in_view=29 reliable_seen_through=0 absence_llr=0 absent_samples=0 total_samples=61 absence_coverage_sufficient=0
a,1209,STATE_SLICE,132,33066666667,STATE_SLICE inst=132 stamp=33066666667 inherited_sup=0 inherited_con=0 inherited_samples=61 inherited_supported=0 inherited_free=0 inherited_repl_other=0 inherited_repl_bg=0 inherited_occ=0 inherited_unobs=61 session_sup=0 session_con=0 session_samples=0 cur_verts=183 candidate_verts=0
a,1210,EVIDENCE,132,,EVIDENCE inst=132 inherited_support=0 inherited_contradiction=0 session_support=0 session_contradiction=0 inherited_absent_flag=0 cur_verts=183 observed_verts=0
a,1211,STATE_EVIDENCE_WINDOW,136,,STATE_EVIDENCE_WINDOW inst=136 after=19200000000 latest_measured_support=0 through=33066666667 projected=0 support=0 contradiction=0 reliable=440 reliable_in_view=0 reliable_seen_through=0 absence_llr=0 absent_samples=0 total_samples=582 absence_coverage_sufficient=0
a,1212,STATE_SLICE,136,33066666667,STATE_SLICE inst=136 stamp=33066666667 inherited_sup=0 inherited_con=0 inherited_samples=582 inherited_supported=0 inherited_free=0 inherited_repl_other=0 inherited_repl_bg=0 inherited_occ=0 inherited_unobs=582 session_sup=0 session_con=0 session_samples=0 cur_verts=1746 candidate_verts=0
a,1213,EVIDENCE,136,,EVIDENCE inst=136 inherited_support=0 inherited_contradiction=0 session_support=0 session_contradiction=0 inherited_absent_flag=0 cur_verts=1746 observed_verts=0
a,1214,STATE_EVIDENCE_WINDOW,147,,STATE_EVIDENCE_WINDOW inst=147 after=8400000000 latest_measured_support=0 through=33066666667 projected=0 support=0 contradiction=0 reliable=137 reliable_in_view=137 reliable_seen_through=1 absence_llr=0 absent_samples=0 total_samples=199 absence_coverage_sufficient=0
a,1215,STATE_SLICE,147,33066666667,STATE_SLICE inst=147 stamp=33066666667 inherited_sup=0 inherited_con=0 inherited_samples=199 inherited_supported=0 inherited_free=0 inherited_repl_other=0 inherited_repl_bg=0 inherited_occ=0 inherited_unobs=199 session_sup=0 session_con=0 session_samples=0 cur_verts=597 candidate_verts=0
a,1216,EVIDENCE,147,,EVIDENCE inst=147 inherited_support=0 inherited_contradiction=0 session_support=0 session_contradiction=0 inherited_absent_flag=0 cur_verts=597 observed_verts=0
a,1217,STATE_EVIDENCE_WINDOW,148,,STATE_EVIDENCE_WINDOW inst=148 after=8400000000 latest_measured_support=0 through=33066666667 projected=0 support=0 contradiction=0 reliable=122 reliable_in_view=122 reliable_seen_through=3 absence_llr=0 absent_samples=0 total_samples=167 absence_coverage_sufficient=0
a,1218,STATE_SLICE,148,33066666667,STATE_SLICE inst=148 stamp=33066666667 inherited_sup=0 inherited_con=0 inherited_samples=167 inherited_supported=0 inherited_free=0 inherited_repl_other=0 inherited_repl_bg=0 inherited_occ=0 inherited_unobs=167 session_sup=0 session_con=0 session_samples=0 cur_verts=501 candidate_verts=0
a,1219,EVIDENCE,148,,EVIDENCE inst=148 inherited_support=0 inherited_contradiction=0 session_support=0 session_contradiction=0 inherited_absent_flag=0 cur_verts=501 observed_verts=0
a,1220,STATE_EVIDENCE_WINDOW,149,,STATE_EVIDENCE_WINDOW inst=149 after=8833333333 latest_measured_support=0 through=33066666667 projected=0 support=0 contradiction=0 reliable=261 reliable_in_view=0 reliable_seen_through=0 absence_llr=0 absent_samples=0 total_samples=582 absence_coverage_sufficient=0
a,1221,STATE_SLICE,149,33066666667,STATE_SLICE inst=149 stamp=33066666667 inherited_sup=0 inherited_con=0 inherited_samples=582 inherited_supported=0 inherited_free=0 inherited_repl_other=0 inherited_repl_bg=0 inherited_occ=0 inherited_unobs=582 session_sup=0 session_con=0 session_samples=0 cur_verts=1746 candidate_verts=0
a,1222,EVIDENCE,149,,EVIDENCE inst=149 inherited_support=0 inherited_contradiction=0 session_support=0 session_contradiction=0 inherited_absent_flag=0 cur_verts=1746 observed_verts=0
a,1223,STATE_EVIDENCE_WINDOW,153,,STATE_EVIDENCE_WINDOW inst=153 after=16900000000 latest_measured_support=0 through=33066666667 projected=0 support=0 contradiction=0 reliable=522 reliable_in_view=522 reliable_seen_through=0 absence_llr=0 absent_samples=0 total_samples=577 absence_coverage_sufficient=0
a,1224,STATE_SLICE,153,33066666667,STATE_SLICE inst=153 stamp=33066666667 inherited_sup=0 inherited_con=0 inherited_samples=577 inherited_supported=0 inherited_free=0 inherited_repl_other=0 inherited_repl_bg=0 inherited_occ=0 inherited_unobs=577 session_sup=0 session_con=0 session_samples=0 cur_verts=1731 candidate_verts=0
a,1225,EVIDENCE,153,,EVIDENCE inst=153 inherited_support=0 inherited_contradiction=0 session_support=0 session_contradiction=0 inherited_absent_flag=0 cur_verts=1731 observed_verts=0
a,1226,STATE_EVIDENCE_WINDOW,155,,STATE_EVIDENCE_WINDOW inst=155 after=17966666667 latest_measured_support=0 through=33066666667 projected=0 support=0 contradiction=0 reliable=603 reliable_in_view=0 reliable_seen_through=0 absence_llr=0 absent_samples=0 total_samples=3120 absence_coverage_sufficient=0
a,1227,STATE_SLICE,155,33066666667,STATE_SLICE inst=155 stamp=33066666667 inherited_sup=0 inherited_con=0 inherited_samples=3120 inherited_supported=0 inherited_free=0 inherited_repl_other=0 inherited_repl_bg=0 inherited_occ=0 inherited_unobs=3120 session_sup=0 session_con=0 session_samples=0 cur_verts=9360 candidate_verts=0
a,1228,EVIDENCE,155,,EVIDENCE inst=155 inherited_support=0 inherited_contradiction=0 session_support=0 session_contradiction=0 inherited_absent_flag=0 cur_verts=9360 observed_verts=0
a,1229,STATE_EVIDENCE_WINDOW,156,,STATE_EVIDENCE_WINDOW inst=156 after=8933333333 latest_measured_support=0 through=33066666667 projected=0 support=0 contradiction=0 reliable=1228 reliable_in_view=1228 reliable_seen_through=0 absence_llr=0 absent_samples=0 total_samples=1659 absence_coverage_sufficient=0
a,1230,STATE_SLICE,156,33066666667,STATE_SLICE inst=156 stamp=33066666667 inherited_sup=0 inherited_con=0 inherited_samples=1659 inherited_supported=0 inherited_free=0 inherited_repl_other=0 inherited_repl_bg=0 inherited_occ=0 inherited_unobs=1659 session_sup=0 session_con=0 session_samples=0 cur_verts=4977 candidate_verts=0
a,1231,EVIDENCE,156,,EVIDENCE inst=156 inherited_support=0 inherited_contradiction=0 session_support=0 session_contradiction=0 inherited_absent_flag=0 cur_verts=4977 observed_verts=0
a,1232,STATE_EVIDENCE_WINDOW,161,,STATE_EVIDENCE_WINDOW inst=161 after=7633333333 latest_measured_support=0 through=33066666667 projected=0 support=0 contradiction=0 reliable=175 reliable_in_view=0 reliable_seen_through=0 absence_llr=0 absent_samples=0 total_samples=233 absence_coverage_sufficient=0
a,1233,STATE_SLICE,161,33066666667,STATE_SLICE inst=161 stamp=33066666667 inherited_sup=0 inherited_con=0 inherited_samples=233 inherited_supported=0 inherited_free=0 inherited_repl_other=0 inherited_repl_bg=0 inherited_occ=0 inherited_unobs=233 session_sup=0 session_con=0 session_samples=0 cur_verts=699 candidate_verts=0
a,1234,EVIDENCE,161,,EVIDENCE inst=161 inherited_support=0 inherited_contradiction=0 session_support=0 session_contradiction=0 inherited_absent_flag=0 cur_verts=699 observed_verts=0
a,1235,STATE_EVIDENCE_WINDOW,162,,STATE_EVIDENCE_WINDOW inst=162 after=7733333333 latest_measured_support=0 through=33066666667 projected=0 support=0 contradiction=0 reliable=132 reliable_in_view=0 reliable_seen_through=0 absence_llr=0 absent_samples=0 total_samples=156 absence_coverage_sufficient=0
a,1236,STATE_SLICE,162,33066666667,STATE_SLICE inst=162 stamp=33066666667 inherited_sup=0 inherited_con=0 inherited_samples=156 inherited_supported=0 inherited_free=0 inherited_repl_other=0 inherited_repl_bg=0 inherited_occ=0 inherited_unobs=156 session_sup=0 session_con=0 session_samples=0 cur_verts=468 candidate_verts=0
a,1237,EVIDENCE,162,,EVIDENCE inst=162 inherited_support=0 inherited_contradiction=0 session_support=0 session_contradiction=0 inherited_absent_flag=0 cur_verts=468 observed_verts=0
a,1238,STATE_EVIDENCE_WINDOW,163,,STATE_EVIDENCE_WINDOW inst=163 after=16300000000 latest_measured_support=0 through=33066666667 projected=0 support=0 contradiction=0 reliable=452 reliable_in_view=0 reliable_seen_through=0 absence_llr=0 absent_samples=0 total_samples=1084 absence_coverage_sufficient=0
a,1239,STATE_SLICE,163,33066666667,STATE_SLICE inst=163 stamp=33066666667 inherited_sup=0 inherited_con=0 inherited_samples=1084 inherited_supported=0 inherited_free=0 inherited_repl_other=0 inherited_repl_bg=0 inherited_occ=0 inherited_unobs=1084 session_sup=0 session_con=0 session_samples=0 cur_verts=3252 candidate_verts=0
a,1240,EVIDENCE,163,,EVIDENCE inst=163 inherited_support=0 inherited_contradiction=0 session_support=0 session_contradiction=0 inherited_absent_flag=0 cur_verts=3252 observed_verts=0
a,1241,STATE_EVIDENCE_WINDOW,164,,STATE_EVIDENCE_WINDOW inst=164 after=6333333333 latest_measured_support=0 through=33066666667 projected=0 support=0 contradiction=0 reliable=199 reliable_in_view=0 reliable_seen_through=0 absence_llr=0 absent_samples=0 total_samples=450 absence_coverage_sufficient=0
a,1242,STATE_SLICE,164,33066666667,STATE_SLICE inst=164 stamp=33066666667 inherited_sup=0 inherited_con=0 inherited_samples=450 inherited_supported=0 inherited_free=0 inherited_repl_other=0 inherited_repl_bg=0 inherited_occ=0 inherited_unobs=450 session_sup=0 session_con=0 session_samples=0 cur_verts=1350 candidate_verts=0
a,1243,EVIDENCE,164,,EVIDENCE inst=164 inherited_support=0 inherited_contradiction=0 session_support=0 session_contradiction=0 inherited_absent_flag=0 cur_verts=1350 observed_verts=0
a,1244,STATE_EVIDENCE_WINDOW,167,,STATE_EVIDENCE_WINDOW inst=167 after=7700000000 latest_measured_support=0 through=33066666667 projected=0 support=0 contradiction=0 reliable=211 reliable_in_view=0 reliable_seen_through=0 absence_llr=0 absent_samples=0 total_samples=343 absence_coverage_sufficient=0
a,1245,STATE_SLICE,167,33066666667,STATE_SLICE inst=167 stamp=33066666667 inherited_sup=0 inherited_con=0 inherited_samples=343 inherited_supported=0 inherited_free=0 inherited_repl_other=0 inherited_repl_bg=0 inherited_occ=0 inherited_unobs=343 session_sup=0 session_con=0 session_samples=0 cur_verts=1029 candidate_verts=0
a,1246,EVIDENCE,167,,EVIDENCE inst=167 inherited_support=0 inherited_contradiction=0 session_support=0 session_contradiction=0 inherited_absent_flag=0 cur_verts=1029 observed_verts=0
a,1247,STATE_EVIDENCE_WINDOW,171,,STATE_EVIDENCE_WINDOW inst=171 after=18666666667 latest_measured_support=0 through=33066666667 projected=0 support=0 contradiction=0 reliable=780 reliable_in_view=0 reliable_seen_through=0 absence_llr=0 absent_samples=0 total_samples=1371 absence_coverage_sufficient=0
a,1248,STATE_SLICE,171,33066666667,STATE_SLICE inst=171 stamp=33066666667 inherited_sup=0 inherited_con=0 inherited_samples=1371 inherited_supported=0 inherited_free=0 inherited_repl_other=0 inherited_repl_bg=0 inherited_occ=0 inherited_unobs=1371 session_sup=0 session_con=0 session_samples=0 cur_verts=4113 candidate_verts=0
a,1249,EVIDENCE,171,,EVIDENCE inst=171 inherited_support=0 inherited_contradiction=0 session_support=0 session_contradiction=0 inherited_absent_flag=0 cur_verts=4113 observed_verts=0
a,1250,STATE_EVIDENCE_WINDOW,173,,STATE_EVIDENCE_WINDOW inst=173 after=7066666667 latest_measured_support=0 through=33066666667 projected=0 support=0 contradiction=0 reliable=317 reliable_in_view=0 reliable_seen_through=0 absence_llr=0 absent_samples=0 total_samples=384 absence_coverage_sufficient=0
a,1251,STATE_SLICE,173,33066666667,STATE_SLICE inst=173 stamp=33066666667 inherited_sup=0 inherited_con=0 inherited_samples=384 inherited_supported=0 inherited_free=0 inherited_repl_other=0 inherited_repl_bg=0 inherited_occ=0 inherited_unobs=384 session_sup=0 session_con=0 session_samples=0 cur_verts=1152 candidate_verts=0
a,1252,EVIDENCE,173,,EVIDENCE inst=173 inherited_support=0 inherited_contradiction=0 session_support=0 session_contradiction=0 inherited_absent_flag=0 cur_verts=1152 observed_verts=0
a,1253,STATE_EVIDENCE_WINDOW,174,,STATE_EVIDENCE_WINDOW inst=174 after=6633333333 latest_measured_support=0 through=33066666667 projected=0 support=0 contradiction=0 reliable=299 reliable_in_view=0 reliable_seen_through=0 absence_llr=0 absent_samples=0 total_samples=368 absence_coverage_sufficient=0
a,1254,STATE_SLICE,174,33066666667,STATE_SLICE inst=174 stamp=33066666667 inherited_sup=0 inherited_con=0 inherited_samples=368 inherited_supported=0 inherited_free=0 inherited_repl_other=0 inherited_repl_bg=0 inherited_occ=0 inherited_unobs=368 session_sup=0 session_con=0 session_samples=0 cur_verts=1104 candidate_verts=0
a,1255,EVIDENCE,174,,EVIDENCE inst=174 inherited_support=0 inherited_contradiction=0 session_support=0 session_contradiction=0 inherited_absent_flag=0 cur_verts=1104 observed_verts=0
a,1256,STATE_EVIDENCE_WINDOW,175,,STATE_EVIDENCE_WINDOW inst=175 after=6833333333 latest_measured_support=0 through=33066666667 projected=0 support=0 contradiction=0 reliable=197 reliable_in_view=0 reliable_seen_through=0 absence_llr=0 absent_samples=0 total_samples=230 absence_coverage_sufficient=0
a,1257,STATE_SLICE,175,33066666667,STATE_SLICE inst=175 stamp=33066666667 inherited_sup=0 inherited_con=0 inherited_samples=230 inherited_supported=0 inherited_free=0 inherited_repl_other=0 inherited_repl_bg=0 inherited_occ=0 inherited_unobs=230 session_sup=0 session_con=0 session_samples=0 cur_verts=690 candidate_verts=0
a,1258,EVIDENCE,175,,EVIDENCE inst=175 inherited_support=0 inherited_contradiction=0 session_support=0 session_contradiction=0 inherited_absent_flag=0 cur_verts=690 observed_verts=0
a,1259,STATE_EVIDENCE_WINDOW,180,,STATE_EVIDENCE_WINDOW inst=180 after=16833333333 latest_measured_support=0 through=33066666667 projected=0 support=0 contradiction=0 reliable=73 reliable_in_view=73 reliable_seen_through=0 absence_llr=0 absent_samples=0 total_samples=88 absence_coverage_sufficient=0
a,1260,STATE_SLICE,180,33066666667,STATE_SLICE inst=180 stamp=33066666667 inherited_sup=0 inherited_con=0 inherited_samples=88 inherited_supported=0 inherited_free=0 inherited_repl_other=0 inherited_repl_bg=0 inherited_occ=0 inherited_unobs=88 session_sup=0 session_con=0 session_samples=0 cur_verts=264 candidate_verts=0
a,1261,EVIDENCE,180,,EVIDENCE inst=180 inherited_support=0 inherited_contradiction=0 session_support=0 session_contradiction=0 inherited_absent_flag=0 cur_verts=264 observed_verts=0
a,1262,STATE_EVIDENCE_WINDOW,205,,STATE_EVIDENCE_WINDOW inst=205 after=17366666667 latest_measured_support=0 through=33066666667 projected=0 support=0 contradiction=0 reliable=59 reliable_in_view=0 reliable_seen_through=0 absence_llr=0 absent_samples=0 total_samples=184 absence_coverage_sufficient=0
a,1263,STATE_SLICE,205,33066666667,STATE_SLICE inst=205 stamp=33066666667 inherited_sup=0 inherited_con=0 inherited_samples=184 inherited_supported=0 inherited_free=0 inherited_repl_other=0 inherited_repl_bg=0 inherited_occ=0 inherited_unobs=184 session_sup=0 session_con=0 session_samples=0 cur_verts=552 candidate_verts=0
a,1264,EVIDENCE,205,,EVIDENCE inst=205 inherited_support=0 inherited_contradiction=0 session_support=0 session_contradiction=0 inherited_absent_flag=0 cur_verts=552 observed_verts=0
a,1265,INGEST,7,,INGEST inst=7 first=19s seg_verts=14292 cur_verts=0 observed_verts=0
a,1266,INGEST,49,,INGEST inst=49 first=19s seg_verts=1527 cur_verts=0 observed_verts=0
a,1267,INGEST,50,,INGEST inst=50 first=19s seg_verts=1605 cur_verts=0 observed_verts=0
a,1268,INGEST,55,,INGEST inst=55 first=19s seg_verts=2496 cur_verts=0 observed_verts=0
a,1269,INGEST,121,,INGEST inst=121 first=19s seg_verts=210 cur_verts=0 observed_verts=0
a,1270,INGEST,135,,INGEST inst=135 first=24s seg_verts=2829 cur_verts=0 observed_verts=0
a,1271,INGEST,136,,INGEST inst=136 first=16s seg_verts=3690 cur_verts=1746 observed_verts=0
a,1272,MOBILITY_PRIOR,136,,MOBILITY_PRIOR inst=136 session=0 class=26 changes=0 continuations=0 alpha=0.5 beta=1.5 q=0.25
a,1273,OVERLAP_POSTERIOR,136,,OVERLAP_POSTERIOR inst=136 shared_probability_lower_bound=0.605299 change_prior=0.25 same_state=1
a,1274,EMPTY_INTERVAL_POSTERIOR,136,,EMPTY_INTERVAL_POSTERIOR inst=136 since=16266666667 support=432 judged=440 seen_through=0 measured=1 calibrated_source=1 log_ratio=-5.51342 change_prior=0.25 log_odds=-6.61203 empty=0
a,1275,INGEST_DECIDE,136,,INGEST_DECIDE inst=136 same_session_overlap=1 contradicted=0
a,1276,INGEST,141,,INGEST inst=141 first=20s seg_verts=990 cur_verts=0 observed_verts=0
a,1277,INGEST,142,,INGEST inst=142 first=20s seg_verts=978 cur_verts=0 observed_verts=0
a,1278,INGEST,143,,INGEST inst=143 first=19s seg_verts=918 cur_verts=0 observed_verts=0
a,1279,INGEST,144,,INGEST inst=144 first=20s seg_verts=747 cur_verts=0 observed_verts=0
a,1280,INGEST,145,,INGEST inst=145 first=19s seg_verts=42 cur_verts=0 observed_verts=0
a,1281,INGEST,165,,INGEST inst=165 first=19s seg_verts=669 cur_verts=0 observed_verts=0
a,1282,INGEST,166,,INGEST inst=166 first=19s seg_verts=1008 cur_verts=0 observed_verts=0
a,1289,OBJECT_EXTRACTION_INPUT,49,,OBJECT_EXTRACTION_INPUT inst=49 first=31700000000 last=33100000000 observations=18 dynamic=0 motion_history=0 last_motion=0 displacement=0 static_fallback=0
a,1290,OBJECT_EXTRACTION_INPUT,143,,OBJECT_EXTRACTION_INPUT inst=143 first=32166666667 last=33500000000 observations=41 dynamic=0 motion_history=0 last_motion=0 displacement=0 static_fallback=0
a,1291,STATIC_SURFACE_FRAMES,49,,STATIC_SURFACE_FRAMES inst=49 candidates=5 selected=5 first=31766666667 last=33066666667
a,1292,STATIC_SURFACE_FRAMES,143,,STATIC_SURFACE_FRAMES inst=143 candidates=14 selected=14 first=32166666667 last=33466666667
a,1301,OBJECT_EXTRACTION_INPUT,51,,OBJECT_EXTRACTION_INPUT inst=51 first=25733333333 last=36533333333 observations=310 dynamic=0 motion_history=0 last_motion=0 displacement=0 static_fallback=0
a,1302,STATIC_SURFACE_FRAMES,51,,STATIC_SURFACE_FRAMES inst=51 candidates=95 selected=95 first=26666666667 last=36533333333
a,1303,OBJECT_EXTRACTION_INPUT,141,,OBJECT_EXTRACTION_INPUT inst=141 first=32066666667 last=33733333333 observations=51 dynamic=0 motion_history=0 last_motion=0 displacement=0 static_fallback=0
a,1304,OBJECT_EXTRACTION_INPUT,142,,OBJECT_EXTRACTION_INPUT inst=142 first=32600000000 last=33933333333 observations=41 dynamic=0 motion_history=0 last_motion=0 displacement=0 static_fallback=0
a,1305,STATIC_SURFACE_FRAMES,142,,STATIC_SURFACE_FRAMES inst=142 candidates=13 selected=13 first=32666666667 last=33866666667
a,1306,STATIC_SURFACE_FRAMES,141,,STATIC_SURFACE_FRAMES inst=141 candidates=17 selected=17 first=32066666667 last=33666666667
a,1307,OBJECT_EXTRACTION_INPUT,144,,OBJECT_EXTRACTION_INPUT inst=144 first=32700000000 last=33666666667 observations=30 dynamic=0 motion_history=0 last_motion=0 displacement=0 static_fallback=0
a,1308,STATIC_SURFACE_FRAMES,144,,STATIC_SURFACE_FRAMES inst=144 candidates=10 selected=10 first=32766666667 last=33666666667
a,1309,OBJECT_EXTRACTION_INPUT,121,,OBJECT_EXTRACTION_INPUT inst=121 first=28766666667 last=34366666667 observations=169 dynamic=0 motion_history=0 last_motion=0 displacement=0 static_fallback=0
a,1310,OBJECT_EXTRACTION_INPUT,107,,OBJECT_EXTRACTION_INPUT inst=107 first=28800000000 last=34333333333 observations=161 dynamic=0 motion_history=0 last_motion=0 displacement=0 static_fallback=0
a,1311,STATIC_SURFACE_FRAMES,121,,STATIC_SURFACE_FRAMES inst=121 candidates=57 selected=57 first=28766666667 last=34366666667
a,1312,STATIC_SURFACE_FRAMES,107,,STATIC_SURFACE_FRAMES inst=107 candidates=53 selected=53 first=28866666667 last=34266666667
a,1313,OBJECT_EXTRACTION_INPUT,106,,OBJECT_EXTRACTION_INPUT inst=106 first=28866666667 last=34266666667 observations=163 dynamic=0 motion_history=0 last_motion=0 displacement=0 static_fallback=0
a,1314,STATIC_SURFACE_FRAMES,106,,STATIC_SURFACE_FRAMES inst=106 candidates=55 selected=55 first=28866666667 last=34266666667
a,1315,OBJECT_EXTRACTION_INPUT,172,,OBJECT_EXTRACTION_INPUT inst=172 first=29000000000 last=34233333333 observations=158 dynamic=0 motion_history=0 last_motion=0 displacement=0 static_fallback=0
a,1316,STATIC_SURFACE_FRAMES,172,,STATIC_SURFACE_FRAMES inst=172 candidates=52 selected=52 first=29066666667 last=34166666667
a,1318,OBJECT_EXTRACTION_INPUT,183,,OBJECT_EXTRACTION_INPUT inst=183 first=28666666667 last=34700000000 observations=151 dynamic=0 motion_history=0 last_motion=0 displacement=0 static_fallback=0
a,1319,OBJECT_EXTRACTION_INPUT,14,,OBJECT_EXTRACTION_INPUT inst=14 first=28666666667 last=34600000000 observations=158 dynamic=0 motion_history=0 last_motion=0 displacement=0 static_fallback=0
a,1320,STATIC_SURFACE_FRAMES,14,,STATIC_SURFACE_FRAMES inst=14 candidates=53 selected=53 first=28666666667 last=34566666667
a,1321,OBJECT_EXTRACTION_INPUT,13,,OBJECT_EXTRACTION_INPUT inst=13 first=28666666667 last=34633333333 observations=161 dynamic=0 motion_history=0 last_motion=0 displacement=0 static_fallback=0
a,1322,STATIC_SURFACE_FRAMES,13,,STATIC_SURFACE_FRAMES inst=13 candidates=54 selected=54 first=28666666667 last=34566666667
a,1323,OBJECT_EXTRACTION_INPUT,182,,OBJECT_EXTRACTION_INPUT inst=182 first=28700000000 last=34633333333 observations=150 dynamic=0 motion_history=0 last_motion=0 displacement=0 static_fallback=0
a,1324,STATIC_SURFACE_FRAMES,183,,STATIC_SURFACE_FRAMES inst=183 candidates=51 selected=51 first=28666666667 last=34666666667
a,1325,OBJECT_EXTRACTION_INPUT,120,,OBJECT_EXTRACTION_INPUT inst=120 first=28700000000 last=34566666667 observations=151 dynamic=0 motion_history=0 last_motion=0 displacement=0 static_fallback=0
a,1326,STATIC_SURFACE_FRAMES,120,,STATIC_SURFACE_FRAMES inst=120 candidates=51 selected=51 first=28766666667 last=34566666667
a,1327,OBJECT_EXTRACTION_INPUT,122,,OBJECT_EXTRACTION_INPUT inst=122 first=28700000000 last=34466666667 observations=161 dynamic=0 motion_history=0 last_motion=0 displacement=0 static_fallback=0
a,1328,STATIC_SURFACE_FRAMES,122,,STATIC_SURFACE_FRAMES inst=122 candidates=53 selected=53 first=28766666667 last=34466666667
a,1329,OBJECT_EXTRACTION_INPUT,123,,OBJECT_EXTRACTION_INPUT inst=123 first=28800000000 last=34433333333 observations=153 dynamic=0 motion_history=0 last_motion=0 displacement=0 static_fallback=0
a,1330,STATIC_SURFACE_FRAMES,182,,STATIC_SURFACE_FRAMES inst=182 candidates=49 selected=49 first=28766666667 last=34566666667
a,1331,STATIC_SURFACE_FRAMES,123,,STATIC_SURFACE_FRAMES inst=123 candidates=50 selected=50 first=28866666667 last=34366666667
a,1332,OBJECT_EXTRACTION_INPUT,55,,OBJECT_EXTRACTION_INPUT inst=55 first=28533333333 last=34833333333 observations=190 dynamic=0 motion_history=0 last_motion=0 displacement=0 static_fallback=0
a,1333,STATIC_SURFACE_FRAMES,55,,STATIC_SURFACE_FRAMES inst=55 candidates=63 selected=63 first=28566666667 last=34766666667
a,1334,OBJECT_EXTRACTION_INPUT,7,,OBJECT_EXTRACTION_INPUT inst=7 first=19000000000 last=35600000000 observations=499 dynamic=0 motion_history=0 last_motion=0 displacement=0 static_fallback=0
a,1335,STATIC_SURFACE_FRAMES,7,,STATIC_SURFACE_FRAMES inst=7 candidates=68 selected=68 first=28866666667 last=35566666667
a,1336,OBJECT_EXTRACTION_INPUT,112,,OBJECT_EXTRACTION_INPUT inst=112 first=33500000000 last=35800000000 observations=48 dynamic=0 motion_history=0 last_motion=0 displacement=0 static_fallback=0
a,1337,STATIC_SURFACE_FRAMES,112,,STATIC_SURFACE_FRAMES inst=112 candidates=16 selected=16 first=33566666667 last=35766666667
a,1338,OBJECT_EXTRACTION_INPUT,56,,OBJECT_EXTRACTION_INPUT inst=56 first=32533333333 last=36300000000 observations=114 dynamic=0 motion_history=0 last_motion=0 displacement=0 static_fallback=0
a,1339,OBJECT_EXTRACTION_INPUT,70,,OBJECT_EXTRACTION_INPUT inst=70 first=33033333333 last=36533333333 observations=85 dynamic=0 motion_history=0 last_motion=0 displacement=0 static_fallback=0
a,1340,STATIC_SURFACE_FRAMES,70,,STATIC_SURFACE_FRAMES inst=70 candidates=28 selected=28 first=33066666667 last=36466666667
a,1341,STATIC_SURFACE_FRAMES,56,,STATIC_SURFACE_FRAMES inst=56 candidates=38 selected=38 first=32566666667 last=36266666667
a,1351,OBJECT_EXTRACTION_INPUT,135,,OBJECT_EXTRACTION_INPUT inst=135 first=34300000000 last=37466666667 observations=96 dynamic=0 motion_history=0 last_motion=0 displacement=0 static_fallback=0
a,1352,STATIC_SURFACE_FRAMES,135,,STATIC_SURFACE_FRAMES inst=135 candidates=32 selected=32 first=34366666667 last=37466666667
a,1361,OBJECT_EXTRACTION_INPUT,51,,OBJECT_EXTRACTION_INPUT inst=51 first=25733333333 last=40866666667 observations=440 dynamic=0 motion_history=0 last_motion=0 displacement=0 static_fallback=0
a,1362,STATIC_SURFACE_FRAMES,51,,STATIC_SURFACE_FRAMES inst=51 candidates=78 selected=78 first=30566666667 last=38766666667
a,1363,STATE_EVIDENCE_WINDOW,3,,STATE_EVIDENCE_WINDOW inst=3 after=16600000000 latest_measured_support=0 through=43900000000 projected=0 support=0 contradiction=0 reliable=26 reliable_in_view=0 reliable_seen_through=0 absence_llr=0 absent_samples=0 total_samples=47 absence_coverage_sufficient=0
a,1364,STATE_SLICE,3,43900000000,STATE_SLICE inst=3 stamp=43900000000 inherited_sup=0 inherited_con=0 inherited_samples=47 inherited_supported=0 inherited_free=0 inherited_repl_other=0 inherited_repl_bg=0 inherited_occ=0 inherited_unobs=47 session_sup=0 session_con=0 session_samples=0 cur_verts=141 candidate_verts=0
a,1365,EVIDENCE,3,,EVIDENCE inst=3 inherited_support=0 inherited_contradiction=0 session_support=0 session_contradiction=0 inherited_absent_flag=0 cur_verts=141 observed_verts=0
a,1366,STATE_EVIDENCE_WINDOW,5,,STATE_EVIDENCE_WINDOW inst=5 after=16100000000 latest_measured_support=0 through=43900000000 projected=0 support=0 contradiction=0 reliable=1421 reliable_in_view=0 reliable_seen_through=0 absence_llr=0 absent_samples=0 total_samples=1616 absence_coverage_sufficient=0
a,1367,STATE_SLICE,5,43900000000,STATE_SLICE inst=5 stamp=43900000000 inherited_sup=0 inherited_con=0 inherited_samples=1616 inherited_supported=0 inherited_free=0 inherited_repl_other=0 inherited_repl_bg=0 inherited_occ=0 inherited_unobs=1616 session_sup=0 session_con=0 session_samples=0 cur_verts=4848 candidate_verts=0
a,1368,EVIDENCE,5,,EVIDENCE inst=5 inherited_support=0 inherited_contradiction=0 session_support=0 session_contradiction=0 inherited_absent_flag=0 cur_verts=4848 observed_verts=0
a,1369,STATE_EVIDENCE_WINDOW,7,,STATE_EVIDENCE_WINDOW inst=7 after=29166666667 latest_measured_support=32200000000 through=43900000000 projected=0 support=3 contradiction=0 reliable=1402 reliable_in_view=1402 reliable_seen_through=0 absence_llr=0 absent_samples=0 total_samples=4764 absence_coverage_sufficient=0
a,1370,STATE_SLICE,7,43900000000,STATE_SLICE inst=7 stamp=43900000000 inherited_sup=3 inherited_con=0 inherited_samples=4764 inherited_supported=47 inherited_free=0 inherited_repl_other=0 inherited_repl_bg=0 inherited_occ=0 inherited_unobs=2406 session_sup=0 session_con=0 session_samples=0 cur_verts=14292 candidate_verts=0
a,1371,EVIDENCE,7,,EVIDENCE inst=7 inherited_support=3 inherited_contradiction=0 session_support=0 session_contradiction=0 inherited_absent_flag=0 cur_verts=14292 observed_verts=0
a,1372,MOBILITY_PRIOR,7,,MOBILITY_PRIOR inst=7 session=0 class=3 changes=0 continuations=0 alpha=0.5 beta=1.5 q=0.25
a,1373,TOP_ABSORB_POSTERIOR,7,,TOP_ABSORB_POSTERIOR inst=7 measurement=confirmed_current change_prior=0.25 geometry_factor_or_bound=1 geometry_evaluated=0 candidate_vertices=0 effective_cells=0 off_share=unmeasured legacy_same_site=1 absorb=1
a,1374,MOBILITY_PRIOR,7,,MOBILITY_PRIOR inst=7 session=0 class=3 changes=0 continuations=0 alpha=0.5 beta=1.5 q=0.25
a,1375,TOP_ABSORB,7,,TOP_ABSORB inst=7 geom=0 support=3 high_mobility=0 absorb=1
a,1376,STATE_EVIDENCE_WINDOW,21,,STATE_EVIDENCE_WINDOW inst=21 after=17033333333 latest_measured_support=0 through=43900000000 projected=0 support=0 contradiction=0 reliable=42 reliable_in_view=0 reliable_seen_through=0 absence_llr=0 absent_samples=0 total_samples=84 absence_coverage_sufficient=0
a,1377,STATE_SLICE,21,43900000000,STATE_SLICE inst=21 stamp=43900000000 inherited_sup=0 inherited_con=0 inherited_samples=84 inherited_supported=0 inherited_free=0 inherited_repl_other=0 inherited_repl_bg=0 inherited_occ=0 inherited_unobs=84 session_sup=0 session_con=0 session_samples=0 cur_verts=252 candidate_verts=0
a,1378,EVIDENCE,21,,EVIDENCE inst=21 inherited_support=0 inherited_contradiction=0 session_support=0 session_contradiction=0 inherited_absent_flag=0 cur_verts=252 observed_verts=0
a,1379,STATE_EVIDENCE_WINDOW,48,,STATE_EVIDENCE_WINDOW inst=48 after=14266666667 latest_measured_support=0 through=43900000000 projected=0 support=0 contradiction=0 reliable=1062 reliable_in_view=0 reliable_seen_through=0 absence_llr=0 absent_samples=0 total_samples=2193 absence_coverage_sufficient=0
a,1380,STATE_SLICE,48,43900000000,STATE_SLICE inst=48 stamp=43900000000 inherited_sup=0 inherited_con=0 inherited_samples=2193 inherited_supported=0 inherited_free=0 inherited_repl_other=0 inherited_repl_bg=0 inherited_occ=0 inherited_unobs=2193 session_sup=0 session_con=0 session_samples=0 cur_verts=6579 candidate_verts=0
a,1381,EVIDENCE,48,,EVIDENCE inst=48 inherited_support=0 inherited_contradiction=0 session_support=0 session_contradiction=0 inherited_absent_flag=0 cur_verts=6579 observed_verts=0
a,1382,STATE_EVIDENCE_WINDOW,49,,STATE_EVIDENCE_WINDOW inst=49 after=23066666667 latest_measured_support=43900000000 through=43900000000 projected=1 support=102 contradiction=8 reliable=366 reliable_in_view=366 reliable_seen_through=0 absence_llr=0 absent_samples=3 total_samples=64 absence_coverage_sufficient=0
a,1383,STATE_SLICE,49,43900000000,STATE_SLICE inst=49 stamp=43900000000 inherited_sup=102 inherited_con=8 inherited_samples=64 inherited_supported=102 inherited_free=0 inherited_repl_other=5 inherited_repl_bg=3 inherited_occ=147 inherited_unobs=0 session_sup=0 session_con=0 session_samples=0 cur_verts=1527 candidate_verts=0
a,1384,EVIDENCE,49,,EVIDENCE inst=49 inherited_support=102 inherited_contradiction=8 session_support=0 session_contradiction=0 inherited_absent_flag=0 cur_verts=1527 observed_verts=0
a,1385,MOBILITY_PRIOR,49,,MOBILITY_PRIOR inst=49 session=0 class=6 changes=0 continuations=0 alpha=1.5 beta=0.5 q=0.75
a,1386,TOP_ABSORB_POSTERIOR,49,,TOP_ABSORB_POSTERIOR inst=49 measurement=confirmed_current change_prior=0.75 geometry_factor_or_bound=1 geometry_evaluated=0 candidate_vertices=0 effective_cells=0 off_share=unmeasured legacy_same_site=0 absorb=0
a,1387,MOBILITY_PRIOR,49,,MOBILITY_PRIOR inst=49 session=0 class=6 changes=0 continuations=0 alpha=1.5 beta=0.5 q=0.75
a,1388,TOP_ABSORB,49,,TOP_ABSORB inst=49 geom=0 support=102 high_mobility=1 absorb=0
a,1389,STATE_EVIDENCE_WINDOW,50,,STATE_EVIDENCE_WINDOW inst=50 after=26300000000 latest_measured_support=43900000000 through=43900000000 projected=1 support=126 contradiction=15 reliable=433 reliable_in_view=433 reliable_seen_through=5 absence_llr=0 absent_samples=6 total_samples=69 absence_coverage_sufficient=0
a,1390,STATE_SLICE,50,43900000000,STATE_SLICE inst=50 stamp=43900000000 inherited_sup=126 inherited_con=15 inherited_samples=69 inherited_supported=126 inherited_free=4 inherited_repl_other=0 inherited_repl_bg=11 inherited_occ=46 inherited_unobs=0 session_sup=0 session_con=0 session_samples=0 cur_verts=1605 candidate_verts=0
a,1391,EVIDENCE,50,,EVIDENCE inst=50 inherited_support=126 inherited_contradiction=15 session_support=0 session_contradiction=0 inherited_absent_flag=0 cur_verts=1605 observed_verts=0
a,1392,MOBILITY_PRIOR,50,,MOBILITY_PRIOR inst=50 session=0 class=6 changes=0 continuations=0 alpha=1.5 beta=0.5 q=0.75
a,1393,TOP_ABSORB_POSTERIOR,50,,TOP_ABSORB_POSTERIOR inst=50 measurement=confirmed_current change_prior=0.75 geometry_factor_or_bound=1 geometry_evaluated=0 candidate_vertices=0 effective_cells=0 off_share=unmeasured legacy_same_site=0 absorb=0
a,1394,MOBILITY_PRIOR,50,,MOBILITY_PRIOR inst=50 session=0 class=6 changes=0 continuations=0 alpha=1.5 beta=0.5 q=0.75
a,1395,TOP_ABSORB,50,,TOP_ABSORB inst=50 geom=0 support=126 high_mobility=1 absorb=0
a,1396,STATE_EVIDENCE_WINDOW,52,,STATE_EVIDENCE_WINDOW inst=52 after=15633333333 latest_measured_support=0 through=43900000000 projected=0 support=0 contradiction=0 reliable=280 reliable_in_view=0 reliable_seen_through=0 absence_llr=0 absent_samples=0 total_samples=3825 absence_coverage_sufficient=0
a,1397,STATE_SLICE,52,43900000000,STATE_SLICE inst=52 stamp=43900000000 inherited_sup=0 inherited_con=0 inherited_samples=3825 inherited_supported=0 inherited_free=0 inherited_repl_other=0 inherited_repl_bg=0 inherited_occ=0 inherited_unobs=3825 session_sup=0 session_con=0 session_samples=0 cur_verts=11475 candidate_verts=0
a,1398,EVIDENCE,52,,EVIDENCE inst=52 inherited_support=0 inherited_contradiction=0 session_support=0 session_contradiction=0 inherited_absent_flag=0 cur_verts=11475 observed_verts=0
a,1399,STATE_EVIDENCE_WINDOW,55,,STATE_EVIDENCE_WINDOW inst=55 after=21133333333 latest_measured_support=34366666667 through=43900000000 projected=1 support=1013 contradiction=136 reliable=670 reliable_in_view=670 reliable_seen_through=18 absence_llr=0 absent_samples=11 total_samples=107 absence_coverage_sufficient=0
a,1400,STATE_SLICE,55,43900000000,STATE_SLICE inst=55 stamp=43900000000 inherited_sup=1013 inherited_con=136 inherited_samples=107 inherited_supported=1013 inherited_free=0 inherited_repl_other=3 inherited_repl_bg=135 inherited_occ=193 inherited_unobs=0 session_sup=0 session_con=0 session_samples=0 cur_verts=2496 candidate_verts=0
a,1401,EVIDENCE,55,,EVIDENCE inst=55 inherited_support=1013 inherited_contradiction=136 session_support=0 session_contradiction=0 inherited_absent_flag=0 cur_verts=2496 observed_verts=0
a,1402,MOBILITY_PRIOR,55,,MOBILITY_PRIOR inst=55 session=0 class=6 changes=0 continuations=0 alpha=1.5 beta=0.5 q=0.75
a,1403,TOP_ABSORB_POSTERIOR,55,,TOP_ABSORB_POSTERIOR inst=55 measurement=confirmed_current change_prior=0.75 geometry_factor_or_bound=1 geometry_evaluated=0 candidate_vertices=0 effective_cells=0 off_share=unmeasured legacy_same_site=0 absorb=0
a,1404,MOBILITY_PRIOR,55,,MOBILITY_PRIOR inst=55 session=0 class=6 changes=0 continuations=0 alpha=1.5 beta=0.5 q=0.75
a,1405,TOP_ABSORB,55,,TOP_ABSORB inst=55 geom=0 support=1013 high_mobility=1 absorb=0
a,1406,STATE_EVIDENCE_WINDOW,56,,STATE_EVIDENCE_WINDOW inst=56 after=33066666667 latest_measured_support=36100000000 through=43900000000 projected=1 support=456 contradiction=0 reliable=195 reliable_in_view=55 reliable_seen_through=0 absence_llr=0 absent_samples=0 total_samples=1451 absence_coverage_sufficient=0
a,1407,STATE_SLICE,56,43900000000,STATE_SLICE inst=56 stamp=43900000000 inherited_sup=456 inherited_con=0 inherited_samples=1451 inherited_supported=456 inherited_free=0 inherited_repl_other=0 inherited_repl_bg=0 inherited_occ=9206 inherited_unobs=0 session_sup=0 session_con=0 session_samples=0 cur_verts=49809 candidate_verts=0
a,1408,EVIDENCE,56,,EVIDENCE inst=56 inherited_support=456 inherited_contradiction=0 session_support=0 session_contradiction=0 inherited_absent_flag=0 cur_verts=49809 observed_verts=0
a,1409,MOBILITY_PRIOR,56,,MOBILITY_PRIOR inst=56 session=0 class=6 changes=0 continuations=0 alpha=1.5 beta=0.5 q=0.75
a,1410,TOP_ABSORB_POSTERIOR,56,,TOP_ABSORB_POSTERIOR inst=56 measurement=confirmed_current change_prior=0.75 geometry_factor_or_bound=1 geometry_evaluated=0 candidate_vertices=0 effective_cells=0 off_share=unmeasured legacy_same_site=0 absorb=0
a,1411,MOBILITY_PRIOR,56,,MOBILITY_PRIOR inst=56 session=0 class=6 changes=0 continuations=0 alpha=1.5 beta=0.5 q=0.75
a,1412,TOP_ABSORB,56,,TOP_ABSORB inst=56 geom=0 support=456 high_mobility=1 absorb=0
a,1413,STATE_EVIDENCE_WINDOW,57,,STATE_EVIDENCE_WINDOW inst=57 after=16933333333 latest_measured_support=0 through=43900000000 projected=0 support=0 contradiction=0 reliable=1224 reliable_in_view=0 reliable_seen_through=0 absence_llr=0 absent_samples=0 total_samples=1762 absence_coverage_sufficient=0
a,1414,STATE_SLICE,57,43900000000,STATE_SLICE inst=57 stamp=43900000000 inherited_sup=0 inherited_con=0 inherited_samples=1762 inherited_supported=0 inherited_free=0 inherited_repl_other=0 inherited_repl_bg=0 inherited_occ=0 inherited_unobs=1762 session_sup=0 session_con=0 session_samples=0 cur_verts=5286 candidate_verts=0
a,1415,EVIDENCE,57,,EVIDENCE inst=57 inherited_support=0 inherited_contradiction=0 session_support=0 session_contradiction=0 inherited_absent_flag=0 cur_verts=5286 observed_verts=0
a,1416,STATE_EVIDENCE_WINDOW,68,,STATE_EVIDENCE_WINDOW inst=68 after=3000000000 latest_measured_support=0 through=43900000000 projected=0 support=0 contradiction=0 reliable=378 reliable_in_view=0 reliable_seen_through=0 absence_llr=0 absent_samples=0 total_samples=597 absence_coverage_sufficient=0
a,1417,STATE_SLICE,68,43900000000,STATE_SLICE inst=68 stamp=43900000000 inherited_sup=0 inherited_con=0 inherited_samples=597 inherited_supported=0 inherited_free=0 inherited_repl_other=0 inherited_repl_bg=0 inherited_occ=0 inherited_unobs=33 session_sup=0 session_con=0 session_samples=0 cur_verts=1791 candidate_verts=0
a,1418,EVIDENCE,68,,EVIDENCE inst=68 inherited_support=0 inherited_contradiction=0 session_support=0 session_contradiction=0 inherited_absent_flag=0 cur_verts=1791 observed_verts=0
a,1419,STATE_EVIDENCE_WINDOW,69,,STATE_EVIDENCE_WINDOW inst=69 after=16566666667 latest_measured_support=0 through=43900000000 projected=0 support=0 contradiction=0 reliable=413 reliable_in_view=0 reliable_seen_through=0 absence_llr=0 absent_samples=0 total_samples=1075 absence_coverage_sufficient=0
a,1420,STATE_SLICE,69,43900000000,STATE_SLICE inst=69 stamp=43900000000 inherited_sup=0 inherited_con=0 inherited_samples=1075 inherited_supported=0 inherited_free=0 inherited_repl_other=0 inherited_repl_bg=0 inherited_occ=0 inherited_unobs=1075 session_sup=0 session_con=0 session_samples=0 cur_verts=3225 candidate_verts=0
a,1421,EVIDENCE,69,,EVIDENCE inst=69 inherited_support=0 inherited_contradiction=0 session_support=0 session_contradiction=0 inherited_absent_flag=0 cur_verts=3225 observed_verts=0
a,1422,STATE_EVIDENCE_WINDOW,70,,STATE_EVIDENCE_WINDOW inst=70 after=33066666667 latest_measured_support=36533333333 through=43900000000 projected=1 support=41 contradiction=5 reliable=296 reliable_in_view=45 reliable_seen_through=0 absence_llr=0 absent_samples=3 total_samples=79 absence_coverage_sufficient=0
a,1423,STATE_SLICE,70,43900000000,STATE_SLICE inst=70 stamp=43900000000 inherited_sup=41 inherited_con=5 inherited_samples=79 inherited_supported=42 inherited_free=4 inherited_repl_other=0 inherited_repl_bg=1 inherited_occ=501 inherited_unobs=0 session_sup=0 session_con=0 session_samples=0 cur_verts=2499 candidate_verts=0
a,1424,EVIDENCE,70,,EVIDENCE inst=70 inherited_support=41 inherited_contradiction=5 session_support=0 session_contradiction=0 inherited_absent_flag=0 cur_verts=2499 observed_verts=0
a,1425,MOBILITY_PRIOR,70,,MOBILITY_PRIOR inst=70 session=0 class=9 changes=0 continuations=0 alpha=1.5 beta=0.5 q=0.75
a,1426,TOP_ABSORB_POSTERIOR,70,,TOP_ABSORB_POSTERIOR inst=70 measurement=confirmed_current change_prior=0.75 geometry_factor_or_bound=1 geometry_evaluated=0 candidate_vertices=0 effective_cells=0 off_share=unmeasured legacy_same_site=0 absorb=0
a,1427,MOBILITY_PRIOR,70,,MOBILITY_PRIOR inst=70 session=0 class=9 changes=0 continuations=0 alpha=1.5 beta=0.5 q=0.75
a,1428,TOP_ABSORB,70,,TOP_ABSORB inst=70 geom=0 support=41 high_mobility=1 absorb=0
a,1429,STATE_EVIDENCE_WINDOW,71,,STATE_EVIDENCE_WINDOW inst=71 after=16433333333 latest_measured_support=0 through=43900000000 projected=0 support=0 contradiction=0 reliable=55 reliable_in_view=0 reliable_seen_through=0 absence_llr=0 absent_samples=0 total_samples=715 absence_coverage_sufficient=0
a,1430,STATE_SLICE,71,43900000000,STATE_SLICE inst=71 stamp=43900000000 inherited_sup=0 inherited_con=0 inherited_samples=715 inherited_supported=0 inherited_free=0 inherited_repl_other=0 inherited_repl_bg=0 inherited_occ=0 inherited_unobs=715 session_sup=0 session_con=0 session_samples=0 cur_verts=2145 candidate_verts=0
a,1431,EVIDENCE,71,,EVIDENCE inst=71 inherited_support=0 inherited_contradiction=0 session_support=0 session_contradiction=0 inherited_absent_flag=0 cur_verts=2145 observed_verts=0
a,1432,STATE_EVIDENCE_WINDOW,72,,STATE_EVIDENCE_WINDOW inst=72 after=17300000000 latest_measured_support=0 through=43900000000 projected=0 support=0 contradiction=0 reliable=71 reliable_in_view=0 reliable_seen_through=0 absence_llr=0 absent_samples=0 total_samples=913 absence_coverage_sufficient=0
a,1433,STATE_SLICE,72,43900000000,STATE_SLICE inst=72 stamp=43900000000 inherited_sup=0 inherited_con=0 inherited_samples=913 inherited_supported=0 inherited_free=0 inherited_repl_other=0 inherited_repl_bg=0 inherited_occ=0 inherited_unobs=913 session_sup=0 session_con=0 session_samples=0 cur_verts=2739 candidate_verts=0
a,1434,EVIDENCE,72,,EVIDENCE inst=72 inherited_support=0 inherited_contradiction=0 session_support=0 session_contradiction=0 inherited_absent_flag=0 cur_verts=2739 observed_verts=0
a,1435,STATE_EVIDENCE_WINDOW,88,,STATE_EVIDENCE_WINDOW inst=88 after=16033333333 latest_measured_support=0 through=43900000000 projected=0 support=0 contradiction=0 reliable=158 reliable_in_view=0 reliable_seen_through=0 absence_llr=0 absent_samples=0 total_samples=245 absence_coverage_sufficient=0
a,1436,STATE_SLICE,88,43900000000,STATE_SLICE inst=88 stamp=43900000000 inherited_sup=0 inherited_con=0 inherited_samples=245 inherited_supported=0 inherited_free=0 inherited_repl_other=0 inherited_repl_bg=0 inherited_occ=0 inherited_unobs=245 session_sup=0 session_con=0 session_samples=0 cur_verts=735 candidate_verts=0
a,1437,EVIDENCE,88,,EVIDENCE inst=88 inherited_support=0 inherited_contradiction=0 session_support=0 session_contradiction=0 inherited_absent_flag=0 cur_verts=735 observed_verts=0
a,1438,STATE_EVIDENCE_WINDOW,89,,STATE_EVIDENCE_WINDOW inst=89 after=17000000000 latest_measured_support=36533333333 through=43900000000 projected=1 support=1 contradiction=2 reliable=777 reliable_in_view=6 reliable_seen_through=1 absence_llr=0 absent_samples=1 total_samples=346 absence_coverage_sufficient=0
a,1439,STATE_SLICE,89,43900000000,STATE_SLICE inst=89 stamp=43900000000 inherited_sup=1 inherited_con=2 inherited_samples=346 inherited_supported=1 inherited_free=2 inherited_repl_other=0 inherited_repl_bg=0 inherited_occ=2463 inherited_unobs=0 session_sup=0 session_con=0 session_samples=0 cur_verts=9024 candidate_verts=0
a,1440,EVIDENCE,89,,EVIDENCE inst=89 inherited_support=1 inherited_contradiction=2 session_support=0 session_contradiction=0 inherited_absent_flag=0 cur_verts=9024 observed_verts=0
a,1441,MOBILITY_PRIOR,89,,MOBILITY_PRIOR inst=89 session=0 class=15 changes=0 continuations=0 alpha=1.5 beta=0.5 q=0.75
a,1442,TOP_ABSORB_POSTERIOR,89,,TOP_ABSORB_POSTERIOR inst=89 measurement=confirmed_current change_prior=0.75 geometry_factor_or_bound=1 geometry_evaluated=0 candidate_vertices=0 effective_cells=0 off_share=unmeasured legacy_same_site=0 absorb=0
a,1443,MOBILITY_PRIOR,89,,MOBILITY_PRIOR inst=89 session=0 class=15 changes=0 continuations=0 alpha=1.5 beta=0.5 q=0.75
a,1444,TOP_ABSORB,89,,TOP_ABSORB inst=89 geom=0 support=1 high_mobility=1 absorb=0
a,1445,STATE_EVIDENCE_WINDOW,109,,STATE_EVIDENCE_WINDOW inst=109 after=7400000000 latest_measured_support=0 through=43900000000 projected=0 support=0 contradiction=0 reliable=787 reliable_in_view=0 reliable_seen_through=0 absence_llr=0 absent_samples=0 total_samples=2435 absence_coverage_sufficient=0
a,1446,STATE_SLICE,109,43900000000,STATE_SLICE inst=109 stamp=43900000000 inherited_sup=0 inherited_con=0 inherited_samples=2435 inherited_supported=0 inherited_free=0 inherited_repl_other=0 inherited_repl_bg=0 inherited_occ=0 inherited_unobs=2435 session_sup=0 session_con=0 session_samples=0 cur_verts=7305 candidate_verts=0
a,1447,EVIDENCE,109,,EVIDENCE inst=109 inherited_support=0 inherited_contradiction=0 session_support=0 session_contradiction=0 inherited_absent_flag=0 cur_verts=7305 observed_verts=0
a,1448,STATE_EVIDENCE_WINDOW,112,,STATE_EVIDENCE_WINDOW inst=112 after=16400000000 latest_measured_support=0 through=43900000000 projected=0 support=0 contradiction=0 reliable=811 reliable_in_view=0 reliable_seen_through=0 absence_llr=0 absent_samples=0 total_samples=905 absence_coverage_sufficient=0
a,1449,STATE_SLICE,112,43900000000,STATE_SLICE inst=112 stamp=43900000000 inherited_sup=0 inherited_con=0 inherited_samples=905 inherited_supported=0 inherited_free=0 inherited_repl_other=0 inherited_repl_bg=0 inherited_occ=0 inherited_unobs=905 session_sup=0 session_con=0 session_samples=0 cur_verts=2715 candidate_verts=0
a,1450,EVIDENCE,112,,EVIDENCE inst=112 inherited_support=0 inherited_contradiction=0 session_support=0 session_contradiction=0 inherited_absent_flag=0 cur_verts=2715 observed_verts=0
a,1451,STATE_EVIDENCE_WINDOW,121,,STATE_EVIDENCE_WINDOW inst=121 after=21133333333 latest_measured_support=32633333333 through=43900000000 projected=1 support=12 contradiction=29 reliable=10 reliable_in_view=10 reliable_seen_through=1 absence_llr=0.227771 absent_samples=4 total_samples=8 absence_coverage_sufficient=0
a,1452,STATE_SLICE,121,43900000000,STATE_SLICE inst=121 stamp=43900000000 inherited_sup=12 inherited_con=29 inherited_samples=8 inherited_supported=12 inherited_free=2 inherited_repl_other=8 inherited_repl_bg=19 inherited_occ=49 inherited_unobs=0 session_sup=0 session_con=0 session_samples=0 cur_verts=210 candidate_verts=0
a,1453,EVIDENCE,121,,EVIDENCE inst=121 inherited_support=12 inherited_contradiction=29 session_support=0 session_contradiction=0 inherited_absent_flag=0 cur_verts=210 observed_verts=0
a,1454,MOBILITY_PRIOR,121,,MOBILITY_PRIOR inst=121 session=0 class=24 changes=0 continuations=0 alpha=0.5 beta=1.5 q=0.25
a,1455,TOP_ABSORB_POSTERIOR,121,,TOP_ABSORB_POSTERIOR inst=121 measurement=confirmed_current change_prior=0.25 geometry_factor_or_bound=1 geometry_evaluated=0 candidate_vertices=0 effective_cells=0 off_share=unmeasured legacy_same_site=1 absorb=1
a,1456,MOBILITY_PRIOR,121,,MOBILITY_PRIOR inst=121 session=0 class=24 changes=0 continuations=0 alpha=0.5 beta=1.5 q=0.25
a,1457,TOP_ABSORB,121,,TOP_ABSORB inst=121 geom=0 support=12 high_mobility=0 absorb=1
a,1458,STATE_EVIDENCE_WINDOW,126,,STATE_EVIDENCE_WINDOW inst=126 after=3266666667 latest_measured_support=0 through=43900000000 projected=0 support=0 contradiction=0 reliable=81 reliable_in_view=0 reliable_seen_through=0 absence_llr=0 absent_samples=0 total_samples=97 absence_coverage_sufficient=0
a,1459,STATE_SLICE,126,43900000000,STATE_SLICE inst=126 stamp=43900000000 inherited_sup=0 inherited_con=0 inherited_samples=97 inherited_supported=0 inherited_free=0 inherited_repl_other=0 inherited_repl_bg=0 inherited_occ=0 inherited_unobs=0 session_sup=0 session_con=0 session_samples=0 cur_verts=291 candidate_verts=0
a,1460,EVIDENCE,126,,EVIDENCE inst=126 inherited_support=0 inherited_contradiction=0 session_support=0 session_contradiction=0 inherited_absent_flag=0 cur_verts=291 observed_verts=0
a,1461,STATE_EVIDENCE_WINDOW,128,,STATE_EVIDENCE_WINDOW inst=128 after=17533333333 latest_measured_support=0 through=43900000000 projected=0 support=0 contradiction=0 reliable=49 reliable_in_view=0 reliable_seen_through=0 absence_llr=0 absent_samples=0 total_samples=109 absence_coverage_sufficient=0
a,1462,STATE_SLICE,128,43900000000,STATE_SLICE inst=128 stamp=43900000000 inherited_sup=0 inherited_con=0 inherited_samples=109 inherited_supported=0 inherited_free=0 inherited_repl_other=0 inherited_repl_bg=0 inherited_occ=0 inherited_unobs=109 session_sup=0 session_con=0 session_samples=0 cur_verts=327 candidate_verts=0
a,1463,EVIDENCE,128,,EVIDENCE inst=128 inherited_support=0 inherited_contradiction=0 session_support=0 session_contradiction=0 inherited_absent_flag=0 cur_verts=327 observed_verts=0
a,1464,STATE_EVIDENCE_WINDOW,132,,STATE_EVIDENCE_WINDOW inst=132 after=16900000000 latest_measured_support=0 through=43900000000 projected=0 support=0 contradiction=0 reliable=27 reliable_in_view=0 reliable_seen_through=0 absence_llr=0 absent_samples=0 total_samples=61 absence_coverage_sufficient=0
a,1465,STATE_SLICE,132,43900000000,STATE_SLICE inst=132 stamp=43900000000 inherited_sup=0 inherited_con=0 inherited_samples=61 inherited_supported=0 inherited_free=0 inherited_repl_other=0 inherited_repl_bg=0 inherited_occ=0 inherited_unobs=61 session_sup=0 session_con=0 session_samples=0 cur_verts=183 candidate_verts=0
a,1466,EVIDENCE,132,,EVIDENCE inst=132 inherited_support=0 inherited_contradiction=0 session_support=0 session_contradiction=0 inherited_absent_flag=0 cur_verts=183 observed_verts=0
a,1467,STATE_EVIDENCE_WINDOW,135,,STATE_EVIDENCE_WINDOW inst=135 after=28766666667 latest_measured_support=43900000000 through=43900000000 projected=1 support=699 contradiction=38 reliable=660 reliable_in_view=660 reliable_seen_through=0 absence_llr=0 absent_samples=15 total_samples=155 absence_coverage_sufficient=0
a,1468,STATE_SLICE,135,43900000000,STATE_SLICE inst=135 stamp=43900000000 inherited_sup=699 inherited_con=38 inherited_samples=155 inherited_supported=699 inherited_free=2 inherited_repl_other=0 inherited_repl_bg=36 inherited_occ=205 inherited_unobs=0 session_sup=0 session_con=0 session_samples=0 cur_verts=2829 candidate_verts=0
a,1469,EVIDENCE,135,,EVIDENCE inst=135 inherited_support=699 inherited_contradiction=38 session_support=0 session_contradiction=0 inherited_absent_flag=0 cur_verts=2829 observed_verts=0
a,1470,MOBILITY_PRIOR,135,,MOBILITY_PRIOR inst=135 session=0 class=26 changes=0 continuations=0 alpha=0.5 beta=1.5 q=0.25
a,1471,TOP_ABSORB_POSTERIOR,135,,TOP_ABSORB_POSTERIOR inst=135 measurement=confirmed_current change_prior=0.25 geometry_factor_or_bound=1 geometry_evaluated=0 candidate_vertices=0 effective_cells=0 off_share=unmeasured legacy_same_site=1 absorb=1
a,1472,MOBILITY_PRIOR,135,,MOBILITY_PRIOR inst=135 session=0 class=26 changes=0 continuations=0 alpha=0.5 beta=1.5 q=0.25
a,1473,TOP_ABSORB,135,,TOP_ABSORB inst=135 geom=0 support=699 high_mobility=0 absorb=1
a,1474,STATE_EVIDENCE_WINDOW,136,,STATE_EVIDENCE_WINDOW inst=136 after=19500000000 latest_measured_support=0 through=43900000000 projected=0 support=0 contradiction=0 reliable=440 reliable_in_view=0 reliable_seen_through=0 absence_llr=0 absent_samples=0 total_samples=1812 absence_coverage_sufficient=0
a,1475,STATE_SLICE,136,43900000000,STATE_SLICE inst=136 stamp=43900000000 inherited_sup=0 inherited_con=0 inherited_samples=1812 inherited_supported=0 inherited_free=0 inherited_repl_other=0 inherited_repl_bg=0 inherited_occ=0 inherited_unobs=1812 session_sup=0 session_con=0 session_samples=0 cur_verts=5436 candidate_verts=0
a,1476,EVIDENCE,136,,EVIDENCE inst=136 inherited_support=0 inherited_contradiction=0 session_support=0 session_contradiction=0 inherited_absent_flag=0 cur_verts=5436 observed_verts=0
a,1477,STATE_EVIDENCE_WINDOW,141,,STATE_EVIDENCE_WINDOW inst=141 after=27033333333 latest_measured_support=43900000000 through=43900000000 projected=1 support=174 contradiction=18 reliable=250 reliable_in_view=250 reliable_seen_through=7 absence_llr=0 absent_samples=4 total_samples=44 absence_coverage_sufficient=0
a,1478,STATE_SLICE,141,43900000000,STATE_SLICE inst=141 stamp=43900000000 inherited_sup=174 inherited_con=18 inherited_samples=44 inherited_supported=174 inherited_free=0 inherited_repl_other=18 inherited_repl_bg=0 inherited_occ=67 inherited_unobs=0 session_sup=0 session_con=0 session_samples=0 cur_verts=990 candidate_verts=0
a,1479,EVIDENCE,141,,EVIDENCE inst=141 inherited_support=174 inherited_contradiction=18 session_support=0 session_contradiction=0 inherited_absent_flag=0 cur_verts=990 observed_verts=0
a,1480,MOBILITY_PRIOR,141,,MOBILITY_PRIOR inst=141 session=0 class=28 changes=0 continuations=0 alpha=0.5 beta=1.5 q=0.25
a,1481,TOP_ABSORB_POSTERIOR,141,,TOP_ABSORB_POSTERIOR inst=141 measurement=confirmed_current change_prior=0.25 geometry_factor_or_bound=1 geometry_evaluated=0 candidate_vertices=0 effective_cells=0 off_share=unmeasured legacy_same_site=1 absorb=1
a,1482,MOBILITY_PRIOR,141,,MOBILITY_PRIOR inst=141 session=0 class=28 changes=0 continuations=0 alpha=0.5 beta=1.5 q=0.25
a,1483,TOP_ABSORB,141,,TOP_ABSORB inst=141 geom=0 support=174 high_mobility=0 absorb=1
a,1484,STATE_EVIDENCE_WINDOW,142,,STATE_EVIDENCE_WINDOW inst=142 after=27433333333 latest_measured_support=43900000000 through=43900000000 projected=1 support=133 contradiction=15 reliable=268 reliable_in_view=268 reliable_seen_through=5 absence_llr=0 absent_samples=3 total_samples=35 absence_coverage_sufficient=0
a,1485,STATE_SLICE,142,43900000000,STATE_SLICE inst=142 stamp=43900000000 inherited_sup=133 inherited_con=15 inherited_samples=35 inherited_supported=133 inherited_free=0 inherited_repl_other=15 inherited_repl_bg=0 inherited_occ=23 inherited_unobs=0 session_sup=0 session_con=0 session_samples=0 cur_verts=978 candidate_verts=0
a,1486,EVIDENCE,142,,EVIDENCE inst=142 inherited_support=133 inherited_contradiction=15 session_support=0 session_contradiction=0 inherited_absent_flag=0 cur_verts=978 observed_verts=0
a,1487,MOBILITY_PRIOR,142,,MOBILITY_PRIOR inst=142 session=0 class=28 changes=0 continuations=0 alpha=0.5 beta=1.5 q=0.25
a,1488,TOP_ABSORB_POSTERIOR,142,,TOP_ABSORB_POSTERIOR inst=142 measurement=confirmed_current change_prior=0.25 geometry_factor_or_bound=1 geometry_evaluated=0 candidate_vertices=0 effective_cells=0 off_share=unmeasured legacy_same_site=1 absorb=1
a,1489,MOBILITY_PRIOR,142,,MOBILITY_PRIOR inst=142 session=0 class=28 changes=0 continuations=0 alpha=0.5 beta=1.5 q=0.25
a,1490,TOP_ABSORB,142,,TOP_ABSORB inst=142 geom=0 support=133 high_mobility=0 absorb=1
a,1491,STATE_EVIDENCE_WINDOW,143,,STATE_EVIDENCE_WINDOW inst=143 after=25433333333 latest_measured_support=43900000000 through=43900000000 projected=1 support=133 contradiction=4 reliable=265 reliable_in_view=265 reliable_seen_through=1 absence_llr=0 absent_samples=0 total_samples=41 absence_coverage_sufficient=0
a,1492,STATE_SLICE,143,43900000000,STATE_SLICE inst=143 stamp=43900000000 inherited_sup=133 inherited_con=4 inherited_samples=41 inherited_supported=133 inherited_free=0 inherited_repl_other=4 inherited_repl_bg=0 inherited_occ=47 inherited_unobs=0 session_sup=0 session_con=0 session_samples=0 cur_verts=918 candidate_verts=0
a,1493,EVIDENCE,143,,EVIDENCE inst=143 inherited_support=133 inherited_contradiction=4 session_support=0 session_contradiction=0 inherited_absent_flag=0 cur_verts=918 observed_verts=0
a,1494,MOBILITY_PRIOR,143,,MOBILITY_PRIOR inst=143 session=0 class=28 changes=0 continuations=0 alpha=0.5 beta=1.5 q=0.25
a,1495,TOP_ABSORB_POSTERIOR,143,,TOP_ABSORB_POSTERIOR inst=143 measurement=confirmed_current change_prior=0.25 geometry_factor_or_bound=1 geometry_evaluated=0 candidate_vertices=0 effective_cells=0 off_share=unmeasured legacy_same_site=1 absorb=1
a,1496,MOBILITY_PRIOR,143,,MOBILITY_PRIOR inst=143 session=0 class=28 changes=0 continuations=0 alpha=0.5 beta=1.5 q=0.25
a,1497,TOP_ABSORB,143,,TOP_ABSORB inst=143 geom=0 support=133 high_mobility=0 absorb=1
a,1498,STATE_EVIDENCE_WINDOW,144,,STATE_EVIDENCE_WINDOW inst=144 after=27066666667 latest_measured_support=43900000000 through=43900000000 projected=1 support=97 contradiction=13 reliable=217 reliable_in_view=217 reliable_seen_through=0 absence_llr=0 absent_samples=3 total_samples=37 absence_coverage_sufficient=0
a,1499,STATE_SLICE,144,43900000000,STATE_SLICE inst=144 stamp=43900000000 inherited_sup=97 inherited_con=13 inherited_samples=37 inherited_supported=97 inherited_free=0 inherited_repl_other=13 inherited_repl_bg=0 inherited_occ=34 inherited_unobs=0 session_sup=0 session_con=0 session_samples=0 cur_verts=747 candidate_verts=0
a,1500,EVIDENCE,144,,EVIDENCE inst=144 inherited_support=97 inherited_contradiction=13 session_support=0 session_contradiction=0 inherited_absent_flag=0 cur_verts=747 observed_verts=0
a,1501,MOBILITY_PRIOR,144,,MOBILITY_PRIOR inst=144 session=0 class=28 changes=0 continuations=0 alpha=0.5 beta=1.5 q=0.25
a,1502,TOP_ABSORB_POSTERIOR,144,,TOP_ABSORB_POSTERIOR inst=144 measurement=confirmed_current change_prior=0.25 geometry_factor_or_bound=1 geometry_evaluated=0 candidate_vertices=0 effective_cells=0 off_share=unmeasured legacy_same_site=1 absorb=1
a,1503,MOBILITY_PRIOR,144,,MOBILITY_PRIOR inst=144 session=0 class=28 changes=0 continuations=0 alpha=0.5 beta=1.5 q=0.25
a,1504,TOP_ABSORB,144,,TOP_ABSORB inst=144 geom=0 support=97 high_mobility=0 absorb=1
a,1505,STATE_EVIDENCE_WINDOW,145,,STATE_EVIDENCE_WINDOW inst=145 after=25366666667 latest_measured_support=0 through=43900000000 projected=1 support=0 contradiction=6 reliable=6 reliable_in_view=6 reliable_seen_through=0 absence_llr=0 absent_samples=2 total_samples=5 absence_coverage_sufficient=0
a,1506,STATE_SLICE,145,43900000000,STATE_SLICE inst=145 stamp=43900000000 inherited_sup=0 inherited_con=6 inherited_samples=5 inherited_supported=0 inherited_free=0 inherited_repl_other=6 inherited_repl_bg=0 inherited_occ=14 inherited_unobs=0 session_sup=0 session_con=0 session_samples=0 cur_verts=42 candidate_verts=0
a,1507,EVIDENCE,145,,EVIDENCE inst=145 inherited_support=0 inherited_contradiction=6 session_support=0 session_contradiction=0 inherited_absent_flag=0 cur_verts=42 observed_verts=0
a,1508,STATE_EVIDENCE_WINDOW,147,,STATE_EVIDENCE_WINDOW inst=147 after=8400000000 latest_measured_support=0 through=43900000000 projected=0 support=0 contradiction=0 reliable=135 reliable_in_view=0 reliable_seen_through=0 absence_llr=0 absent_samples=0 total_samples=199 absence_coverage_sufficient=0
a,1509,STATE_SLICE,147,43900000000,STATE_SLICE inst=147 stamp=43900000000 inherited_sup=0 inherited_con=0 inherited_samples=199 inherited_supported=0 inherited_free=0 inherited_repl_other=0 inherited_repl_bg=0 inherited_occ=0 inherited_unobs=199 session_sup=0 session_con=0 session_samples=0 cur_verts=597 candidate_verts=0
a,1510,EVIDENCE,147,,EVIDENCE inst=147 inherited_support=0 inherited_contradiction=0 session_support=0 session_contradiction=0 inherited_absent_flag=0 cur_verts=597 observed_verts=0
a,1511,STATE_EVIDENCE_WINDOW,148,,STATE_EVIDENCE_WINDOW inst=148 after=8400000000 latest_measured_support=0 through=43900000000 projected=0 support=0 contradiction=0 reliable=116 reliable_in_view=0 reliable_seen_through=0 absence_llr=0 absent_samples=0 total_samples=167 absence_coverage_sufficient=0
a,1512,STATE_SLICE,148,43900000000,STATE_SLICE inst=148 stamp=43900000000 inherited_sup=0 inherited_con=0 inherited_samples=167 inherited_supported=0 inherited_free=0 inherited_repl_other=0 inherited_repl_bg=0 inherited_occ=0 inherited_unobs=167 session_sup=0 session_con=0 session_samples=0 cur_verts=501 candidate_verts=0
a,1513,EVIDENCE,148,,EVIDENCE inst=148 inherited_support=0 inherited_contradiction=0 session_support=0 session_contradiction=0 inherited_absent_flag=0 cur_verts=501 observed_verts=0
a,1514,STATE_EVIDENCE_WINDOW,149,,STATE_EVIDENCE_WINDOW inst=149 after=8833333333 latest_measured_support=0 through=43900000000 projected=0 support=0 contradiction=0 reliable=261 reliable_in_view=0 reliable_seen_through=0 absence_llr=0 absent_samples=0 total_samples=582 absence_coverage_sufficient=0
a,1515,STATE_SLICE,149,43900000000,STATE_SLICE inst=149 stamp=43900000000 inherited_sup=0 inherited_con=0 inherited_samples=582 inherited_supported=0 inherited_free=0 inherited_repl_other=0 inherited_repl_bg=0 inherited_occ=0 inherited_unobs=582 session_sup=0 session_con=0 session_samples=0 cur_verts=1746 candidate_verts=0
a,1516,EVIDENCE,149,,EVIDENCE inst=149 inherited_support=0 inherited_contradiction=0 session_support=0 session_contradiction=0 inherited_absent_flag=0 cur_verts=1746 observed_verts=0
a,1517,STATE_EVIDENCE_WINDOW,153,,STATE_EVIDENCE_WINDOW inst=153 after=16900000000 latest_measured_support=0 through=43900000000 projected=0 support=0 contradiction=0 reliable=520 reliable_in_view=0 reliable_seen_through=0 absence_llr=0 absent_samples=0 total_samples=577 absence_coverage_sufficient=0
a,1518,STATE_SLICE,153,43900000000,STATE_SLICE inst=153 stamp=43900000000 inherited_sup=0 inherited_con=0 inherited_samples=577 inherited_supported=0 inherited_free=0 inherited_repl_other=0 inherited_repl_bg=0 inherited_occ=0 inherited_unobs=577 session_sup=0 session_con=0 session_samples=0 cur_verts=1731 candidate_verts=0
a,1519,EVIDENCE,153,,EVIDENCE inst=153 inherited_support=0 inherited_contradiction=0 session_support=0 session_contradiction=0 inherited_absent_flag=0 cur_verts=1731 observed_verts=0
a,1520,STATE_EVIDENCE_WINDOW,155,,STATE_EVIDENCE_WINDOW inst=155 after=17966666667 latest_measured_support=0 through=43900000000 projected=0 support=0 contradiction=0 reliable=603 reliable_in_view=0 reliable_seen_through=0 absence_llr=0 absent_samples=0 total_samples=3120 absence_coverage_sufficient=0
a,1521,STATE_SLICE,155,43900000000,STATE_SLICE inst=155 stamp=43900000000 inherited_sup=0 inherited_con=0 inherited_samples=3120 inherited_supported=0 inherited_free=0 inherited_repl_other=0 inherited_repl_bg=0 inherited_occ=0 inherited_unobs=3120 session_sup=0 session_con=0 session_samples=0 cur_verts=9360 candidate_verts=0
a,1522,EVIDENCE,155,,EVIDENCE inst=155 inherited_support=0 inherited_contradiction=0 session_support=0 session_contradiction=0 inherited_absent_flag=0 cur_verts=9360 observed_verts=0
a,1523,STATE_EVIDENCE_WINDOW,156,,STATE_EVIDENCE_WINDOW inst=156 after=8933333333 latest_measured_support=0 through=43900000000 projected=0 support=0 contradiction=0 reliable=1212 reliable_in_view=0 reliable_seen_through=0 absence_llr=0 absent_samples=0 total_samples=1659 absence_coverage_sufficient=0
a,1524,STATE_SLICE,156,43900000000,STATE_SLICE inst=156 stamp=43900000000 inherited_sup=0 inherited_con=0 inherited_samples=1659 inherited_supported=0 inherited_free=0 inherited_repl_other=0 inherited_repl_bg=0 inherited_occ=0 inherited_unobs=1659 session_sup=0 session_con=0 session_samples=0 cur_verts=4977 candidate_verts=0
a,1525,EVIDENCE,156,,EVIDENCE inst=156 inherited_support=0 inherited_contradiction=0 session_support=0 session_contradiction=0 inherited_absent_flag=0 cur_verts=4977 observed_verts=0
a,1526,STATE_EVIDENCE_WINDOW,161,,STATE_EVIDENCE_WINDOW inst=161 after=7633333333 latest_measured_support=0 through=43900000000 projected=0 support=0 contradiction=0 reliable=175 reliable_in_view=0 reliable_seen_through=0 absence_llr=0 absent_samples=0 total_samples=233 absence_coverage_sufficient=0
a,1527,STATE_SLICE,161,43900000000,STATE_SLICE inst=161 stamp=43900000000 inherited_sup=0 inherited_con=0 inherited_samples=233 inherited_supported=0 inherited_free=0 inherited_repl_other=0 inherited_repl_bg=0 inherited_occ=0 inherited_unobs=233 session_sup=0 session_con=0 session_samples=0 cur_verts=699 candidate_verts=0
a,1528,EVIDENCE,161,,EVIDENCE inst=161 inherited_support=0 inherited_contradiction=0 session_support=0 session_contradiction=0 inherited_absent_flag=0 cur_verts=699 observed_verts=0
a,1529,STATE_EVIDENCE_WINDOW,162,,STATE_EVIDENCE_WINDOW inst=162 after=7733333333 latest_measured_support=0 through=43900000000 projected=0 support=0 contradiction=0 reliable=132 reliable_in_view=0 reliable_seen_through=0 absence_llr=0 absent_samples=0 total_samples=156 absence_coverage_sufficient=0
a,1530,STATE_SLICE,162,43900000000,STATE_SLICE inst=162 stamp=43900000000 inherited_sup=0 inherited_con=0 inherited_samples=156 inherited_supported=0 inherited_free=0 inherited_repl_other=0 inherited_repl_bg=0 inherited_occ=0 inherited_unobs=156 session_sup=0 session_con=0 session_samples=0 cur_verts=468 candidate_verts=0
a,1531,EVIDENCE,162,,EVIDENCE inst=162 inherited_support=0 inherited_contradiction=0 session_support=0 session_contradiction=0 inherited_absent_flag=0 cur_verts=468 observed_verts=0
a,1532,STATE_EVIDENCE_WINDOW,163,,STATE_EVIDENCE_WINDOW inst=163 after=16300000000 latest_measured_support=0 through=43900000000 projected=0 support=0 contradiction=0 reliable=452 reliable_in_view=0 reliable_seen_through=0 absence_llr=0 absent_samples=0 total_samples=1084 absence_coverage_sufficient=0
a,1533,STATE_SLICE,163,43900000000,STATE_SLICE inst=163 stamp=43900000000 inherited_sup=0 inherited_con=0 inherited_samples=1084 inherited_supported=0 inherited_free=0 inherited_repl_other=0 inherited_repl_bg=0 inherited_occ=0 inherited_unobs=1084 session_sup=0 session_con=0 session_samples=0 cur_verts=3252 candidate_verts=0
a,1534,EVIDENCE,163,,EVIDENCE inst=163 inherited_support=0 inherited_contradiction=0 session_support=0 session_contradiction=0 inherited_absent_flag=0 cur_verts=3252 observed_verts=0
a,1535,STATE_EVIDENCE_WINDOW,164,,STATE_EVIDENCE_WINDOW inst=164 after=6333333333 latest_measured_support=0 through=43900000000 projected=0 support=0 contradiction=0 reliable=199 reliable_in_view=0 reliable_seen_through=0 absence_llr=0 absent_samples=0 total_samples=450 absence_coverage_sufficient=0
a,1536,STATE_SLICE,164,43900000000,STATE_SLICE inst=164 stamp=43900000000 inherited_sup=0 inherited_con=0 inherited_samples=450 inherited_supported=0 inherited_free=0 inherited_repl_other=0 inherited_repl_bg=0 inherited_occ=0 inherited_unobs=450 session_sup=0 session_con=0 session_samples=0 cur_verts=1350 candidate_verts=0
a,1537,EVIDENCE,164,,EVIDENCE inst=164 inherited_support=0 inherited_contradiction=0 session_support=0 session_contradiction=0 inherited_absent_flag=0 cur_verts=1350 observed_verts=0
a,1538,STATE_EVIDENCE_WINDOW,165,,STATE_EVIDENCE_WINDOW inst=165 after=22666666667 latest_measured_support=43900000000 through=43900000000 projected=1 support=94 contradiction=15 reliable=126 reliable_in_view=126 reliable_seen_through=0 absence_llr=0 absent_samples=4 total_samples=35 absence_coverage_sufficient=0
a,1539,STATE_SLICE,165,43900000000,STATE_SLICE inst=165 stamp=43900000000 inherited_sup=94 inherited_con=15 inherited_samples=35 inherited_supported=94 inherited_free=0 inherited_repl_other=0 inherited_repl_bg=16 inherited_occ=17 inherited_unobs=0 session_sup=0 session_con=0 session_samples=0 cur_verts=669 candidate_verts=0
a,1540,EVIDENCE,165,,EVIDENCE inst=165 inherited_support=94 inherited_contradiction=15 session_support=0 session_contradiction=0 inherited_absent_flag=0 cur_verts=669 observed_verts=0
a,1541,MOBILITY_PRIOR,165,,MOBILITY_PRIOR inst=165 session=0 class=36 changes=0 continuations=0 alpha=0.5 beta=1.5 q=0.25
a,1542,TOP_ABSORB_POSTERIOR,165,,TOP_ABSORB_POSTERIOR inst=165 measurement=confirmed_current change_prior=0.25 geometry_factor_or_bound=1 geometry_evaluated=0 candidate_vertices=0 effective_cells=0 off_share=unmeasured legacy_same_site=1 absorb=1
a,1543,MOBILITY_PRIOR,165,,MOBILITY_PRIOR inst=165 session=0 class=36 changes=0 continuations=0 alpha=0.5 beta=1.5 q=0.25
a,1544,TOP_ABSORB,165,,TOP_ABSORB inst=165 geom=0 support=94 high_mobility=0 absorb=1
a,1545,STATE_EVIDENCE_WINDOW,166,,STATE_EVIDENCE_WINDOW inst=166 after=25933333333 latest_measured_support=43900000000 through=43900000000 projected=1 support=91 contradiction=18 reliable=221 reliable_in_view=221 reliable_seen_through=8 absence_llr=0 absent_samples=5 total_samples=44 absence_coverage_sufficient=0
a,1546,STATE_SLICE,166,43900000000,STATE_SLICE inst=166 stamp=43900000000 inherited_sup=91 inherited_con=18 inherited_samples=44 inherited_supported=92 inherited_free=0 inherited_repl_other=0 inherited_repl_bg=18 inherited_occ=39 inherited_unobs=0 session_sup=0 session_con=0 session_samples=0 cur_verts=1008 candidate_verts=0
a,1547,EVIDENCE,166,,EVIDENCE inst=166 inherited_support=91 inherited_contradiction=18 session_support=0 session_contradiction=0 inherited_absent_flag=0 cur_verts=1008 observed_verts=0
a,1548,MOBILITY_PRIOR,166,,MOBILITY_PRIOR inst=166 session=0 class=36 changes=0 continuations=0 alpha=0.5 beta=1.5 q=0.25
a,1549,TOP_ABSORB_POSTERIOR,166,,TOP_ABSORB_POSTERIOR inst=166 measurement=confirmed_current change_prior=0.25 geometry_factor_or_bound=1 geometry_evaluated=0 candidate_vertices=0 effective_cells=0 off_share=unmeasured legacy_same_site=1 absorb=1
a,1550,MOBILITY_PRIOR,166,,MOBILITY_PRIOR inst=166 session=0 class=36 changes=0 continuations=0 alpha=0.5 beta=1.5 q=0.25
a,1551,TOP_ABSORB,166,,TOP_ABSORB inst=166 geom=0 support=91 high_mobility=0 absorb=1
a,1552,STATE_EVIDENCE_WINDOW,167,,STATE_EVIDENCE_WINDOW inst=167 after=7700000000 latest_measured_support=0 through=43900000000 projected=0 support=0 contradiction=0 reliable=211 reliable_in_view=0 reliable_seen_through=0 absence_llr=0 absent_samples=0 total_samples=343 absence_coverage_sufficient=0
a,1553,STATE_SLICE,167,43900000000,STATE_SLICE inst=167 stamp=43900000000 inherited_sup=0 inherited_con=0 inherited_samples=343 inherited_supported=0 inherited_free=0 inherited_repl_other=0 inherited_repl_bg=0 inherited_occ=0 inherited_unobs=343 session_sup=0 session_con=0 session_samples=0 cur_verts=1029 candidate_verts=0
a,1554,EVIDENCE,167,,EVIDENCE inst=167 inherited_support=0 inherited_contradiction=0 session_support=0 session_contradiction=0 inherited_absent_flag=0 cur_verts=1029 observed_verts=0
a,1555,STATE_EVIDENCE_WINDOW,171,,STATE_EVIDENCE_WINDOW inst=171 after=18666666667 latest_measured_support=0 through=43900000000 projected=0 support=0 contradiction=0 reliable=780 reliable_in_view=0 reliable_seen_through=0 absence_llr=0 absent_samples=0 total_samples=1371 absence_coverage_sufficient=0
a,1556,STATE_SLICE,171,43900000000,STATE_SLICE inst=171 stamp=43900000000 inherited_sup=0 inherited_con=0 inherited_samples=1371 inherited_supported=0 inherited_free=0 inherited_repl_other=0 inherited_repl_bg=0 inherited_occ=0 inherited_unobs=1371 session_sup=0 session_con=0 session_samples=0 cur_verts=4113 candidate_verts=0
a,1557,EVIDENCE,171,,EVIDENCE inst=171 inherited_support=0 inherited_contradiction=0 session_support=0 session_contradiction=0 inherited_absent_flag=0 cur_verts=4113 observed_verts=0
a,1558,STATE_EVIDENCE_WINDOW,173,,STATE_EVIDENCE_WINDOW inst=173 after=7066666667 latest_measured_support=0 through=43900000000 projected=0 support=0 contradiction=0 reliable=317 reliable_in_view=0 reliable_seen_through=0 absence_llr=0 absent_samples=0 total_samples=384 absence_coverage_sufficient=0
a,1559,STATE_SLICE,173,43900000000,STATE_SLICE inst=173 stamp=43900000000 inherited_sup=0 inherited_con=0 inherited_samples=384 inherited_supported=0 inherited_free=0 inherited_repl_other=0 inherited_repl_bg=0 inherited_occ=0 inherited_unobs=384 session_sup=0 session_con=0 session_samples=0 cur_verts=1152 candidate_verts=0
a,1560,EVIDENCE,173,,EVIDENCE inst=173 inherited_support=0 inherited_contradiction=0 session_support=0 session_contradiction=0 inherited_absent_flag=0 cur_verts=1152 observed_verts=0
a,1561,STATE_EVIDENCE_WINDOW,174,,STATE_EVIDENCE_WINDOW inst=174 after=6633333333 latest_measured_support=0 through=43900000000 projected=0 support=0 contradiction=0 reliable=299 reliable_in_view=0 reliable_seen_through=0 absence_llr=0 absent_samples=0 total_samples=368 absence_coverage_sufficient=0
a,1562,STATE_SLICE,174,43900000000,STATE_SLICE inst=174 stamp=43900000000 inherited_sup=0 inherited_con=0 inherited_samples=368 inherited_supported=0 inherited_free=0 inherited_repl_other=0 inherited_repl_bg=0 inherited_occ=0 inherited_unobs=368 session_sup=0 session_con=0 session_samples=0 cur_verts=1104 candidate_verts=0
a,1563,EVIDENCE,174,,EVIDENCE inst=174 inherited_support=0 inherited_contradiction=0 session_support=0 session_contradiction=0 inherited_absent_flag=0 cur_verts=1104 observed_verts=0
a,1564,STATE_EVIDENCE_WINDOW,175,,STATE_EVIDENCE_WINDOW inst=175 after=6833333333 latest_measured_support=0 through=43900000000 projected=0 support=0 contradiction=0 reliable=197 reliable_in_view=0 reliable_seen_through=0 absence_llr=0 absent_samples=0 total_samples=230 absence_coverage_sufficient=0
a,1565,STATE_SLICE,175,43900000000,STATE_SLICE inst=175 stamp=43900000000 inherited_sup=0 inherited_con=0 inherited_samples=230 inherited_supported=0 inherited_free=0 inherited_repl_other=0 inherited_repl_bg=0 inherited_occ=0 inherited_unobs=230 session_sup=0 session_con=0 session_samples=0 cur_verts=690 candidate_verts=0
a,1566,EVIDENCE,175,,EVIDENCE inst=175 inherited_support=0 inherited_contradiction=0 session_support=0 session_contradiction=0 inherited_absent_flag=0 cur_verts=690 observed_verts=0
a,1567,STATE_EVIDENCE_WINDOW,180,,STATE_EVIDENCE_WINDOW inst=180 after=16833333333 latest_measured_support=0 through=43900000000 projected=0 support=0 contradiction=0 reliable=65 reliable_in_view=0 reliable_seen_through=0 absence_llr=0 absent_samples=0 total_samples=88 absence_coverage_sufficient=0
a,1568,STATE_SLICE,180,43900000000,STATE_SLICE inst=180 stamp=43900000000 inherited_sup=0 inherited_con=0 inherited_samples=88 inherited_supported=0 inherited_free=0 inherited_repl_other=0 inherited_repl_bg=0 inherited_occ=0 inherited_unobs=88 session_sup=0 session_con=0 session_samples=0 cur_verts=264 candidate_verts=0
a,1569,EVIDENCE,180,,EVIDENCE inst=180 inherited_support=0 inherited_contradiction=0 session_support=0 session_contradiction=0 inherited_absent_flag=0 cur_verts=264 observed_verts=0
a,1570,STATE_EVIDENCE_WINDOW,205,,STATE_EVIDENCE_WINDOW inst=205 after=17366666667 latest_measured_support=0 through=43900000000 projected=0 support=0 contradiction=0 reliable=59 reliable_in_view=0 reliable_seen_through=0 absence_llr=0 absent_samples=0 total_samples=184 absence_coverage_sufficient=0
a,1571,STATE_SLICE,205,43900000000,STATE_SLICE inst=205 stamp=43900000000 inherited_sup=0 inherited_con=0 inherited_samples=184 inherited_supported=0 inherited_free=0 inherited_repl_other=0 inherited_repl_bg=0 inherited_occ=0 inherited_unobs=184 session_sup=0 session_con=0 session_samples=0 cur_verts=552 candidate_verts=0
a,1572,EVIDENCE,205,,EVIDENCE inst=205 inherited_support=0 inherited_contradiction=0 session_support=0 session_contradiction=0 inherited_absent_flag=0 cur_verts=552 observed_verts=0
a,1573,INGEST,7,,INGEST inst=7 first=28s seg_verts=8049 cur_verts=14292 observed_verts=0
a,1574,MOBILITY_PRIOR,7,,MOBILITY_PRIOR inst=7 session=0 class=3 changes=0 continuations=0 alpha=0.5 beta=1.5 q=0.25
a,1575,OVERLAP_POSTERIOR,7,,OVERLAP_POSTERIOR inst=7 shared_probability_lower_bound=0.533961 change_prior=0.25 same_state=1
a,1576,EMPTY_INTERVAL_POSTERIOR,7,,EMPTY_INTERVAL_POSTERIOR inst=7 since=28866666667 support=3 judged=1402 seen_through=0 measured=1 calibrated_source=1 log_ratio=-6.55393 change_prior=0.25 log_odds=-7.65254 empty=0
a,1577,INGEST_DECIDE,7,,INGEST_DECIDE inst=7 same_session_overlap=1 contradicted=0
a,1578,INGEST,51,,INGEST inst=51 first=26s seg_verts=19476 cur_verts=0 observed_verts=0
a,1579,INGEST,55,,INGEST inst=55 first=28s seg_verts=4383 cur_verts=2496 observed_verts=0
a,1580,MOBILITY_PRIOR,55,,MOBILITY_PRIOR inst=55 session=0 class=6 changes=0 continuations=0 alpha=1.5 beta=0.5 q=0.75
a,1581,OVERLAP_POSTERIOR,55,,OVERLAP_POSTERIOR inst=55 shared_probability_lower_bound=0.842569 change_prior=0.75 same_state=1
a,1582,EMPTY_INTERVAL_POSTERIOR,55,,EMPTY_INTERVAL_POSTERIOR inst=55 since=28566666667 support=1013 judged=670 seen_through=18 measured=1 calibrated_source=1 log_ratio=-1.02296 change_prior=0.75 log_odds=0.0756482 empty=0
a,1583,INGEST_DECIDE,55,,INGEST_DECIDE inst=55 same_session_overlap=1 contradicted=0
a,1584,INGEST,56,,INGEST inst=56 first=32s seg_verts=1785 cur_verts=49809 observed_verts=0
a,1585,MOBILITY_PRIOR,56,,MOBILITY_PRIOR inst=56 session=0 class=6 changes=0 continuations=0 alpha=1.5 beta=0.5 q=0.75
a,1586,OVERLAP_POSTERIOR,56,,OVERLAP_POSTERIOR inst=56 shared_probability_lower_bound=0.816992 change_prior=0.75 same_state=1
a,1587,EMPTY_INTERVAL_POSTERIOR,56,,EMPTY_INTERVAL_POSTERIOR inst=56 since=32566666667 support=506 judged=58 seen_through=0 measured=1 calibrated_source=1 log_ratio=-1.03159 change_prior=0.75 log_odds=0.0670229 empty=0
a,1588,INGEST_DECIDE,56,,INGEST_DECIDE inst=56 same_session_overlap=1 contradicted=0
a,1589,INGEST,70,,INGEST inst=70 first=33s seg_verts=372 cur_verts=2499 observed_verts=0
a,1590,MOBILITY_PRIOR,70,,MOBILITY_PRIOR inst=70 session=0 class=9 changes=0 continuations=0 alpha=1.5 beta=0.5 q=0.75
a,1591,OVERLAP_POSTERIOR,70,,OVERLAP_POSTERIOR inst=70 shared_probability_lower_bound=0.890709 change_prior=0.75 same_state=1
a,1592,EMPTY_INTERVAL_POSTERIOR,70,,EMPTY_INTERVAL_POSTERIOR inst=70 since=33066666667 support=41 judged=45 seen_through=0 measured=1 calibrated_source=1 log_ratio=-0.52912 change_prior=0.75 log_odds=0.569492 empty=0
a,1593,INGEST_DECIDE,70,,INGEST_DECIDE inst=70 same_session_overlap=1 contradicted=0
a,1594,INGEST,121,,INGEST inst=121 first=28s seg_verts=126 cur_verts=210 observed_verts=0
a,1595,MOBILITY_PRIOR,121,,MOBILITY_PRIOR inst=121 session=0 class=24 changes=0 continuations=0 alpha=0.5 beta=1.5 q=0.25
a,1596,OVERLAP_POSTERIOR,121,,OVERLAP_POSTERIOR inst=121 shared_probability_lower_bound=0.668213 change_prior=0.25 same_state=1
a,1597,EMPTY_INTERVAL_POSTERIOR,121,,EMPTY_INTERVAL_POSTERIOR inst=121 since=28766666667 support=12 judged=10 seen_through=1 measured=1 calibrated_source=1 log_ratio=0.187816 change_prior=0.25 log_odds=-0.910796 empty=0
a,1598,INGEST_DECIDE,121,,INGEST_DECIDE inst=121 same_session_overlap=1 contradicted=0
a,1599,INGEST,141,,INGEST inst=141 first=32s seg_verts=618 cur_verts=990 observed_verts=0
a,1600,MOBILITY_PRIOR,141,,MOBILITY_PRIOR inst=141 session=0 class=28 changes=0 continuations=0 alpha=0.5 beta=1.5 q=0.25
a,1601,OVERLAP_POSTERIOR,141,,OVERLAP_POSTERIOR inst=141 shared_probability_lower_bound=0.705 change_prior=0.25 same_state=1
a,1602,EMPTY_INTERVAL_POSTERIOR,141,,EMPTY_INTERVAL_POSTERIOR inst=141 since=32066666667 support=174 judged=250 seen_through=7 measured=1 calibrated_source=1 log_ratio=-0.982867 change_prior=0.25 log_odds=-2.08148 empty=0
a,1603,INGEST_DECIDE,141,,INGEST_DECIDE inst=141 same_session_overlap=1 contradicted=0
a,1604,INGEST,142,,INGEST inst=142 first=32s seg_verts=555 cur_verts=978 observed_verts=0
a,1605,MOBILITY_PRIOR,142,,MOBILITY_PRIOR inst=142 session=0 class=28 changes=0 continuations=0 alpha=0.5 beta=1.5 q=0.25
a,1606,OVERLAP_POSTERIOR,142,,OVERLAP_POSTERIOR inst=142 shared_probability_lower_bound=0.878384 change_prior=0.25 same_state=1
a,1607,EMPTY_INTERVAL_POSTERIOR,142,,EMPTY_INTERVAL_POSTERIOR inst=142 since=32666666667 support=133 judged=268 seen_through=5 measured=1 calibrated_source=1 log_ratio=-1.3535 change_prior=0.25 log_odds=-2.45212 empty=0
a,1608,INGEST_DECIDE,142,,INGEST_DECIDE inst=142 same_session_overlap=1 contradicted=0
a,1609,INGEST,143,,INGEST inst=143 first=32s seg_verts=450 cur_verts=918 observed_verts=0
a,1610,MOBILITY_PRIOR,143,,MOBILITY_PRIOR inst=143 session=0 class=28 changes=0 continuations=0 alpha=0.5 beta=1.5 q=0.25
a,1611,OVERLAP_POSTERIOR,143,,OVERLAP_POSTERIOR inst=143 shared_probability_lower_bound=0.346414 change_prior=0.25 same_state=1
a,1612,EMPTY_INTERVAL_POSTERIOR,143,,EMPTY_INTERVAL_POSTERIOR inst=143 since=32166666667 support=133 judged=265 seen_through=1 measured=1 calibrated_source=1 log_ratio=-2.76284 change_prior=0.25 log_odds=-3.86145 empty=0
a,1613,INGEST_DECIDE,143,,INGEST_DECIDE inst=143 same_session_overlap=1 contradicted=0
a,1614,INGEST,144,,INGEST inst=144 first=32s seg_verts=393 cur_verts=747 observed_verts=0
a,1615,MOBILITY_PRIOR,144,,MOBILITY_PRIOR inst=144 session=0 class=28 changes=0 continuations=0 alpha=0.5 beta=1.5 q=0.25
a,1616,OVERLAP_POSTERIOR,144,,OVERLAP_POSTERIOR inst=144 shared_probability_lower_bound=0.472428 change_prior=0.25 same_state=1
a,1617,EMPTY_INTERVAL_POSTERIOR,144,,EMPTY_INTERVAL_POSTERIOR inst=144 since=32766666667 support=97 judged=217 seen_through=0 measured=1 calibrated_source=1 log_ratio=-4.87993 change_prior=0.25 log_odds=-5.97854 empty=0
a,1618,INGEST_DECIDE,144,,INGEST_DECIDE inst=144 same_session_overlap=1 contradicted=0
a,1619,INGEST,172,,INGEST inst=172 first=29s seg_verts=2343 cur_verts=0 observed_verts=0
a,1627,OBJECT_EXTRACTION_INPUT,135,,OBJECT_EXTRACTION_INPUT inst=135 first=41933333333 last=44533333333 observations=79 dynamic=0 motion_history=0 last_motion=0 displacement=0 static_fallback=0
a,1628,OBJECT_EXTRACTION_INPUT,166,,OBJECT_EXTRACTION_INPUT inst=166 first=42566666667 last=44733333333 observations=66 dynamic=0 motion_history=0 last_motion=0 displacement=0 static_fallback=0
a,1629,STATIC_SURFACE_FRAMES,166,,STATIC_SURFACE_FRAMES inst=166 candidates=22 selected=22 first=42566666667 last=44666666667
a,1630,STATIC_SURFACE_FRAMES,135,,STATIC_SURFACE_FRAMES inst=135 candidates=26 selected=26 first=41966666667 last=44466666667
a,1631,OBJECT_EXTRACTION_INPUT,140,,OBJECT_EXTRACTION_INPUT inst=140 first=42833333333 last=44766666667 observations=59 dynamic=0 motion_history=0 last_motion=0 displacement=0 static_fallback=0
a,1632,STATIC_SURFACE_FRAMES,140,,STATIC_SURFACE_FRAMES inst=140 candidates=20 selected=20 first=42866666667 last=44766666667
a,1633,OBJECT_EXTRACTION_INPUT,139,,OBJECT_EXTRACTION_INPUT inst=139 first=42866666667 last=44766666667 observations=58 dynamic=0 motion_history=0 last_motion=0 displacement=0 static_fallback=0
a,1634,STATIC_SURFACE_FRAMES,139,,STATIC_SURFACE_FRAMES inst=139 candidates=20 selected=20 first=42866666667 last=44766666667
a,1640,OBJECT_EXTRACTION_INPUT,50,,OBJECT_EXTRACTION_INPUT inst=50 first=42866666667 last=46266666667 observations=103 dynamic=0 motion_history=0 last_motion=0 displacement=0 static_fallback=0
a,1641,STATIC_SURFACE_FRAMES,50,,STATIC_SURFACE_FRAMES inst=50 candidates=35 selected=35 first=42866666667 last=46266666667
a,1643,OBJECT_EXTRACTION_INPUT,144,,OBJECT_EXTRACTION_INPUT inst=144 first=42766666667 last=47133333333 observations=95 dynamic=0 motion_history=0 last_motion=0 displacement=0 static_fallback=0
a,1644,OBJECT_EXTRACTION_INPUT,142,,OBJECT_EXTRACTION_INPUT inst=142 first=42800000000 last=47066666667 observations=94 dynamic=0 motion_history=0 last_motion=0 displacement=0 static_fallback=0
a,1645,STATIC_SURFACE_FRAMES,142,,STATIC_SURFACE_FRAMES inst=142 candidates=32 selected=32 first=42866666667 last=47066666667
a,1646,STATIC_SURFACE_FRAMES,144,,STATIC_SURFACE_FRAMES inst=144 candidates=31 selected=31 first=42766666667 last=47066666667
a,1647,OBJECT_EXTRACTION_INPUT,145,,OBJECT_EXTRACTION_INPUT inst=145 first=42866666667 last=47166666667 observations=84 dynamic=0 motion_history=0 last_motion=0 displacement=0 static_fallback=0
a,1648,STATIC_SURFACE_FRAMES,145,,STATIC_SURFACE_FRAMES inst=145 candidates=29 selected=29 first=42866666667 last=47166666667
a,1649,OBJECT_EXTRACTION_INPUT,13,,OBJECT_EXTRACTION_INPUT inst=13 first=46300000000 last=47166666667 observations=27 dynamic=0 motion_history=0 last_motion=0 displacement=0 static_fallback=0
a,1650,STATIC_SURFACE_FRAMES,13,,STATIC_SURFACE_FRAMES inst=13 candidates=9 selected=9 first=46366666667 last=47166666667
a,1651,OBJECT_EXTRACTION_INPUT,14,,OBJECT_EXTRACTION_INPUT inst=14 first=46333333333 last=47166666667 observations=26 dynamic=0 motion_history=0 last_motion=0 displacement=0 static_fallback=0
a,1652,STATIC_SURFACE_FRAMES,14,,STATIC_SURFACE_FRAMES inst=14 candidates=9 selected=9 first=46366666667 last=47166666667
a,1653,OBJECT_EXTRACTION_INPUT,120,,OBJECT_EXTRACTION_INPUT inst=120 first=46566666667 last=47300000000 observations=23 dynamic=0 motion_history=0 last_motion=0 displacement=0 static_fallback=0
a,1654,STATIC_SURFACE_FRAMES,120,,STATIC_SURFACE_FRAMES inst=120 candidates=8 selected=8 first=46566666667 last=47266666667
a,1655,OBJECT_EXTRACTION_INPUT,143,,OBJECT_EXTRACTION_INPUT inst=143 first=42733333333 last=47766666667 observations=111 dynamic=0 motion_history=0 last_motion=0 displacement=0 static_fallback=0
a,1656,OBJECT_EXTRACTION_INPUT,141,,OBJECT_EXTRACTION_INPUT inst=141 first=42766666667 last=47700000000 observations=113 dynamic=0 motion_history=0 last_motion=0 displacement=0 static_fallback=0
a,1657,STATIC_SURFACE_FRAMES,141,,STATIC_SURFACE_FRAMES inst=141 candidates=38 selected=38 first=42766666667 last=47666666667
a,1658,STATIC_SURFACE_FRAMES,143,,STATIC_SURFACE_FRAMES inst=143 candidates=38 selected=38 first=42766666667 last=47766666667
a,1659,OBJECT_EXTRACTION_INPUT,146,,OBJECT_EXTRACTION_INPUT inst=146 first=43866666667 last=47800000000 observations=72 dynamic=0 motion_history=0 last_motion=0 displacement=0 static_fallback=0
a,1660,OBJECT_EXTRACTION_INPUT,122,,OBJECT_EXTRACTION_INPUT inst=122 first=46166666667 last=47400000000 observations=38 dynamic=0 motion_history=0 last_motion=0 displacement=0 static_fallback=0
a,1661,STATIC_SURFACE_FRAMES,146,,STATIC_SURFACE_FRAMES inst=146 candidates=25 selected=25 first=43866666667 last=47766666667
a,1662,STATIC_SURFACE_FRAMES,122,,STATIC_SURFACE_FRAMES inst=122 candidates=13 selected=13 first=46166666667 last=47366666667
a,1663,OBJECT_EXTRACTION_INPUT,123,,OBJECT_EXTRACTION_INPUT inst=123 first=46300000000 last=47400000000 observations=34 dynamic=0 motion_history=0 last_motion=0 displacement=0 static_fallback=0
a,1664,STATIC_SURFACE_FRAMES,123,,STATIC_SURFACE_FRAMES inst=123 candidates=11 selected=11 first=46366666667 last=47366666667
a,1665,OBJECT_EXTRACTION_INPUT,165,,OBJECT_EXTRACTION_INPUT inst=165 first=42500000000 last=48166666667 observations=116 dynamic=0 motion_history=0 last_motion=0 displacement=0 static_fallback=0
a,1666,OBJECT_EXTRACTION_INPUT,7,,OBJECT_EXTRACTION_INPUT inst=7 first=42600000000 last=48033333333 observations=164 dynamic=0 motion_history=0 last_motion=0 displacement=0 static_fallback=0
a,1667,STATIC_SURFACE_FRAMES,165,,STATIC_SURFACE_FRAMES inst=165 candidates=39 selected=39 first=42566666667 last=48166666667
a,1668,STATIC_SURFACE_FRAMES,7,,STATIC_SURFACE_FRAMES inst=7 candidates=54 selected=54 first=42666666667 last=47966666667
a,1669,OBJECT_EXTRACTION_INPUT,137,,OBJECT_EXTRACTION_INPUT inst=137 first=42733333333 last=48133333333 observations=107 dynamic=0 motion_history=0 last_motion=0 displacement=0 static_fallback=0
a,1670,STATIC_SURFACE_FRAMES,137,,STATIC_SURFACE_FRAMES inst=137 candidates=35 selected=35 first=42766666667 last=48066666667
a,1671,OBJECT_EXTRACTION_INPUT,138,,OBJECT_EXTRACTION_INPUT inst=138 first=42733333333 last=48166666667 observations=105 dynamic=0 motion_history=0 last_motion=0 displacement=0 static_fallback=0
a,1672,STATIC_SURFACE_FRAMES,138,,STATIC_SURFACE_FRAMES inst=138 candidates=35 selected=35 first=42766666667 last=48166666667
a,1673,OBJECT_EXTRACTION_INPUT,49,,OBJECT_EXTRACTION_INPUT inst=49 first=42766666667 last=48266666667 observations=152 dynamic=0 motion_history=0 last_motion=0 displacement=0 static_fallback=0
a,1674,OBJECT_EXTRACTION_INPUT,107,,OBJECT_EXTRACTION_INPUT inst=107 first=46133333333 last=48533333333 observations=58 dynamic=0 motion_history=0 last_motion=0 displacement=0 static_fallback=0
a,1675,STATIC_SURFACE_FRAMES,107,,STATIC_SURFACE_FRAMES inst=107 candidates=19 selected=19 first=46166666667 last=48466666667
a,1676,STATIC_SURFACE_FRAMES,49,,STATIC_SURFACE_FRAMES inst=49 candidates=51 selected=51 first=42766666667 last=48266666667
a,1682,OBJECT_EXTRACTION_INPUT,106,,OBJECT_EXTRACTION_INPUT inst=106 first=46100000000 last=48900000000 observations=85 dynamic=0 motion_history=0 last_motion=0 displacement=0 static_fallback=0
a,1683,STATIC_SURFACE_FRAMES,106,,STATIC_SURFACE_FRAMES inst=106 candidates=24 selected=24 first=46166666667 last=48466666667
a,1685,OBJECT_EXTRACTION_INPUT,55,,OBJECT_EXTRACTION_INPUT inst=55 first=45833333333 last=49133333333 observations=100 dynamic=0 motion_history=0 last_motion=0 displacement=0 static_fallback=0
a,1686,OBJECT_EXTRACTION_INPUT,121,,OBJECT_EXTRACTION_INPUT inst=121 first=46066666667 last=49166666667 observations=94 dynamic=0 motion_history=0 last_motion=0 displacement=0 static_fallback=0
a,1687,STATIC_SURFACE_FRAMES,55,,STATIC_SURFACE_FRAMES inst=55 candidates=27 selected=27 first=45866666667 last=48466666667
a,1688,STATIC_SURFACE_FRAMES,121,,STATIC_SURFACE_FRAMES inst=121 candidates=25 selected=25 first=46066666667 last=48466666667
a,1689,OBJECT_EXTRACTION_INPUT,172,,OBJECT_EXTRACTION_INPUT inst=172 first=46066666667 last=49200000000 observations=95 dynamic=0 motion_history=0 last_motion=0 displacement=0 static_fallback=0
a,1690,STATIC_SURFACE_FRAMES,172,,STATIC_SURFACE_FRAMES inst=172 candidates=25 selected=25 first=46066666667 last=48466666667
a,1691,OBJECT_EXTRACTION_INPUT,183,,OBJECT_EXTRACTION_INPUT inst=183 first=49600000000 last=50366666667 observations=24 dynamic=0 motion_history=0 last_motion=0 displacement=0 static_fallback=0
a,1692,STATIC_SURFACE_FRAMES,183,,STATIC_SURFACE_FRAMES inst=183 candidates=8 selected=8 first=49666666667 last=50366666667
a,1701,STATE_EVIDENCE_WINDOW,3,,STATE_EVIDENCE_WINDOW inst=3 after=16600000000 latest_measured_support=0 through=54733333333 projected=0 support=0 contradiction=0 reliable=26 reliable_in_view=0 reliable_seen_through=0 absence_llr=0 absent_samples=0 total_samples=47 absence_coverage_sufficient=0
a,1702,STATE_SLICE,3,54733333333,STATE_SLICE inst=3 stamp=54733333333 inherited_sup=0 inherited_con=0 inherited_samples=47 inherited_supported=0 inherited_free=0 inherited_repl_other=0 inherited_repl_bg=0 inherited_occ=0 inherited_unobs=47 session_sup=0 session_con=0 session_samples=0 cur_verts=141 candidate_verts=0
a,1703,EVIDENCE,3,,EVIDENCE inst=3 inherited_support=0 inherited_contradiction=0 session_support=0 session_contradiction=0 inherited_absent_flag=0 cur_verts=141 observed_verts=0
a,1704,STATE_EVIDENCE_WINDOW,5,,STATE_EVIDENCE_WINDOW inst=5 after=16100000000 latest_measured_support=0 through=54733333333 projected=0 support=0 contradiction=0 reliable=1421 reliable_in_view=0 reliable_seen_through=0 absence_llr=0 absent_samples=0 total_samples=1616 absence_coverage_sufficient=0
a,1705,STATE_SLICE,5,54733333333,STATE_SLICE inst=5 stamp=54733333333 inherited_sup=0 inherited_con=0 inherited_samples=1616 inherited_supported=0 inherited_free=0 inherited_repl_other=0 inherited_repl_bg=0 inherited_occ=0 inherited_unobs=1616 session_sup=0 session_con=0 session_samples=0 cur_verts=4848 candidate_verts=0
a,1706,EVIDENCE,5,,EVIDENCE inst=5 inherited_support=0 inherited_contradiction=0 session_support=0 session_contradiction=0 inherited_absent_flag=0 cur_verts=4848 observed_verts=0
a,1707,STATE_EVIDENCE_WINDOW,7,,STATE_EVIDENCE_WINDOW inst=7 after=35600000000 latest_measured_support=44766666667 through=54733333333 projected=0 support=291 contradiction=106 reliable=1183 reliable_in_view=1157 reliable_seen_through=1 absence_llr=0 absent_samples=0 total_samples=7447 absence_coverage_sufficient=0
a,1708,STATE_SLICE,7,54733333333,STATE_SLICE inst=7 stamp=54733333333 inherited_sup=291 inherited_con=106 inherited_samples=7447 inherited_supported=22213 inherited_free=46 inherited_repl_other=529 inherited_repl_bg=33 inherited_occ=1894 inherited_unobs=1664 session_sup=0 session_con=0 session_samples=0 cur_verts=22341 candidate_verts=0
a,1709,EVIDENCE,7,,EVIDENCE inst=7 inherited_support=291 inherited_contradiction=106 session_support=0 session_contradiction=0 inherited_absent_flag=0 cur_verts=22341 observed_verts=0
a,1710,MOBILITY_PRIOR,7,,MOBILITY_PRIOR inst=7 session=0 class=3 changes=0 continuations=0 alpha=0.5 beta=1.5 q=0.25
a,1711,TOP_ABSORB_POSTERIOR,7,,TOP_ABSORB_POSTERIOR inst=7 measurement=confirmed_current change_prior=0.25 geometry_factor_or_bound=1 geometry_evaluated=0 candidate_vertices=0 effective_cells=0 off_share=unmeasured legacy_same_site=1 absorb=1
a,1712,MOBILITY_PRIOR,7,,MOBILITY_PRIOR inst=7 session=0 class=3 changes=0 continuations=0 alpha=0.5 beta=1.5 q=0.25
a,1713,TOP_ABSORB,7,,TOP_ABSORB inst=7 geom=0 support=291 high_mobility=0 absorb=1
a,1714,STATE_EVIDENCE_WINDOW,21,,STATE_EVIDENCE_WINDOW inst=21 after=17033333333 latest_measured_support=0 through=54733333333 projected=0 support=0 contradiction=0 reliable=42 reliable_in_view=0 reliable_seen_through=0 absence_llr=0 absent_samples=0 total_samples=84 absence_coverage_sufficient=0
a,1715,STATE_SLICE,21,54733333333,STATE_SLICE inst=21 stamp=54733333333 inherited_sup=0 inherited_con=0 inherited_samples=84 inherited_supported=0 inherited_free=0 inherited_repl_other=0 inherited_repl_bg=0 inherited_occ=0 inherited_unobs=84 session_sup=0 session_con=0 session_samples=0 cur_verts=252 candidate_verts=0
a,1716,EVIDENCE,21,,EVIDENCE inst=21 inherited_support=0 inherited_contradiction=0 session_support=0 session_contradiction=0 inherited_absent_flag=0 cur_verts=252 observed_verts=0
a,1717,STATE_EVIDENCE_WINDOW,48,,STATE_EVIDENCE_WINDOW inst=48 after=14266666667 latest_measured_support=0 through=54733333333 projected=0 support=0 contradiction=0 reliable=1062 reliable_in_view=0 reliable_seen_through=0 absence_llr=0 absent_samples=0 total_samples=2193 absence_coverage_sufficient=0
a,1718,STATE_SLICE,48,54733333333,STATE_SLICE inst=48 stamp=54733333333 inherited_sup=0 inherited_con=0 inherited_samples=2193 inherited_supported=0 inherited_free=0 inherited_repl_other=0 inherited_repl_bg=0 inherited_occ=0 inherited_unobs=2193 session_sup=0 session_con=0 session_samples=0 cur_verts=6579 candidate_verts=0
a,1719,EVIDENCE,48,,EVIDENCE inst=48 inherited_support=0 inherited_contradiction=0 session_support=0 session_contradiction=0 inherited_absent_flag=0 cur_verts=6579 observed_verts=0
a,1720,STATE_EVIDENCE_WINDOW,49,,STATE_EVIDENCE_WINDOW inst=49 after=43900000000 latest_measured_support=44766666667 through=54733333333 projected=0 support=72 contradiction=28 reliable=367 reliable_in_view=354 reliable_seen_through=0 absence_llr=0 absent_samples=0 total_samples=509 absence_coverage_sufficient=0
a,1721,STATE_SLICE,49,54733333333,STATE_SLICE inst=49 stamp=54733333333 inherited_sup=72 inherited_con=28 inherited_samples=509 inherited_supported=1316 inherited_free=0 inherited_repl_other=31 inherited_repl_bg=39 inherited_occ=226 inherited_unobs=0 session_sup=0 session_con=0 session_samples=0 cur_verts=1527 candidate_verts=0
a,1722,EVIDENCE,49,,EVIDENCE inst=49 inherited_support=72 inherited_contradiction=28 session_support=0 session_contradiction=0 inherited_absent_flag=0 cur_verts=1527 observed_verts=0
a,1723,MOBILITY_PRIOR,49,,MOBILITY_PRIOR inst=49 session=0 class=6 changes=0 continuations=0 alpha=1.5 beta=0.5 q=0.75
a,1724,TOP_ABSORB_POSTERIOR,49,,TOP_ABSORB_POSTERIOR inst=49 measurement=confirmed_current change_prior=0.75 geometry_factor_or_bound=1 geometry_evaluated=0 candidate_vertices=0 effective_cells=0 off_share=unmeasured legacy_same_site=0 absorb=0
a,1725,MOBILITY_PRIOR,49,,MOBILITY_PRIOR inst=49 session=0 class=6 changes=0 continuations=0 alpha=1.5 beta=0.5 q=0.75
a,1726,TOP_ABSORB,49,,TOP_ABSORB inst=49 geom=0 support=72 high_mobility=1 absorb=0
a,1727,STATE_EVIDENCE_WINDOW,50,,STATE_EVIDENCE_WINDOW inst=50 after=43900000000 latest_measured_support=46066666667 through=54733333333 projected=1 support=113 contradiction=14 reliable=413 reliable_in_view=381 reliable_seen_through=1 absence_llr=0 absent_samples=8 total_samples=69 absence_coverage_sufficient=0
a,1728,STATE_SLICE,50,54733333333,STATE_SLICE inst=50 stamp=54733333333 inherited_sup=113 inherited_con=14 inherited_samples=69 inherited_supported=113 inherited_free=4 inherited_repl_other=0 inherited_repl_bg=10 inherited_occ=17 inherited_unobs=0 session_sup=0 session_con=0 session_samples=0 cur_verts=1605 candidate_verts=0
a,1729,EVIDENCE,50,,EVIDENCE inst=50 inherited_support=113 inherited_contradiction=14 session_support=0 session_contradiction=0 inherited_absent_flag=0 cur_verts=1605 observed_verts=0
a,1730,MOBILITY_PRIOR,50,,MOBILITY_PRIOR inst=50 session=0 class=6 changes=0 continuations=0 alpha=1.5 beta=0.5 q=0.75
a,1731,TOP_ABSORB_POSTERIOR,50,,TOP_ABSORB_POSTERIOR inst=50 measurement=confirmed_current change_prior=0.75 geometry_factor_or_bound=1 geometry_evaluated=0 candidate_vertices=0 effective_cells=0 off_share=unmeasured legacy_same_site=0 absorb=0
a,1732,MOBILITY_PRIOR,50,,MOBILITY_PRIOR inst=50 session=0 class=6 changes=0 continuations=0 alpha=1.5 beta=0.5 q=0.75
a,1733,TOP_ABSORB,50,,TOP_ABSORB inst=50 geom=0 support=113 high_mobility=1 absorb=0
a,1734,STATE_EVIDENCE_WINDOW,51,,STATE_EVIDENCE_WINDOW inst=51 after=36533333333 latest_measured_support=36966666667 through=54733333333 projected=0 support=121 contradiction=69 reliable=1405 reliable_in_view=1405 reliable_seen_through=0 absence_llr=0 absent_samples=0 total_samples=6492 absence_coverage_sufficient=0
a,1735,STATE_SLICE,51,54733333333,STATE_SLICE inst=51 stamp=54733333333 inherited_sup=121 inherited_con=69 inherited_samples=6492 inherited_supported=2747 inherited_free=0 inherited_repl_other=0 inherited_repl_bg=288 inherited_occ=0 inherited_unobs=4217 session_sup=0 session_con=0 session_samples=0 cur_verts=19476 candidate_verts=0
a,1736,EVIDENCE,51,,EVIDENCE inst=51 inherited_support=121 inherited_contradiction=69 session_support=0 session_contradiction=0 inherited_absent_flag=0 cur_verts=19476 observed_verts=0
a,1737,MOBILITY_PRIOR,51,,MOBILITY_PRIOR inst=51 session=0 class=6 changes=0 continuations=0 alpha=1.5 beta=0.5 q=0.75
a,1738,TOP_ABSORB_POSTERIOR,51,,TOP_ABSORB_POSTERIOR inst=51 measurement=confirmed_current change_prior=0.75 geometry_factor_or_bound=1 geometry_evaluated=0 candidate_vertices=0 effective_cells=0 off_share=unmeasured legacy_same_site=0 absorb=0
a,1739,MOBILITY_PRIOR,51,,MOBILITY_PRIOR inst=51 session=0 class=6 changes=0 continuations=0 alpha=1.5 beta=0.5 q=0.75
a,1740,TOP_ABSORB,51,,TOP_ABSORB inst=51 geom=0 support=121 high_mobility=1 absorb=0
a,1741,STATE_EVIDENCE_WINDOW,52,,STATE_EVIDENCE_WINDOW inst=52 after=15633333333 latest_measured_support=54733333333 through=54733333333 projected=1 support=268 contradiction=21 reliable=280 reliable_in_view=255 reliable_seen_through=13 absence_llr=0 absent_samples=21 total_samples=425 absence_coverage_sufficient=0
a,1742,STATE_SLICE,52,54733333333,STATE_SLICE inst=52 stamp=54733333333 inherited_sup=268 inherited_con=21 inherited_samples=425 inherited_supported=270 inherited_free=20 inherited_repl_other=0 inherited_repl_bg=1 inherited_occ=4346 inherited_unobs=0 session_sup=0 session_con=0 session_samples=0 cur_verts=11475 candidate_verts=0
a,1743,EVIDENCE,52,,EVIDENCE inst=52 inherited_support=268 inherited_contradiction=21 session_support=0 session_contradiction=0 inherited_absent_flag=0 cur_verts=11475 observed_verts=0
a,1744,MOBILITY_PRIOR,52,,MOBILITY_PRIOR inst=52 session=0 class=6 changes=0 continuations=0 alpha=1.5 beta=0.5 q=0.75
a,1745,TOP_ABSORB_POSTERIOR,52,,TOP_ABSORB_POSTERIOR inst=52 measurement=confirmed_current change_prior=0.75 geometry_factor_or_bound=1 geometry_evaluated=0 candidate_vertices=0 effective_cells=0 off_share=unmeasured legacy_same_site=0 absorb=0
a,1746,MOBILITY_PRIOR,52,,MOBILITY_PRIOR inst=52 session=0 class=6 changes=0 continuations=0 alpha=1.5 beta=0.5 q=0.75
a,1747,TOP_ABSORB,52,,TOP_ABSORB inst=52 geom=0 support=268 high_mobility=1 absorb=0
a,1748,STATE_EVIDENCE_WINDOW,55,,STATE_EVIDENCE_WINDOW inst=55 after=34833333333 latest_measured_support=49100000000 through=54733333333 projected=1 support=197 contradiction=59 reliable=599 reliable_in_view=507 reliable_seen_through=3 absence_llr=0 absent_samples=22 total_samples=187 absence_coverage_sufficient=0
a,1749,STATE_SLICE,55,54733333333,STATE_SLICE inst=55 stamp=54733333333 inherited_sup=197 inherited_con=59 inherited_samples=187 inherited_supported=197 inherited_free=21 inherited_repl_other=0 inherited_repl_bg=38 inherited_occ=101 inherited_unobs=67 session_sup=0 session_con=0 session_samples=0 cur_verts=6879 candidate_verts=0
a,1750,EVIDENCE,55,,EVIDENCE inst=55 inherited_support=197 inherited_contradiction=59 session_support=0 session_contradiction=0 inherited_absent_flag=0 cur_verts=6879 observed_verts=0
a,1751,MOBILITY_PRIOR,55,,MOBILITY_PRIOR inst=55 session=0 class=6 changes=0 continuations=0 alpha=1.5 beta=0.5 q=0.75
a,1752,TOP_ABSORB_POSTERIOR,55,,TOP_ABSORB_POSTERIOR inst=55 measurement=confirmed_current change_prior=0.75 geometry_factor_or_bound=1 geometry_evaluated=0 candidate_vertices=0 effective_cells=0 off_share=unmeasured legacy_same_site=0 absorb=0
a,1753,MOBILITY_PRIOR,55,,MOBILITY_PRIOR inst=55 session=0 class=6 changes=0 continuations=0 alpha=1.5 beta=0.5 q=0.75
a,1754,TOP_ABSORB,55,,TOP_ABSORB inst=55 geom=0 support=197 high_mobility=1 absorb=0
a,1755,STATE_EVIDENCE_WINDOW,56,,STATE_EVIDENCE_WINDOW inst=56 after=36300000000 latest_measured_support=51266666667 through=54733333333 projected=0 support=158 contradiction=23 reliable=215 reliable_in_view=87 reliable_seen_through=0 absence_llr=0 absent_samples=0 total_samples=17198 absence_coverage_sufficient=0
a,1756,STATE_SLICE,56,54733333333,STATE_SLICE inst=56 stamp=54733333333 inherited_sup=158 inherited_con=23 inherited_samples=17198 inherited_supported=7849 inherited_free=0 inherited_repl_other=0 inherited_repl_bg=72 inherited_occ=857 inherited_unobs=14684 session_sup=0 session_con=0 session_samples=0 cur_verts=51594 candidate_verts=0
a,1757,EVIDENCE,56,,EVIDENCE inst=56 inherited_support=158 inherited_contradiction=23 session_support=0 session_contradiction=0 inherited_absent_flag=0 cur_verts=51594 observed_verts=0
a,1758,MOBILITY_PRIOR,56,,MOBILITY_PRIOR inst=56 session=0 class=6 changes=0 continuations=0 alpha=1.5 beta=0.5 q=0.75
a,1759,TOP_ABSORB_POSTERIOR,56,,TOP_ABSORB_POSTERIOR inst=56 measurement=confirmed_current change_prior=0.75 geometry_factor_or_bound=1 geometry_evaluated=0 candidate_vertices=0 effective_cells=0 off_share=unmeasured legacy_same_site=0 absorb=0
a,1760,MOBILITY_PRIOR,56,,MOBILITY_PRIOR inst=56 session=0 class=6 changes=0 continuations=0 alpha=1.5 beta=0.5 q=0.75
a,1761,TOP_ABSORB,56,,TOP_ABSORB inst=56 geom=0 support=158 high_mobility=1 absorb=0
a,1762,STATE_EVIDENCE_WINDOW,57,,STATE_EVIDENCE_WINDOW inst=57 after=16933333333 latest_measured_support=0 through=54733333333 projected=0 support=0 contradiction=0 reliable=1224 reliable_in_view=0 reliable_seen_through=0 absence_llr=0 absent_samples=0 total_samples=1762 absence_coverage_sufficient=0
a,1763,STATE_SLICE,57,54733333333,STATE_SLICE inst=57 stamp=54733333333 inherited_sup=0 inherited_con=0 inherited_samples=1762 inherited_supported=0 inherited_free=0 inherited_repl_other=0 inherited_repl_bg=0 inherited_occ=0 inherited_unobs=1762 session_sup=0 session_con=0 session_samples=0 cur_verts=5286 candidate_verts=0
a,1764,EVIDENCE,57,,EVIDENCE inst=57 inherited_support=0 inherited_contradiction=0 session_support=0 session_contradiction=0 inherited_absent_flag=0 cur_verts=5286 observed_verts=0
a,1765,STATE_EVIDENCE_WINDOW,68,,STATE_EVIDENCE_WINDOW inst=68 after=3000000000 latest_measured_support=0 through=54733333333 projected=0 support=0 contradiction=0 reliable=378 reliable_in_view=0 reliable_seen_through=0 absence_llr=0 absent_samples=0 total_samples=597 absence_coverage_sufficient=0
a,1766,STATE_SLICE,68,54733333333,STATE_SLICE inst=68 stamp=54733333333 inherited_sup=0 inherited_con=0 inherited_samples=597 inherited_supported=0 inherited_free=0 inherited_repl_other=0 inherited_repl_bg=0 inherited_occ=0 inherited_unobs=33 session_sup=0 session_con=0 session_samples=0 cur_verts=1791 candidate_verts=0
a,1767,EVIDENCE,68,,EVIDENCE inst=68 inherited_support=0 inherited_contradiction=0 session_support=0 session_contradiction=0 inherited_absent_flag=0 cur_verts=1791 observed_verts=0
a,1768,STATE_EVIDENCE_WINDOW,69,,STATE_EVIDENCE_WINDOW inst=69 after=16566666667 latest_measured_support=0 through=54733333333 projected=1 support=0 contradiction=82 reliable=413 reliable_in_view=174 reliable_seen_through=174 absence_llr=2.93742 absent_samples=82 total_samples=113 absence_coverage_sufficient=0
a,1769,STATE_SLICE,69,54733333333,STATE_SLICE inst=69 stamp=54733333333 inherited_sup=0 inherited_con=82 inherited_samples=113 inherited_supported=0 inherited_free=80 inherited_repl_other=0 inherited_repl_bg=2 inherited_occ=1514 inherited_unobs=0 session_sup=0 session_con=0 session_samples=0 cur_verts=3225 candidate_verts=0
a,1770,EVIDENCE,69,,EVIDENCE inst=69 inherited_support=0 inherited_contradiction=82 session_support=0 session_contradiction=0 inherited_absent_flag=0 cur_verts=3225 observed_verts=0
a,1771,STATE_EVIDENCE_WINDOW,70,,STATE_EVIDENCE_WINDOW inst=70 after=36533333333 latest_measured_support=0 through=54733333333 projected=1 support=0 contradiction=59 reliable=295 reliable_in_view=41 reliable_seen_through=41 absence_llr=0.96901 absent_samples=28 total_samples=82 absence_coverage_sufficient=0
a,1772,STATE_SLICE,70,54733333333,STATE_SLICE inst=70 stamp=54733333333 inherited_sup=0 inherited_con=59 inherited_samples=82 inherited_supported=0 inherited_free=58 inherited_repl_other=0 inherited_repl_bg=2 inherited_occ=760 inherited_unobs=0 session_sup=0 session_con=0 session_samples=0 cur_verts=2871 candidate_verts=0
a,1773,EVIDENCE,70,,EVIDENCE inst=70 inherited_support=0 inherited_contradiction=59 session_support=0 session_contradiction=0 inherited_absent_flag=0 cur_verts=2871 observed_verts=0
a,1774,STATE_EVIDENCE_WINDOW,71,,STATE_EVIDENCE_WINDOW inst=71 after=16433333333 latest_measured_support=0 through=54733333333 projected=1 support=0 contradiction=13 reliable=55 reliable_in_view=4 reliable_seen_through=4 absence_llr=0 absent_samples=13 total_samples=82 absence_coverage_sufficient=0
a,1775,STATE_SLICE,71,54733333333,STATE_SLICE inst=71 stamp=54733333333 inherited_sup=0 inherited_con=13 inherited_samples=82 inherited_supported=0 inherited_free=13 inherited_repl_other=0 inherited_repl_bg=0 inherited_occ=1238 inherited_unobs=0 session_sup=0 session_con=0 session_samples=0 cur_verts=2145 candidate_verts=0
a,1776,EVIDENCE,71,,EVIDENCE inst=71 inherited_support=0 inherited_contradiction=13 session_support=0 session_contradiction=0 inherited_absent_flag=0 cur_verts=2145 observed_verts=0
a,1777,STATE_EVIDENCE_WINDOW,72,,STATE_EVIDENCE_WINDOW inst=72 after=17300000000 latest_measured_support=54733333333 through=54733333333 projected=1 support=76 contradiction=10 reliable=71 reliable_in_view=45 reliable_seen_through=0 absence_llr=0 absent_samples=10 total_samples=91 absence_coverage_sufficient=0
a,1778,STATE_SLICE,72,54733333333,STATE_SLICE inst=72 stamp=54733333333 inherited_sup=76 inherited_con=10 inherited_samples=91 inherited_supported=76 inherited_free=7 inherited_repl_other=2 inherited_repl_bg=1 inherited_occ=1393 inherited_unobs=0 session_sup=0 session_con=0 session_samples=0 cur_verts=2739 candidate_verts=0
a,1779,EVIDENCE,72,,EVIDENCE inst=72 inherited_support=76 inherited_contradiction=10 session_support=0 session_contradiction=0 inherited_absent_flag=0 cur_verts=2739 observed_verts=0
a,1780,MOBILITY_PRIOR,72,,MOBILITY_PRIOR inst=72 session=0 class=9 changes=0 continuations=0 alpha=1.5 beta=0.5 q=0.75
a,1781,TOP_ABSORB_POSTERIOR,72,,TOP_ABSORB_POSTERIOR inst=72 measurement=confirmed_current change_prior=0.75 geometry_factor_or_bound=1 geometry_evaluated=0 candidate_vertices=0 effective_cells=0 off_share=unmeasured legacy_same_site=0 absorb=0
a,1782,MOBILITY_PRIOR,72,,MOBILITY_PRIOR inst=72 session=0 class=9 changes=0 continuations=0 alpha=1.5 beta=0.5 q=0.75
a,1783,TOP_ABSORB,72,,TOP_ABSORB inst=72 geom=0 support=76 high_mobility=1 absorb=0
a,1784,STATE_EVIDENCE_WINDOW,88,,STATE_EVIDENCE_WINDOW inst=88 after=16033333333 latest_measured_support=0 through=54733333333 projected=0 support=0 contradiction=0 reliable=158 reliable_in_view=0 reliable_seen_through=0 absence_llr=0 absent_samples=0 total_samples=245 absence_coverage_sufficient=0
a,1785,STATE_SLICE,88,54733333333,STATE_SLICE inst=88 stamp=54733333333 inherited_sup=0 inherited_con=0 inherited_samples=245 inherited_supported=0 inherited_free=0 inherited_repl_other=0 inherited_repl_bg=0 inherited_occ=0 inherited_unobs=245 session_sup=0 session_con=0 session_samples=0 cur_verts=735 candidate_verts=0
a,1786,EVIDENCE,88,,EVIDENCE inst=88 inherited_support=0 inherited_contradiction=0 session_support=0 session_contradiction=0 inherited_absent_flag=0 cur_verts=735 observed_verts=0
a,1787,STATE_EVIDENCE_WINDOW,89,,STATE_EVIDENCE_WINDOW inst=89 after=36533333333 latest_measured_support=51266666667 through=54733333333 projected=0 support=23 contradiction=12 reliable=791 reliable_in_view=594 reliable_seen_through=0 absence_llr=0 absent_samples=0 total_samples=3008 absence_coverage_sufficient=0
a,1788,STATE_SLICE,89,54733333333,STATE_SLICE inst=89 stamp=54733333333 inherited_sup=23 inherited_con=12 inherited_samples=3008 inherited_supported=353 inherited_free=46 inherited_repl_other=0 inherited_repl_bg=0 inherited_occ=1305 inherited_unobs=2074 session_sup=0 session_con=0 session_samples=0 cur_verts=9024 candidate_verts=0
a,1789,EVIDENCE,89,,EVIDENCE inst=89 inherited_support=23 inherited_contradiction=12 session_support=0 session_contradiction=0 inherited_absent_flag=0 cur_verts=9024 observed_verts=0
a,1790,MOBILITY_PRIOR,89,,MOBILITY_PRIOR inst=89 session=0 class=15 changes=0 continuations=0 alpha=1.5 beta=0.5 q=0.75
a,1791,TOP_ABSORB_POSTERIOR,89,,TOP_ABSORB_POSTERIOR inst=89 measurement=confirmed_current change_prior=0.75 geometry_factor_or_bound=1 geometry_evaluated=0 candidate_vertices=0 effective_cells=0 off_share=unmeasured legacy_same_site=0 absorb=0
a,1792,MOBILITY_PRIOR,89,,MOBILITY_PRIOR inst=89 session=0 class=15 changes=0 continuations=0 alpha=1.5 beta=0.5 q=0.75
a,1793,TOP_ABSORB,89,,TOP_ABSORB inst=89 geom=0 support=23 high_mobility=1 absorb=0
a,1794,STATE_EVIDENCE_WINDOW,109,,STATE_EVIDENCE_WINDOW inst=109 after=7400000000 latest_measured_support=0 through=54733333333 projected=0 support=0 contradiction=0 reliable=787 reliable_in_view=0 reliable_seen_through=0 absence_llr=0 absent_samples=0 total_samples=2435 absence_coverage_sufficient=0
a,1795,STATE_SLICE,109,54733333333,STATE_SLICE inst=109 stamp=54733333333 inherited_sup=0 inherited_con=0 inherited_samples=2435 inherited_supported=0 inherited_free=0 inherited_repl_other=0 inherited_repl_bg=0 inherited_occ=0 inherited_unobs=2435 session_sup=0 session_con=0 session_samples=0 cur_verts=7305 candidate_verts=0
a,1796,EVIDENCE,109,,EVIDENCE inst=109 inherited_support=0 inherited_contradiction=0 session_support=0 session_contradiction=0 inherited_absent_flag=0 cur_verts=7305 observed_verts=0
a,1797,STATE_EVIDENCE_WINDOW,112,,STATE_EVIDENCE_WINDOW inst=112 after=16400000000 latest_measured_support=0 through=54733333333 projected=0 support=0 contradiction=0 reliable=811 reliable_in_view=0 reliable_seen_through=0 absence_llr=0 absent_samples=0 total_samples=905 absence_coverage_sufficient=0
a,1798,STATE_SLICE,112,54733333333,STATE_SLICE inst=112 stamp=54733333333 inherited_sup=0 inherited_con=0 inherited_samples=905 inherited_supported=0 inherited_free=0 inherited_repl_other=0 inherited_repl_bg=0 inherited_occ=0 inherited_unobs=905 session_sup=0 session_con=0 session_samples=0 cur_verts=2715 candidate_verts=0
a,1799,EVIDENCE,112,,EVIDENCE inst=112 inherited_support=0 inherited_contradiction=0 session_support=0 session_contradiction=0 inherited_absent_flag=0 cur_verts=2715 observed_verts=0
a,1800,STATE_EVIDENCE_WINDOW,121,,STATE_EVIDENCE_WINDOW inst=121 after=34366666667 latest_measured_support=48666666667 through=54733333333 projected=1 support=12 contradiction=21 reliable=8 reliable_in_view=8 reliable_seen_through=1 absence_llr=0.28449 absent_samples=3 total_samples=11 absence_coverage_sufficient=0
a,1801,STATE_SLICE,121,54733333333,STATE_SLICE inst=121 stamp=54733333333 inherited_sup=12 inherited_con=21 inherited_samples=11 inherited_supported=12 inherited_free=6 inherited_repl_other=3 inherited_repl_bg=12 inherited_occ=18 inherited_unobs=0 session_sup=0 session_con=0 session_samples=0 cur_verts=336 candidate_verts=0
a,1802,EVIDENCE,121,,EVIDENCE inst=121 inherited_support=12 inherited_contradiction=21 session_support=0 session_contradiction=0 inherited_absent_flag=0 cur_verts=336 observed_verts=0
a,1803,MOBILITY_PRIOR,121,,MOBILITY_PRIOR inst=121 session=0 class=24 changes=0 continuations=0 alpha=0.5 beta=1.5 q=0.25
a,1804,TOP_ABSORB_POSTERIOR,121,,TOP_ABSORB_POSTERIOR inst=121 measurement=confirmed_current change_prior=0.25 geometry_factor_or_bound=1 geometry_evaluated=0 candidate_vertices=0 effective_cells=0 off_share=unmeasured legacy_same_site=1 absorb=1
a,1805,MOBILITY_PRIOR,121,,MOBILITY_PRIOR inst=121 session=0 class=24 changes=0 continuations=0 alpha=0.5 beta=1.5 q=0.25
a,1806,TOP_ABSORB,121,,TOP_ABSORB inst=121 geom=0 support=12 high_mobility=0 absorb=1
a,1807,STATE_EVIDENCE_WINDOW,126,,STATE_EVIDENCE_WINDOW inst=126 after=3266666667 latest_measured_support=0 through=54733333333 projected=0 support=0 contradiction=0 reliable=81 reliable_in_view=0 reliable_seen_through=0 absence_llr=0 absent_samples=0 total_samples=97 absence_coverage_sufficient=0
a,1808,STATE_SLICE,126,54733333333,STATE_SLICE inst=126 stamp=54733333333 inherited_sup=0 inherited_con=0 inherited_samples=97 inherited_supported=0 inherited_free=0 inherited_repl_other=0 inherited_repl_bg=0 inherited_occ=0 inherited_unobs=0 session_sup=0 session_con=0 session_samples=0 cur_verts=291 candidate_verts=0
a,1809,EVIDENCE,126,,EVIDENCE inst=126 inherited_support=0 inherited_contradiction=0 session_support=0 session_contradiction=0 inherited_absent_flag=0 cur_verts=291 observed_verts=0
a,1810,STATE_EVIDENCE_WINDOW,128,,STATE_EVIDENCE_WINDOW inst=128 after=17533333333 latest_measured_support=0 through=54733333333 projected=0 support=0 contradiction=0 reliable=49 reliable_in_view=0 reliable_seen_through=0 absence_llr=0 absent_samples=0 total_samples=109 absence_coverage_sufficient=0
a,1811,STATE_SLICE,128,54733333333,STATE_SLICE inst=128 stamp=54733333333 inherited_sup=0 inherited_con=0 inherited_samples=109 inherited_supported=0 inherited_free=0 inherited_repl_other=0 inherited_repl_bg=0 inherited_occ=0 inherited_unobs=109 session_sup=0 session_con=0 session_samples=0 cur_verts=327 candidate_verts=0
a,1812,EVIDENCE,128,,EVIDENCE inst=128 inherited_support=0 inherited_contradiction=0 session_support=0 session_contradiction=0 inherited_absent_flag=0 cur_verts=327 observed_verts=0
a,1813,STATE_EVIDENCE_WINDOW,132,,STATE_EVIDENCE_WINDOW inst=132 after=16900000000 latest_measured_support=0 through=54733333333 projected=0 support=0 contradiction=0 reliable=27 reliable_in_view=0 reliable_seen_through=0 absence_llr=0 absent_samples=0 total_samples=61 absence_coverage_sufficient=0
a,1814,STATE_SLICE,132,54733333333,STATE_SLICE inst=132 stamp=54733333333 inherited_sup=0 inherited_con=0 inherited_samples=61 inherited_supported=0 inherited_free=0 inherited_repl_other=0 inherited_repl_bg=0 inherited_occ=0 inherited_unobs=61 session_sup=0 session_con=0 session_samples=0 cur_verts=183 candidate_verts=0
a,1815,EVIDENCE,132,,EVIDENCE inst=132 inherited_support=0 inherited_contradiction=0 session_support=0 session_contradiction=0 inherited_absent_flag=0 cur_verts=183 observed_verts=0
a,1816,STATE_EVIDENCE_WINDOW,135,,STATE_EVIDENCE_WINDOW inst=135 after=43900000000 latest_measured_support=44333333333 through=54733333333 projected=1 support=15 contradiction=0 reliable=659 reliable_in_view=25 reliable_seen_through=0 absence_llr=0 absent_samples=0 total_samples=155 absence_coverage_sufficient=0
a,1817,STATE_SLICE,135,54733333333,STATE_SLICE inst=135 stamp=54733333333 inherited_sup=15 inherited_con=0 inherited_samples=155 inherited_supported=15 inherited_free=0 inherited_repl_other=0 inherited_repl_bg=0 inherited_occ=0 inherited_unobs=140 session_sup=0 session_con=0 session_samples=0 cur_verts=2829 candidate_verts=0
a,1818,EVIDENCE,135,,EVIDENCE inst=135 inherited_support=15 inherited_contradiction=0 session_support=0 session_contradiction=0 inherited_absent_flag=0 cur_verts=2829 observed_verts=0
a,1819,MOBILITY_PRIOR,135,,MOBILITY_PRIOR inst=135 session=0 class=26 changes=0 continuations=0 alpha=0.5 beta=1.5 q=0.25
a,1820,TOP_ABSORB_POSTERIOR,135,,TOP_ABSORB_POSTERIOR inst=135 measurement=confirmed_current change_prior=0.25 geometry_factor_or_bound=1 geometry_evaluated=0 candidate_vertices=0 effective_cells=0 off_share=unmeasured legacy_same_site=1 absorb=1
a,1821,MOBILITY_PRIOR,135,,MOBILITY_PRIOR inst=135 session=0 class=26 changes=0 continuations=0 alpha=0.5 beta=1.5 q=0.25
a,1822,TOP_ABSORB,135,,TOP_ABSORB inst=135 geom=0 support=15 high_mobility=0 absorb=1
a,1823,STATE_EVIDENCE_WINDOW,136,,STATE_EVIDENCE_WINDOW inst=136 after=19500000000 latest_measured_support=53433333333 through=54733333333 projected=1 support=616 contradiction=11 reliable=996 reliable_in_view=916 reliable_seen_through=1 absence_llr=0 absent_samples=9 total_samples=205 absence_coverage_sufficient=0
a,1824,STATE_SLICE,136,54733333333,STATE_SLICE inst=136 stamp=54733333333 inherited_sup=616 inherited_con=11 inherited_samples=205 inherited_supported=620 inherited_free=0 inherited_repl_other=0 inherited_repl_bg=11 inherited_occ=2685 inherited_unobs=0 session_sup=0 session_con=0 session_samples=0 cur_verts=5436 candidate_verts=0
a,1825,EVIDENCE,136,,EVIDENCE inst=136 inherited_support=616 inherited_contradiction=11 session_support=0 session_contradiction=0 inherited_absent_flag=0 cur_verts=5436 observed_verts=0
a,1826,MOBILITY_PRIOR,136,,MOBILITY_PRIOR inst=136 session=0 class=26 changes=0 continuations=0 alpha=0.5 beta=1.5 q=0.25
a,1827,TOP_ABSORB_POSTERIOR,136,,TOP_ABSORB_POSTERIOR inst=136 measurement=confirmed_current change_prior=0.25 geometry_factor_or_bound=1 geometry_evaluated=0 candidate_vertices=0 effective_cells=0 off_share=unmeasured legacy_same_site=1 absorb=1
a,1828,MOBILITY_PRIOR,136,,MOBILITY_PRIOR inst=136 session=0 class=26 changes=0 continuations=0 alpha=0.5 beta=1.5 q=0.25
a,1829,TOP_ABSORB,136,,TOP_ABSORB inst=136 geom=0 support=616 high_mobility=0 absorb=1
a,1830,STATE_EVIDENCE_WINDOW,141,,STATE_EVIDENCE_WINDOW inst=141 after=43900000000 latest_measured_support=44333333333 through=54733333333 projected=0 support=79 contradiction=35 reliable=251 reliable_in_view=233 reliable_seen_through=3 absence_llr=0 absent_samples=0 total_samples=536 absence_coverage_sufficient=0
a,1831,STATE_SLICE,141,54733333333,STATE_SLICE inst=141 stamp=54733333333 inherited_sup=79 inherited_con=35 inherited_samples=536 inherited_supported=2432 inherited_free=0 inherited_repl_other=189 inherited_repl_bg=0 inherited_occ=85 inherited_unobs=1 session_sup=0 session_con=0 session_samples=0 cur_verts=1608 candidate_verts=0
a,1832,EVIDENCE,141,,EVIDENCE inst=141 inherited_support=79 inherited_contradiction=35 session_support=0 session_contradiction=0 inherited_absent_flag=0 cur_verts=1608 observed_verts=0
a,1833,MOBILITY_PRIOR,141,,MOBILITY_PRIOR inst=141 session=0 class=28 changes=0 continuations=0 alpha=0.5 beta=1.5 q=0.25
a,1834,TOP_ABSORB_POSTERIOR,141,,TOP_ABSORB_POSTERIOR inst=141 measurement=confirmed_current change_prior=0.25 geometry_factor_or_bound=1 geometry_evaluated=0 candidate_vertices=0 effective_cells=0 off_share=unmeasured legacy_same_site=1 absorb=1
a,1835,MOBILITY_PRIOR,141,,MOBILITY_PRIOR inst=141 session=0 class=28 changes=0 continuations=0 alpha=0.5 beta=1.5 q=0.25
a,1836,TOP_ABSORB,141,,TOP_ABSORB inst=141 geom=0 support=79 high_mobility=0 absorb=1
a,1837,STATE_EVIDENCE_WINDOW,142,,STATE_EVIDENCE_WINDOW inst=142 after=43900000000 latest_measured_support=46933333333 through=54733333333 projected=1 support=76 contradiction=9 reliable=242 reliable_in_view=223 reliable_seen_through=0 absence_llr=0 absent_samples=5 total_samples=35 absence_coverage_sufficient=0
a,1838,STATE_SLICE,142,54733333333,STATE_SLICE inst=142 stamp=54733333333 inherited_sup=76 inherited_con=9 inherited_samples=35 inherited_supported=76 inherited_free=0 inherited_repl_other=9 inherited_repl_bg=0 inherited_occ=19 inherited_unobs=0 session_sup=0 session_con=0 session_samples=0 cur_verts=1533 candidate_verts=0
a,1839,EVIDENCE,142,,EVIDENCE inst=142 inherited_support=76 inherited_contradiction=9 session_support=0 session_contradiction=0 inherited_absent_flag=0 cur_verts=1533 observed_verts=0
a,1840,MOBILITY_PRIOR,142,,MOBILITY_PRIOR inst=142 session=0 class=28 changes=0 continuations=0 alpha=0.5 beta=1.5 q=0.25
a,1841,TOP_ABSORB_POSTERIOR,142,,TOP_ABSORB_POSTERIOR inst=142 measurement=confirmed_current change_prior=0.25 geometry_factor_or_bound=1 geometry_evaluated=0 candidate_vertices=0 effective_cells=0 off_share=unmeasured legacy_same_site=1 absorb=1
a,1842,MOBILITY_PRIOR,142,,MOBILITY_PRIOR inst=142 session=0 class=28 changes=0 continuations=0 alpha=0.5 beta=1.5 q=0.25
a,1843,TOP_ABSORB,142,,TOP_ABSORB inst=142 geom=0 support=76 high_mobility=0 absorb=1
a,1844,STATE_EVIDENCE_WINDOW,143,,STATE_EVIDENCE_WINDOW inst=143 after=43900000000 latest_measured_support=44333333333 through=54733333333 projected=0 support=55 contradiction=28 reliable=259 reliable_in_view=221 reliable_seen_through=0 absence_llr=0 absent_samples=0 total_samples=456 absence_coverage_sufficient=0
a,1845,STATE_SLICE,143,54733333333,STATE_SLICE inst=143 stamp=54733333333 inherited_sup=55 inherited_con=28 inherited_samples=456 inherited_supported=1928 inherited_free=0 inherited_repl_other=39 inherited_repl_bg=0 inherited_occ=735 inherited_unobs=0 session_sup=0 session_con=0 session_samples=0 cur_verts=1368 candidate_verts=0
a,1846,EVIDENCE,143,,EVIDENCE inst=143 inherited_support=55 inherited_contradiction=28 session_support=0 session_contradiction=0 inherited_absent_flag=0 cur_verts=1368 observed_verts=0
a,1847,MOBILITY_PRIOR,143,,MOBILITY_PRIOR inst=143 session=0 class=28 changes=0 continuations=0 alpha=0.5 beta=1.5 q=0.25
a,1848,TOP_ABSORB_POSTERIOR,143,,TOP_ABSORB_POSTERIOR inst=143 measurement=confirmed_current change_prior=0.25 geometry_factor_or_bound=1 geometry_evaluated=0 candidate_vertices=0 effective_cells=0 off_share=unmeasured legacy_same_site=1 absorb=1
a,1849,MOBILITY_PRIOR,143,,MOBILITY_PRIOR inst=143 session=0 class=28 changes=0 continuations=0 alpha=0.5 beta=1.5 q=0.25
a,1850,TOP_ABSORB,143,,TOP_ABSORB inst=143 geom=0 support=55 high_mobility=0 absorb=1
a,1851,STATE_EVIDENCE_WINDOW,144,,STATE_EVIDENCE_WINDOW inst=144 after=43900000000 latest_measured_support=46933333333 through=54733333333 projected=1 support=50 contradiction=5 reliable=192 reliable_in_view=166 reliable_seen_through=0 absence_llr=0 absent_samples=3 total_samples=42 absence_coverage_sufficient=0
a,1852,STATE_SLICE,144,54733333333,STATE_SLICE inst=144 stamp=54733333333 inherited_sup=50 inherited_con=5 inherited_samples=42 inherited_supported=50 inherited_free=0 inherited_repl_other=5 inherited_repl_bg=0 inherited_occ=30 inherited_unobs=0 session_sup=0 session_con=0 session_samples=0 cur_verts=1140 candidate_verts=0
a,1853,EVIDENCE,144,,EVIDENCE inst=144 inherited_support=50 inherited_contradiction=5 session_support=0 session_contradiction=0 inherited_absent_flag=0 cur_verts=1140 observed_verts=0
a,1854,MOBILITY_PRIOR,144,,MOBILITY_PRIOR inst=144 session=0 class=28 changes=0 continuations=0 alpha=0.5 beta=1.5 q=0.25
a,1855,TOP_ABSORB_POSTERIOR,144,,TOP_ABSORB_POSTERIOR inst=144 measurement=confirmed_current change_prior=0.25 geometry_factor_or_bound=1 geometry_evaluated=0 candidate_vertices=0 effective_cells=0 off_share=unmeasured legacy_same_site=1 absorb=1
a,1856,MOBILITY_PRIOR,144,,MOBILITY_PRIOR inst=144 session=0 class=28 changes=0 continuations=0 alpha=0.5 beta=1.5 q=0.25
a,1857,TOP_ABSORB,144,,TOP_ABSORB inst=144 geom=0 support=50 high_mobility=0 absorb=1
a,1858,STATE_EVIDENCE_WINDOW,145,,STATE_EVIDENCE_WINDOW inst=145 after=25366666667 latest_measured_support=0 through=54733333333 projected=1 support=0 contradiction=10 reliable=5 reliable_in_view=0 reliable_seen_through=0 absence_llr=0 absent_samples=2 total_samples=5 absence_coverage_sufficient=0
a,1859,STATE_SLICE,145,54733333333,STATE_SLICE inst=145 stamp=54733333333 inherited_sup=0 inherited_con=10 inherited_samples=5 inherited_supported=0 inherited_free=0 inherited_repl_other=10 inherited_repl_bg=0 inherited_occ=26 inherited_unobs=0 session_sup=0 session_con=0 session_samples=0 cur_verts=42 candidate_verts=0
a,1860,EVIDENCE,145,,EVIDENCE inst=145 inherited_support=0 inherited_contradiction=10 session_support=0 session_contradiction=0 inherited_absent_flag=0 cur_verts=42 observed_verts=0
a,1861,STATE_EVIDENCE_WINDOW,147,,STATE_EVIDENCE_WINDOW inst=147 after=8400000000 latest_measured_support=0 through=54733333333 projected=0 support=0 contradiction=0 reliable=135 reliable_in_view=0 reliable_seen_through=0 absence_llr=0 absent_samples=0 total_samples=199 absence_coverage_sufficient=0
a,1862,STATE_SLICE,147,54733333333,STATE_SLICE inst=147 stamp=54733333333 inherited_sup=0 inherited_con=0 inherited_samples=199 inherited_supported=0 inherited_free=0 inherited_repl_other=0 inherited_repl_bg=0 inherited_occ=0 inherited_unobs=199 session_sup=0 session_con=0 session_samples=0 cur_verts=597 candidate_verts=0
a,1863,EVIDENCE,147,,EVIDENCE inst=147 inherited_support=0 inherited_contradiction=0 session_support=0 session_contradiction=0 inherited_absent_flag=0 cur_verts=597 observed_verts=0
a,1864,STATE_EVIDENCE_WINDOW,148,,STATE_EVIDENCE_WINDOW inst=148 after=8400000000 latest_measured_support=0 through=54733333333 projected=0 support=0 contradiction=0 reliable=116 reliable_in_view=0 reliable_seen_through=0 absence_llr=0 absent_samples=0 total_samples=167 absence_coverage_sufficient=0
a,1865,STATE_SLICE,148,54733333333,STATE_SLICE inst=148 stamp=54733333333 inherited_sup=0 inherited_con=0 inherited_samples=167 inherited_supported=0 inherited_free=0 inherited_repl_other=0 inherited_repl_bg=0 inherited_occ=0 inherited_unobs=167 session_sup=0 session_con=0 session_samples=0 cur_verts=501 candidate_verts=0
a,1866,EVIDENCE,148,,EVIDENCE inst=148 inherited_support=0 inherited_contradiction=0 session_support=0 session_contradiction=0 inherited_absent_flag=0 cur_verts=501 observed_verts=0
a,1867,STATE_EVIDENCE_WINDOW,149,,STATE_EVIDENCE_WINDOW inst=149 after=8833333333 latest_measured_support=0 through=54733333333 projected=0 support=0 contradiction=0 reliable=261 reliable_in_view=0 reliable_seen_through=0 absence_llr=0 absent_samples=0 total_samples=582 absence_coverage_sufficient=0
a,1868,STATE_SLICE,149,54733333333,STATE_SLICE inst=149 stamp=54733333333 inherited_sup=0 inherited_con=0 inherited_samples=582 inherited_supported=0 inherited_free=0 inherited_repl_other=0 inherited_repl_bg=0 inherited_occ=0 inherited_unobs=582 session_sup=0 session_con=0 session_samples=0 cur_verts=1746 candidate_verts=0
a,1869,EVIDENCE,149,,EVIDENCE inst=149 inherited_support=0 inherited_contradiction=0 session_support=0 session_contradiction=0 inherited_absent_flag=0 cur_verts=1746 observed_verts=0
a,1870,STATE_EVIDENCE_WINDOW,153,,STATE_EVIDENCE_WINDOW inst=153 after=16900000000 latest_measured_support=0 through=54733333333 projected=0 support=0 contradiction=0 reliable=520 reliable_in_view=0 reliable_seen_through=0 absence_llr=0 absent_samples=0 total_samples=577 absence_coverage_sufficient=0
a,1871,STATE_SLICE,153,54733333333,STATE_SLICE inst=153 stamp=54733333333 inherited_sup=0 inherited_con=0 inherited_samples=577 inherited_supported=0 inherited_free=0 inherited_repl_other=0 inherited_repl_bg=0 inherited_occ=0 inherited_unobs=577 session_sup=0 session_con=0 session_samples=0 cur_verts=1731 candidate_verts=0
a,1872,EVIDENCE,153,,EVIDENCE inst=153 inherited_support=0 inherited_contradiction=0 session_support=0 session_contradiction=0 inherited_absent_flag=0 cur_verts=1731 observed_verts=0
a,1873,STATE_EVIDENCE_WINDOW,155,,STATE_EVIDENCE_WINDOW inst=155 after=17966666667 latest_measured_support=0 through=54733333333 projected=0 support=0 contradiction=0 reliable=603 reliable_in_view=0 reliable_seen_through=0 absence_llr=0 absent_samples=0 total_samples=3120 absence_coverage_sufficient=0
a,1874,STATE_SLICE,155,54733333333,STATE_SLICE inst=155 stamp=54733333333 inherited_sup=0 inherited_con=0 inherited_samples=3120 inherited_supported=0 inherited_free=0 inherited_repl_other=0 inherited_repl_bg=0 inherited_occ=0 inherited_unobs=3120 session_sup=0 session_con=0 session_samples=0 cur_verts=9360 candidate_verts=0
a,1875,EVIDENCE,155,,EVIDENCE inst=155 inherited_support=0 inherited_contradiction=0 session_support=0 session_contradiction=0 inherited_absent_flag=0 cur_verts=9360 observed_verts=0
a,1876,STATE_EVIDENCE_WINDOW,156,,STATE_EVIDENCE_WINDOW inst=156 after=8933333333 latest_measured_support=0 through=54733333333 projected=0 support=0 contradiction=0 reliable=1212 reliable_in_view=0 reliable_seen_through=0 absence_llr=0 absent_samples=0 total_samples=1659 absence_coverage_sufficient=0
a,1877,STATE_SLICE,156,54733333333,STATE_SLICE inst=156 stamp=54733333333 inherited_sup=0 inherited_con=0 inherited_samples=1659 inherited_supported=0 inherited_free=0 inherited_repl_other=0 inherited_repl_bg=0 inherited_occ=0 inherited_unobs=1659 session_sup=0 session_con=0 session_samples=0 cur_verts=4977 candidate_verts=0
a,1878,EVIDENCE,156,,EVIDENCE inst=156 inherited_support=0 inherited_contradiction=0 session_support=0 session_contradiction=0 inherited_absent_flag=0 cur_verts=4977 observed_verts=0
a,1879,STATE_EVIDENCE_WINDOW,161,,STATE_EVIDENCE_WINDOW inst=161 after=7633333333 latest_measured_support=0 through=54733333333 projected=0 support=0 contradiction=0 reliable=175 reliable_in_view=0 reliable_seen_through=0 absence_llr=0 absent_samples=0 total_samples=233 absence_coverage_sufficient=0
a,1880,STATE_SLICE,161,54733333333,STATE_SLICE inst=161 stamp=54733333333 inherited_sup=0 inherited_con=0 inherited_samples=233 inherited_supported=0 inherited_free=0 inherited_repl_other=0 inherited_repl_bg=0 inherited_occ=0 inherited_unobs=233 session_sup=0 session_con=0 session_samples=0 cur_verts=699 candidate_verts=0
a,1881,EVIDENCE,161,,EVIDENCE inst=161 inherited_support=0 inherited_contradiction=0 session_support=0 session_contradiction=0 inherited_absent_flag=0 cur_verts=699 observed_verts=0
a,1882,STATE_EVIDENCE_WINDOW,162,,STATE_EVIDENCE_WINDOW inst=162 after=7733333333 latest_measured_support=0 through=54733333333 projected=0 support=0 contradiction=0 reliable=132 reliable_in_view=0 reliable_seen_through=0 absence_llr=0 absent_samples=0 total_samples=156 absence_coverage_sufficient=0
a,1883,STATE_SLICE,162,54733333333,STATE_SLICE inst=162 stamp=54733333333 inherited_sup=0 inherited_con=0 inherited_samples=156 inherited_supported=0 inherited_free=0 inherited_repl_other=0 inherited_repl_bg=0 inherited_occ=0 inherited_unobs=156 session_sup=0 session_con=0 session_samples=0 cur_verts=468 candidate_verts=0
a,1884,EVIDENCE,162,,EVIDENCE inst=162 inherited_support=0 inherited_contradiction=0 session_support=0 session_contradiction=0 inherited_absent_flag=0 cur_verts=468 observed_verts=0
a,1885,STATE_EVIDENCE_WINDOW,163,,STATE_EVIDENCE_WINDOW inst=163 after=16300000000 latest_measured_support=0 through=54733333333 projected=0 support=0 contradiction=0 reliable=452 reliable_in_view=0 reliable_seen_through=0 absence_llr=0 absent_samples=0 total_samples=1084 absence_coverage_sufficient=0
a,1886,STATE_SLICE,163,54733333333,STATE_SLICE inst=163 stamp=54733333333 inherited_sup=0 inherited_con=0 inherited_samples=1084 inherited_supported=0 inherited_free=0 inherited_repl_other=0 inherited_repl_bg=0 inherited_occ=0 inherited_unobs=1084 session_sup=0 session_con=0 session_samples=0 cur_verts=3252 candidate_verts=0
a,1887,EVIDENCE,163,,EVIDENCE inst=163 inherited_support=0 inherited_contradiction=0 session_support=0 session_contradiction=0 inherited_absent_flag=0 cur_verts=3252 observed_verts=0
a,1888,STATE_EVIDENCE_WINDOW,164,,STATE_EVIDENCE_WINDOW inst=164 after=6333333333 latest_measured_support=0 through=54733333333 projected=0 support=0 contradiction=0 reliable=199 reliable_in_view=0 reliable_seen_through=0 absence_llr=0 absent_samples=0 total_samples=450 absence_coverage_sufficient=0
a,1889,STATE_SLICE,164,54733333333,STATE_SLICE inst=164 stamp=54733333333 inherited_sup=0 inherited_con=0 inherited_samples=450 inherited_supported=0 inherited_free=0 inherited_repl_other=0 inherited_repl_bg=0 inherited_occ=0 inherited_unobs=450 session_sup=0 session_con=0 session_samples=0 cur_verts=1350 candidate_verts=0
a,1890,EVIDENCE,164,,EVIDENCE inst=164 inherited_support=0 inherited_contradiction=0 session_support=0 session_contradiction=0 inherited_absent_flag=0 cur_verts=1350 observed_verts=0
a,1891,STATE_EVIDENCE_WINDOW,165,,STATE_EVIDENCE_WINDOW inst=165 after=43900000000 latest_measured_support=44333333333 through=54733333333 projected=0 support=46 contradiction=20 reliable=139 reliable_in_view=139 reliable_seen_through=1 absence_llr=0 absent_samples=0 total_samples=223 absence_coverage_sufficient=0
a,1892,STATE_SLICE,165,54733333333,STATE_SLICE inst=165 stamp=54733333333 inherited_sup=46 inherited_con=20 inherited_samples=223 inherited_supported=496 inherited_free=0 inherited_repl_other=0 inherited_repl_bg=113 inherited_occ=52 inherited_unobs=0 session_sup=0 session_con=0 session_samples=0 cur_verts=669 candidate_verts=0
a,1893,EVIDENCE,165,,EVIDENCE inst=165 inherited_support=46 inherited_contradiction=20 session_support=0 session_contradiction=0 inherited_absent_flag=0 cur_verts=669 observed_verts=0
a,1894,MOBILITY_PRIOR,165,,MOBILITY_PRIOR inst=165 session=0 class=36 changes=0 continuations=0 alpha=0.5 beta=1.5 q=0.25
a,1895,TOP_ABSORB_POSTERIOR,165,,TOP_ABSORB_POSTERIOR inst=165 measurement=confirmed_current change_prior=0.25 geometry_factor_or_bound=1 geometry_evaluated=0 candidate_vertices=0 effective_cells=0 off_share=unmeasured legacy_same_site=1 absorb=1
a,1896,MOBILITY_PRIOR,165,,MOBILITY_PRIOR inst=165 session=0 class=36 changes=0 continuations=0 alpha=0.5 beta=1.5 q=0.25
a,1897,TOP_ABSORB,165,,TOP_ABSORB inst=165 geom=0 support=46 high_mobility=0 absorb=1
a,1898,STATE_EVIDENCE_WINDOW,166,,STATE_EVIDENCE_WINDOW inst=166 after=43900000000 latest_measured_support=44333333333 through=54733333333 projected=1 support=15 contradiction=2 reliable=197 reliable_in_view=56 reliable_seen_through=3 absence_llr=0 absent_samples=2 total_samples=44 absence_coverage_sufficient=0
a,1899,STATE_SLICE,166,54733333333,STATE_SLICE inst=166 stamp=54733333333 inherited_sup=15 inherited_con=2 inherited_samples=44 inherited_supported=15 inherited_free=0 inherited_repl_other=0 inherited_repl_bg=2 inherited_occ=9 inherited_unobs=18 session_sup=0 session_con=0 session_samples=0 cur_verts=1008 candidate_verts=0
a,1900,EVIDENCE,166,,EVIDENCE inst=166 inherited_support=15 inherited_contradiction=2 session_support=0 session_contradiction=0 inherited_absent_flag=0 cur_verts=1008 observed_verts=0
a,1901,MOBILITY_PRIOR,166,,MOBILITY_PRIOR inst=166 session=0 class=36 changes=0 continuations=0 alpha=0.5 beta=1.5 q=0.25
a,1902,TOP_ABSORB_POSTERIOR,166,,TOP_ABSORB_POSTERIOR inst=166 measurement=confirmed_current change_prior=0.25 geometry_factor_or_bound=1 geometry_evaluated=0 candidate_vertices=0 effective_cells=0 off_share=unmeasured legacy_same_site=1 absorb=1
a,1903,MOBILITY_PRIOR,166,,MOBILITY_PRIOR inst=166 session=0 class=36 changes=0 continuations=0 alpha=0.5 beta=1.5 q=0.25
a,1904,TOP_ABSORB,166,,TOP_ABSORB inst=166 geom=0 support=15 high_mobility=0 absorb=1
a,1905,STATE_EVIDENCE_WINDOW,167,,STATE_EVIDENCE_WINDOW inst=167 after=7700000000 latest_measured_support=0 through=54733333333 projected=0 support=0 contradiction=0 reliable=211 reliable_in_view=0 reliable_seen_through=0 absence_llr=0 absent_samples=0 total_samples=343 absence_coverage_sufficient=0
a,1906,STATE_SLICE,167,54733333333,STATE_SLICE inst=167 stamp=54733333333 inherited_sup=0 inherited_con=0 inherited_samples=343 inherited_supported=0 inherited_free=0 inherited_repl_other=0 inherited_repl_bg=0 inherited_occ=0 inherited_unobs=343 session_sup=0 session_con=0 session_samples=0 cur_verts=1029 candidate_verts=0
a,1907,EVIDENCE,167,,EVIDENCE inst=167 inherited_support=0 inherited_contradiction=0 session_support=0 session_contradiction=0 inherited_absent_flag=0 cur_verts=1029 observed_verts=0
a,1908,STATE_EVIDENCE_WINDOW,171,,STATE_EVIDENCE_WINDOW inst=171 after=18666666667 latest_measured_support=0 through=54733333333 projected=0 support=0 contradiction=0 reliable=780 reliable_in_view=0 reliable_seen_through=0 absence_llr=0 absent_samples=0 total_samples=1371 absence_coverage_sufficient=0
a,1909,STATE_SLICE,171,54733333333,STATE_SLICE inst=171 stamp=54733333333 inherited_sup=0 inherited_con=0 inherited_samples=1371 inherited_supported=0 inherited_free=0 inherited_repl_other=0 inherited_repl_bg=0 inherited_occ=0 inherited_unobs=1371 session_sup=0 session_con=0 session_samples=0 cur_verts=4113 candidate_verts=0
a,1910,EVIDENCE,171,,EVIDENCE inst=171 inherited_support=0 inherited_contradiction=0 session_support=0 session_contradiction=0 inherited_absent_flag=0 cur_verts=4113 observed_verts=0
a,1911,STATE_EVIDENCE_WINDOW,172,,STATE_EVIDENCE_WINDOW inst=172 after=34233333333 latest_measured_support=49100000000 through=54733333333 projected=1 support=627 contradiction=46 reliable=723 reliable_in_view=723 reliable_seen_through=0 absence_llr=0 absent_samples=7 total_samples=133 absence_coverage_sufficient=0
a,1912,STATE_SLICE,172,54733333333,STATE_SLICE inst=172 stamp=54733333333 inherited_sup=627 inherited_con=46 inherited_samples=133 inherited_supported=627 inherited_free=0 inherited_repl_other=0 inherited_repl_bg=46 inherited_occ=0 inherited_unobs=0 session_sup=0 session_con=0 session_samples=0 cur_verts=2343 candidate_verts=0
a,1913,EVIDENCE,172,,EVIDENCE inst=172 inherited_support=627 inherited_contradiction=46 session_support=0 session_contradiction=0 inherited_absent_flag=0 cur_verts=2343 observed_verts=0
a,1914,MOBILITY_PRIOR,172,,MOBILITY_PRIOR inst=172 session=0 class=39 changes=0 continuations=0 alpha=1.5 beta=0.5 q=0.75
a,1915,TOP_ABSORB_POSTERIOR,172,,TOP_ABSORB_POSTERIOR inst=172 measurement=confirmed_current change_prior=0.75 geometry_factor_or_bound=1 geometry_evaluated=0 candidate_vertices=0 effective_cells=0 off_share=unmeasured legacy_same_site=0 absorb=0
a,1916,MOBILITY_PRIOR,172,,MOBILITY_PRIOR inst=172 session=0 class=39 changes=0 continuations=0 alpha=1.5 beta=0.5 q=0.75
a,1917,TOP_ABSORB,172,,TOP_ABSORB inst=172 geom=0 support=627 high_mobility=1 absorb=0
a,1918,STATE_EVIDENCE_WINDOW,173,,STATE_EVIDENCE_WINDOW inst=173 after=7066666667 latest_measured_support=0 through=54733333333 projected=0 support=0 contradiction=0 reliable=317 reliable_in_view=0 reliable_seen_through=0 absence_llr=0 absent_samples=0 total_samples=384 absence_coverage_sufficient=0
a,1919,STATE_SLICE,173,54733333333,STATE_SLICE inst=173 stamp=54733333333 inherited_sup=0 inherited_con=0 inherited_samples=384 inherited_supported=0 inherited_free=0 inherited_repl_other=0 inherited_repl_bg=0 inherited_occ=0 inherited_unobs=384 session_sup=0 session_con=0 session_samples=0 cur_verts=1152 candidate_verts=0
a,1920,EVIDENCE,173,,EVIDENCE inst=173 inherited_support=0 inherited_contradiction=0 session_support=0 session_contradiction=0 inherited_absent_flag=0 cur_verts=1152 observed_verts=0
a,1921,STATE_EVIDENCE_WINDOW,174,,STATE_EVIDENCE_WINDOW inst=174 after=6633333333 latest_measured_support=0 through=54733333333 projected=0 support=0 contradiction=0 reliable=299 reliable_in_view=0 reliable_seen_through=0 absence_llr=0 absent_samples=0 total_samples=368 absence_coverage_sufficient=0
a,1922,STATE_SLICE,174,54733333333,STATE_SLICE inst=174 stamp=54733333333 inherited_sup=0 inherited_con=0 inherited_samples=368 inherited_supported=0 inherited_free=0 inherited_repl_other=0 inherited_repl_bg=0 inherited_occ=0 inherited_unobs=368 session_sup=0 session_con=0 session_samples=0 cur_verts=1104 candidate_verts=0
a,1923,EVIDENCE,174,,EVIDENCE inst=174 inherited_support=0 inherited_contradiction=0 session_support=0 session_contradiction=0 inherited_absent_flag=0 cur_verts=1104 observed_verts=0
a,1924,STATE_EVIDENCE_WINDOW,175,,STATE_EVIDENCE_WINDOW inst=175 after=6833333333 latest_measured_support=0 through=54733333333 projected=0 support=0 contradiction=0 reliable=197 reliable_in_view=0 reliable_seen_through=0 absence_llr=0 absent_samples=0 total_samples=230 absence_coverage_sufficient=0
a,1925,STATE_SLICE,175,54733333333,STATE_SLICE inst=175 stamp=54733333333 inherited_sup=0 inherited_con=0 inherited_samples=230 inherited_supported=0 inherited_free=0 inherited_repl_other=0 inherited_repl_bg=0 inherited_occ=0 inherited_unobs=230 session_sup=0 session_con=0 session_samples=0 cur_verts=690 candidate_verts=0
a,1926,EVIDENCE,175,,EVIDENCE inst=175 inherited_support=0 inherited_contradiction=0 session_support=0 session_contradiction=0 inherited_absent_flag=0 cur_verts=690 observed_verts=0
a,1927,STATE_EVIDENCE_WINDOW,180,,STATE_EVIDENCE_WINDOW inst=180 after=16833333333 latest_measured_support=0 through=54733333333 projected=0 support=0 contradiction=0 reliable=65 reliable_in_view=0 reliable_seen_through=0 absence_llr=0 absent_samples=0 total_samples=88 absence_coverage_sufficient=0
a,1928,STATE_SLICE,180,54733333333,STATE_SLICE inst=180 stamp=54733333333 inherited_sup=0 inherited_con=0 inherited_samples=88 inherited_supported=0 inherited_free=0 inherited_repl_other=0 inherited_repl_bg=0 inherited_occ=0 inherited_unobs=88 session_sup=0 session_con=0 session_samples=0 cur_verts=264 candidate_verts=0
a,1929,EVIDENCE,180,,EVIDENCE inst=180 inherited_support=0 inherited_contradiction=0 session_support=0 session_contradiction=0 inherited_absent_flag=0 cur_verts=264 observed_verts=0
a,1930,STATE_EVIDENCE_WINDOW,205,,STATE_EVIDENCE_WINDOW inst=205 after=17366666667 latest_measured_support=0 through=54733333333 projected=0 support=0 contradiction=0 reliable=59 reliable_in_view=0 reliable_seen_through=0 absence_llr=0 absent_samples=0 total_samples=184 absence_coverage_sufficient=0
a,1931,STATE_SLICE,205,54733333333,STATE_SLICE inst=205 stamp=54733333333 inherited_sup=0 inherited_con=0 inherited_samples=184 inherited_supported=0 inherited_free=0 inherited_repl_other=0 inherited_repl_bg=0 inherited_occ=0 inherited_unobs=184 session_sup=0 session_con=0 session_samples=0 cur_verts=552 candidate_verts=0
a,1932,EVIDENCE,205,,EVIDENCE inst=205 inherited_support=0 inherited_contradiction=0 session_support=0 session_contradiction=0 inherited_absent_flag=0 cur_verts=552 observed_verts=0
a,1933,INGEST,7,,INGEST inst=7 first=42s seg_verts=12780 cur_verts=22341 observed_verts=0
a,1934,MOBILITY_PRIOR,7,,MOBILITY_PRIOR inst=7 session=0 class=3 changes=0 continuations=0 alpha=0.5 beta=1.5 q=0.25
a,1935,OVERLAP_POSTERIOR,7,,OVERLAP_POSTERIOR inst=7 shared_probability_lower_bound=0.749667 change_prior=0.25 same_state=1
a,1936,EMPTY_INTERVAL_POSTERIOR,7,,EMPTY_INTERVAL_POSTERIOR inst=7 since=42666666667 support=294 judged=2559 seen_through=1 measured=1 calibrated_source=1 log_ratio=-10.5521 change_prior=0.25 log_odds=-11.6507 empty=0
a,1937,INGEST_DECIDE,7,,INGEST_DECIDE inst=7 same_session_overlap=1 contradicted=0
a,1938,INGEST,49,,INGEST inst=49 first=42s seg_verts=1602 cur_verts=1527 observed_verts=0
a,1939,MOBILITY_PRIOR,49,,MOBILITY_PRIOR inst=49 session=0 class=6 changes=0 continuations=0 alpha=1.5 beta=0.5 q=0.75
a,1940,OVERLAP_POSTERIOR,49,,OVERLAP_POSTERIOR inst=49 shared_probability_lower_bound=0.943082 change_prior=0.75 same_state=1
a,1941,EMPTY_INTERVAL_POSTERIOR,49,,EMPTY_INTERVAL_POSTERIOR inst=49 since=42766666667 support=174 judged=720 seen_through=0 measured=1 calibrated_source=1 log_ratio=-10.4783 change_prior=0.75 log_odds=-9.37965 empty=0
a,1942,INGEST_DECIDE,49,,INGEST_DECIDE inst=49 same_session_overlap=1 contradicted=0
a,1943,INGEST,50,,INGEST inst=50 first=42s seg_verts=1752 cur_verts=1605 observed_verts=0
a,1944,MOBILITY_PRIOR,50,,MOBILITY_PRIOR inst=50 session=0 class=6 changes=0 continuations=0 alpha=1.5 beta=0.5 q=0.75
a,1945,OVERLAP_POSTERIOR,50,,OVERLAP_POSTERIOR inst=50 shared_probability_lower_bound=0.829607 change_prior=0.75 same_state=1
a,1946,EMPTY_INTERVAL_POSTERIOR,50,,EMPTY_INTERVAL_POSTERIOR inst=50 since=42866666667 support=239 judged=814 seen_through=6 measured=1 calibrated_source=1 log_ratio=-4.63998 change_prior=0.75 log_odds=-3.54137 empty=0
a,1947,INGEST_DECIDE,50,,INGEST_DECIDE inst=50 same_session_overlap=1 contradicted=0
a,1948,INGEST,51,,INGEST inst=51 first=30s seg_verts=18888 cur_verts=19476 observed_verts=0
a,1949,MOBILITY_PRIOR,51,,MOBILITY_PRIOR inst=51 session=0 class=6 changes=0 continuations=0 alpha=1.5 beta=0.5 q=0.75
a,1950,OVERLAP_POSTERIOR,51,,OVERLAP_POSTERIOR inst=51 shared_probability_lower_bound=0.855164 change_prior=0.75 same_state=1
a,1951,EMPTY_INTERVAL_POSTERIOR,51,,EMPTY_INTERVAL_POSTERIOR inst=51 since=30566666667 support=121 judged=1405 seen_through=0 measured=1 calibrated_source=1 log_ratio=-6.55585 change_prior=0.75 log_odds=-5.45724 empty=0
a,1952,INGEST_DECIDE,51,,INGEST_DECIDE inst=51 same_session_overlap=1 contradicted=0
a,1953,INGEST,55,,INGEST inst=55 first=45s seg_verts=2016 cur_verts=6879 observed_verts=0
a,1954,MOBILITY_PRIOR,55,,MOBILITY_PRIOR inst=55 session=0 class=6 changes=0 continuations=0 alpha=1.5 beta=0.5 q=0.75
a,1955,OVERLAP_POSTERIOR,55,,OVERLAP_POSTERIOR inst=55 shared_probability_lower_bound=0.907006 change_prior=0.75 same_state=1
a,1956,EMPTY_INTERVAL_POSTERIOR,55,,EMPTY_INTERVAL_POSTERIOR inst=55 since=45866666667 support=197 judged=507 seen_through=3 measured=1 calibrated_source=1 log_ratio=-2.02249 change_prior=0.75 log_odds=-0.923876 empty=0
a,1957,INGEST_DECIDE,55,,INGEST_DECIDE inst=55 same_session_overlap=1 contradicted=0
a,1958,INGEST,121,,INGEST inst=121 first=46s seg_verts=102 cur_verts=336 observed_verts=0
a,1959,MOBILITY_PRIOR,121,,MOBILITY_PRIOR inst=121 session=0 class=24 changes=0 continuations=0 alpha=0.5 beta=1.5 q=0.25
a,1960,OVERLAP_POSTERIOR,121,,OVERLAP_POSTERIOR inst=121 shared_probability_lower_bound=0.775445 change_prior=0.25 same_state=1
a,1961,EMPTY_INTERVAL_POSTERIOR,121,,EMPTY_INTERVAL_POSTERIOR inst=121 since=46066666667 support=12 judged=8 seen_through=1 measured=1 calibrated_source=1 log_ratio=0.048696 change_prior=0.25 log_odds=-1.04992 empty=0
a,1962,INGEST_DECIDE,121,,INGEST_DECIDE inst=121 same_session_overlap=1 contradicted=0
a,1963,INGEST,135,,INGEST inst=135 first=41s seg_verts=1284 cur_verts=2829 observed_verts=0
a,1964,MOBILITY_PRIOR,135,,MOBILITY_PRIOR inst=135 session=0 class=26 changes=0 continuations=0 alpha=0.5 beta=1.5 q=0.25
a,1965,OVERLAP_POSTERIOR,135,,OVERLAP_POSTERIOR inst=135 shared_probability_lower_bound=0.324754 change_prior=0.25 same_state=1
a,1966,EMPTY_INTERVAL_POSTERIOR,135,,EMPTY_INTERVAL_POSTERIOR inst=135 since=41966666667 support=714 judged=685 seen_through=0 measured=1 calibrated_source=1 log_ratio=-5.87729 change_prior=0.25 log_odds=-6.9759 empty=0
a,1967,INGEST_DECIDE,135,,INGEST_DECIDE inst=135 same_session_overlap=1 contradicted=0
a,1968,INGEST,141,,INGEST inst=141 first=42s seg_verts=753 cur_verts=1608 observed_verts=0
a,1969,MOBILITY_PRIOR,141,,MOBILITY_PRIOR inst=141 session=0 class=28 changes=0 continuations=0 alpha=0.5 beta=1.5 q=0.25
a,1970,OVERLAP_POSTERIOR,141,,OVERLAP_POSTERIOR inst=141 shared_probability_lower_bound=0.456316 change_prior=0.25 same_state=1
a,1971,EMPTY_INTERVAL_POSTERIOR,141,,EMPTY_INTERVAL_POSTERIOR inst=141 since=42766666667 support=253 judged=483 seen_through=10 measured=1 calibrated_source=1 log_ratio=-2.54817 change_prior=0.25 log_odds=-3.64678 empty=0
a,1972,INGEST_DECIDE,141,,INGEST_DECIDE inst=141 same_session_overlap=1 contradicted=0
a,1973,INGEST,142,,INGEST inst=142 first=42s seg_verts=711 cur_verts=1533 observed_verts=0
a,1974,MOBILITY_PRIOR,142,,MOBILITY_PRIOR inst=142 session=0 class=28 changes=0 continuations=0 alpha=0.5 beta=1.5 q=0.25
a,1975,OVERLAP_POSTERIOR,142,,OVERLAP_POSTERIOR inst=142 shared_probability_lower_bound=0.308789 change_prior=0.25 same_state=1
a,1976,EMPTY_INTERVAL_POSTERIOR,142,,EMPTY_INTERVAL_POSTERIOR inst=142 since=42866666667 support=209 judged=491 seen_through=5 measured=1 calibrated_source=1 log_ratio=-5.87279 change_prior=0.25 log_odds=-6.97141 empty=0
a,1977,INGEST_DECIDE,142,,INGEST_DECIDE inst=142 same_session_overlap=1 contradicted=0
a,1978,INGEST,143,,INGEST inst=143 first=42s seg_verts=831 cur_verts=1368 observed_verts=0
a,1979,MOBILITY_PRIOR,143,,MOBILITY_PRIOR inst=143 session=0 class=28 changes=0 continuations=0 alpha=0.5 beta=1.5 q=0.25
a,1980,OVERLAP_POSTERIOR,143,,OVERLAP_POSTERIOR inst=143 shared_probability_lower_bound=0.763176 change_prior=0.25 same_state=1
a,1981,EMPTY_INTERVAL_POSTERIOR,143,,EMPTY_INTERVAL_POSTERIOR inst=143 since=42766666667 support=188 judged=486 seen_through=1 measured=1 calibrated_source=1 log_ratio=-6.94074 change_prior=0.25 log_odds=-8.03935 empty=0
a,1982,INGEST_DECIDE,143,,INGEST_DECIDE inst=143 same_session_overlap=1 contradicted=0
a,1983,INGEST,144,,INGEST inst=144 first=42s seg_verts=813 cur_verts=1140 observed_verts=0
a,1984,MOBILITY_PRIOR,144,,MOBILITY_PRIOR inst=144 session=0 class=28 changes=0 continuations=0 alpha=0.5 beta=1.5 q=0.25
a,1985,OVERLAP_POSTERIOR,144,,OVERLAP_POSTERIOR inst=144 shared_probability_lower_bound=0.278982 change_prior=0.25 same_state=1
a,1986,EMPTY_INTERVAL_POSTERIOR,144,,EMPTY_INTERVAL_POSTERIOR inst=144 since=42766666667 support=147 judged=383 seen_through=0 measured=1 calibrated_source=1 log_ratio=-8.89183 change_prior=0.25 log_odds=-9.99045 empty=0
a,1987,INGEST_DECIDE,144,,INGEST_DECIDE inst=144 same_session_overlap=1 contradicted=0
a,1988,INGEST,145,,INGEST inst=145 first=42s seg_verts=57 cur_verts=42 observed_verts=0
a,1989,MOBILITY_PRIOR,145,,MOBILITY_PRIOR inst=145 session=0 class=28 changes=0 continuations=0 alpha=0.5 beta=1.5 q=0.25
a,1990,OVERLAP_POSTERIOR,145,,OVERLAP_POSTERIOR inst=145 shared_probability_lower_bound=0.492816 change_prior=0.25 same_state=1
a,1991,EMPTY_INTERVAL_POSTERIOR,145,,EMPTY_INTERVAL_POSTERIOR inst=145 since=42866666667 support=0 judged=6 seen_through=0 measured=1 calibrated_source=1 log_ratio=-1.78246 change_prior=0.25 log_odds=-2.88107 empty=0
a,1992,INGEST_DECIDE,145,,INGEST_DECIDE inst=145 same_session_overlap=1 contradicted=0
a,1993,INGEST,146,,INGEST inst=146 first=43s seg_verts=60 cur_verts=0 observed_verts=0
a,1994,INGEST,165,,INGEST inst=165 first=42s seg_verts=702 cur_verts=669 observed_verts=0
a,1995,MOBILITY_PRIOR,165,,MOBILITY_PRIOR inst=165 session=0 class=36 changes=0 continuations=0 alpha=0.5 beta=1.5 q=0.25
a,1996,OVERLAP_POSTERIOR,165,,OVERLAP_POSTERIOR inst=165 shared_probability_lower_bound=0.327851 change_prior=0.25 same_state=1
a,1997,EMPTY_INTERVAL_POSTERIOR,165,,EMPTY_INTERVAL_POSTERIOR inst=165 since=42566666667 support=140 judged=265 seen_through=1 measured=1 calibrated_source=1 log_ratio=-6.57663 change_prior=0.25 log_odds=-7.67524 empty=0
a,1998,INGEST_DECIDE,165,,INGEST_DECIDE inst=165 same_session_overlap=1 contradicted=0
a,1999,INGEST,166,,INGEST inst=166 first=42s seg_verts=789 cur_verts=1008 observed_verts=0
a,2000,MOBILITY_PRIOR,166,,MOBILITY_PRIOR inst=166 session=0 class=36 changes=0 continuations=0 alpha=0.5 beta=1.5 q=0.25
a,2001,OVERLAP_POSTERIOR,166,,OVERLAP_POSTERIOR inst=166 shared_probability_lower_bound=0.405735 change_prior=0.25 same_state=1
a,2002,EMPTY_INTERVAL_POSTERIOR,166,,EMPTY_INTERVAL_POSTERIOR inst=166 since=42566666667 support=106 judged=277 seen_through=11 measured=1 calibrated_source=1 log_ratio=-0.853372 change_prior=0.25 log_odds=-1.95198 empty=0
a,2003,INGEST_DECIDE,166,,INGEST_DECIDE inst=166 same_session_overlap=1 contradicted=0
a,2004,INGEST,172,,INGEST inst=172 first=46s seg_verts=2319 cur_verts=2343 observed_verts=0
a,2005,MOBILITY_PRIOR,172,,MOBILITY_PRIOR inst=172 session=0 class=39 changes=0 continuations=0 alpha=1.5 beta=0.5 q=0.75
a,2006,OVERLAP_POSTERIOR,172,,OVERLAP_POSTERIOR inst=172 shared_probability_lower_bound=0.785229 change_prior=0.75 same_state=1
a,2007,EMPTY_INTERVAL_POSTERIOR,172,,EMPTY_INTERVAL_POSTERIOR inst=172 since=46066666667 support=627 judged=723 seen_through=0 measured=1 calibrated_source=1 log_ratio=-5.95914 change_prior=0.75 log_odds=-4.86053 empty=0
a,2008,INGEST_DECIDE,172,,INGEST_DECIDE inst=172 same_session_overlap=1 contradicted=0
a,2010,OBJECT_EXTRACTION_INPUT,51,,OBJECT_EXTRACTION_INPUT inst=51 first=50233333333 last=53066666667 observations=58 dynamic=0 motion_history=0 last_motion=0 displacement=0 static_fallback=0
a,2011,STATIC_SURFACE_FRAMES,51,,STATIC_SURFACE_FRAMES inst=51 candidates=19 selected=19 first=50266666667 last=53066666667
a,2012,OBJECT_EXTRACTION_INPUT,136,,OBJECT_EXTRACTION_INPUT inst=136 first=51633333333 last=53566666667 observations=59 dynamic=0 motion_history=0 last_motion=0 displacement=0 static_fallback=0
a,2013,STATIC_SURFACE_FRAMES,136,,STATIC_SURFACE_FRAMES inst=136 candidates=20 selected=20 first=51666666667 last=53566666667
a,2014,OBJECT_EXTRACTION_INPUT,70,,OBJECT_EXTRACTION_INPUT inst=70 first=50966666667 last=54100000000 observations=28 dynamic=0 motion_history=0 last_motion=0 displacement=0 static_fallback=0
a,2015,STATIC_SURFACE_BOUNDARY,70,,STATIC_SURFACE_BOUNDARY inst=70 rejected_stamp=51066666667 current_stamp=54066666667 forward_support=0 forward_free=436 reverse_support=0 reverse_free=0 forward_sampled=439 reverse_sampled=112
a,2016,STATIC_SURFACE_FRAMES,70,,STATIC_SURFACE_FRAMES inst=70 candidates=10 selected=8 first=51566666667 last=54066666667
a,2026,OBJECT_EXTRACTION_INPUT,15,,OBJECT_EXTRACTION_INPUT inst=15 first=54933333333 last=56400000000 observations=45 dynamic=0 motion_history=0 last_motion=0 displacement=0 static_fallback=0
a,2027,OBJECT_EXTRACTION_INPUT,16,,OBJECT_EXTRACTION_INPUT inst=16 first=54966666667 last=56366666667 observations=43 dynamic=0 motion_history=0 last_motion=0 displacement=0 static_fallback=0
a,2028,STATIC_SURFACE_FRAMES,15,,STATIC_SURFACE_FRAMES inst=15 candidates=15 selected=15 first=54966666667 last=56366666667
a,2029,OBJECT_EXTRACTION_INPUT,124,,OBJECT_EXTRACTION_INPUT inst=124 first=55000000000 last=56333333333 observations=41 dynamic=0 motion_history=0 last_motion=0 displacement=0 static_fallback=0
a,2030,STATIC_SURFACE_FRAMES,16,,STATIC_SURFACE_FRAMES inst=16 candidates=15 selected=15 first=54966666667 last=56366666667
a,2031,OBJECT_EXTRACTION_INPUT,125,,OBJECT_EXTRACTION_INPUT inst=125 first=55033333333 last=56266666667 observations=38 dynamic=0 motion_history=0 last_motion=0 displacement=0 static_fallback=0
a,2032,STATIC_SURFACE_FRAMES,125,,STATIC_SURFACE_FRAMES inst=125 candidates=13 selected=13 first=55066666667 last=56266666667
a,2033,OBJECT_EXTRACTION_INPUT,48,,OBJECT_EXTRACTION_INPUT inst=48 first=55066666667 last=56466666667 observations=43 dynamic=0 motion_history=0 last_motion=0 displacement=0 static_fallback=0
a,2034,STATIC_SURFACE_FRAMES,124,,STATIC_SURFACE_FRAMES inst=124 candidates=13 selected=13 first=55066666667 last=56266666667
a,2035,OBJECT_EXTRACTION_INPUT,126,,OBJECT_EXTRACTION_INPUT inst=126 first=55433333333 last=56066666667 observations=20 dynamic=0 motion_history=0 last_motion=0 displacement=0 static_fallback=0
a,2036,STATIC_SURFACE_FRAMES,48,,STATIC_SURFACE_FRAMES inst=48 candidates=15 selected=15 first=55066666667 last=56466666667
a,2037,STATIC_SURFACE_FRAMES,126,,STATIC_SURFACE_FRAMES inst=126 candidates=7 selected=7 first=55466666667 last=56066666667
a,2038,OBJECT_EXTRACTION_INPUT,163,,OBJECT_EXTRACTION_INPUT inst=163 first=54766666667 last=56533333333 observations=54 dynamic=0 motion_history=0 last_motion=0 displacement=0 static_fallback=0
a,2039,STATIC_SURFACE_FRAMES,163,,STATIC_SURFACE_FRAMES inst=163 candidates=18 selected=18 first=54766666667 last=56466666667
a,2040,OBJECT_EXTRACTION_INPUT,69,,OBJECT_EXTRACTION_INPUT inst=69 first=54700000000 last=57100000000 observations=73 dynamic=0 motion_history=0 last_motion=0 displacement=0 static_fallback=0
a,2041,OBJECT_EXTRACTION_INPUT,81,,OBJECT_EXTRACTION_INPUT inst=81 first=55366666667 last=57133333333 observations=28 dynamic=0 motion_history=0 last_motion=0 displacement=0 static_fallback=0
a,2042,STATIC_SURFACE_FRAMES,81,,STATIC_SURFACE_FRAMES inst=81 candidates=10 selected=10 first=55366666667 last=57066666667
a,2043,STATIC_SURFACE_FRAMES,69,,STATIC_SURFACE_FRAMES inst=69 candidates=24 selected=24 first=54766666667 last=57066666667
a,2052,OBJECT_EXTRACTION_INPUT,46,,OBJECT_EXTRACTION_INPUT inst=46 first=57633333333 last=58466666667 observations=26 dynamic=0 motion_history=0 last_motion=0 displacement=0 static_fallback=0
a,2053,STATIC_SURFACE_FRAMES,46,,STATIC_SURFACE_FRAMES inst=46 candidates=9 selected=9 first=57666666667 last=58466666667
a,2055,OBJECT_EXTRACTION_INPUT,89,,OBJECT_EXTRACTION_INPUT inst=89 first=50333333333 last=63400000000 observations=309 dynamic=0 motion_history=0 last_motion=0 displacement=0 static_fallback=0
a,2056,STATIC_SURFACE_FRAMES,89,,STATIC_SURFACE_FRAMES inst=89 candidates=93 selected=93 first=54066666667 last=63400000000
a,2066,OBJECT_EXTRACTION_INPUT,71,,OBJECT_EXTRACTION_INPUT inst=71 first=50266666667 last=64266666667 observations=312 dynamic=0 motion_history=0 last_motion=0 displacement=0 static_fallback=0
a,2067,STATIC_SURFACE_FRAMES,71,,STATIC_SURFACE_FRAMES inst=71 candidates=92 selected=92 first=54366666667 last=64266666667
a,2068,OBJECT_EXTRACTION_INPUT,117,,OBJECT_EXTRACTION_INPUT inst=117 first=54366666667 last=64700000000 observations=304 dynamic=0 motion_history=0 last_motion=0 displacement=0 static_fallback=0
a,2069,OBJECT_EXTRACTION_INPUT,52,,OBJECT_EXTRACTION_INPUT inst=52 first=54400000000 last=64700000000 observations=310 dynamic=0 motion_history=0 last_motion=0 displacement=0 static_fallback=0
a,2070,STATIC_SURFACE_FRAMES,117,,STATIC_SURFACE_FRAMES inst=117 candidates=98 selected=98 first=54866666667 last=64700000000
a,2071,STATIC_SURFACE_FRAMES,52,,STATIC_SURFACE_FRAMES inst=52 candidates=100 selected=100 first=54866666667 last=64700000000
a,2072,OBJECT_EXTRACTION_INPUT,181,,OBJECT_EXTRACTION_INPUT inst=181 first=54400000000 last=64900000000 observations=301 dynamic=0 motion_history=0 last_motion=0 displacement=0 static_fallback=0
a,2073,STATIC_SURFACE_FRAMES,181,,STATIC_SURFACE_FRAMES inst=181 candidates=92 selected=92 first=55266666667 last=64866666667
a,2074,OBJECT_EXTRACTION_INPUT,72,,OBJECT_EXTRACTION_INPUT inst=72 first=54433333333 last=65566666667 observations=307 dynamic=0 motion_history=0 last_motion=0 displacement=0 static_fallback=0
a,2075,STATIC_SURFACE_FRAMES,72,,STATIC_SURFACE_FRAMES inst=72 candidates=91 selected=91 first=55666666667 last=65566666667
a,2076,STATE_EVIDENCE_WINDOW,3,,STATE_EVIDENCE_WINDOW inst=3 after=16600000000 latest_measured_support=0 through=65566666667 projected=0 support=0 contradiction=0 reliable=26 reliable_in_view=0 reliable_seen_through=0 absence_llr=0 absent_samples=0 total_samples=47 absence_coverage_sufficient=0
a,2077,STATE_SLICE,3,65566666667,STATE_SLICE inst=3 stamp=65566666667 inherited_sup=0 inherited_con=0 inherited_samples=47 inherited_supported=0 inherited_free=0 inherited_repl_other=0 inherited_repl_bg=0 inherited_occ=0 inherited_unobs=39 session_sup=0 session_con=0 session_samples=0 cur_verts=141 candidate_verts=0
a,2078,EVIDENCE,3,,EVIDENCE inst=3 inherited_support=0 inherited_contradiction=0 session_support=0 session_contradiction=0 inherited_absent_flag=0 cur_verts=141 observed_verts=0
a,2079,STATE_EVIDENCE_WINDOW,5,,STATE_EVIDENCE_WINDOW inst=5 after=16100000000 latest_measured_support=0 through=65566666667 projected=0 support=0 contradiction=0 reliable=1421 reliable_in_view=0 reliable_seen_through=0 absence_llr=0 absent_samples=0 total_samples=1616 absence_coverage_sufficient=0
a,2080,STATE_SLICE,5,65566666667,STATE_SLICE inst=5 stamp=65566666667 inherited_sup=0 inherited_con=0 inherited_samples=1616 inherited_supported=0 inherited_free=0 inherited_repl_other=0 inherited_repl_bg=0 inherited_occ=0 inherited_unobs=1616 session_sup=0 session_con=0 session_samples=0 cur_verts=4848 candidate_verts=0
a,2081,EVIDENCE,5,,EVIDENCE inst=5 inherited_support=0 inherited_contradiction=0 session_support=0 session_contradiction=0 inherited_absent_flag=0 cur_verts=4848 observed_verts=0
a,2082,STATE_EVIDENCE_WINDOW,7,,STATE_EVIDENCE_WINDOW inst=7 after=48033333333 latest_measured_support=0 through=65566666667 projected=0 support=0 contradiction=0 reliable=510 reliable_in_view=0 reliable_seen_through=0 absence_llr=0 absent_samples=0 total_samples=11707 absence_coverage_sufficient=0
a,2083,STATE_SLICE,7,65566666667,STATE_SLICE inst=7 stamp=65566666667 inherited_sup=0 inherited_con=0 inherited_samples=11707 inherited_supported=0 inherited_free=0 inherited_repl_other=0 inherited_repl_bg=0 inherited_occ=0 inherited_unobs=11707 session_sup=0 session_con=0 session_samples=0 cur_verts=35121 candidate_verts=0
a,2084,EVIDENCE,7,,EVIDENCE inst=7 inherited_support=0 inherited_contradiction=0 session_support=0 session_contradiction=0 inherited_absent_flag=0 cur_verts=35121 observed_verts=0
a,2085,STATE_EVIDENCE_WINDOW,21,,STATE_EVIDENCE_WINDOW inst=21 after=17033333333 latest_measured_support=0 through=65566666667 projected=0 support=0 contradiction=0 reliable=42 reliable_in_view=0 reliable_seen_through=0 absence_llr=0 absent_samples=0 total_samples=84 absence_coverage_sufficient=0
a,2086,STATE_SLICE,21,65566666667,STATE_SLICE inst=21 stamp=65566666667 inherited_sup=0 inherited_con=0 inherited_samples=84 inherited_supported=0 inherited_free=0 inherited_repl_other=0 inherited_repl_bg=0 inherited_occ=0 inherited_unobs=84 session_sup=0 session_con=0 session_samples=0 cur_verts=252 candidate_verts=0
a,2087,EVIDENCE,21,,EVIDENCE inst=21 inherited_support=0 inherited_contradiction=0 session_support=0 session_contradiction=0 inherited_absent_flag=0 cur_verts=252 observed_verts=0
a,2088,STATE_EVIDENCE_WINDOW,48,,STATE_EVIDENCE_WINDOW inst=48 after=14266666667 latest_measured_support=65566666667 through=65566666667 projected=1 support=526 contradiction=86 reliable=1062 reliable_in_view=733 reliable_seen_through=43 absence_llr=0 absent_samples=31 total_samples=197 absence_coverage_sufficient=0
a,2089,STATE_SLICE,48,65566666667,STATE_SLICE inst=48 stamp=65566666667 inherited_sup=526 inherited_con=86 inherited_samples=197 inherited_supported=526 inherited_free=75 inherited_repl_other=0 inherited_repl_bg=11 inherited_occ=1365 inherited_unobs=0 session_sup=0 session_con=0 session_samples=0 cur_verts=6579 candidate_verts=0
a,2090,EVIDENCE,48,,EVIDENCE inst=48 inherited_support=526 inherited_contradiction=86 session_support=0 session_contradiction=0 inherited_absent_flag=0 cur_verts=6579 observed_verts=0
a,2091,MOBILITY_PRIOR,48,,MOBILITY_PRIOR inst=48 session=0 class=6 changes=0 continuations=0 alpha=1.5 beta=0.5 q=0.75
a,2092,TOP_ABSORB_POSTERIOR,48,,TOP_ABSORB_POSTERIOR inst=48 measurement=confirmed_current change_prior=0.75 geometry_factor_or_bound=1 geometry_evaluated=0 candidate_vertices=0 effective_cells=0 off_share=unmeasured legacy_same_site=0 absorb=0
a,2093,MOBILITY_PRIOR,48,,MOBILITY_PRIOR inst=48 session=0 class=6 changes=0 continuations=0 alpha=1.5 beta=0.5 q=0.75
a,2094,TOP_ABSORB,48,,TOP_ABSORB inst=48 geom=0 support=526 high_mobility=1 absorb=0
a,2095,STATE_EVIDENCE_WINDOW,49,,STATE_EVIDENCE_WINDOW inst=49 after=48266666667 latest_measured_support=0 through=65566666667 projected=0 support=0 contradiction=0 reliable=367 reliable_in_view=0 reliable_seen_through=0 absence_llr=0 absent_samples=0 total_samples=1043 absence_coverage_sufficient=0
a,2096,STATE_SLICE,49,65566666667,STATE_SLICE inst=49 stamp=65566666667 inherited_sup=0 inherited_con=0 inherited_samples=1043 inherited_supported=0 inherited_free=0 inherited_repl_other=0 inherited_repl_bg=0 inherited_occ=0 inherited_unobs=1043 session_sup=0 session_con=0 session_samples=0 cur_verts=3129 candidate_verts=0
a,2097,EVIDENCE,49,,EVIDENCE inst=49 inherited_support=0 inherited_contradiction=0 session_support=0 session_contradiction=0 inherited_absent_flag=0 cur_verts=3129 observed_verts=0
a,2098,STATE_EVIDENCE_WINDOW,50,,STATE_EVIDENCE_WINDOW inst=50 after=46266666667 latest_measured_support=0 through=65566666667 projected=0 support=0 contradiction=0 reliable=411 reliable_in_view=0 reliable_seen_through=0 absence_llr=0 absent_samples=0 total_samples=1119 absence_coverage_sufficient=0
a,2099,STATE_SLICE,50,65566666667,STATE_SLICE inst=50 stamp=65566666667 inherited_sup=0 inherited_con=0 inherited_samples=1119 inherited_supported=0 inherited_free=0 inherited_repl_other=0 inherited_repl_bg=0 inherited_occ=0 inherited_unobs=1119 session_sup=0 session_con=0 session_samples=0 cur_verts=3357 candidate_verts=0
a,2100,EVIDENCE,50,,EVIDENCE inst=50 inherited_support=0 inherited_contradiction=0 session_support=0 session_contradiction=0 inherited_absent_flag=0 cur_verts=3357 observed_verts=0
a,2101,STATE_EVIDENCE_WINDOW,51,,STATE_EVIDENCE_WINDOW inst=51 after=40866666667 latest_measured_support=53000000000 through=65566666667 projected=1 support=14 contradiction=0 reliable=303 reliable_in_view=0 reliable_seen_through=0 absence_llr=0 absent_samples=0 total_samples=922 absence_coverage_sufficient=0
a,2102,STATE_SLICE,51,65566666667,STATE_SLICE inst=51 stamp=65566666667 inherited_sup=14 inherited_con=0 inherited_samples=922 inherited_supported=14 inherited_free=0 inherited_repl_other=0 inherited_repl_bg=0 inherited_occ=0 inherited_unobs=912 session_sup=0 session_con=0 session_samples=0 cur_verts=38364 candidate_verts=0
a,2103,EVIDENCE,51,,EVIDENCE inst=51 inherited_support=14 inherited_contradiction=0 session_support=0 session_contradiction=0 inherited_absent_flag=0 cur_verts=38364 observed_verts=0
a,2104,MOBILITY_PRIOR,51,,MOBILITY_PRIOR inst=51 session=0 class=6 changes=0 continuations=0 alpha=1.5 beta=0.5 q=0.75
a,2105,TOP_ABSORB_POSTERIOR,51,,TOP_ABSORB_POSTERIOR inst=51 measurement=confirmed_current change_prior=0.75 geometry_factor_or_bound=1 geometry_evaluated=0 candidate_vertices=0 effective_cells=0 off_share=unmeasured legacy_same_site=0 absorb=0
a,2106,MOBILITY_PRIOR,51,,MOBILITY_PRIOR inst=51 session=0 class=6 changes=0 continuations=0 alpha=1.5 beta=0.5 q=0.75
a,2107,TOP_ABSORB,51,,TOP_ABSORB inst=51 geom=0 support=14 high_mobility=1 absorb=0
a,2108,STATE_EVIDENCE_WINDOW,52,,STATE_EVIDENCE_WINDOW inst=52 after=54733333333 latest_measured_support=57766666667 through=65566666667 projected=0 support=559 contradiction=296 reliable=1000 reliable_in_view=986 reliable_seen_through=6 absence_llr=0 absent_samples=0 total_samples=3825 absence_coverage_sufficient=0
a,2109,STATE_SLICE,52,65566666667,STATE_SLICE inst=52 stamp=65566666667 inherited_sup=559 inherited_con=296 inherited_samples=3825 inherited_supported=12180 inherited_free=2120 inherited_repl_other=0 inherited_repl_bg=79 inherited_occ=806 inherited_unobs=0 session_sup=0 session_con=0 session_samples=0 cur_verts=11475 candidate_verts=0
a,2110,EVIDENCE,52,,EVIDENCE inst=52 inherited_support=559 inherited_contradiction=296 session_support=0 session_contradiction=0 inherited_absent_flag=0 cur_verts=11475 observed_verts=0
a,2111,MOBILITY_PRIOR,52,,MOBILITY_PRIOR inst=52 session=0 class=6 changes=0 continuations=0 alpha=1.5 beta=0.5 q=0.75
a,2112,TOP_ABSORB_POSTERIOR,52,,TOP_ABSORB_POSTERIOR inst=52 measurement=confirmed_current change_prior=0.75 geometry_factor_or_bound=1 geometry_evaluated=0 candidate_vertices=0 effective_cells=0 off_share=unmeasured legacy_same_site=0 absorb=0
a,2113,MOBILITY_PRIOR,52,,MOBILITY_PRIOR inst=52 session=0 class=6 changes=0 continuations=0 alpha=1.5 beta=0.5 q=0.75
a,2114,TOP_ABSORB,52,,TOP_ABSORB inst=52 geom=0 support=559 high_mobility=1 absorb=0
a,2115,STATE_EVIDENCE_WINDOW,55,,STATE_EVIDENCE_WINDOW inst=55 after=49133333333 latest_measured_support=0 through=65566666667 projected=0 support=0 contradiction=0 reliable=523 reliable_in_view=0 reliable_seen_through=0 absence_llr=0 absent_samples=0 total_samples=2965 absence_coverage_sufficient=0
a,2116,STATE_SLICE,55,65566666667,STATE_SLICE inst=55 stamp=65566666667 inherited_sup=0 inherited_con=0 inherited_samples=2965 inherited_supported=0 inherited_free=0 inherited_repl_other=0 inherited_repl_bg=0 inherited_occ=0 inherited_unobs=2965 session_sup=0 session_con=0 session_samples=0 cur_verts=8895 candidate_verts=0
a,2117,EVIDENCE,55,,EVIDENCE inst=55 inherited_support=0 inherited_contradiction=0 session_support=0 session_contradiction=0 inherited_absent_flag=0 cur_verts=8895 observed_verts=0
a,2118,STATE_EVIDENCE_WINDOW,56,,STATE_EVIDENCE_WINDOW inst=56 after=51266666667 latest_measured_support=56033333333 through=65566666667 projected=0 support=219 contradiction=0 reliable=216 reliable_in_view=32 reliable_seen_through=0 absence_llr=0 absent_samples=0 total_samples=17198 absence_coverage_sufficient=0
a,2119,STATE_SLICE,56,65566666667,STATE_SLICE inst=56 stamp=65566666667 inherited_sup=219 inherited_con=0 inherited_samples=17198 inherited_supported=4128 inherited_free=0 inherited_repl_other=0 inherited_repl_bg=0 inherited_occ=2565 inherited_unobs=9872 session_sup=0 session_con=0 session_samples=0 cur_verts=51594 candidate_verts=0
a,2120,EVIDENCE,56,,EVIDENCE inst=56 inherited_support=219 inherited_contradiction=0 session_support=0 session_contradiction=0 inherited_absent_flag=0 cur_verts=51594 observed_verts=0
a,2121,MOBILITY_PRIOR,56,,MOBILITY_PRIOR inst=56 session=0 class=6 changes=0 continuations=0 alpha=1.5 beta=0.5 q=0.75
a,2122,TOP_ABSORB_POSTERIOR,56,,TOP_ABSORB_POSTERIOR inst=56 measurement=confirmed_current change_prior=0.75 geometry_factor_or_bound=1 geometry_evaluated=0 candidate_vertices=0 effective_cells=0 off_share=unmeasured legacy_same_site=0 absorb=0
a,2123,MOBILITY_PRIOR,56,,MOBILITY_PRIOR inst=56 session=0 class=6 changes=0 continuations=0 alpha=1.5 beta=0.5 q=0.75
a,2124,TOP_ABSORB,56,,TOP_ABSORB inst=56 geom=0 support=219 high_mobility=1 absorb=0
a,2125,STATE_EVIDENCE_WINDOW,57,,STATE_EVIDENCE_WINDOW inst=57 after=16933333333 latest_measured_support=57766666667 through=65566666667 projected=0 support=108 contradiction=11 reliable=1269 reliable_in_view=563 reliable_seen_through=0 absence_llr=0 absent_samples=0 total_samples=1762 absence_coverage_sufficient=0
a,2126,STATE_SLICE,57,65566666667,STATE_SLICE inst=57 stamp=65566666667 inherited_sup=108 inherited_con=11 inherited_samples=1762 inherited_supported=1130 inherited_free=0 inherited_repl_other=11 inherited_repl_bg=0 inherited_occ=67 inherited_unobs=1308 session_sup=0 session_con=0 session_samples=0 cur_verts=5286 candidate_verts=0
a,2127,EVIDENCE,57,,EVIDENCE inst=57 inherited_support=108 inherited_contradiction=11 session_support=0 session_contradiction=0 inherited_absent_flag=0 cur_verts=5286 observed_verts=0
a,2128,MOBILITY_PRIOR,57,,MOBILITY_PRIOR inst=57 session=0 class=6 changes=0 continuations=0 alpha=1.5 beta=0.5 q=0.75
a,2129,TOP_ABSORB_POSTERIOR,57,,TOP_ABSORB_POSTERIOR inst=57 measurement=confirmed_current change_prior=0.75 geometry_factor_or_bound=1 geometry_evaluated=0 candidate_vertices=0 effective_cells=0 off_share=unmeasured legacy_same_site=0 absorb=0
a,2130,MOBILITY_PRIOR,57,,MOBILITY_PRIOR inst=57 session=0 class=6 changes=0 continuations=0 alpha=1.5 beta=0.5 q=0.75
a,2131,TOP_ABSORB,57,,TOP_ABSORB inst=57 geom=0 support=108 high_mobility=1 absorb=0
a,2132,STATE_EVIDENCE_WINDOW,68,,STATE_EVIDENCE_WINDOW inst=68 after=3000000000 latest_measured_support=65566666667 through=65566666667 projected=1 support=43 contradiction=4 reliable=383 reliable_in_view=127 reliable_seen_through=2 absence_llr=0 absent_samples=4 total_samples=104 absence_coverage_sufficient=0
a,2133,STATE_SLICE,68,65566666667,STATE_SLICE inst=68 stamp=65566666667 inherited_sup=43 inherited_con=4 inherited_samples=104 inherited_supported=44 inherited_free=2 inherited_repl_other=0 inherited_repl_bg=2 inherited_occ=727 inherited_unobs=0 session_sup=0 session_con=0 session_samples=0 cur_verts=1791 candidate_verts=0
a,2134,EVIDENCE,68,,EVIDENCE inst=68 inherited_support=43 inherited_contradiction=4 session_support=0 session_contradiction=0 inherited_absent_flag=0 cur_verts=1791 observed_verts=0
a,2135,MOBILITY_PRIOR,68,,MOBILITY_PRIOR inst=68 session=0 class=9 changes=0 continuations=0 alpha=1.5 beta=0.5 q=0.75
a,2136,TOP_ABSORB_POSTERIOR,68,,TOP_ABSORB_POSTERIOR inst=68 measurement=confirmed_current change_prior=0.75 geometry_factor_or_bound=1 geometry_evaluated=0 candidate_vertices=0 effective_cells=0 off_share=unmeasured legacy_same_site=0 absorb=0
a,2137,MOBILITY_PRIOR,68,,MOBILITY_PRIOR inst=68 session=0 class=9 changes=0 continuations=0 alpha=1.5 beta=0.5 q=0.75
a,2138,TOP_ABSORB,68,,TOP_ABSORB inst=68 geom=0 support=43 high_mobility=1 absorb=0
a,2139,STATE_EVIDENCE_WINDOW,69,,STATE_EVIDENCE_WINDOW inst=69 after=16566666667 latest_measured_support=0 through=65566666667 projected=1 support=0 contradiction=1676 reliable=413 reliable_in_view=211 reliable_seen_through=211 absence_llr=3.69709 absent_samples=96 total_samples=113 absence_coverage_sufficient=0
a,2140,STATE_SLICE,69,65566666667,STATE_SLICE inst=69 stamp=65566666667 inherited_sup=0 inherited_con=1676 inherited_samples=113 inherited_supported=0 inherited_free=1627 inherited_repl_other=0 inherited_repl_bg=55 inherited_occ=2100 inherited_unobs=0 session_sup=0 session_con=0 session_samples=0 cur_verts=3225 candidate_verts=0
a,2141,EVIDENCE,69,,EVIDENCE inst=69 inherited_support=0 inherited_contradiction=1676 session_support=0 session_contradiction=0 inherited_absent_flag=0 cur_verts=3225 observed_verts=0
a,2142,STATE_EVIDENCE_WINDOW,70,,STATE_EVIDENCE_WINDOW inst=70 after=36533333333 latest_measured_support=0 through=65566666667 projected=1 support=0 contradiction=992 reliable=295 reliable_in_view=110 reliable_seen_through=110 absence_llr=2.62342 absent_samples=78 total_samples=82 absence_coverage_sufficient=0
a,2143,STATE_SLICE,70,65566666667,STATE_SLICE inst=70 stamp=65566666667 inherited_sup=0 inherited_con=992 inherited_samples=82 inherited_supported=0 inherited_free=965 inherited_repl_other=0 inherited_repl_bg=39 inherited_occ=816 inherited_unobs=0 session_sup=0 session_con=0 session_samples=0 cur_verts=2871 candidate_verts=0
a,2144,EVIDENCE,70,,EVIDENCE inst=70 inherited_support=0 inherited_contradiction=992 session_support=0 session_contradiction=0 inherited_absent_flag=0 cur_verts=2871 observed_verts=0
a,2145,STATE_EVIDENCE_WINDOW,71,,STATE_EVIDENCE_WINDOW inst=71 after=16433333333 latest_measured_support=0 through=65566666667 projected=1 support=0 contradiction=325 reliable=55 reliable_in_view=12 reliable_seen_through=12 absence_llr=0 absent_samples=28 total_samples=82 absence_coverage_sufficient=0
a,2146,STATE_SLICE,71,65566666667,STATE_SLICE inst=71 stamp=65566666667 inherited_sup=0 inherited_con=325 inherited_samples=82 inherited_supported=0 inherited_free=301 inherited_repl_other=0 inherited_repl_bg=24 inherited_occ=2670 inherited_unobs=0 session_sup=0 session_con=0 session_samples=0 cur_verts=2145 candidate_verts=0
a,2147,EVIDENCE,71,,EVIDENCE inst=71 inherited_support=0 inherited_contradiction=325 session_support=0 session_contradiction=0 inherited_absent_flag=0 cur_verts=2145 observed_verts=0
a,2148,STATE_EVIDENCE_WINDOW,72,,STATE_EVIDENCE_WINDOW inst=72 after=54733333333 latest_measured_support=65566666667 through=65566666667 projected=1 support=1374 contradiction=153 reliable=609 reliable_in_view=587 reliable_seen_through=1 absence_llr=0 absent_samples=11 total_samples=91 absence_coverage_sufficient=0
a,2149,STATE_SLICE,72,65566666667,STATE_SLICE inst=72 stamp=65566666667 inherited_sup=1374 inherited_con=153 inherited_samples=91 inherited_supported=1375 inherited_free=107 inherited_repl_other=40 inherited_repl_bg=6 inherited_occ=52 inherited_unobs=1 session_sup=0 session_con=0 session_samples=0 cur_verts=2739 candidate_verts=0
a,2150,EVIDENCE,72,,EVIDENCE inst=72 inherited_support=1374 inherited_contradiction=153 session_support=0 session_contradiction=0 inherited_absent_flag=0 cur_verts=2739 observed_verts=0
a,2151,MOBILITY_PRIOR,72,,MOBILITY_PRIOR inst=72 session=0 class=9 changes=0 continuations=0 alpha=1.5 beta=0.5 q=0.75
a,2152,TOP_ABSORB_POSTERIOR,72,,TOP_ABSORB_POSTERIOR inst=72 measurement=confirmed_current change_prior=0.75 geometry_factor_or_bound=1 geometry_evaluated=0 candidate_vertices=0 effective_cells=0 off_share=unmeasured legacy_same_site=0 absorb=0
a,2153,MOBILITY_PRIOR,72,,MOBILITY_PRIOR inst=72 session=0 class=9 changes=0 continuations=0 alpha=1.5 beta=0.5 q=0.75
a,2154,TOP_ABSORB,72,,TOP_ABSORB inst=72 geom=0 support=1374 high_mobility=1 absorb=0
a,2155,STATE_EVIDENCE_WINDOW,88,,STATE_EVIDENCE_WINDOW inst=88 after=16033333333 latest_measured_support=0 through=65566666667 projected=0 support=0 contradiction=0 reliable=158 reliable_in_view=0 reliable_seen_through=0 absence_llr=0 absent_samples=0 total_samples=245 absence_coverage_sufficient=0
a,2156,STATE_SLICE,88,65566666667,STATE_SLICE inst=88 stamp=65566666667 inherited_sup=0 inherited_con=0 inherited_samples=245 inherited_supported=0 inherited_free=0 inherited_repl_other=0 inherited_repl_bg=0 inherited_occ=0 inherited_unobs=245 session_sup=0 session_con=0 session_samples=0 cur_verts=735 candidate_verts=0
a,2157,EVIDENCE,88,,EVIDENCE inst=88 inherited_support=0 inherited_contradiction=0 session_support=0 session_contradiction=0 inherited_absent_flag=0 cur_verts=735 observed_verts=0
a,2158,STATE_EVIDENCE_WINDOW,89,,STATE_EVIDENCE_WINDOW inst=89 after=51266666667 latest_measured_support=56033333333 through=65566666667 projected=0 support=1 contradiction=0 reliable=1090 reliable_in_view=976 reliable_seen_through=3 absence_llr=0 absent_samples=0 total_samples=3008 absence_coverage_sufficient=0
a,2159,STATE_SLICE,89,65566666667,STATE_SLICE inst=89 stamp=65566666667 inherited_sup=1 inherited_con=0 inherited_samples=3008 inherited_supported=9 inherited_free=0 inherited_repl_other=0 inherited_repl_bg=0 inherited_occ=2158 inherited_unobs=5 session_sup=0 session_con=0 session_samples=0 cur_verts=9024 candidate_verts=0
a,2160,EVIDENCE,89,,EVIDENCE inst=89 inherited_support=1 inherited_contradiction=0 session_support=0 session_contradiction=0 inherited_absent_flag=0 cur_verts=9024 observed_verts=0
a,2161,MOBILITY_PRIOR,89,,MOBILITY_PRIOR inst=89 session=0 class=15 changes=0 continuations=0 alpha=1.5 beta=0.5 q=0.75
a,2162,TOP_ABSORB_POSTERIOR,89,,TOP_ABSORB_POSTERIOR inst=89 measurement=confirmed_current change_prior=0.75 geometry_factor_or_bound=1 geometry_evaluated=0 candidate_vertices=0 effective_cells=0 off_share=unmeasured legacy_same_site=0 absorb=0
a,2163,MOBILITY_PRIOR,89,,MOBILITY_PRIOR inst=89 session=0 class=15 changes=0 continuations=0 alpha=1.5 beta=0.5 q=0.75
a,2164,TOP_ABSORB,89,,TOP_ABSORB inst=89 geom=0 support=1 high_mobility=1 absorb=0
a,2165,STATE_EVIDENCE_WINDOW,109,,STATE_EVIDENCE_WINDOW inst=109 after=7400000000 latest_measured_support=0 through=65566666667 projected=0 support=0 contradiction=0 reliable=787 reliable_in_view=0 reliable_seen_through=0 absence_llr=0 absent_samples=0 total_samples=2435 absence_coverage_sufficient=0
a,2166,STATE_SLICE,109,65566666667,STATE_SLICE inst=109 stamp=65566666667 inherited_sup=0 inherited_con=0 inherited_samples=2435 inherited_supported=0 inherited_free=0 inherited_repl_other=0 inherited_repl_bg=0 inherited_occ=0 inherited_unobs=2435 session_sup=0 session_con=0 session_samples=0 cur_verts=7305 candidate_verts=0
a,2167,EVIDENCE,109,,EVIDENCE inst=109 inherited_support=0 inherited_contradiction=0 session_support=0 session_contradiction=0 inherited_absent_flag=0 cur_verts=7305 observed_verts=0
a,2168,STATE_EVIDENCE_WINDOW,112,,STATE_EVIDENCE_WINDOW inst=112 after=16400000000 latest_measured_support=57766666667 through=65566666667 projected=0 support=183 contradiction=0 reliable=889 reliable_in_view=883 reliable_seen_through=1 absence_llr=0 absent_samples=0 total_samples=905 absence_coverage_sufficient=0
a,2169,STATE_SLICE,112,65566666667,STATE_SLICE inst=112 stamp=65566666667 inherited_sup=183 inherited_con=0 inherited_samples=905 inherited_supported=2640 inherited_free=0 inherited_repl_other=0 inherited_repl_bg=0 inherited_occ=0 inherited_unobs=0 session_sup=0 session_con=0 session_samples=0 cur_verts=2715 candidate_verts=0
a,2170,EVIDENCE,112,,EVIDENCE inst=112 inherited_support=183 inherited_contradiction=0 session_support=0 session_contradiction=0 inherited_absent_flag=0 cur_verts=2715 observed_verts=0
a,2171,MOBILITY_PRIOR,112,,MOBILITY_PRIOR inst=112 session=0 class=20 changes=0 continuations=0 alpha=0.5 beta=1.5 q=0.25
a,2172,TOP_ABSORB_POSTERIOR,112,,TOP_ABSORB_POSTERIOR inst=112 measurement=confirmed_current change_prior=0.25 geometry_factor_or_bound=1 geometry_evaluated=0 candidate_vertices=0 effective_cells=0 off_share=unmeasured legacy_same_site=1 absorb=1
a,2173,MOBILITY_PRIOR,112,,MOBILITY_PRIOR inst=112 session=0 class=20 changes=0 continuations=0 alpha=0.5 beta=1.5 q=0.25
a,2174,TOP_ABSORB,112,,TOP_ABSORB inst=112 geom=0 support=183 high_mobility=0 absorb=1
a,2175,STATE_EVIDENCE_WINDOW,121,,STATE_EVIDENCE_WINDOW inst=121 after=49166666667 latest_measured_support=0 through=65566666667 projected=0 support=0 contradiction=0 reliable=6 reliable_in_view=0 reliable_seen_through=0 absence_llr=0.28449 absent_samples=0 total_samples=146 absence_coverage_sufficient=0
a,2176,STATE_SLICE,121,65566666667,STATE_SLICE inst=121 stamp=65566666667 inherited_sup=0 inherited_con=0 inherited_samples=146 inherited_supported=0 inherited_free=0 inherited_repl_other=0 inherited_repl_bg=0 inherited_occ=0 inherited_unobs=146 session_sup=0 session_con=0 session_samples=0 cur_verts=438 candidate_verts=0
a,2177,EVIDENCE,121,,EVIDENCE inst=121 inherited_support=0 inherited_contradiction=0 session_support=0 session_contradiction=0 inherited_absent_flag=0 cur_verts=438 observed_verts=0
a,2178,STATE_EVIDENCE_WINDOW,126,,STATE_EVIDENCE_WINDOW inst=126 after=3266666667 latest_measured_support=65566666667 through=65566666667 projected=1 support=44 contradiction=3 reliable=90 reliable_in_view=65 reliable_seen_through=1 absence_llr=0 absent_samples=1 total_samples=12 absence_coverage_sufficient=0
a,2179,STATE_SLICE,126,65566666667,STATE_SLICE inst=126 stamp=65566666667 inherited_sup=44 inherited_con=3 inherited_samples=12 inherited_supported=44 inherited_free=3 inherited_repl_other=0 inherited_repl_bg=0 inherited_occ=136 inherited_unobs=0 session_sup=0 session_con=0 session_samples=0 cur_verts=291 candidate_verts=0
a,2180,EVIDENCE,126,,EVIDENCE inst=126 inherited_support=44 inherited_contradiction=3 session_support=0 session_contradiction=0 inherited_absent_flag=0 cur_verts=291 observed_verts=0
a,2181,MOBILITY_PRIOR,126,,MOBILITY_PRIOR inst=126 session=0 class=24 changes=0 continuations=0 alpha=0.5 beta=1.5 q=0.25
a,2182,TOP_ABSORB_POSTERIOR,126,,TOP_ABSORB_POSTERIOR inst=126 measurement=confirmed_current change_prior=0.25 geometry_factor_or_bound=1 geometry_evaluated=0 candidate_vertices=0 effective_cells=0 off_share=unmeasured legacy_same_site=1 absorb=1
a,2183,MOBILITY_PRIOR,126,,MOBILITY_PRIOR inst=126 session=0 class=24 changes=0 continuations=0 alpha=0.5 beta=1.5 q=0.25
a,2184,TOP_ABSORB,126,,TOP_ABSORB inst=126 geom=0 support=44 high_mobility=0 absorb=1
a,2185,STATE_EVIDENCE_WINDOW,128,,STATE_EVIDENCE_WINDOW inst=128 after=17533333333 latest_measured_support=0 through=65566666667 projected=0 support=0 contradiction=0 reliable=49 reliable_in_view=0 reliable_seen_through=0 absence_llr=0 absent_samples=0 total_samples=109 absence_coverage_sufficient=0
a,2186,STATE_SLICE,128,65566666667,STATE_SLICE inst=128 stamp=65566666667 inherited_sup=0 inherited_con=0 inherited_samples=109 inherited_supported=0 inherited_free=0 inherited_repl_other=0 inherited_repl_bg=0 inherited_occ=0 inherited_unobs=0 session_sup=0 session_con=0 session_samples=0 cur_verts=327 candidate_verts=0
a,2187,EVIDENCE,128,,EVIDENCE inst=128 inherited_support=0 inherited_contradiction=0 session_support=0 session_contradiction=0 inherited_absent_flag=0 cur_verts=327 observed_verts=0
a,2188,STATE_EVIDENCE_WINDOW,132,,STATE_EVIDENCE_WINDOW inst=132 after=16900000000 latest_measured_support=0 through=65566666667 projected=0 support=0 contradiction=0 reliable=27 reliable_in_view=0 reliable_seen_through=0 absence_llr=0 absent_samples=0 total_samples=61 absence_coverage_sufficient=0
a,2189,STATE_SLICE,132,65566666667,STATE_SLICE inst=132 stamp=65566666667 inherited_sup=0 inherited_con=0 inherited_samples=61 inherited_supported=0 inherited_free=0 inherited_repl_other=0 inherited_repl_bg=0 inherited_occ=0 inherited_unobs=61 session_sup=0 session_con=0 session_samples=0 cur_verts=183 candidate_verts=0
a,2190,EVIDENCE,132,,EVIDENCE inst=132 inherited_support=0 inherited_contradiction=0 session_support=0 session_contradiction=0 inherited_absent_flag=0 cur_verts=183 observed_verts=0
a,2191,STATE_EVIDENCE_WINDOW,135,,STATE_EVIDENCE_WINDOW inst=135 after=44533333333 latest_measured_support=0 through=65566666667 projected=0 support=0 contradiction=0 reliable=659 reliable_in_view=0 reliable_seen_through=0 absence_llr=0 absent_samples=0 total_samples=1371 absence_coverage_sufficient=0
a,2192,STATE_SLICE,135,65566666667,STATE_SLICE inst=135 stamp=65566666667 inherited_sup=0 inherited_con=0 inherited_samples=1371 inherited_supported=0 inherited_free=0 inherited_repl_other=0 inherited_repl_bg=0 inherited_occ=0 inherited_unobs=1371 session_sup=0 session_con=0 session_samples=0 cur_verts=4113 candidate_verts=0
a,2193,EVIDENCE,135,,EVIDENCE inst=135 inherited_support=0 inherited_contradiction=0 session_support=0 session_contradiction=0 inherited_absent_flag=0 cur_verts=4113 observed_verts=0
a,2194,STATE_EVIDENCE_WINDOW,136,,STATE_EVIDENCE_WINDOW inst=136 after=53433333333 latest_measured_support=0 through=65566666667 projected=0 support=0 contradiction=0 reliable=995 reliable_in_view=0 reliable_seen_through=0 absence_llr=0 absent_samples=0 total_samples=1812 absence_coverage_sufficient=0
a,2195,STATE_SLICE,136,65566666667,STATE_SLICE inst=136 stamp=65566666667 inherited_sup=0 inherited_con=0 inherited_samples=1812 inherited_supported=0 inherited_free=0 inherited_repl_other=0 inherited_repl_bg=0 inherited_occ=0 inherited_unobs=1812 session_sup=0 session_con=0 session_samples=0 cur_verts=5436 candidate_verts=0
a,2196,EVIDENCE,136,,EVIDENCE inst=136 inherited_support=0 inherited_contradiction=0 session_support=0 session_contradiction=0 inherited_absent_flag=0 cur_verts=5436 observed_verts=0
a,2197,STATE_EVIDENCE_WINDOW,141,,STATE_EVIDENCE_WINDOW inst=141 after=47700000000 latest_measured_support=0 through=65566666667 projected=0 support=0 contradiction=0 reliable=247 reliable_in_view=0 reliable_seen_through=0 absence_llr=0 absent_samples=0 total_samples=787 absence_coverage_sufficient=0
a,2198,STATE_SLICE,141,65566666667,STATE_SLICE inst=141 stamp=65566666667 inherited_sup=0 inherited_con=0 inherited_samples=787 inherited_supported=0 inherited_free=0 inherited_repl_other=0 inherited_repl_bg=0 inherited_occ=0 inherited_unobs=787 session_sup=0 session_con=0 session_samples=0 cur_verts=2361 candidate_verts=0
a,2199,EVIDENCE,141,,EVIDENCE inst=141 inherited_support=0 inherited_contradiction=0 session_support=0 session_contradiction=0 inherited_absent_flag=0 cur_verts=2361 observed_verts=0
a,2200,STATE_EVIDENCE_WINDOW,142,,STATE_EVIDENCE_WINDOW inst=142 after=47066666667 latest_measured_support=0 through=65566666667 projected=0 support=0 contradiction=0 reliable=242 reliable_in_view=0 reliable_seen_through=0 absence_llr=0 absent_samples=0 total_samples=748 absence_coverage_sufficient=0
a,2201,STATE_SLICE,142,65566666667,STATE_SLICE inst=142 stamp=65566666667 inherited_sup=0 inherited_con=0 inherited_samples=748 inherited_supported=0 inherited_free=0 inherited_repl_other=0 inherited_repl_bg=0 inherited_occ=0 inherited_unobs=748 session_sup=0 session_con=0 session_samples=0 cur_verts=2244 candidate_verts=0
a,2202,EVIDENCE,142,,EVIDENCE inst=142 inherited_support=0 inherited_contradiction=0 session_support=0 session_contradiction=0 inherited_absent_flag=0 cur_verts=2244 observed_verts=0
a,2203,STATE_EVIDENCE_WINDOW,143,,STATE_EVIDENCE_WINDOW inst=143 after=47766666667 latest_measured_support=0 through=65566666667 projected=0 support=0 contradiction=0 reliable=256 reliable_in_view=0 reliable_seen_through=0 absence_llr=0 absent_samples=0 total_samples=733 absence_coverage_sufficient=0
a,2204,STATE_SLICE,143,65566666667,STATE_SLICE inst=143 stamp=65566666667 inherited_sup=0 inherited_con=0 inherited_samples=733 inherited_supported=0 inherited_free=0 inherited_repl_other=0 inherited_repl_bg=0 inherited_occ=0 inherited_unobs=733 session_sup=0 session_con=0 session_samples=0 cur_verts=2199 candidate_verts=0
a,2205,EVIDENCE,143,,EVIDENCE inst=143 inherited_support=0 inherited_contradiction=0 session_support=0 session_contradiction=0 inherited_absent_flag=0 cur_verts=2199 observed_verts=0
a,2206,STATE_EVIDENCE_WINDOW,144,,STATE_EVIDENCE_WINDOW inst=144 after=47133333333 latest_measured_support=0 through=65566666667 projected=0 support=0 contradiction=0 reliable=192 reliable_in_view=0 reliable_seen_through=0 absence_llr=0 absent_samples=0 total_samples=651 absence_coverage_sufficient=0
a,2207,STATE_SLICE,144,65566666667,STATE_SLICE inst=144 stamp=65566666667 inherited_sup=0 inherited_con=0 inherited_samples=651 inherited_supported=0 inherited_free=0 inherited_repl_other=0 inherited_repl_bg=0 inherited_occ=0 inherited_unobs=651 session_sup=0 session_con=0 session_samples=0 cur_verts=1953 candidate_verts=0
a,2208,EVIDENCE,144,,EVIDENCE inst=144 inherited_support=0 inherited_contradiction=0 session_support=0 session_contradiction=0 inherited_absent_flag=0 cur_verts=1953 observed_verts=0
a,2209,STATE_EVIDENCE_WINDOW,145,,STATE_EVIDENCE_WINDOW inst=145 after=47166666667 latest_measured_support=0 through=65566666667 projected=0 support=0 contradiction=0 reliable=5 reliable_in_view=0 reliable_seen_through=0 absence_llr=0 absent_samples=0 total_samples=33 absence_coverage_sufficient=0
a,2210,STATE_SLICE,145,65566666667,STATE_SLICE inst=145 stamp=65566666667 inherited_sup=0 inherited_con=0 inherited_samples=33 inherited_supported=0 inherited_free=0 inherited_repl_other=0 inherited_repl_bg=0 inherited_occ=0 inherited_unobs=33 session_sup=0 session_con=0 session_samples=0 cur_verts=99 candidate_verts=0
a,2211,EVIDENCE,145,,EVIDENCE inst=145 inherited_support=0 inherited_contradiction=0 session_support=0 session_contradiction=0 inherited_absent_flag=0 cur_verts=99 observed_verts=0
a,2212,STATE_EVIDENCE_WINDOW,146,,STATE_EVIDENCE_WINDOW inst=146 after=47800000000 latest_measured_support=0 through=65566666667 projected=0 support=0 contradiction=0 reliable=0 reliable_in_view=0 reliable_seen_through=0 absence_llr=0 absent_samples=0 total_samples=20 absence_coverage_sufficient=0
a,2213,STATE_SLICE,146,65566666667,STATE_SLICE inst=146 stamp=65566666667 inherited_sup=0 inherited_con=0 inherited_samples=20 inherited_supported=0 inherited_free=0 inherited_repl_other=0 inherited_repl_bg=0 inherited_occ=0 inherited_unobs=20 session_sup=0 session_con=0 session_samples=0 cur_verts=60 candidate_verts=0
a,2214,EVIDENCE,146,,EVIDENCE inst=146 inherited_support=0 inherited_contradiction=0 session_support=0 session_contradiction=0 inherited_absent_flag=0 cur_verts=60 observed_verts=0
a,2215,STATE_EVIDENCE_WINDOW,147,,STATE_EVIDENCE_WINDOW inst=147 after=8400000000 latest_measured_support=0 through=65566666667 projected=0 support=0 contradiction=0 reliable=135 reliable_in_view=0 reliable_seen_through=0 absence_llr=0 absent_samples=0 total_samples=199 absence_coverage_sufficient=0
a,2216,STATE_SLICE,147,65566666667,STATE_SLICE inst=147 stamp=65566666667 inherited_sup=0 inherited_con=0 inherited_samples=199 inherited_supported=0 inherited_free=0 inherited_repl_other=0 inherited_repl_bg=0 inherited_occ=0 inherited_unobs=199 session_sup=0 session_con=0 session_samples=0 cur_verts=597 candidate_verts=0
a,2217,EVIDENCE,147,,EVIDENCE inst=147 inherited_support=0 inherited_contradiction=0 session_support=0 session_contradiction=0 inherited_absent_flag=0 cur_verts=597 observed_verts=0
a,2218,STATE_EVIDENCE_WINDOW,148,,STATE_EVIDENCE_WINDOW inst=148 after=8400000000 latest_measured_support=0 through=65566666667 projected=0 support=0 contradiction=0 reliable=116 reliable_in_view=0 reliable_seen_through=0 absence_llr=0 absent_samples=0 total_samples=167 absence_coverage_sufficient=0
a,2219,STATE_SLICE,148,65566666667,STATE_SLICE inst=148 stamp=65566666667 inherited_sup=0 inherited_con=0 inherited_samples=167 inherited_supported=0 inherited_free=0 inherited_repl_other=0 inherited_repl_bg=0 inherited_occ=0 inherited_unobs=167 session_sup=0 session_con=0 session_samples=0 cur_verts=501 candidate_verts=0
a,2220,EVIDENCE,148,,EVIDENCE inst=148 inherited_support=0 inherited_contradiction=0 session_support=0 session_contradiction=0 inherited_absent_flag=0 cur_verts=501 observed_verts=0
a,2221,STATE_EVIDENCE_WINDOW,149,,STATE_EVIDENCE_WINDOW inst=149 after=8833333333 latest_measured_support=0 through=65566666667 projected=0 support=0 contradiction=0 reliable=261 reliable_in_view=0 reliable_seen_through=0 absence_llr=0 absent_samples=0 total_samples=582 absence_coverage_sufficient=0
a,2222,STATE_SLICE,149,65566666667,STATE_SLICE inst=149 stamp=65566666667 inherited_sup=0 inherited_con=0 inherited_samples=582 inherited_supported=0 inherited_free=0 inherited_repl_other=0 inherited_repl_bg=0 inherited_occ=0 inherited_unobs=582 session_sup=0 session_con=0 session_samples=0 cur_verts=1746 candidate_verts=0
a,2223,EVIDENCE,149,,EVIDENCE inst=149 inherited_support=0 inherited_contradiction=0 session_support=0 session_contradiction=0 inherited_absent_flag=0 cur_verts=1746 observed_verts=0
a,2224,STATE_EVIDENCE_WINDOW,153,,STATE_EVIDENCE_WINDOW inst=153 after=16900000000 latest_measured_support=0 through=65566666667 projected=0 support=0 contradiction=0 reliable=520 reliable_in_view=0 reliable_seen_through=0 absence_llr=0 absent_samples=0 total_samples=577 absence_coverage_sufficient=0
a,2225,STATE_SLICE,153,65566666667,STATE_SLICE inst=153 stamp=65566666667 inherited_sup=0 inherited_con=0 inherited_samples=577 inherited_supported=0 inherited_free=0 inherited_repl_other=0 inherited_repl_bg=0 inherited_occ=0 inherited_unobs=577 session_sup=0 session_con=0 session_samples=0 cur_verts=1731 candidate_verts=0
a,2226,EVIDENCE,153,,EVIDENCE inst=153 inherited_support=0 inherited_contradiction=0 session_support=0 session_contradiction=0 inherited_absent_flag=0 cur_verts=1731 observed_verts=0
a,2227,STATE_EVIDENCE_WINDOW,155,,STATE_EVIDENCE_WINDOW inst=155 after=17966666667 latest_measured_support=0 through=65566666667 projected=0 support=0 contradiction=0 reliable=603 reliable_in_view=0 reliable_seen_through=0 absence_llr=0 absent_samples=0 total_samples=3120 absence_coverage_sufficient=0
a,2228,STATE_SLICE,155,65566666667,STATE_SLICE inst=155 stamp=65566666667 inherited_sup=0 inherited_con=0 inherited_samples=3120 inherited_supported=0 inherited_free=0 inherited_repl_other=0 inherited_repl_bg=0 inherited_occ=0 inherited_unobs=3120 session_sup=0 session_con=0 session_samples=0 cur_verts=9360 candidate_verts=0
a,2229,EVIDENCE,155,,EVIDENCE inst=155 inherited_support=0 inherited_contradiction=0 session_support=0 session_contradiction=0 inherited_absent_flag=0 cur_verts=9360 observed_verts=0
a,2230,STATE_EVIDENCE_WINDOW,156,,STATE_EVIDENCE_WINDOW inst=156 after=8933333333 latest_measured_support=0 through=65566666667 projected=0 support=0 contradiction=0 reliable=1212 reliable_in_view=0 reliable_seen_through=0 absence_llr=0 absent_samples=0 total_samples=1659 absence_coverage_sufficient=0
a,2231,STATE_SLICE,156,65566666667,STATE_SLICE inst=156 stamp=65566666667 inherited_sup=0 inherited_con=0 inherited_samples=1659 inherited_supported=0 inherited_free=0 inherited_repl_other=0 inherited_repl_bg=0 inherited_occ=0 inherited_unobs=1659 session_sup=0 session_con=0 session_samples=0 cur_verts=4977 candidate_verts=0
a,2232,EVIDENCE,156,,EVIDENCE inst=156 inherited_support=0 inherited_contradiction=0 session_support=0 session_contradiction=0 inherited_absent_flag=0 cur_verts=4977 observed_verts=0
a,2233,STATE_EVIDENCE_WINDOW,161,,STATE_EVIDENCE_WINDOW inst=161 after=7633333333 latest_measured_support=0 through=65566666667 projected=0 support=0 contradiction=0 reliable=175 reliable_in_view=0 reliable_seen_through=0 absence_llr=0 absent_samples=0 total_samples=233 absence_coverage_sufficient=0
a,2234,STATE_SLICE,161,65566666667,STATE_SLICE inst=161 stamp=65566666667 inherited_sup=0 inherited_con=0 inherited_samples=233 inherited_supported=0 inherited_free=0 inherited_repl_other=0 inherited_repl_bg=0 inherited_occ=0 inherited_unobs=233 session_sup=0 session_con=0 session_samples=0 cur_verts=699 candidate_verts=0
a,2235,EVIDENCE,161,,EVIDENCE inst=161 inherited_support=0 inherited_contradiction=0 session_support=0 session_contradiction=0 inherited_absent_flag=0 cur_verts=699 observed_verts=0
a,2236,STATE_EVIDENCE_WINDOW,162,,STATE_EVIDENCE_WINDOW inst=162 after=7733333333 latest_measured_support=0 through=65566666667 projected=0 support=0 contradiction=0 reliable=132 reliable_in_view=0 reliable_seen_through=0 absence_llr=0 absent_samples=0 total_samples=156 absence_coverage_sufficient=0
a,2237,STATE_SLICE,162,65566666667,STATE_SLICE inst=162 stamp=65566666667 inherited_sup=0 inherited_con=0 inherited_samples=156 inherited_supported=0 inherited_free=0 inherited_repl_other=0 inherited_repl_bg=0 inherited_occ=0 inherited_unobs=156 session_sup=0 session_con=0 session_samples=0 cur_verts=468 candidate_verts=0
a,2238,EVIDENCE,162,,EVIDENCE inst=162 inherited_support=0 inherited_contradiction=0 session_support=0 session_contradiction=0 inherited_absent_flag=0 cur_verts=468 observed_verts=0
a,2239,STATE_EVIDENCE_WINDOW,163,,STATE_EVIDENCE_WINDOW inst=163 after=16300000000 latest_measured_support=65566666667 through=65566666667 projected=1 support=258 contradiction=43 reliable=564 reliable_in_view=356 reliable_seen_through=6 absence_llr=0 absent_samples=14 total_samples=107 absence_coverage_sufficient=0
a,2240,STATE_SLICE,163,65566666667,STATE_SLICE inst=163 stamp=65566666667 inherited_sup=258 inherited_con=43 inherited_samples=107 inherited_supported=258 inherited_free=33 inherited_repl_other=3 inherited_repl_bg=7 inherited_occ=1569 inherited_unobs=0 session_sup=0 session_con=0 session_samples=0 cur_verts=3252 candidate_verts=0
a,2241,EVIDENCE,163,,EVIDENCE inst=163 inherited_support=258 inherited_contradiction=43 session_support=0 session_contradiction=0 inherited_absent_flag=0 cur_verts=3252 observed_verts=0
a,2242,MOBILITY_PRIOR,163,,MOBILITY_PRIOR inst=163 session=0 class=35 changes=0 continuations=0 alpha=1.5 beta=0.5 q=0.75
a,2243,TOP_ABSORB_POSTERIOR,163,,TOP_ABSORB_POSTERIOR inst=163 measurement=confirmed_current change_prior=0.75 geometry_factor_or_bound=1 geometry_evaluated=0 candidate_vertices=0 effective_cells=0 off_share=unmeasured legacy_same_site=0 absorb=0
a,2244,MOBILITY_PRIOR,163,,MOBILITY_PRIOR inst=163 session=0 class=35 changes=0 continuations=0 alpha=1.5 beta=0.5 q=0.75
a,2245,TOP_ABSORB,163,,TOP_ABSORB inst=163 geom=0 support=258 high_mobility=1 absorb=0
a,2246,STATE_EVIDENCE_WINDOW,164,,STATE_EVIDENCE_WINDOW inst=164 after=6333333333 latest_measured_support=0 through=65566666667 projected=0 support=0 contradiction=0 reliable=199 reliable_in_view=0 reliable_seen_through=0 absence_llr=0 absent_samples=0 total_samples=450 absence_coverage_sufficient=0
a,2247,STATE_SLICE,164,65566666667,STATE_SLICE inst=164 stamp=65566666667 inherited_sup=0 inherited_con=0 inherited_samples=450 inherited_supported=0 inherited_free=0 inherited_repl_other=0 inherited_repl_bg=0 inherited_occ=0 inherited_unobs=450 session_sup=0 session_con=0 session_samples=0 cur_verts=1350 candidate_verts=0
a,2248,EVIDENCE,164,,EVIDENCE inst=164 inherited_support=0 inherited_contradiction=0 session_support=0 session_contradiction=0 inherited_absent_flag=0 cur_verts=1350 observed_verts=0
a,2249,STATE_EVIDENCE_WINDOW,165,,STATE_EVIDENCE_WINDOW inst=165 after=48166666667 latest_measured_support=0 through=65566666667 projected=0 support=0 contradiction=0 reliable=136 reliable_in_view=0 reliable_seen_through=0 absence_llr=0 absent_samples=0 total_samples=457 absence_coverage_sufficient=0
a,2250,STATE_SLICE,165,65566666667,STATE_SLICE inst=165 stamp=65566666667 inherited_sup=0 inherited_con=0 inherited_samples=457 inherited_supported=0 inherited_free=0 inherited_repl_other=0 inherited_repl_bg=0 inherited_occ=0 inherited_unobs=457 session_sup=0 session_con=0 session_samples=0 cur_verts=1371 candidate_verts=0
a,2251,EVIDENCE,165,,EVIDENCE inst=165 inherited_support=0 inherited_contradiction=0 session_support=0 session_contradiction=0 inherited_absent_flag=0 cur_verts=1371 observed_verts=0
a,2252,STATE_EVIDENCE_WINDOW,166,,STATE_EVIDENCE_WINDOW inst=166 after=44733333333 latest_measured_support=0 through=65566666667 projected=0 support=0 contradiction=0 reliable=193 reliable_in_view=0 reliable_seen_through=0 absence_llr=0 absent_samples=0 total_samples=599 absence_coverage_sufficient=0
a,2253,STATE_SLICE,166,65566666667,STATE_SLICE inst=166 stamp=65566666667 inherited_sup=0 inherited_con=0 inherited_samples=599 inherited_supported=0 inherited_free=0 inherited_repl_other=0 inherited_repl_bg=0 inherited_occ=0 inherited_unobs=599 session_sup=0 session_con=0 session_samples=0 cur_verts=1797 candidate_verts=0
a,2254,EVIDENCE,166,,EVIDENCE inst=166 inherited_support=0 inherited_contradiction=0 session_support=0 session_contradiction=0 inherited_absent_flag=0 cur_verts=1797 observed_verts=0
a,2255,STATE_EVIDENCE_WINDOW,167,,STATE_EVIDENCE_WINDOW inst=167 after=7700000000 latest_measured_support=0 through=65566666667 projected=0 support=0 contradiction=0 reliable=211 reliable_in_view=0 reliable_seen_through=0 absence_llr=0 absent_samples=0 total_samples=343 absence_coverage_sufficient=0
a,2256,STATE_SLICE,167,65566666667,STATE_SLICE inst=167 stamp=65566666667 inherited_sup=0 inherited_con=0 inherited_samples=343 inherited_supported=0 inherited_free=0 inherited_repl_other=0 inherited_repl_bg=0 inherited_occ=0 inherited_unobs=343 session_sup=0 session_con=0 session_samples=0 cur_verts=1029 candidate_verts=0
a,2257,EVIDENCE,167,,EVIDENCE inst=167 inherited_support=0 inherited_contradiction=0 session_support=0 session_contradiction=0 inherited_absent_flag=0 cur_verts=1029 observed_verts=0
a,2258,STATE_EVIDENCE_WINDOW,171,,STATE_EVIDENCE_WINDOW inst=171 after=18666666667 latest_measured_support=0 through=65566666667 projected=0 support=0 contradiction=0 reliable=780 reliable_in_view=0 reliable_seen_through=0 absence_llr=0 absent_samples=0 total_samples=1371 absence_coverage_sufficient=0
a,2259,STATE_SLICE,171,65566666667,STATE_SLICE inst=171 stamp=65566666667 inherited_sup=0 inherited_con=0 inherited_samples=1371 inherited_supported=0 inherited_free=0 inherited_repl_other=0 inherited_repl_bg=0 inherited_occ=0 inherited_unobs=1371 session_sup=0 session_con=0 session_samples=0 cur_verts=4113 candidate_verts=0
a,2260,EVIDENCE,171,,EVIDENCE inst=171 inherited_support=0 inherited_contradiction=0 session_support=0 session_contradiction=0 inherited_absent_flag=0 cur_verts=4113 observed_verts=0
a,2261,STATE_EVIDENCE_WINDOW,172,,STATE_EVIDENCE_WINDOW inst=172 after=49200000000 latest_measured_support=0 through=65566666667 projected=0 support=0 contradiction=0 reliable=719 reliable_in_view=0 reliable_seen_through=0 absence_llr=0 absent_samples=0 total_samples=1554 absence_coverage_sufficient=0
a,2262,STATE_SLICE,172,65566666667,STATE_SLICE inst=172 stamp=65566666667 inherited_sup=0 inherited_con=0 inherited_samples=1554 inherited_supported=0 inherited_free=0 inherited_repl_other=0 inherited_repl_bg=0 inherited_occ=0 inherited_unobs=1554 session_sup=0 session_con=0 session_samples=0 cur_verts=4662 candidate_verts=0
a,2263,EVIDENCE,172,,EVIDENCE inst=172 inherited_support=0 inherited_contradiction=0 session_support=0 session_contradiction=0 inherited_absent_flag=0 cur_verts=4662 observed_verts=0
a,2264,STATE_EVIDENCE_WINDOW,173,,STATE_EVIDENCE_WINDOW inst=173 after=7066666667 latest_measured_support=0 through=65566666667 projected=0 support=0 contradiction=0 reliable=317 reliable_in_view=0 reliable_seen_through=0 absence_llr=0 absent_samples=0 total_samples=384 absence_coverage_sufficient=0
a,2265,STATE_SLICE,173,65566666667,STATE_SLICE inst=173 stamp=65566666667 inherited_sup=0 inherited_con=0 inherited_samples=384 inherited_supported=0 inherited_free=0 inherited_repl_other=0 inherited_repl_bg=0 inherited_occ=0 inherited_unobs=384 session_sup=0 session_con=0 session_samples=0 cur_verts=1152 candidate_verts=0
a,2266,EVIDENCE,173,,EVIDENCE inst=173 inherited_support=0 inherited_contradiction=0 session_support=0 session_contradiction=0 inherited_absent_flag=0 cur_verts=1152 observed_verts=0
a,2267,STATE_EVIDENCE_WINDOW,174,,STATE_EVIDENCE_WINDOW inst=174 after=6633333333 latest_measured_support=0 through=65566666667 projected=0 support=0 contradiction=0 reliable=299 reliable_in_view=0 reliable_seen_through=0 absence_llr=0 absent_samples=0 total_samples=368 absence_coverage_sufficient=0
a,2268,STATE_SLICE,174,65566666667,STATE_SLICE inst=174 stamp=65566666667 inherited_sup=0 inherited_con=0 inherited_samples=368 inherited_supported=0 inherited_free=0 inherited_repl_other=0 inherited_repl_bg=0 inherited_occ=0 inherited_unobs=368 session_sup=0 session_con=0 session_samples=0 cur_verts=1104 candidate_verts=0
a,2269,EVIDENCE,174,,EVIDENCE inst=174 inherited_support=0 inherited_contradiction=0 session_support=0 session_contradiction=0 inherited_absent_flag=0 cur_verts=1104 observed_verts=0
a,2270,STATE_EVIDENCE_WINDOW,175,,STATE_EVIDENCE_WINDOW inst=175 after=6833333333 latest_measured_support=0 through=65566666667 projected=0 support=0 contradiction=0 reliable=197 reliable_in_view=0 reliable_seen_through=0 absence_llr=0 absent_samples=0 total_samples=230 absence_coverage_sufficient=0
a,2271,STATE_SLICE,175,65566666667,STATE_SLICE inst=175 stamp=65566666667 inherited_sup=0 inherited_con=0 inherited_samples=230 inherited_supported=0 inherited_free=0 inherited_repl_other=0 inherited_repl_bg=0 inherited_occ=0 inherited_unobs=230 session_sup=0 session_con=0 session_samples=0 cur_verts=690 candidate_verts=0
a,2272,EVIDENCE,175,,EVIDENCE inst=175 inherited_support=0 inherited_contradiction=0 session_support=0 session_contradiction=0 inherited_absent_flag=0 cur_verts=690 observed_verts=0
a,2273,STATE_EVIDENCE_WINDOW,180,,STATE_EVIDENCE_WINDOW inst=180 after=16833333333 latest_measured_support=0 through=65566666667 projected=0 support=0 contradiction=0 reliable=65 reliable_in_view=0 reliable_seen_through=0 absence_llr=0 absent_samples=0 total_samples=88 absence_coverage_sufficient=0
a,2274,STATE_SLICE,180,65566666667,STATE_SLICE inst=180 stamp=65566666667 inherited_sup=0 inherited_con=0 inherited_samples=88 inherited_supported=0 inherited_free=0 inherited_repl_other=0 inherited_repl_bg=0 inherited_occ=0 inherited_unobs=88 session_sup=0 session_con=0 session_samples=0 cur_verts=264 candidate_verts=0
a,2275,EVIDENCE,180,,EVIDENCE inst=180 inherited_support=0 inherited_contradiction=0 session_support=0 session_contradiction=0 inherited_absent_flag=0 cur_verts=264 observed_verts=0
a,2276,STATE_EVIDENCE_WINDOW,205,,STATE_EVIDENCE_WINDOW inst=205 after=17366666667 latest_measured_support=0 through=65566666667 projected=0 support=0 contradiction=0 reliable=59 reliable_in_view=0 reliable_seen_through=0 absence_llr=0 absent_samples=0 total_samples=184 absence_coverage_sufficient=0
a,2277,STATE_SLICE,205,65566666667,STATE_SLICE inst=205 stamp=65566666667 inherited_sup=0 inherited_con=0 inherited_samples=184 inherited_supported=0 inherited_free=0 inherited_repl_other=0 inherited_repl_bg=0 inherited_occ=0 inherited_unobs=24 session_sup=0 session_con=0 session_samples=0 cur_verts=552 candidate_verts=0
a,2278,EVIDENCE,205,,EVIDENCE inst=205 inherited_support=0 inherited_contradiction=0 session_support=0 session_contradiction=0 inherited_absent_flag=0 cur_verts=552 observed_verts=0
a,2279,INGEST,48,,INGEST inst=48 first=55s seg_verts=3846 cur_verts=6579 observed_verts=0
a,2280,MOBILITY_PRIOR,48,,MOBILITY_PRIOR inst=48 session=0 class=6 changes=0 continuations=0 alpha=1.5 beta=0.5 q=0.75
a,2281,OVERLAP_POSTERIOR,48,,OVERLAP_POSTERIOR inst=48 shared_probability_lower_bound=0.873214 change_prior=0.75 same_state=1
a,2282,EMPTY_INTERVAL_POSTERIOR,48,,EMPTY_INTERVAL_POSTERIOR inst=48 since=55066666667 support=526 judged=733 seen_through=43 measured=1 calibrated_source=1 log_ratio=-0.201788 change_prior=0.75 log_odds=0.896824 empty=0
a,2283,INGEST_DECIDE,48,,INGEST_DECIDE inst=48 same_session_overlap=1 contradicted=0
a,2284,INGEST,51,,INGEST inst=51 first=50s seg_verts=90 cur_verts=38364 observed_verts=0
a,2285,MOBILITY_PRIOR,51,,MOBILITY_PRIOR inst=51 session=0 class=6 changes=0 continuations=0 alpha=1.5 beta=0.5 q=0.75
a,2286,OVERLAP_POSTERIOR,51,,OVERLAP_POSTERIOR inst=51 shared_probability_lower_bound=0.795076 change_prior=0.75 same_state=1
a,2287,EMPTY_INTERVAL_POSTERIOR,51,,EMPTY_INTERVAL_POSTERIOR inst=51 since=50266666667 support=135 judged=1405 seen_through=0 measured=1 calibrated_source=1 log_ratio=-6.55585 change_prior=0.75 log_odds=-5.45724 empty=0
a,2288,INGEST_DECIDE,51,,INGEST_DECIDE inst=51 same_session_overlap=1 contradicted=0
a,2289,INGEST,52,,INGEST inst=52 first=54s seg_verts=13437 cur_verts=11475 observed_verts=0
a,2290,MOBILITY_PRIOR,52,,MOBILITY_PRIOR inst=52 session=0 class=6 changes=0 continuations=0 alpha=1.5 beta=0.5 q=0.75
a,2291,OVERLAP_POSTERIOR,52,,OVERLAP_POSTERIOR inst=52 shared_probability_lower_bound=0.888429 change_prior=0.75 same_state=1
a,2292,EMPTY_INTERVAL_POSTERIOR,52,,EMPTY_INTERVAL_POSTERIOR inst=52 since=54866666667 support=559 judged=986 seen_through=6 measured=1 calibrated_source=1 log_ratio=-2.33818 change_prior=0.75 log_odds=-1.23957 empty=0
a,2293,INGEST_DECIDE,52,,INGEST_DECIDE inst=52 same_session_overlap=1 contradicted=0
a,2294,INGEST,69,,INGEST inst=69 first=54s seg_verts=1908 cur_verts=3225 observed_verts=0
a,2295,MOBILITY_PRIOR,69,,MOBILITY_PRIOR inst=69 session=0 class=9 changes=0 continuations=0 alpha=1.5 beta=0.5 q=0.75
a,2296,OVERLAP_POSTERIOR,69,,OVERLAP_POSTERIOR inst=69 shared_probability_lower_bound=-0 change_prior=0.75 same_state=0
a,2297,INGEST_DECIDE,69,,INGEST_DECIDE inst=69 same_session_overlap=0 contradicted=0
a,2298,INGEST,70,,INGEST inst=70 first=51s seg_verts=132 cur_verts=2871 observed_verts=0
a,2299,MOBILITY_PRIOR,70,,MOBILITY_PRIOR inst=70 session=0 class=9 changes=0 continuations=0 alpha=1.5 beta=0.5 q=0.75
a,2300,OVERLAP_POSTERIOR,70,,OVERLAP_POSTERIOR inst=70 shared_probability_lower_bound=-0 change_prior=0.75 same_state=0
a,2301,INGEST_DECIDE,70,,INGEST_DECIDE inst=70 same_session_overlap=0 contradicted=0
a,2302,INGEST,71,,INGEST inst=71 first=54s seg_verts=2544 cur_verts=2145 observed_verts=0
a,2303,MOBILITY_PRIOR,71,,MOBILITY_PRIOR inst=71 session=0 class=9 changes=0 continuations=0 alpha=1.5 beta=0.5 q=0.75
a,2304,OVERLAP_POSTERIOR,71,,OVERLAP_POSTERIOR inst=71 shared_probability_lower_bound=-0 change_prior=0.75 same_state=0
a,2305,INGEST_DECIDE,71,,INGEST_DECIDE inst=71 same_session_overlap=0 contradicted=0
a,2306,INGEST,89,,INGEST inst=89 first=54s seg_verts=5040 cur_verts=9024 observed_verts=0
a,2307,MOBILITY_PRIOR,89,,MOBILITY_PRIOR inst=89 session=0 class=15 changes=0 continuations=0 alpha=1.5 beta=0.5 q=0.75
a,2308,OVERLAP_POSTERIOR,89,,OVERLAP_POSTERIOR inst=89 shared_probability_lower_bound=0.772184 change_prior=0.75 same_state=1
a,2309,EMPTY_INTERVAL_POSTERIOR,89,,EMPTY_INTERVAL_POSTERIOR inst=89 since=54066666667 support=24 judged=1570 seen_through=3 measured=1 calibrated_source=1 log_ratio=-8.11575 change_prior=0.75 log_odds=-7.01713 empty=0
a,2310,INGEST_DECIDE,89,,INGEST_DECIDE inst=89 same_session_overlap=1 contradicted=0
a,2311,INGEST,126,,INGEST inst=126 first=55s seg_verts=297 cur_verts=291 observed_verts=0
a,2312,MOBILITY_PRIOR,126,,MOBILITY_PRIOR inst=126 session=0 class=24 changes=0 continuations=0 alpha=0.5 beta=1.5 q=0.25
a,2313,OVERLAP_POSTERIOR,126,,OVERLAP_POSTERIOR inst=126 shared_probability_lower_bound=0.474459 change_prior=0.25 same_state=1
a,2314,EMPTY_INTERVAL_POSTERIOR,126,,EMPTY_INTERVAL_POSTERIOR inst=126 since=55466666667 support=44 judged=65 seen_through=1 measured=1 calibrated_source=1 log_ratio=-1.67409 change_prior=0.25 log_odds=-2.7727 empty=0
a,2315,INGEST_DECIDE,126,,INGEST_DECIDE inst=126 same_session_overlap=1 contradicted=0
a,2316,INGEST,136,,INGEST inst=136 first=51s seg_verts=2328 cur_verts=5436 observed_verts=0
a,2317,MOBILITY_PRIOR,136,,MOBILITY_PRIOR inst=136 session=0 class=26 changes=0 continuations=0 alpha=0.5 beta=1.5 q=0.25
a,2318,OVERLAP_POSTERIOR,136,,OVERLAP_POSTERIOR inst=136 shared_probability_lower_bound=0.724859 change_prior=0.25 same_state=1
a,2319,EMPTY_INTERVAL_POSTERIOR,136,,EMPTY_INTERVAL_POSTERIOR inst=136 since=51666666667 support=616 judged=916 seen_through=1 measured=1 calibrated_source=1 log_ratio=-3.5665 change_prior=0.25 log_odds=-4.66511 empty=0
a,2320,INGEST_DECIDE,136,,INGEST_DECIDE inst=136 same_session_overlap=1 contradicted=0
a,2321,INGEST,163,,INGEST inst=163 first=54s seg_verts=1734 cur_verts=3252 observed_verts=0
a,2322,MOBILITY_PRIOR,163,,MOBILITY_PRIOR inst=163 session=0 class=35 changes=0 continuations=0 alpha=1.5 beta=0.5 q=0.75
a,2323,OVERLAP_POSTERIOR,163,,OVERLAP_POSTERIOR inst=163 shared_probability_lower_bound=0.895601 change_prior=0.75 same_state=1
a,2324,EMPTY_INTERVAL_POSTERIOR,163,,EMPTY_INTERVAL_POSTERIOR inst=163 since=54766666667 support=258 judged=356 seen_through=6 measured=1 calibrated_source=1 log_ratio=-1.42566 change_prior=0.75 log_odds=-0.327046 empty=0
a,2325,INGEST_DECIDE,163,,INGEST_DECIDE inst=163 same_session_overlap=1 contradicted=0
a,2326,OBJECT_EXTRACTION_INPUT,56,,OBJECT_EXTRACTION_INPUT inst=56 first=50966666667 last=63300000000 observations=265 dynamic=0 motion_history=0 last_motion=0 displacement=0 static_fallback=0
a,2327,OBJECT_EXTRACTION_INPUT,178,,OBJECT_EXTRACTION_INPUT inst=178 first=57566666667 last=63233333333 observations=75 dynamic=0 motion_history=0 last_motion=0 displacement=0 static_fallback=0
a,2328,STATIC_SURFACE_FRAMES,178,,STATIC_SURFACE_FRAMES inst=178 candidates=24 selected=24 first=57566666667 last=61966666667
a,2329,OBJECT_EXTRACTION_INPUT,46,,OBJECT_EXTRACTION_INPUT inst=46 first=61900000000 last=63333333333 observations=44 dynamic=0 motion_history=0 last_motion=0 displacement=0 static_fallback=0
a,2330,STATIC_SURFACE_FRAMES,46,,STATIC_SURFACE_FRAMES inst=46 candidates=14 selected=14 first=61966666667 last=63266666667
a,2331,OBJECT_EXTRACTION_INPUT,1,,OBJECT_EXTRACTION_INPUT inst=1 first=61966666667 last=63200000000 observations=38 dynamic=0 motion_history=0 last_motion=0 displacement=0 static_fallback=0
a,2332,STATIC_SURFACE_FRAMES,1,,STATIC_SURFACE_FRAMES inst=1 candidates=13 selected=13 first=61966666667 last=63166666667
a,2333,STATIC_SURFACE_FRAMES,56,,STATIC_SURFACE_FRAMES inst=56 candidates=34 selected=34 first=56566666667 last=63266666667
a,2334,OBJECT_EXTRACTION_INPUT,57,,OBJECT_EXTRACTION_INPUT inst=57 first=57300000000 last=63700000000 observations=161 dynamic=0 motion_history=0 last_motion=0 displacement=0 static_fallback=0
a,2335,OBJECT_EXTRACTION_INPUT,47,,OBJECT_EXTRACTION_INPUT inst=47 first=57533333333 last=63466666667 observations=129 dynamic=0 motion_history=0 last_motion=0 displacement=0 static_fallback=0
a,2336,STATIC_SURFACE_FRAMES,47,,STATIC_SURFACE_FRAMES inst=47 candidates=43 selected=43 first=57566666667 last=63466666667
a,2337,OBJECT_EXTRACTION_INPUT,151,,OBJECT_EXTRACTION_INPUT inst=151 first=57533333333 last=63433333333 observations=100 dynamic=0 motion_history=0 last_motion=0 displacement=0 static_fallback=0
a,2338,STATIC_SURFACE_FRAMES,151,,STATIC_SURFACE_FRAMES inst=151 candidates=34 selected=34 first=57566666667 last=63366666667
a,2339,STATIC_SURFACE_FRAMES,57,,STATIC_SURFACE_FRAMES inst=57 candidates=53 selected=53 first=57366666667 last=63666666667
a,2348,OBJECT_EXTRACTION_INPUT,112,,OBJECT_EXTRACTION_INPUT inst=112 first=51233333333 last=64033333333 observations=252 dynamic=0 motion_history=0 last_motion=0 displacement=0 static_fallback=0
a,2349,OBJECT_EXTRACTION_INPUT,70,,OBJECT_EXTRACTION_INPUT inst=70 first=58033333333 last=63933333333 observations=169 dynamic=0 motion_history=0 last_motion=0 displacement=0 static_fallback=0
a,2350,STATIC_SURFACE_FRAMES,70,,STATIC_SURFACE_FRAMES inst=70 candidates=56 selected=56 first=58066666667 last=63866666667
a,2351,STATIC_SURFACE_FRAMES,112,,STATIC_SURFACE_FRAMES inst=112 candidates=66 selected=66 first=57466666667 last=63966666667
a,2353,OBJECT_EXTRACTION_INPUT,170,,OBJECT_EXTRACTION_INPUT inst=170 first=50333333333 last=64400000000 observations=296 dynamic=0 motion_history=0 last_motion=0 displacement=0 static_fallback=0
a,2354,OBJECT_EXTRACTION_INPUT,116,,OBJECT_EXTRACTION_INPUT inst=116 first=54266666667 last=64566666667 observations=292 dynamic=0 motion_history=0 last_motion=0 displacement=0 static_fallback=0
a,2355,STATIC_SURFACE_FRAMES,116,,STATIC_SURFACE_FRAMES inst=116 candidates=68 selected=68 first=57866666667 last=64566666667
a,2356,OBJECT_EXTRACTION_INPUT,54,,OBJECT_EXTRACTION_INPUT inst=54 first=54266666667 last=64600000000 observations=297 dynamic=0 motion_history=0 last_motion=0 displacement=0 static_fallback=0
a,2357,STATIC_SURFACE_FRAMES,170,,STATIC_SURFACE_FRAMES inst=170 candidates=66 selected=66 first=57866666667 last=64366666667
a,2358,OBJECT_EXTRACTION_INPUT,2,,OBJECT_EXTRACTION_INPUT inst=2 first=54266666667 last=64566666667 observations=294 dynamic=0 motion_history=0 last_motion=0 displacement=0 static_fallback=0
a,2359,STATIC_SURFACE_FRAMES,2,,STATIC_SURFACE_FRAMES inst=2 candidates=68 selected=68 first=57866666667 last=64566666667
a,2360,STATIC_SURFACE_FRAMES,54,,STATIC_SURFACE_FRAMES inst=54 candidates=68 selected=68 first=57866666667 last=64566666667
a,2361,OBJECT_EXTRACTION_INPUT,115,,OBJECT_EXTRACTION_INPUT inst=115 first=54300000000 last=64566666667 observations=268 dynamic=0 motion_history=0 last_motion=0 displacement=0 static_fallback=0
a,2362,STATIC_SURFACE_FRAMES,115,,STATIC_SURFACE_FRAMES inst=115 candidates=59 selected=59 first=57866666667 last=64566666667
a,2363,OBJECT_EXTRACTION_INPUT,79,,OBJECT_EXTRACTION_INPUT inst=79 first=55000000000 last=64433333333 observations=255 dynamic=0 motion_history=0 last_motion=0 displacement=0 static_fallback=0
a,2364,STATIC_SURFACE_FRAMES,79,,STATIC_SURFACE_FRAMES inst=79 candidates=66 selected=66 first=57866666667 last=64366666667
a,2365,OBJECT_EXTRACTION_INPUT,71,,OBJECT_EXTRACTION_INPUT inst=71 first=50266666667 last=64833333333 observations=329 dynamic=0 motion_history=0 last_motion=0 displacement=0 static_fallback=0
a,2366,OBJECT_EXTRACTION_INPUT,117,,OBJECT_EXTRACTION_INPUT inst=117 first=54366666667 last=64766666667 observations=306 dynamic=0 motion_history=0 last_motion=0 displacement=0 static_fallback=0
a,2367,STATIC_SURFACE_FRAMES,117,,STATIC_SURFACE_FRAMES inst=117 candidates=66 selected=66 first=58266666667 last=64766666667
a,2368,OBJECT_EXTRACTION_INPUT,181,,OBJECT_EXTRACTION_INPUT inst=181 first=54400000000 last=64900000000 observations=301 dynamic=0 motion_history=0 last_motion=0 displacement=0 static_fallback=0
a,2369,STATIC_SURFACE_FRAMES,71,,STATIC_SURFACE_FRAMES inst=71 candidates=66 selected=66 first=58266666667 last=64766666667
a,2370,STATIC_SURFACE_FRAMES,181,,STATIC_SURFACE_FRAMES inst=181 candidates=67 selected=67 first=58266666667 last=64866666667
a,2371,OBJECT_EXTRACTION_INPUT,89,,OBJECT_EXTRACTION_INPUT inst=89 first=50333333333 last=65266666667 observations=365 dynamic=0 motion_history=0 last_motion=0 displacement=0 static_fallback=0
a,2372,OBJECT_EXTRACTION_INPUT,52,,OBJECT_EXTRACTION_INPUT inst=52 first=54400000000 last=65233333333 observations=326 dynamic=0 motion_history=0 last_motion=0 displacement=0 static_fallback=0
a,2373,STATIC_SURFACE_FRAMES,89,,STATIC_SURFACE_FRAMES inst=89 candidates=66 selected=66 first=58766666667 last=65266666667
a,2374,STATIC_SURFACE_FRAMES,52,,STATIC_SURFACE_FRAMES inst=52 candidates=65 selected=65 first=58766666667 last=65166666667
a,2375,OBJECT_EXTRACTION_INPUT,72,,OBJECT_EXTRACTION_INPUT inst=72 first=54433333333 last=65700000000 observations=311 dynamic=0 motion_history=0 last_motion=0 displacement=0 static_fallback=0
a,2376,STATIC_SURFACE_FRAMES,72,,STATIC_SURFACE_FRAMES inst=72 candidates=66 selected=66 first=59166666667 last=65666666667
a,2377,OBJECT_EXTRACTION_INPUT,69,,OBJECT_EXTRACTION_INPUT inst=69 first=60666666667 last=66066666667 observations=97 dynamic=0 motion_history=0 last_motion=0 displacement=0 static_fallback=0
a,2378,STATIC_SURFACE_FRAMES,69,,STATIC_SURFACE_FRAMES inst=69 candidates=33 selected=33 first=60666666667 last=66066666667
a,2379,OBJECT_EXTRACTION_INPUT,15,,OBJECT_EXTRACTION_INPUT inst=15 first=64366666667 last=66600000000 observations=68 dynamic=0 motion_history=0 last_motion=0 displacement=0 static_fallback=0
a,2380,OBJECT_EXTRACTION_INPUT,16,,OBJECT_EXTRACTION_INPUT inst=16 first=64400000000 last=66800000000 observations=73 dynamic=0 motion_history=0 last_motion=0 displacement=0 static_fallback=0
a,2381,STATIC_SURFACE_FRAMES,15,,STATIC_SURFACE_FRAMES inst=15 candidates=23 selected=23 first=64366666667 last=66566666667
a,2382,OBJECT_EXTRACTION_INPUT,124,,OBJECT_EXTRACTION_INPUT inst=124 first=64466666667 last=66733333333 observations=69 dynamic=0 motion_history=0 last_motion=0 displacement=0 static_fallback=0
a,2383,STATIC_SURFACE_FRAMES,16,,STATIC_SURFACE_FRAMES inst=16 candidates=24 selected=24 first=64466666667 last=66766666667
a,2384,STATIC_SURFACE_FRAMES,124,,STATIC_SURFACE_FRAMES inst=124 candidates=23 selected=23 first=64466666667 last=66666666667
a,2393,OBJECT_EXTRACTION_INPUT,125,,OBJECT_EXTRACTION_INPUT inst=125 first=64533333333 last=66900000000 observations=72 dynamic=0 motion_history=0 last_motion=0 displacement=0 static_fallback=0
a,2394,OBJECT_EXTRACTION_INPUT,126,,OBJECT_EXTRACTION_INPUT inst=126 first=64800000000 last=67100000000 observations=70 dynamic=0 motion_history=0 last_motion=0 displacement=0 static_fallback=0
a,2395,STATIC_SURFACE_FRAMES,126,,STATIC_SURFACE_FRAMES inst=126 candidates=23 selected=23 first=64866666667 last=67066666667
a,2396,STATIC_SURFACE_FRAMES,125,,STATIC_SURFACE_FRAMES inst=125 candidates=24 selected=24 first=64566666667 last=66866666667
a,2397,OBJECT_EXTRACTION_INPUT,163,,OBJECT_EXTRACTION_INPUT inst=163 first=64100000000 last=67333333333 observations=98 dynamic=0 motion_history=0 last_motion=0 displacement=0 static_fallback=0
a,2398,OBJECT_EXTRACTION_INPUT,48,,OBJECT_EXTRACTION_INPUT inst=48 first=64400000000 last=67366666667 observations=90 dynamic=0 motion_history=0 last_motion=0 displacement=0 static_fallback=0
a,2399,STATIC_SURFACE_FRAMES,48,,STATIC_SURFACE_FRAMES inst=48 candidates=30 selected=30 first=64466666667 last=67366666667
a,2400,STATIC_SURFACE_FRAMES,163,,STATIC_SURFACE_FRAMES inst=163 candidates=32 selected=32 first=64166666667 last=67266666667
a,2401,OBJECT_EXTRACTION_INPUT,108,,OBJECT_EXTRACTION_INPUT inst=108 first=65766666667 last=68100000000 observations=71 dynamic=0 motion_history=0 last_motion=0 displacement=0 static_fallback=0
a,2402,STATIC_SURFACE_FRAMES,108,,STATIC_SURFACE_FRAMES inst=108 candidates=24 selected=24 first=65766666667 last=68066666667
a,2403,OBJECT_EXTRACTION_INPUT,164,,OBJECT_EXTRACTION_INPUT inst=164 first=65633333333 last=68300000000 observations=81 dynamic=0 motion_history=0 last_motion=0 displacement=0 static_fallback=0
a,2404,OBJECT_EXTRACTION_INPUT,174,,OBJECT_EXTRACTION_INPUT inst=174 first=66800000000 last=68400000000 observations=49 dynamic=0 motion_history=0 last_motion=0 displacement=0 static_fallback=0
a,2405,STATIC_SURFACE_FRAMES,174,,STATIC_SURFACE_FRAMES inst=174 candidates=16 selected=16 first=66866666667 last=68366666667
a,2406,STATIC_SURFACE_FRAMES,164,,STATIC_SURFACE_FRAMES inst=164 candidates=27 selected=27 first=65666666667 last=68266666667
a,2407,OBJECT_EXTRACTION_INPUT,171,,OBJECT_EXTRACTION_INPUT inst=171 first=67133333333 last=68333333333 observations=37 dynamic=0 motion_history=0 last_motion=0 displacement=0 static_fallback=0
a,2408,STATIC_SURFACE_FRAMES,171,,STATIC_SURFACE_FRAMES inst=171 candidates=12 selected=12 first=67166666667 last=68266666667
a,2410,OBJECT_EXTRACTION_INPUT,175,,OBJECT_EXTRACTION_INPUT inst=175 first=66866666667 last=68933333333 observations=63 dynamic=0 motion_history=0 last_motion=0 displacement=0 static_fallback=0
a,2411,STATIC_SURFACE_FRAMES,175,,STATIC_SURFACE_FRAMES inst=175 candidates=21 selected=21 first=66866666667 last=68866666667
a,2412,OBJECT_EXTRACTION_INPUT,10,,OBJECT_EXTRACTION_INPUT inst=10 first=68800000000 last=69900000000 observations=34 dynamic=0 motion_history=0 last_motion=0 displacement=0 static_fallback=0
a,2413,STATIC_SURFACE_FRAMES,10,,STATIC_SURFACE_FRAMES inst=10 candidates=11 selected=11 first=68866666667 last=69866666667
a,2422,OBJECT_EXTRACTION_INPUT,11,,OBJECT_EXTRACTION_INPUT inst=11 first=68866666667 last=70300000000 observations=41 dynamic=0 motion_history=0 last_motion=0 displacement=0 static_fallback=0
a,2423,STATIC_SURFACE_FRAMES,11,,STATIC_SURFACE_FRAMES inst=11 candidates=14 selected=14 first=68866666667 last=70266666667
a,2425,OBJECT_EXTRACTION_INPUT,149,,OBJECT_EXTRACTION_INPUT inst=149 first=66100000000 last=72866666667 observations=204 dynamic=0 motion_history=0 last_motion=0 displacement=0 static_fallback=0
a,2426,STATIC_SURFACE_FRAMES,149,,STATIC_SURFACE_FRAMES inst=149 candidates=68 selected=68 first=66166666667 last=72866666667
a,2435,OBJECT_EXTRACTION_INPUT,147,,OBJECT_EXTRACTION_INPUT inst=147 first=66266666667 last=73366666667 observations=214 dynamic=0 motion_history=0 last_motion=0 displacement=0 static_fallback=0
a,2436,OBJECT_EXTRACTION_INPUT,148,,OBJECT_EXTRACTION_INPUT inst=148 first=66300000000 last=73066666667 observations=204 dynamic=0 motion_history=0 last_motion=0 displacement=0 static_fallback=0
a,2437,STATIC_SURFACE_FRAMES,147,,STATIC_SURFACE_FRAMES inst=147 candidates=69 selected=69 first=66566666667 last=73366666667
a,2438,STATIC_SURFACE_FRAMES,148,,STATIC_SURFACE_FRAMES inst=148 candidates=66 selected=66 first=66566666667 last=73066666667
a,2439,OBJECT_EXTRACTION_INPUT,167,,OBJECT_EXTRACTION_INPUT inst=167 first=66733333333 last=73333333333 observations=199 dynamic=0 motion_history=0 last_motion=0 displacement=0 static_fallback=0
a,2440,STATIC_SURFACE_FRAMES,167,,STATIC_SURFACE_FRAMES inst=167 candidates=66 selected=66 first=66766666667 last=73266666667
a,2441,OBJECT_EXTRACTION_INPUT,9,,OBJECT_EXTRACTION_INPUT inst=9 first=68366666667 last=73166666667 observations=105 dynamic=0 motion_history=0 last_motion=0 displacement=0 static_fallback=0
a,2442,STATIC_SURFACE_FRAMES,9,,STATIC_SURFACE_FRAMES inst=9 candidates=36 selected=36 first=68366666667 last=73166666667
a,2443,OBJECT_EXTRACTION_INPUT,8,,OBJECT_EXTRACTION_INPUT inst=8 first=68400000000 last=73166666667 observations=129 dynamic=0 motion_history=0 last_motion=0 displacement=0 static_fallback=0
a,2444,STATIC_SURFACE_FRAMES,8,,STATIC_SURFACE_FRAMES inst=8 candidates=43 selected=43 first=68466666667 last=73166666667
a,2445,OBJECT_EXTRACTION_INPUT,82,,OBJECT_EXTRACTION_INPUT inst=82 first=68433333333 last=73166666667 observations=60 dynamic=0 motion_history=0 last_motion=0 displacement=0 static_fallback=0
a,2446,STATIC_SURFACE_FRAMES,82,,STATIC_SURFACE_FRAMES inst=82 candidates=21 selected=21 first=68466666667 last=73166666667
a,2447,OBJECT_EXTRACTION_INPUT,119,,OBJECT_EXTRACTION_INPUT inst=119 first=68533333333 last=73333333333 observations=145 dynamic=0 motion_history=0 last_motion=0 displacement=0 static_fallback=0
a,2448,STATIC_SURFACE_FRAMES,119,,STATIC_SURFACE_FRAMES inst=119 candidates=48 selected=48 first=68566666667 last=73266666667
a,2449,OBJECT_EXTRACTION_INPUT,12,,OBJECT_EXTRACTION_INPUT inst=12 first=68866666667 last=73266666667 observations=133 dynamic=0 motion_history=0 last_motion=0 displacement=0 static_fallback=0
a,2450,STATIC_SURFACE_FRAMES,12,,STATIC_SURFACE_FRAMES inst=12 candidates=45 selected=45 first=68866666667 last=73266666667
a,2451,OBJECT_EXTRACTION_INPUT,155,,OBJECT_EXTRACTION_INPUT inst=155 first=65833333333 last=76400000000 observations=300 dynamic=0 motion_history=0 last_motion=0 displacement=0 static_fallback=0
a,2452,STATIC_SURFACE_FRAMES,155,,STATIC_SURFACE_FRAMES inst=155 candidates=94 selected=94 first=66566666667 last=76400000000
a,2453,STATE_EVIDENCE_WINDOW,3,,STATE_EVIDENCE_WINDOW inst=3 after=16600000000 latest_measured_support=76400000000 through=76400000000 projected=1 support=19 contradiction=7 reliable=26 reliable_in_view=22 reliable_seen_through=0 absence_llr=0 absent_samples=2 total_samples=7 absence_coverage_sufficient=0
a,2454,STATE_SLICE,3,76400000000,STATE_SLICE inst=3 stamp=76400000000 inherited_sup=19 inherited_con=7 inherited_samples=7 inherited_supported=20 inherited_free=0 inherited_repl_other=0 inherited_repl_bg=7 inherited_occ=164 inherited_unobs=0 session_sup=0 session_con=0 session_samples=0 cur_verts=141 candidate_verts=0
a,2455,EVIDENCE,3,,EVIDENCE inst=3 inherited_support=19 inherited_contradiction=7 session_support=0 session_contradiction=0 inherited_absent_flag=0 cur_verts=141 observed_verts=0
a,2456,MOBILITY_PRIOR,3,,MOBILITY_PRIOR inst=3 session=0 class=2 changes=0 continuations=0 alpha=0.5 beta=1.5 q=0.25
a,2457,TOP_ABSORB_POSTERIOR,3,,TOP_ABSORB_POSTERIOR inst=3 measurement=confirmed_current change_prior=0.25 geometry_factor_or_bound=1 geometry_evaluated=0 candidate_vertices=0 effective_cells=0 off_share=unmeasured legacy_same_site=1 absorb=1
a,2458,MOBILITY_PRIOR,3,,MOBILITY_PRIOR inst=3 session=0 class=2 changes=0 continuations=0 alpha=0.5 beta=1.5 q=0.25
a,2459,TOP_ABSORB,3,,TOP_ABSORB inst=3 geom=0 support=19 high_mobility=0 absorb=1
a,2460,STATE_EVIDENCE_WINDOW,5,,STATE_EVIDENCE_WINDOW inst=5 after=16100000000 latest_measured_support=76400000000 through=76400000000 projected=1 support=181 contradiction=0 reliable=1422 reliable_in_view=559 reliable_seen_through=0 absence_llr=0 absent_samples=0 total_samples=180 absence_coverage_sufficient=0
a,2461,STATE_SLICE,5,76400000000,STATE_SLICE inst=5 stamp=76400000000 inherited_sup=181 inherited_con=0 inherited_samples=180 inherited_supported=181 inherited_free=0 inherited_repl_other=0 inherited_repl_bg=0 inherited_occ=6707 inherited_unobs=0 session_sup=0 session_con=0 session_samples=0 cur_verts=4848 candidate_verts=0
a,2462,EVIDENCE,5,,EVIDENCE inst=5 inherited_support=181 inherited_contradiction=0 session_support=0 session_contradiction=0 inherited_absent_flag=0 cur_verts=4848 observed_verts=0
a,2463,MOBILITY_PRIOR,5,,MOBILITY_PRIOR inst=5 session=0 class=2 changes=0 continuations=0 alpha=0.5 beta=1.5 q=0.25
a,2464,TOP_ABSORB_POSTERIOR,5,,TOP_ABSORB_POSTERIOR inst=5 measurement=confirmed_current change_prior=0.25 geometry_factor_or_bound=1 geometry_evaluated=0 candidate_vertices=0 effective_cells=0 off_share=unmeasured legacy_same_site=1 absorb=1
a,2465,MOBILITY_PRIOR,5,,MOBILITY_PRIOR inst=5 session=0 class=2 changes=0 continuations=0 alpha=0.5 beta=1.5 q=0.25
a,2466,TOP_ABSORB,5,,TOP_ABSORB inst=5 geom=0 support=181 high_mobility=0 absorb=1
a,2467,STATE_EVIDENCE_WINDOW,7,,STATE_EVIDENCE_WINDOW inst=7 after=48033333333 latest_measured_support=0 through=76400000000 projected=0 support=0 contradiction=0 reliable=510 reliable_in_view=0 reliable_seen_through=0 absence_llr=0 absent_samples=0 total_samples=11707 absence_coverage_sufficient=0
a,2468,STATE_SLICE,7,76400000000,STATE_SLICE inst=7 stamp=76400000000 inherited_sup=0 inherited_con=0 inherited_samples=11707 inherited_supported=0 inherited_free=0 inherited_repl_other=0 inherited_repl_bg=0 inherited_occ=0 inherited_unobs=11707 session_sup=0 session_con=0 session_samples=0 cur_verts=35121 candidate_verts=0
a,2469,EVIDENCE,7,,EVIDENCE inst=7 inherited_support=0 inherited_contradiction=0 session_support=0 session_contradiction=0 inherited_absent_flag=0 cur_verts=35121 observed_verts=0
a,2470,STATE_EVIDENCE_WINDOW,21,,STATE_EVIDENCE_WINDOW inst=21 after=17033333333 latest_measured_support=76400000000 through=76400000000 projected=1 support=4 contradiction=5 reliable=42 reliable_in_view=28 reliable_seen_through=6 absence_llr=0 absent_samples=2 total_samples=10 absence_coverage_sufficient=0
a,2471,STATE_SLICE,21,76400000000,STATE_SLICE inst=21 stamp=76400000000 inherited_sup=4 inherited_con=5 inherited_samples=10 inherited_supported=4 inherited_free=2 inherited_repl_other=3 inherited_repl_bg=0 inherited_occ=223 inherited_unobs=0 session_sup=0 session_con=0 session_samples=0 cur_verts=252 candidate_verts=0
a,2472,EVIDENCE,21,,EVIDENCE inst=21 inherited_support=4 inherited_contradiction=5 session_support=0 session_contradiction=0 inherited_absent_flag=0 cur_verts=252 observed_verts=0
a,2473,MOBILITY_PRIOR,21,,MOBILITY_PRIOR inst=21 session=0 class=4 changes=0 continuations=0 alpha=0.5 beta=1.5 q=0.25
a,2474,TOP_ABSORB_POSTERIOR,21,,TOP_ABSORB_POSTERIOR inst=21 measurement=confirmed_current change_prior=0.25 geometry_factor_or_bound=1 geometry_evaluated=0 candidate_vertices=0 effective_cells=0 off_share=unmeasured legacy_same_site=1 absorb=1
a,2475,MOBILITY_PRIOR,21,,MOBILITY_PRIOR inst=21 session=0 class=4 changes=0 continuations=0 alpha=0.5 beta=1.5 q=0.25
a,2476,TOP_ABSORB,21,,TOP_ABSORB inst=21 geom=0 support=4 high_mobility=0 absorb=1
a,2477,STATE_EVIDENCE_WINDOW,48,,STATE_EVIDENCE_WINDOW inst=48 after=65566666667 latest_measured_support=76400000000 through=76400000000 projected=1 support=691 contradiction=87 reliable=1109 reliable_in_view=880 reliable_seen_through=5 absence_llr=0 absent_samples=24 total_samples=268 absence_coverage_sufficient=0
a,2478,STATE_SLICE,48,76400000000,STATE_SLICE inst=48 stamp=76400000000 inherited_sup=691 inherited_con=87 inherited_samples=268 inherited_supported=692 inherited_free=83 inherited_repl_other=0 inherited_repl_bg=4 inherited_occ=157 inherited_unobs=0 session_sup=0 session_con=0 session_samples=0 cur_verts=10425 candidate_verts=0
a,2479,EVIDENCE,48,,EVIDENCE inst=48 inherited_support=691 inherited_contradiction=87 session_support=0 session_contradiction=0 inherited_absent_flag=0 cur_verts=10425 observed_verts=0
a,2480,MOBILITY_PRIOR,48,,MOBILITY_PRIOR inst=48 session=0 class=6 changes=0 continuations=0 alpha=1.5 beta=0.5 q=0.75
a,2481,TOP_ABSORB_POSTERIOR,48,,TOP_ABSORB_POSTERIOR inst=48 measurement=confirmed_current change_prior=0.75 geometry_factor_or_bound=1 geometry_evaluated=0 candidate_vertices=0 effective_cells=0 off_share=unmeasured legacy_same_site=0 absorb=0
a,2482,MOBILITY_PRIOR,48,,MOBILITY_PRIOR inst=48 session=0 class=6 changes=0 continuations=0 alpha=1.5 beta=0.5 q=0.75
a,2483,TOP_ABSORB,48,,TOP_ABSORB inst=48 geom=0 support=691 high_mobility=1 absorb=0
a,2484,STATE_EVIDENCE_WINDOW,49,,STATE_EVIDENCE_WINDOW inst=49 after=48266666667 latest_measured_support=0 through=76400000000 projected=0 support=0 contradiction=0 reliable=367 reliable_in_view=0 reliable_seen_through=0 absence_llr=0 absent_samples=0 total_samples=1043 absence_coverage_sufficient=0
a,2485,STATE_SLICE,49,76400000000,STATE_SLICE inst=49 stamp=76400000000 inherited_sup=0 inherited_con=0 inherited_samples=1043 inherited_supported=0 inherited_free=0 inherited_repl_other=0 inherited_repl_bg=0 inherited_occ=113 inherited_unobs=588 session_sup=0 session_con=0 session_samples=0 cur_verts=3129 candidate_verts=0
a,2486,EVIDENCE,49,,EVIDENCE inst=49 inherited_support=0 inherited_contradiction=0 session_support=0 session_contradiction=0 inherited_absent_flag=0 cur_verts=3129 observed_verts=0
a,2487,STATE_EVIDENCE_WINDOW,50,,STATE_EVIDENCE_WINDOW inst=50 after=46266666667 latest_measured_support=0 through=76400000000 projected=0 support=0 contradiction=0 reliable=411 reliable_in_view=0 reliable_seen_through=0 absence_llr=0 absent_samples=0 total_samples=1119 absence_coverage_sufficient=0
a,2488,STATE_SLICE,50,76400000000,STATE_SLICE inst=50 stamp=76400000000 inherited_sup=0 inherited_con=0 inherited_samples=1119 inherited_supported=0 inherited_free=0 inherited_repl_other=0 inherited_repl_bg=0 inherited_occ=0 inherited_unobs=1119 session_sup=0 session_con=0 session_samples=0 cur_verts=3357 candidate_verts=0
a,2489,EVIDENCE,50,,EVIDENCE inst=50 inherited_support=0 inherited_contradiction=0 session_support=0 session_contradiction=0 inherited_absent_flag=0 cur_verts=3357 observed_verts=0
a,2490,STATE_EVIDENCE_WINDOW,51,,STATE_EVIDENCE_WINDOW inst=51 after=53066666667 latest_measured_support=0 through=76400000000 projected=0 support=0 contradiction=0 reliable=294 reliable_in_view=0 reliable_seen_through=0 absence_llr=0 absent_samples=0 total_samples=12818 absence_coverage_sufficient=0
a,2491,STATE_SLICE,51,76400000000,STATE_SLICE inst=51 stamp=76400000000 inherited_sup=0 inherited_con=0 inherited_samples=12818 inherited_supported=0 inherited_free=0 inherited_repl_other=0 inherited_repl_bg=0 inherited_occ=0 inherited_unobs=12818 session_sup=0 session_con=0 session_samples=0 cur_verts=38454 candidate_verts=0
a,2492,EVIDENCE,51,,EVIDENCE inst=51 inherited_support=0 inherited_contradiction=0 session_support=0 session_contradiction=0 inherited_absent_flag=0 cur_verts=38454 observed_verts=0
a,2493,STATE_EVIDENCE_WINDOW,52,,STATE_EVIDENCE_WINDOW inst=52 after=64700000000 latest_measured_support=76400000000 through=76400000000 projected=1 support=925 contradiction=115 reliable=347 reliable_in_view=310 reliable_seen_through=5 absence_llr=0 absent_samples=50 total_samples=630 absence_coverage_sufficient=0
a,2494,STATE_SLICE,52,76400000000,STATE_SLICE inst=52 stamp=76400000000 inherited_sup=925 inherited_con=115 inherited_samples=630 inherited_supported=927 inherited_free=34 inherited_repl_other=0 inherited_repl_bg=81 inherited_occ=369 inherited_unobs=0 session_sup=0 session_con=0 session_samples=0 cur_verts=24912 candidate_verts=0
a,2495,EVIDENCE,52,,EVIDENCE inst=52 inherited_support=925 inherited_contradiction=115 session_support=0 session_contradiction=0 inherited_absent_flag=0 cur_verts=24912 observed_verts=0
a,2496,MOBILITY_PRIOR,52,,MOBILITY_PRIOR inst=52 session=0 class=6 changes=0 continuations=0 alpha=1.5 beta=0.5 q=0.75
a,2497,TOP_ABSORB_POSTERIOR,52,,TOP_ABSORB_POSTERIOR inst=52 measurement=confirmed_current change_prior=0.75 geometry_factor_or_bound=1 geometry_evaluated=0 candidate_vertices=0 effective_cells=0 off_share=unmeasured legacy_same_site=0 absorb=0
a,2498,MOBILITY_PRIOR,52,,MOBILITY_PRIOR inst=52 session=0 class=6 changes=0 continuations=0 alpha=1.5 beta=0.5 q=0.75
a,2499,TOP_ABSORB,52,,TOP_ABSORB inst=52 geom=0 support=925 high_mobility=1 absorb=0
a,2500,STATE_EVIDENCE_WINDOW,55,,STATE_EVIDENCE_WINDOW inst=55 after=49133333333 latest_measured_support=0 through=76400000000 projected=0 support=0 contradiction=0 reliable=523 reliable_in_view=0 reliable_seen_through=0 absence_llr=0 absent_samples=0 total_samples=2965 absence_coverage_sufficient=0
a,2501,STATE_SLICE,55,76400000000,STATE_SLICE inst=55 stamp=76400000000 inherited_sup=0 inherited_con=0 inherited_samples=2965 inherited_supported=0 inherited_free=0 inherited_repl_other=0 inherited_repl_bg=0 inherited_occ=142 inherited_unobs=2258 session_sup=0 session_con=0 session_samples=0 cur_verts=8895 candidate_verts=0
a,2502,EVIDENCE,55,,EVIDENCE inst=55 inherited_support=0 inherited_contradiction=0 session_support=0 session_contradiction=0 inherited_absent_flag=0 cur_verts=8895 observed_verts=0
a,2503,STATE_EVIDENCE_WINDOW,56,,STATE_EVIDENCE_WINDOW inst=56 after=56033333333 latest_measured_support=76400000000 through=76400000000 projected=1 support=4534 contradiction=237 reliable=904 reliable_in_view=870 reliable_seen_through=3 absence_llr=0 absent_samples=49 total_samples=1451 absence_coverage_sufficient=0
a,2504,STATE_SLICE,56,76400000000,STATE_SLICE inst=56 stamp=76400000000 inherited_sup=4534 inherited_con=237 inherited_samples=1451 inherited_supported=4580 inherited_free=149 inherited_repl_other=7 inherited_repl_bg=82 inherited_occ=3411 inherited_unobs=0 session_sup=0 session_con=0 session_samples=0 cur_verts=51594 candidate_verts=0
a,2505,EVIDENCE,56,,EVIDENCE inst=56 inherited_support=4534 inherited_contradiction=237 session_support=0 session_contradiction=0 inherited_absent_flag=0 cur_verts=51594 observed_verts=0
a,2506,MOBILITY_PRIOR,56,,MOBILITY_PRIOR inst=56 session=0 class=6 changes=0 continuations=0 alpha=1.5 beta=0.5 q=0.75
a,2507,TOP_ABSORB_POSTERIOR,56,,TOP_ABSORB_POSTERIOR inst=56 measurement=confirmed_current change_prior=0.75 geometry_factor_or_bound=1 geometry_evaluated=0 candidate_vertices=0 effective_cells=0 off_share=unmeasured legacy_same_site=0 absorb=0
a,2508,MOBILITY_PRIOR,56,,MOBILITY_PRIOR inst=56 session=0 class=6 changes=0 continuations=0 alpha=1.5 beta=0.5 q=0.75
a,2509,TOP_ABSORB,56,,TOP_ABSORB inst=56 geom=0 support=4534 high_mobility=1 absorb=0
a,2510,STATE_EVIDENCE_WINDOW,57,,STATE_EVIDENCE_WINDOW inst=57 after=57766666667 latest_measured_support=76400000000 through=76400000000 projected=1 support=1686 contradiction=4 reliable=1348 reliable_in_view=1080 reliable_seen_through=1 absence_llr=0 absent_samples=0 total_samples=311 absence_coverage_sufficient=0
a,2511,STATE_SLICE,57,76400000000,STATE_SLICE inst=57 stamp=76400000000 inherited_sup=1686 inherited_con=4 inherited_samples=311 inherited_supported=1732 inherited_free=0 inherited_repl_other=2 inherited_repl_bg=2 inherited_occ=715 inherited_unobs=0 session_sup=0 session_con=0 session_samples=0 cur_verts=5286 candidate_verts=0
a,2512,EVIDENCE,57,,EVIDENCE inst=57 inherited_support=1686 inherited_contradiction=4 session_support=0 session_contradiction=0 inherited_absent_flag=0 cur_verts=5286 observed_verts=0
a,2513,MOBILITY_PRIOR,57,,MOBILITY_PRIOR inst=57 session=0 class=6 changes=0 continuations=0 alpha=1.5 beta=0.5 q=0.75
a,2514,TOP_ABSORB_POSTERIOR,57,,TOP_ABSORB_POSTERIOR inst=57 measurement=confirmed_current change_prior=0.75 geometry_factor_or_bound=1 geometry_evaluated=0 candidate_vertices=0 effective_cells=0 off_share=unmeasured legacy_same_site=0 absorb=0
a,2515,MOBILITY_PRIOR,57,,MOBILITY_PRIOR inst=57 session=0 class=6 changes=0 continuations=0 alpha=1.5 beta=0.5 q=0.75
a,2516,TOP_ABSORB,57,,TOP_ABSORB inst=57 geom=0 support=1686 high_mobility=1 absorb=0
a,2517,STATE_EVIDENCE_WINDOW,68,,STATE_EVIDENCE_WINDOW inst=68 after=65566666667 latest_measured_support=76400000000 through=76400000000 projected=1 support=597 contradiction=45 reliable=448 reliable_in_view=354 reliable_seen_through=2 absence_llr=0 absent_samples=12 total_samples=104 absence_coverage_sufficient=0
a,2518,STATE_SLICE,68,76400000000,STATE_SLICE inst=68 stamp=76400000000 inherited_sup=597 inherited_con=45 inherited_samples=104 inherited_supported=601 inherited_free=28 inherited_repl_other=0 inherited_repl_bg=17 inherited_occ=99 inherited_unobs=0 session_sup=0 session_con=0 session_samples=0 cur_verts=1791 candidate_verts=0
a,2519,EVIDENCE,68,,EVIDENCE inst=68 inherited_support=597 inherited_contradiction=45 session_support=0 session_contradiction=0 inherited_absent_flag=0 cur_verts=1791 observed_verts=0
a,2520,MOBILITY_PRIOR,68,,MOBILITY_PRIOR inst=68 session=0 class=9 changes=0 continuations=0 alpha=1.5 beta=0.5 q=0.75
a,2521,TOP_ABSORB_POSTERIOR,68,,TOP_ABSORB_POSTERIOR inst=68 measurement=confirmed_current change_prior=0.75 geometry_factor_or_bound=1 geometry_evaluated=0 candidate_vertices=0 effective_cells=0 off_share=unmeasured legacy_same_site=0 absorb=0
a,2522,MOBILITY_PRIOR,68,,MOBILITY_PRIOR inst=68 session=0 class=9 changes=0 continuations=0 alpha=1.5 beta=0.5 q=0.75
a,2523,TOP_ABSORB,68,,TOP_ABSORB inst=68 geom=0 support=597 high_mobility=1 absorb=0
a,2524,STATE_EVIDENCE_WINDOW,69,,STATE_EVIDENCE_WINDOW inst=69 after=16566666667 latest_measured_support=0 through=76400000000 projected=1 support=0 contradiction=2014 reliable=413 reliable_in_view=220 reliable_seen_through=220 absence_llr=84.4156 absent_samples=113 total_samples=113 absence_coverage_sufficient=1
a,2525,STATE_SLICE,69,76400000000,STATE_SLICE inst=69 stamp=76400000000 inherited_sup=0 inherited_con=2014 inherited_samples=113 inherited_supported=0 inherited_free=1960 inherited_repl_other=0 inherited_repl_bg=61 inherited_occ=2100 inherited_unobs=0 session_sup=0 session_con=0 session_samples=0 cur_verts=3225 candidate_verts=0
a,2526,EVIDENCE,69,,EVIDENCE inst=69 inherited_support=0 inherited_contradiction=2014 session_support=0 session_contradiction=0 inherited_absent_flag=1 cur_verts=3225 observed_verts=1908
a,2527,MOBILITY_PRIOR,69,,MOBILITY_PRIOR inst=69 session=0 class=9 changes=0 continuations=0 alpha=1.5 beta=0.5 q=0.75
a,2528,EXTENT_POSTERIOR,69,,EXTENT_POSTERIOR inst=69 same_site_probability=0 change_prior=0.75 different_site=1
a,2529,TOP_CLOSE,69,,TOP_CLOSE inst=69 by_new_site=1 by_observed_absence=1 support=0 contradiction=2014 cur_verts=3225
a,2530,STATE_EVIDENCE_WINDOW,70,,STATE_EVIDENCE_WINDOW inst=70 after=36533333333 latest_measured_support=0 through=76400000000 projected=1 support=0 contradiction=1036 reliable=295 reliable_in_view=13 reliable_seen_through=13 absence_llr=2.62342 absent_samples=78 total_samples=82 absence_coverage_sufficient=0
a,2531,STATE_SLICE,70,76400000000,STATE_SLICE inst=70 stamp=76400000000 inherited_sup=0 inherited_con=1036 inherited_samples=82 inherited_supported=0 inherited_free=1009 inherited_repl_other=0 inherited_repl_bg=40 inherited_occ=1099 inherited_unobs=0 session_sup=0 session_con=0 session_samples=0 cur_verts=2871 candidate_verts=0
a,2532,EVIDENCE,70,,EVIDENCE inst=70 inherited_support=0 inherited_contradiction=1036 session_support=0 session_contradiction=0 inherited_absent_flag=0 cur_verts=2871 observed_verts=132
a,2533,MOBILITY_PRIOR,70,,MOBILITY_PRIOR inst=70 session=0 class=9 changes=0 continuations=0 alpha=2.5 beta=0.5 q=0.833333
a,2534,EXTENT_POSTERIOR,70,,EXTENT_POSTERIOR inst=70 same_site_probability=0.741211 change_prior=0.833333 different_site=1
a,2535,TOP_CLOSE,70,,TOP_CLOSE inst=70 by_new_site=1 by_observed_absence=0 support=0 contradiction=0 cur_verts=2871
a,2536,STATE_EVIDENCE_WINDOW,71,,STATE_EVIDENCE_WINDOW inst=71 after=16433333333 latest_measured_support=0 through=76400000000 projected=1 support=0 contradiction=567 reliable=55 reliable_in_view=33 reliable_seen_through=33 absence_llr=243.927 absent_samples=81 total_samples=82 absence_coverage_sufficient=1
a,2537,STATE_SLICE,71,76400000000,STATE_SLICE inst=71 stamp=76400000000 inherited_sup=0 inherited_con=567 inherited_samples=82 inherited_supported=0 inherited_free=540 inherited_repl_other=0 inherited_repl_bg=27 inherited_occ=2674 inherited_unobs=0 session_sup=0 session_con=0 session_samples=0 cur_verts=2145 candidate_verts=0
a,2538,EVIDENCE,71,,EVIDENCE inst=71 inherited_support=0 inherited_contradiction=567 session_support=0 session_contradiction=0 inherited_absent_flag=1 cur_verts=2145 observed_verts=2544
a,2539,MOBILITY_PRIOR,71,,MOBILITY_PRIOR inst=71 session=0 class=9 changes=0 continuations=0 alpha=3.5 beta=0.5 q=0.875
a,2540,EXTENT_POSTERIOR,71,,EXTENT_POSTERIOR inst=71 same_site_probability=0 change_prior=0.875 different_site=1
a,2541,TOP_CLOSE,71,,TOP_CLOSE inst=71 by_new_site=1 by_observed_absence=1 support=0 contradiction=567 cur_verts=2145
a,2542,STATE_EVIDENCE_WINDOW,72,,STATE_EVIDENCE_WINDOW inst=72 after=65566666667 latest_measured_support=76400000000 through=76400000000 projected=1 support=269 contradiction=49 reliable=649 reliable_in_view=603 reliable_seen_through=10 absence_llr=0 absent_samples=15 total_samples=91 absence_coverage_sufficient=0
a,2543,STATE_SLICE,72,76400000000,STATE_SLICE inst=72 stamp=76400000000 inherited_sup=269 inherited_con=49 inherited_samples=91 inherited_supported=269 inherited_free=49 inherited_repl_other=0 inherited_repl_bg=0 inherited_occ=49 inherited_unobs=0 session_sup=0 session_con=0 session_samples=0 cur_verts=2739 candidate_verts=0
a,2544,EVIDENCE,72,,EVIDENCE inst=72 inherited_support=269 inherited_contradiction=49 session_support=0 session_contradiction=0 inherited_absent_flag=0 cur_verts=2739 observed_verts=0
a,2545,MOBILITY_PRIOR,72,,MOBILITY_PRIOR inst=72 session=0 class=9 changes=0 continuations=0 alpha=4.5 beta=0.5 q=0.9
a,2546,TOP_ABSORB_POSTERIOR,72,,TOP_ABSORB_POSTERIOR inst=72 measurement=confirmed_current change_prior=0.9 geometry_factor_or_bound=1 geometry_evaluated=0 candidate_vertices=0 effective_cells=0 off_share=unmeasured legacy_same_site=0 absorb=0
a,2547,MOBILITY_PRIOR,72,,MOBILITY_PRIOR inst=72 session=0 class=9 changes=0 continuations=0 alpha=4.5 beta=0.5 q=0.9
a,2548,TOP_ABSORB,72,,TOP_ABSORB inst=72 geom=0 support=269 high_mobility=1 absorb=0
a,2549,STATE_EVIDENCE_WINDOW,88,,STATE_EVIDENCE_WINDOW inst=88 after=16033333333 latest_measured_support=75966666667 through=76400000000 projected=1 support=15 contradiction=1 reliable=158 reliable_in_view=65 reliable_seen_through=0 absence_llr=0 absent_samples=1 total_samples=28 absence_coverage_sufficient=0
a,2550,STATE_SLICE,88,76400000000,STATE_SLICE inst=88 stamp=76400000000 inherited_sup=15 inherited_con=1 inherited_samples=28 inherited_supported=21 inherited_free=0 inherited_repl_other=1 inherited_repl_bg=0 inherited_occ=1082 inherited_unobs=0 session_sup=0 session_con=0 session_samples=0 cur_verts=735 candidate_verts=0
a,2551,EVIDENCE,88,,EVIDENCE inst=88 inherited_support=15 inherited_contradiction=1 session_support=0 session_contradiction=0 inherited_absent_flag=0 cur_verts=735 observed_verts=0
a,2552,MOBILITY_PRIOR,88,,MOBILITY_PRIOR inst=88 session=0 class=14 changes=0 continuations=0 alpha=0.5 beta=1.5 q=0.25
a,2553,TOP_ABSORB_POSTERIOR,88,,TOP_ABSORB_POSTERIOR inst=88 measurement=confirmed_current change_prior=0.25 geometry_factor_or_bound=1 geometry_evaluated=0 candidate_vertices=0 effective_cells=0 off_share=unmeasured legacy_same_site=1 absorb=1
a,2554,MOBILITY_PRIOR,88,,MOBILITY_PRIOR inst=88 session=0 class=14 changes=0 continuations=0 alpha=0.5 beta=1.5 q=0.25
a,2555,TOP_ABSORB,88,,TOP_ABSORB inst=88 geom=0 support=15 high_mobility=0 absorb=1
a,2556,STATE_EVIDENCE_WINDOW,89,,STATE_EVIDENCE_WINDOW inst=89 after=63400000000 latest_measured_support=76400000000 through=76400000000 projected=1 support=1227 contradiction=118 reliable=914 reliable_in_view=671 reliable_seen_through=5 absence_llr=0 absent_samples=34 total_samples=388 absence_coverage_sufficient=0
a,2557,STATE_SLICE,89,76400000000,STATE_SLICE inst=89 stamp=76400000000 inherited_sup=1227 inherited_con=118 inherited_samples=388 inherited_supported=1296 inherited_free=90 inherited_repl_other=2 inherited_repl_bg=28 inherited_occ=915 inherited_unobs=0 session_sup=0 session_con=0 session_samples=0 cur_verts=14064 candidate_verts=0
a,2558,EVIDENCE,89,,EVIDENCE inst=89 inherited_support=1227 inherited_contradiction=118 session_support=0 session_contradiction=0 inherited_absent_flag=0 cur_verts=14064 observed_verts=0
a,2559,MOBILITY_PRIOR,89,,MOBILITY_PRIOR inst=89 session=0 class=15 changes=0 continuations=0 alpha=1.8 beta=0.2 q=0.9
a,2560,TOP_ABSORB_POSTERIOR,89,,TOP_ABSORB_POSTERIOR inst=89 measurement=confirmed_current change_prior=0.9 geometry_factor_or_bound=1 geometry_evaluated=0 candidate_vertices=0 effective_cells=0 off_share=unmeasured legacy_same_site=0 absorb=0
a,2561,MOBILITY_PRIOR,89,,MOBILITY_PRIOR inst=89 session=0 class=15 changes=0 continuations=0 alpha=1.8 beta=0.2 q=0.9
a,2562,TOP_ABSORB,89,,TOP_ABSORB inst=89 geom=0 support=1227 high_mobility=1 absorb=0
a,2563,STATE_EVIDENCE_WINDOW,109,,STATE_EVIDENCE_WINDOW inst=109 after=7400000000 latest_measured_support=71200000000 through=76400000000 projected=0 support=837 contradiction=650 reliable=971 reliable_in_view=962 reliable_seen_through=241 absence_llr=19.1535 absent_samples=0 total_samples=2435 absence_coverage_sufficient=1
a,2564,STATE_SLICE,109,76400000000,STATE_SLICE inst=109 stamp=76400000000 inherited_sup=837 inherited_con=650 inherited_samples=2435 inherited_supported=26240 inherited_free=3219 inherited_repl_other=0 inherited_repl_bg=157 inherited_occ=2931 inherited_unobs=0 session_sup=0 session_con=0 session_samples=0 cur_verts=7305 candidate_verts=0
a,2565,EVIDENCE,109,,EVIDENCE inst=109 inherited_support=837 inherited_contradiction=650 session_support=0 session_contradiction=0 inherited_absent_flag=1 cur_verts=7305 observed_verts=0
a,2566,MOBILITY_PRIOR,109,,MOBILITY_PRIOR inst=109 session=0 class=19 changes=0 continuations=0 alpha=0.5 beta=1.5 q=0.25
a,2567,TOP_ABSORB_POSTERIOR,109,,TOP_ABSORB_POSTERIOR inst=109 measurement=confirmed_current change_prior=0.25 geometry_factor_or_bound=1 geometry_evaluated=0 candidate_vertices=0 effective_cells=0 off_share=unmeasured legacy_same_site=1 absorb=1
a,2568,MOBILITY_PRIOR,109,,MOBILITY_PRIOR inst=109 session=0 class=19 changes=0 continuations=0 alpha=0.5 beta=1.5 q=0.25
a,2569,TOP_ABSORB,109,,TOP_ABSORB inst=109 geom=0 support=837 high_mobility=0 absorb=1
a,2570,STATE_EVIDENCE_WINDOW,112,,STATE_EVIDENCE_WINDOW inst=112 after=57766666667 latest_measured_support=76400000000 through=76400000000 projected=1 support=1911 contradiction=0 reliable=890 reliable_in_view=723 reliable_seen_through=2 absence_llr=0 absent_samples=0 total_samples=144 absence_coverage_sufficient=0
a,2571,STATE_SLICE,112,76400000000,STATE_SLICE inst=112 stamp=76400000000 inherited_sup=1911 inherited_con=0 inherited_samples=144 inherited_supported=1911 inherited_free=0 inherited_repl_other=0 inherited_repl_bg=0 inherited_occ=135 inherited_unobs=0 session_sup=0 session_con=0 session_samples=0 cur_verts=2715 candidate_verts=0
a,2572,EVIDENCE,112,,EVIDENCE inst=112 inherited_support=1911 inherited_contradiction=0 session_support=0 session_contradiction=0 inherited_absent_flag=0 cur_verts=2715 observed_verts=0
a,2573,MOBILITY_PRIOR,112,,MOBILITY_PRIOR inst=112 session=0 class=20 changes=0 continuations=0 alpha=0.5 beta=1.5 q=0.25
a,2574,TOP_ABSORB_POSTERIOR,112,,TOP_ABSORB_POSTERIOR inst=112 measurement=confirmed_current change_prior=0.25 geometry_factor_or_bound=1 geometry_evaluated=0 candidate_vertices=0 effective_cells=0 off_share=unmeasured legacy_same_site=1 absorb=1
a,2575,MOBILITY_PRIOR,112,,MOBILITY_PRIOR inst=112 session=0 class=20 changes=0 continuations=0 alpha=0.5 beta=1.5 q=0.25
a,2576,TOP_ABSORB,112,,TOP_ABSORB inst=112 geom=0 support=1911 high_mobility=0 absorb=1
a,2577,STATE_EVIDENCE_WINDOW,121,,STATE_EVIDENCE_WINDOW inst=121 after=49166666667 latest_measured_support=0 through=76400000000 projected=0 support=0 contradiction=0 reliable=6 reliable_in_view=0 reliable_seen_through=0 absence_llr=0.28449 absent_samples=0 total_samples=146 absence_coverage_sufficient=0
a,2578,STATE_SLICE,121,76400000000,STATE_SLICE inst=121 stamp=76400000000 inherited_sup=0 inherited_con=0 inherited_samples=146 inherited_supported=0 inherited_free=0 inherited_repl_other=0 inherited_repl_bg=0 inherited_occ=0 inherited_unobs=3 session_sup=0 session_con=0 session_samples=0 cur_verts=438 candidate_verts=0
a,2579,EVIDENCE,121,,EVIDENCE inst=121 inherited_support=0 inherited_contradiction=0 session_support=0 session_contradiction=0 inherited_absent_flag=0 cur_verts=438 observed_verts=0
a,2580,STATE_EVIDENCE_WINDOW,126,,STATE_EVIDENCE_WINDOW inst=126 after=65566666667 latest_measured_support=76400000000 through=76400000000 projected=1 support=112 contradiction=7 reliable=134 reliable_in_view=128 reliable_seen_through=4 absence_llr=0 absent_samples=1 total_samples=17 absence_coverage_sufficient=0
a,2581,STATE_SLICE,126,76400000000,STATE_SLICE inst=126 stamp=76400000000 inherited_sup=112 inherited_con=7 inherited_samples=17 inherited_supported=112 inherited_free=3 inherited_repl_other=4 inherited_repl_bg=0 inherited_occ=0 inherited_unobs=0 session_sup=0 session_con=0 session_samples=0 cur_verts=588 candidate_verts=0
a,2582,EVIDENCE,126,,EVIDENCE inst=126 inherited_support=112 inherited_contradiction=7 session_support=0 session_contradiction=0 inherited_absent_flag=0 cur_verts=588 observed_verts=0
a,2583,MOBILITY_PRIOR,126,,MOBILITY_PRIOR inst=126 session=0 class=24 changes=0 continuations=0 alpha=0.5 beta=1.5 q=0.25
a,2584,TOP_ABSORB_POSTERIOR,126,,TOP_ABSORB_POSTERIOR inst=126 measurement=confirmed_current change_prior=0.25 geometry_factor_or_bound=1 geometry_evaluated=0 candidate_vertices=0 effective_cells=0 off_share=unmeasured legacy_same_site=1 absorb=1
a,2585,MOBILITY_PRIOR,126,,MOBILITY_PRIOR inst=126 session=0 class=24 changes=0 continuations=0 alpha=0.5 beta=1.5 q=0.25
a,2586,TOP_ABSORB,126,,TOP_ABSORB inst=126 geom=0 support=112 high_mobility=0 absorb=1
a,2587,STATE_EVIDENCE_WINDOW,128,,STATE_EVIDENCE_WINDOW inst=128 after=17533333333 latest_measured_support=0 through=76400000000 projected=0 support=0 contradiction=0 reliable=49 reliable_in_view=0 reliable_seen_through=0 absence_llr=0 absent_samples=0 total_samples=109 absence_coverage_sufficient=0
a,2588,STATE_SLICE,128,76400000000,STATE_SLICE inst=128 stamp=76400000000 inherited_sup=0 inherited_con=0 inherited_samples=109 inherited_supported=0 inherited_free=0 inherited_repl_other=0 inherited_repl_bg=0 inherited_occ=0 inherited_unobs=0 session_sup=0 session_con=0 session_samples=0 cur_verts=327 candidate_verts=0
a,2589,EVIDENCE,128,,EVIDENCE inst=128 inherited_support=0 inherited_contradiction=0 session_support=0 session_contradiction=0 inherited_absent_flag=0 cur_verts=327 observed_verts=0
a,2590,STATE_EVIDENCE_WINDOW,132,,STATE_EVIDENCE_WINDOW inst=132 after=16900000000 latest_measured_support=76400000000 through=76400000000 projected=1 support=16 contradiction=7 reliable=27 reliable_in_view=12 reliable_seen_through=1 absence_llr=0 absent_samples=2 total_samples=13 absence_coverage_sufficient=0
a,2591,STATE_SLICE,132,76400000000,STATE_SLICE inst=132 stamp=76400000000 inherited_sup=16 inherited_con=7 inherited_samples=13 inherited_supported=16 inherited_free=7 inherited_repl_other=0 inherited_repl_bg=0 inherited_occ=296 inherited_unobs=0 session_sup=0 session_con=0 session_samples=0 cur_verts=183 candidate_verts=0
a,2592,EVIDENCE,132,,EVIDENCE inst=132 inherited_support=16 inherited_contradiction=7 session_support=0 session_contradiction=0 inherited_absent_flag=0 cur_verts=183 observed_verts=0
a,2593,MOBILITY_PRIOR,132,,MOBILITY_PRIOR inst=132 session=0 class=25 changes=0 continuations=0 alpha=0.5 beta=1.5 q=0.25
a,2594,TOP_ABSORB_POSTERIOR,132,,TOP_ABSORB_POSTERIOR inst=132 measurement=confirmed_current change_prior=0.25 geometry_factor_or_bound=1 geometry_evaluated=0 candidate_vertices=0 effective_cells=0 off_share=unmeasured legacy_same_site=1 absorb=1
a,2595,MOBILITY_PRIOR,132,,MOBILITY_PRIOR inst=132 session=0 class=25 changes=0 continuations=0 alpha=0.5 beta=1.5 q=0.25
a,2596,TOP_ABSORB,132,,TOP_ABSORB inst=132 geom=0 support=16 high_mobility=0 absorb=1
a,2597,STATE_EVIDENCE_WINDOW,135,,STATE_EVIDENCE_WINDOW inst=135 after=44533333333 latest_measured_support=0 through=76400000000 projected=0 support=0 contradiction=0 reliable=659 reliable_in_view=0 reliable_seen_through=0 absence_llr=0 absent_samples=0 total_samples=1371 absence_coverage_sufficient=0
a,2598,STATE_SLICE,135,76400000000,STATE_SLICE inst=135 stamp=76400000000 inherited_sup=0 inherited_con=0 inherited_samples=1371 inherited_supported=0 inherited_free=0 inherited_repl_other=0 inherited_repl_bg=0 inherited_occ=0 inherited_unobs=1371 session_sup=0 session_con=0 session_samples=0 cur_verts=4113 candidate_verts=0
a,2599,EVIDENCE,135,,EVIDENCE inst=135 inherited_support=0 inherited_contradiction=0 session_support=0 session_contradiction=0 inherited_absent_flag=0 cur_verts=4113 observed_verts=0
a,2600,STATE_EVIDENCE_WINDOW,136,,STATE_EVIDENCE_WINDOW inst=136 after=53566666667 latest_measured_support=73800000000 through=76400000000 projected=1 support=25 contradiction=0 reliable=995 reliable_in_view=83 reliable_seen_through=0 absence_llr=0 absent_samples=0 total_samples=205 absence_coverage_sufficient=0
a,2601,STATE_SLICE,136,76400000000,STATE_SLICE inst=136 stamp=76400000000 inherited_sup=25 inherited_con=0 inherited_samples=205 inherited_supported=28 inherited_free=0 inherited_repl_other=0 inherited_repl_bg=0 inherited_occ=1202 inherited_unobs=0 session_sup=0 session_con=0 session_samples=0 cur_verts=7764 candidate_verts=0
a,2602,EVIDENCE,136,,EVIDENCE inst=136 inherited_support=25 inherited_contradiction=0 session_support=0 session_contradiction=0 inherited_absent_flag=0 cur_verts=7764 observed_verts=0
a,2603,MOBILITY_PRIOR,136,,MOBILITY_PRIOR inst=136 session=0 class=26 changes=0 continuations=0 alpha=0.5 beta=1.5 q=0.25
a,2604,TOP_ABSORB_POSTERIOR,136,,TOP_ABSORB_POSTERIOR inst=136 measurement=confirmed_current change_prior=0.25 geometry_factor_or_bound=1 geometry_evaluated=0 candidate_vertices=0 effective_cells=0 off_share=unmeasured legacy_same_site=1 absorb=1
a,2605,MOBILITY_PRIOR,136,,MOBILITY_PRIOR inst=136 session=0 class=26 changes=0 continuations=0 alpha=0.5 beta=1.5 q=0.25
a,2606,TOP_ABSORB,136,,TOP_ABSORB inst=136 geom=0 support=25 high_mobility=0 absorb=1
a,2607,STATE_EVIDENCE_WINDOW,141,,STATE_EVIDENCE_WINDOW inst=141 after=47700000000 latest_measured_support=0 through=76400000000 projected=0 support=0 contradiction=0 reliable=247 reliable_in_view=0 reliable_seen_through=0 absence_llr=0 absent_samples=0 total_samples=787 absence_coverage_sufficient=0
a,2608,STATE_SLICE,141,76400000000,STATE_SLICE inst=141 stamp=76400000000 inherited_sup=0 inherited_con=0 inherited_samples=787 inherited_supported=0 inherited_free=0 inherited_repl_other=0 inherited_repl_bg=0 inherited_occ=0 inherited_unobs=787 session_sup=0 session_con=0 session_samples=0 cur_verts=2361 candidate_verts=0
a,2609,EVIDENCE,141,,EVIDENCE inst=141 inherited_support=0 inherited_contradiction=0 session_support=0 session_contradiction=0 inherited_absent_flag=0 cur_verts=2361 observed_verts=0
a,2610,STATE_EVIDENCE_WINDOW,142,,STATE_EVIDENCE_WINDOW inst=142 after=47066666667 latest_measured_support=0 through=76400000000 projected=0 support=0 contradiction=0 reliable=242 reliable_in_view=0 reliable_seen_through=0 absence_llr=0 absent_samples=0 total_samples=748 absence_coverage_sufficient=0
a,2611,STATE_SLICE,142,76400000000,STATE_SLICE inst=142 stamp=76400000000 inherited_sup=0 inherited_con=0 inherited_samples=748 inherited_supported=0 inherited_free=0 inherited_repl_other=0 inherited_repl_bg=0 inherited_occ=0 inherited_unobs=748 session_sup=0 session_con=0 session_samples=0 cur_verts=2244 candidate_verts=0
a,2612,EVIDENCE,142,,EVIDENCE inst=142 inherited_support=0 inherited_contradiction=0 session_support=0 session_contradiction=0 inherited_absent_flag=0 cur_verts=2244 observed_verts=0
a,2613,STATE_EVIDENCE_WINDOW,143,,STATE_EVIDENCE_WINDOW inst=143 after=47766666667 latest_measured_support=0 through=76400000000 projected=0 support=0 contradiction=0 reliable=256 reliable_in_view=0 reliable_seen_through=0 absence_llr=0 absent_samples=0 total_samples=733 absence_coverage_sufficient=0
a,2614,STATE_SLICE,143,76400000000,STATE_SLICE inst=143 stamp=76400000000 inherited_sup=0 inherited_con=0 inherited_samples=733 inherited_supported=0 inherited_free=0 inherited_repl_other=0 inherited_repl_bg=0 inherited_occ=0 inherited_unobs=733 session_sup=0 session_con=0 session_samples=0 cur_verts=2199 candidate_verts=0
a,2615,EVIDENCE,143,,EVIDENCE inst=143 inherited_support=0 inherited_contradiction=0 session_support=0 session_contradiction=0 inherited_absent_flag=0 cur_verts=2199 observed_verts=0
a,2616,STATE_EVIDENCE_WINDOW,144,,STATE_EVIDENCE_WINDOW inst=144 after=47133333333 latest_measured_support=0 through=76400000000 projected=0 support=0 contradiction=0 reliable=192 reliable_in_view=0 reliable_seen_through=0 absence_llr=0 absent_samples=0 total_samples=651 absence_coverage_sufficient=0
a,2617,STATE_SLICE,144,76400000000,STATE_SLICE inst=144 stamp=76400000000 inherited_sup=0 inherited_con=0 inherited_samples=651 inherited_supported=0 inherited_free=0 inherited_repl_other=0 inherited_repl_bg=0 inherited_occ=0 inherited_unobs=651 session_sup=0 session_con=0 session_samples=0 cur_verts=1953 candidate_verts=0
a,2618,EVIDENCE,144,,EVIDENCE inst=144 inherited_support=0 inherited_contradiction=0 session_support=0 session_contradiction=0 inherited_absent_flag=0 cur_verts=1953 observed_verts=0
a,2619,STATE_EVIDENCE_WINDOW,145,,STATE_EVIDENCE_WINDOW inst=145 after=47166666667 latest_measured_support=0 through=76400000000 projected=0 support=0 contradiction=0 reliable=5 reliable_in_view=0 reliable_seen_through=0 absence_llr=0 absent_samples=0 total_samples=33 absence_coverage_sufficient=0
a,2620,STATE_SLICE,145,76400000000,STATE_SLICE inst=145 stamp=76400000000 inherited_sup=0 inherited_con=0 inherited_samples=33 inherited_supported=0 inherited_free=0 inherited_repl_other=0 inherited_repl_bg=0 inherited_occ=0 inherited_unobs=33 session_sup=0 session_con=0 session_samples=0 cur_verts=99 candidate_verts=0
a,2621,EVIDENCE,145,,EVIDENCE inst=145 inherited_support=0 inherited_contradiction=0 session_support=0 session_contradiction=0 inherited_absent_flag=0 cur_verts=99 observed_verts=0
a,2622,STATE_EVIDENCE_WINDOW,146,,STATE_EVIDENCE_WINDOW inst=146 after=47800000000 latest_measured_support=0 through=76400000000 projected=0 support=0 contradiction=0 reliable=0 reliable_in_view=0 reliable_seen_through=0 absence_llr=0 absent_samples=0 total_samples=20 absence_coverage_sufficient=0
a,2623,STATE_SLICE,146,76400000000,STATE_SLICE inst=146 stamp=76400000000 inherited_sup=0 inherited_con=0 inherited_samples=20 inherited_supported=0 inherited_free=0 inherited_repl_other=0 inherited_repl_bg=0 inherited_occ=0 inherited_unobs=20 session_sup=0 session_con=0 session_samples=0 cur_verts=60 candidate_verts=0
a,2624,EVIDENCE,146,,EVIDENCE inst=146 inherited_support=0 inherited_contradiction=0 session_support=0 session_contradiction=0 inherited_absent_flag=0 cur_verts=60 observed_verts=0
a,2625,STATE_EVIDENCE_WINDOW,147,,STATE_EVIDENCE_WINDOW inst=147 after=8400000000 latest_measured_support=69466666667 through=76400000000 projected=0 support=90 contradiction=83 reliable=137 reliable_in_view=137 reliable_seen_through=1 absence_llr=0 absent_samples=0 total_samples=199 absence_coverage_sufficient=0
a,2626,STATE_SLICE,147,76400000000,STATE_SLICE inst=147 stamp=76400000000 inherited_sup=90 inherited_con=83 inherited_samples=199 inherited_supported=1475 inherited_free=0 inherited_repl_other=500 inherited_repl_bg=0 inherited_occ=11 inherited_unobs=0 session_sup=0 session_con=0 session_samples=0 cur_verts=597 candidate_verts=0
a,2627,EVIDENCE,147,,EVIDENCE inst=147 inherited_support=90 inherited_contradiction=83 session_support=0 session_contradiction=0 inherited_absent_flag=0 cur_verts=597 observed_verts=0
a,2628,MOBILITY_PRIOR,147,,MOBILITY_PRIOR inst=147 session=0 class=28 changes=0 continuations=0 alpha=0.5 beta=1.5 q=0.25
a,2629,TOP_ABSORB_POSTERIOR,147,,TOP_ABSORB_POSTERIOR inst=147 measurement=confirmed_current change_prior=0.25 geometry_factor_or_bound=1 geometry_evaluated=0 candidate_vertices=0 effective_cells=0 off_share=unmeasured legacy_same_site=1 absorb=1
a,2630,MOBILITY_PRIOR,147,,MOBILITY_PRIOR inst=147 session=0 class=28 changes=0 continuations=0 alpha=0.5 beta=1.5 q=0.25
a,2631,TOP_ABSORB,147,,TOP_ABSORB inst=147 geom=0 support=90 high_mobility=0 absorb=1
a,2632,STATE_EVIDENCE_WINDOW,148,,STATE_EVIDENCE_WINDOW inst=148 after=8400000000 latest_measured_support=69466666667 through=76400000000 projected=0 support=96 contradiction=50 reliable=134 reliable_in_view=134 reliable_seen_through=1 absence_llr=0 absent_samples=0 total_samples=167 absence_coverage_sufficient=0
a,2633,STATE_SLICE,148,76400000000,STATE_SLICE inst=148 stamp=76400000000 inherited_sup=96 inherited_con=50 inherited_samples=167 inherited_supported=1304 inherited_free=179 inherited_repl_other=20 inherited_repl_bg=0 inherited_occ=246 inherited_unobs=0 session_sup=0 session_con=0 session_samples=0 cur_verts=501 candidate_verts=0
a,2634,EVIDENCE,148,,EVIDENCE inst=148 inherited_support=96 inherited_contradiction=50 session_support=0 session_contradiction=0 inherited_absent_flag=0 cur_verts=501 observed_verts=0
a,2635,MOBILITY_PRIOR,148,,MOBILITY_PRIOR inst=148 session=0 class=28 changes=0 continuations=0 alpha=0.5 beta=1.5 q=0.25
a,2636,TOP_ABSORB_POSTERIOR,148,,TOP_ABSORB_POSTERIOR inst=148 measurement=confirmed_current change_prior=0.25 geometry_factor_or_bound=1 geometry_evaluated=0 candidate_vertices=0 effective_cells=0 off_share=unmeasured legacy_same_site=1 absorb=1
a,2637,MOBILITY_PRIOR,148,,MOBILITY_PRIOR inst=148 session=0 class=28 changes=0 continuations=0 alpha=0.5 beta=1.5 q=0.25
a,2638,TOP_ABSORB,148,,TOP_ABSORB inst=148 geom=0 support=96 high_mobility=0 absorb=1
a,2639,STATE_EVIDENCE_WINDOW,149,,STATE_EVIDENCE_WINDOW inst=149 after=8833333333 latest_measured_support=68166666667 through=76400000000 projected=0 support=168 contradiction=56 reliable=342 reliable_in_view=342 reliable_seen_through=0 absence_llr=0 absent_samples=0 total_samples=582 absence_coverage_sufficient=0
a,2640,STATE_SLICE,149,76400000000,STATE_SLICE inst=149 stamp=76400000000 inherited_sup=168 inherited_con=56 inherited_samples=582 inherited_supported=5746 inherited_free=49 inherited_repl_other=289 inherited_repl_bg=0 inherited_occ=4 inherited_unobs=0 session_sup=0 session_con=0 session_samples=0 cur_verts=1746 candidate_verts=0
a,2641,EVIDENCE,149,,EVIDENCE inst=149 inherited_support=168 inherited_contradiction=56 session_support=0 session_contradiction=0 inherited_absent_flag=0 cur_verts=1746 observed_verts=0
a,2642,MOBILITY_PRIOR,149,,MOBILITY_PRIOR inst=149 session=0 class=28 changes=0 continuations=0 alpha=0.5 beta=1.5 q=0.25
a,2643,TOP_ABSORB_POSTERIOR,149,,TOP_ABSORB_POSTERIOR inst=149 measurement=confirmed_current change_prior=0.25 geometry_factor_or_bound=1 geometry_evaluated=0 candidate_vertices=0 effective_cells=0 off_share=unmeasured legacy_same_site=1 absorb=1
a,2644,MOBILITY_PRIOR,149,,MOBILITY_PRIOR inst=149 session=0 class=28 changes=0 continuations=0 alpha=0.5 beta=1.5 q=0.25
a,2645,TOP_ABSORB,149,,TOP_ABSORB inst=149 geom=0 support=168 high_mobility=0 absorb=1
a,2646,STATE_EVIDENCE_WINDOW,153,,STATE_EVIDENCE_WINDOW inst=153 after=16900000000 latest_measured_support=76400000000 through=76400000000 projected=1 support=138 contradiction=17 reliable=520 reliable_in_view=148 reliable_seen_through=0 absence_llr=0 absent_samples=7 total_samples=115 absence_coverage_sufficient=0
a,2647,STATE_SLICE,153,76400000000,STATE_SLICE inst=153 stamp=76400000000 inherited_sup=138 inherited_con=17 inherited_samples=115 inherited_supported=153 inherited_free=22 inherited_repl_other=0 inherited_repl_bg=0 inherited_occ=2356 inherited_unobs=0 session_sup=0 session_con=0 session_samples=0 cur_verts=1731 candidate_verts=0
a,2648,EVIDENCE,153,,EVIDENCE inst=153 inherited_support=138 inherited_contradiction=17 session_support=0 session_contradiction=0 inherited_absent_flag=0 cur_verts=1731 observed_verts=0
a,2649,MOBILITY_PRIOR,153,,MOBILITY_PRIOR inst=153 session=0 class=30 changes=0 continuations=0 alpha=0.5 beta=1.5 q=0.25
a,2650,TOP_ABSORB_POSTERIOR,153,,TOP_ABSORB_POSTERIOR inst=153 measurement=confirmed_current change_prior=0.25 geometry_factor_or_bound=1 geometry_evaluated=0 candidate_vertices=0 effective_cells=0 off_share=unmeasured legacy_same_site=1 absorb=1
a,2651,MOBILITY_PRIOR,153,,MOBILITY_PRIOR inst=153 session=0 class=30 changes=0 continuations=0 alpha=0.5 beta=1.5 q=0.25
a,2652,TOP_ABSORB,153,,TOP_ABSORB inst=153 geom=0 support=138 high_mobility=0 absorb=1
a,2653,STATE_EVIDENCE_WINDOW,155,,STATE_EVIDENCE_WINDOW inst=155 after=17966666667 latest_measured_support=73366666667 through=76400000000 projected=0 support=247 contradiction=50 reliable=1151 reliable_in_view=1084 reliable_seen_through=7 absence_llr=0 absent_samples=0 total_samples=3120 absence_coverage_sufficient=0
a,2654,STATE_SLICE,155,76400000000,STATE_SLICE inst=155 stamp=76400000000 inherited_sup=247 inherited_con=50 inherited_samples=3120 inherited_supported=4408 inherited_free=28 inherited_repl_other=46 inherited_repl_bg=40 inherited_occ=447 inherited_unobs=5 session_sup=0 session_con=0 session_samples=0 cur_verts=9360 candidate_verts=0
a,2655,EVIDENCE,155,,EVIDENCE inst=155 inherited_support=247 inherited_contradiction=50 session_support=0 session_contradiction=0 inherited_absent_flag=0 cur_verts=9360 observed_verts=0
a,2656,MOBILITY_PRIOR,155,,MOBILITY_PRIOR inst=155 session=0 class=32 changes=0 continuations=0 alpha=0.5 beta=1.5 q=0.25
a,2657,TOP_ABSORB_POSTERIOR,155,,TOP_ABSORB_POSTERIOR inst=155 measurement=confirmed_current change_prior=0.25 geometry_factor_or_bound=1 geometry_evaluated=0 candidate_vertices=0 effective_cells=0 off_share=unmeasured legacy_same_site=1 absorb=1
a,2658,MOBILITY_PRIOR,155,,MOBILITY_PRIOR inst=155 session=0 class=32 changes=0 continuations=0 alpha=0.5 beta=1.5 q=0.25
a,2659,TOP_ABSORB,155,,TOP_ABSORB inst=155 geom=0 support=247 high_mobility=0 absorb=1
a,2660,STATE_EVIDENCE_WINDOW,156,,STATE_EVIDENCE_WINDOW inst=156 after=8933333333 latest_measured_support=69466666667 through=76400000000 projected=0 support=451 contradiction=75 reliable=1363 reliable_in_view=1357 reliable_seen_through=2 absence_llr=0 absent_samples=0 total_samples=1659 absence_coverage_sufficient=0
a,2661,STATE_SLICE,156,76400000000,STATE_SLICE inst=156 stamp=76400000000 inherited_sup=451 inherited_con=75 inherited_samples=1659 inherited_supported=9369 inherited_free=357 inherited_repl_other=28 inherited_repl_bg=0 inherited_occ=1221 inherited_unobs=0 session_sup=0 session_con=0 session_samples=0 cur_verts=4977 candidate_verts=0
a,2662,EVIDENCE,156,,EVIDENCE inst=156 inherited_support=451 inherited_contradiction=75 session_support=0 session_contradiction=0 inherited_absent_flag=0 cur_verts=4977 observed_verts=0
a,2663,MOBILITY_PRIOR,156,,MOBILITY_PRIOR inst=156 session=0 class=32 changes=0 continuations=0 alpha=0.5 beta=1.5 q=0.25
a,2664,TOP_ABSORB_POSTERIOR,156,,TOP_ABSORB_POSTERIOR inst=156 measurement=confirmed_current change_prior=0.25 geometry_factor_or_bound=1 geometry_evaluated=0 candidate_vertices=0 effective_cells=0 off_share=unmeasured legacy_same_site=1 absorb=1
a,2665,MOBILITY_PRIOR,156,,MOBILITY_PRIOR inst=156 session=0 class=32 changes=0 continuations=0 alpha=0.5 beta=1.5 q=0.25
a,2666,TOP_ABSORB,156,,TOP_ABSORB inst=156 geom=0 support=451 high_mobility=0 absorb=1
a,2667,STATE_EVIDENCE_WINDOW,161,,STATE_EVIDENCE_WINDOW inst=161 after=7633333333 latest_measured_support=69466666667 through=76400000000 projected=0 support=115 contradiction=47 reliable=186 reliable_in_view=186 reliable_seen_through=0 absence_llr=0 absent_samples=0 total_samples=233 absence_coverage_sufficient=0
a,2668,STATE_SLICE,161,76400000000,STATE_SLICE inst=161 stamp=76400000000 inherited_sup=115 inherited_con=47 inherited_samples=233 inherited_supported=2679 inherited_free=218 inherited_repl_other=0 inherited_repl_bg=102 inherited_occ=109 inherited_unobs=0 session_sup=0 session_con=0 session_samples=0 cur_verts=699 candidate_verts=0
a,2669,EVIDENCE,161,,EVIDENCE inst=161 inherited_support=115 inherited_contradiction=47 session_support=0 session_contradiction=0 inherited_absent_flag=0 cur_verts=699 observed_verts=0
a,2670,MOBILITY_PRIOR,161,,MOBILITY_PRIOR inst=161 session=0 class=35 changes=0 continuations=0 alpha=1.8 beta=0.2 q=0.9
a,2671,TOP_ABSORB_POSTERIOR,161,,TOP_ABSORB_POSTERIOR inst=161 measurement=confirmed_current change_prior=0.9 geometry_factor_or_bound=1 geometry_evaluated=0 candidate_vertices=0 effective_cells=0 off_share=unmeasured legacy_same_site=0 absorb=0
a,2672,MOBILITY_PRIOR,161,,MOBILITY_PRIOR inst=161 session=0 class=35 changes=0 continuations=0 alpha=1.8 beta=0.2 q=0.9
a,2673,TOP_ABSORB,161,,TOP_ABSORB inst=161 geom=0 support=115 high_mobility=1 absorb=0
a,2674,STATE_EVIDENCE_WINDOW,162,,STATE_EVIDENCE_WINDOW inst=162 after=7733333333 latest_measured_support=68600000000 through=76400000000 projected=0 support=56 contradiction=7 reliable=142 reliable_in_view=142 reliable_seen_through=0 absence_llr=0 absent_samples=0 total_samples=156 absence_coverage_sufficient=0
a,2675,STATE_SLICE,162,76400000000,STATE_SLICE inst=162 stamp=76400000000 inherited_sup=56 inherited_con=7 inherited_samples=156 inherited_supported=1072 inherited_free=23 inherited_repl_other=0 inherited_repl_bg=0 inherited_occ=10 inherited_unobs=0 session_sup=0 session_con=0 session_samples=0 cur_verts=468 candidate_verts=0
a,2676,EVIDENCE,162,,EVIDENCE inst=162 inherited_support=56 inherited_contradiction=7 session_support=0 session_contradiction=0 inherited_absent_flag=0 cur_verts=468 observed_verts=0
a,2677,MOBILITY_PRIOR,162,,MOBILITY_PRIOR inst=162 session=0 class=35 changes=0 continuations=0 alpha=1.8 beta=0.2 q=0.9
a,2678,TOP_ABSORB_POSTERIOR,162,,TOP_ABSORB_POSTERIOR inst=162 measurement=confirmed_current change_prior=0.9 geometry_factor_or_bound=1 geometry_evaluated=0 candidate_vertices=0 effective_cells=0 off_share=unmeasured legacy_same_site=0 absorb=0
a,2679,MOBILITY_PRIOR,162,,MOBILITY_PRIOR inst=162 session=0 class=35 changes=0 continuations=0 alpha=1.8 beta=0.2 q=0.9
a,2680,TOP_ABSORB,162,,TOP_ABSORB inst=162 geom=0 support=56 high_mobility=1 absorb=0
a,2681,STATE_EVIDENCE_WINDOW,163,,STATE_EVIDENCE_WINDOW inst=163 after=65566666667 latest_measured_support=76400000000 through=76400000000 projected=1 support=493 contradiction=89 reliable=798 reliable_in_view=686 reliable_seen_through=15 absence_llr=0 absent_samples=15 total_samples=140 absence_coverage_sufficient=0
a,2682,STATE_SLICE,163,76400000000,STATE_SLICE inst=163 stamp=76400000000 inherited_sup=493 inherited_con=89 inherited_samples=140 inherited_supported=497 inherited_free=82 inherited_repl_other=1 inherited_repl_bg=6 inherited_occ=275 inherited_unobs=0 session_sup=0 session_con=0 session_samples=0 cur_verts=4986 candidate_verts=0
a,2683,EVIDENCE,163,,EVIDENCE inst=163 inherited_support=493 inherited_contradiction=89 session_support=0 session_contradiction=0 inherited_absent_flag=0 cur_verts=4986 observed_verts=0
a,2684,MOBILITY_PRIOR,163,,MOBILITY_PRIOR inst=163 session=0 class=35 changes=0 continuations=0 alpha=1.8 beta=0.2 q=0.9
a,2685,TOP_ABSORB_POSTERIOR,163,,TOP_ABSORB_POSTERIOR inst=163 measurement=confirmed_current change_prior=0.9 geometry_factor_or_bound=1 geometry_evaluated=0 candidate_vertices=0 effective_cells=0 off_share=unmeasured legacy_same_site=0 absorb=0
a,2686,MOBILITY_PRIOR,163,,MOBILITY_PRIOR inst=163 session=0 class=35 changes=0 continuations=0 alpha=1.8 beta=0.2 q=0.9
a,2687,TOP_ABSORB,163,,TOP_ABSORB inst=163 geom=0 support=493 high_mobility=1 absorb=0
a,2688,STATE_EVIDENCE_WINDOW,164,,STATE_EVIDENCE_WINDOW inst=164 after=6333333333 latest_measured_support=76400000000 through=76400000000 projected=1 support=531 contradiction=82 reliable=291 reliable_in_view=280 reliable_seen_through=11 absence_llr=0 absent_samples=5 total_samples=50 absence_coverage_sufficient=0
a,2689,STATE_SLICE,164,76400000000,STATE_SLICE inst=164 stamp=76400000000 inherited_sup=531 inherited_con=82 inherited_samples=50 inherited_supported=531 inherited_free=82 inherited_repl_other=0 inherited_repl_bg=0 inherited_occ=536 inherited_unobs=0 session_sup=0 session_con=0 session_samples=0 cur_verts=1350 candidate_verts=0
a,2690,EVIDENCE,164,,EVIDENCE inst=164 inherited_support=531 inherited_contradiction=82 session_support=0 session_contradiction=0 inherited_absent_flag=0 cur_verts=1350 observed_verts=0
a,2691,MOBILITY_PRIOR,164,,MOBILITY_PRIOR inst=164 session=0 class=35 changes=0 continuations=0 alpha=1.8 beta=0.2 q=0.9
a,2692,TOP_ABSORB_POSTERIOR,164,,TOP_ABSORB_POSTERIOR inst=164 measurement=confirmed_current change_prior=0.9 geometry_factor_or_bound=1 geometry_evaluated=0 candidate_vertices=0 effective_cells=0 off_share=unmeasured legacy_same_site=0 absorb=0
a,2693,MOBILITY_PRIOR,164,,MOBILITY_PRIOR inst=164 session=0 class=35 changes=0 continuations=0 alpha=1.8 beta=0.2 q=0.9
a,2694,TOP_ABSORB,164,,TOP_ABSORB inst=164 geom=0 support=531 high_mobility=1 absorb=0
a,2695,STATE_EVIDENCE_WINDOW,165,,STATE_EVIDENCE_WINDOW inst=165 after=48166666667 latest_measured_support=0 through=76400000000 projected=0 support=0 contradiction=0 reliable=136 reliable_in_view=0 reliable_seen_through=0 absence_llr=0 absent_samples=0 total_samples=457 absence_coverage_sufficient=0
a,2696,STATE_SLICE,165,76400000000,STATE_SLICE inst=165 stamp=76400000000 inherited_sup=0 inherited_con=0 inherited_samples=457 inherited_supported=0 inherited_free=0 inherited_repl_other=0 inherited_repl_bg=0 inherited_occ=20 inherited_unobs=359 session_sup=0 session_con=0 session_samples=0 cur_verts=1371 candidate_verts=0
a,2697,EVIDENCE,165,,EVIDENCE inst=165 inherited_support=0 inherited_contradiction=0 session_support=0 session_contradiction=0 inherited_absent_flag=0 cur_verts=1371 observed_verts=0
a,2698,STATE_EVIDENCE_WINDOW,166,,STATE_EVIDENCE_WINDOW inst=166 after=44733333333 latest_measured_support=0 through=76400000000 projected=0 support=0 contradiction=0 reliable=193 reliable_in_view=0 reliable_seen_through=0 absence_llr=0 absent_samples=0 total_samples=599 absence_coverage_sufficient=0
a,2699,STATE_SLICE,166,76400000000,STATE_SLICE inst=166 stamp=76400000000 inherited_sup=0 inherited_con=0 inherited_samples=599 inherited_supported=0 inherited_free=0 inherited_repl_other=0 inherited_repl_bg=0 inherited_occ=0 inherited_unobs=599 session_sup=0 session_con=0 session_samples=0 cur_verts=1797 candidate_verts=0
a,2700,EVIDENCE,166,,EVIDENCE inst=166 inherited_support=0 inherited_contradiction=0 session_support=0 session_contradiction=0 inherited_absent_flag=0 cur_verts=1797 observed_verts=0
a,2701,STATE_EVIDENCE_WINDOW,167,,STATE_EVIDENCE_WINDOW inst=167 after=7700000000 latest_measured_support=69900000000 through=76400000000 projected=0 support=142 contradiction=93 reliable=242 reliable_in_view=241 reliable_seen_through=5 absence_llr=0 absent_samples=0 total_samples=343 absence_coverage_sufficient=0
a,2702,STATE_SLICE,167,76400000000,STATE_SLICE inst=167 stamp=76400000000 inherited_sup=142 inherited_con=93 inherited_samples=343 inherited_supported=3165 inherited_free=499 inherited_repl_other=10 inherited_repl_bg=0 inherited_occ=65 inherited_unobs=0 session_sup=0 session_con=0 session_samples=0 cur_verts=1029 candidate_verts=0
a,2703,EVIDENCE,167,,EVIDENCE inst=167 inherited_support=142 inherited_contradiction=93 session_support=0 session_contradiction=0 inherited_absent_flag=0 cur_verts=1029 observed_verts=0
a,2704,MOBILITY_PRIOR,167,,MOBILITY_PRIOR inst=167 session=0 class=36 changes=0 continuations=0 alpha=0.5 beta=1.5 q=0.25
a,2705,TOP_ABSORB_POSTERIOR,167,,TOP_ABSORB_POSTERIOR inst=167 measurement=confirmed_current change_prior=0.25 geometry_factor_or_bound=1 geometry_evaluated=0 candidate_vertices=0 effective_cells=0 off_share=unmeasured legacy_same_site=1 absorb=1
a,2706,MOBILITY_PRIOR,167,,MOBILITY_PRIOR inst=167 session=0 class=36 changes=0 continuations=0 alpha=0.5 beta=1.5 q=0.25
a,2707,TOP_ABSORB,167,,TOP_ABSORB inst=167 geom=0 support=142 high_mobility=0 absorb=1
a,2708,STATE_EVIDENCE_WINDOW,171,,STATE_EVIDENCE_WINDOW inst=171 after=18666666667 latest_measured_support=75966666667 through=76400000000 projected=1 support=1032 contradiction=111 reliable=820 reliable_in_view=799 reliable_seen_through=2 absence_llr=0 absent_samples=15 total_samples=136 absence_coverage_sufficient=0
a,2709,STATE_SLICE,171,76400000000,STATE_SLICE inst=171 stamp=76400000000 inherited_sup=1032 inherited_con=111 inherited_samples=136 inherited_supported=1033 inherited_free=0 inherited_repl_other=0 inherited_repl_bg=111 inherited_occ=1713 inherited_unobs=0 session_sup=0 session_con=0 session_samples=0 cur_verts=4113 candidate_verts=0
a,2710,EVIDENCE,171,,EVIDENCE inst=171 inherited_support=1032 inherited_contradiction=111 session_support=0 session_contradiction=0 inherited_absent_flag=0 cur_verts=4113 observed_verts=0
a,2711,MOBILITY_PRIOR,171,,MOBILITY_PRIOR inst=171 session=0 class=39 changes=0 continuations=0 alpha=1.8 beta=0.2 q=0.9
a,2712,TOP_ABSORB_POSTERIOR,171,,TOP_ABSORB_POSTERIOR inst=171 measurement=confirmed_current change_prior=0.9 geometry_factor_or_bound=1 geometry_evaluated=0 candidate_vertices=0 effective_cells=0 off_share=unmeasured legacy_same_site=0 absorb=0
a,2713,MOBILITY_PRIOR,171,,MOBILITY_PRIOR inst=171 session=0 class=39 changes=0 continuations=0 alpha=1.8 beta=0.2 q=0.9
a,2714,TOP_ABSORB,171,,TOP_ABSORB inst=171 geom=0 support=1032 high_mobility=1 absorb=0
a,2715,STATE_EVIDENCE_WINDOW,172,,STATE_EVIDENCE_WINDOW inst=172 after=49200000000 latest_measured_support=0 through=76400000000 projected=0 support=0 contradiction=0 reliable=719 reliable_in_view=0 reliable_seen_through=0 absence_llr=0 absent_samples=0 total_samples=1554 absence_coverage_sufficient=0
a,2716,STATE_SLICE,172,76400000000,STATE_SLICE inst=172 stamp=76400000000 inherited_sup=0 inherited_con=0 inherited_samples=1554 inherited_supported=0 inherited_free=0 inherited_repl_other=0 inherited_repl_bg=0 inherited_occ=235 inherited_unobs=88 session_sup=0 session_con=0 session_samples=0 cur_verts=4662 candidate_verts=0
a,2717,EVIDENCE,172,,EVIDENCE inst=172 inherited_support=0 inherited_contradiction=0 session_support=0 session_contradiction=0 inherited_absent_flag=0 cur_verts=4662 observed_verts=0
a,2718,STATE_EVIDENCE_WINDOW,173,,STATE_EVIDENCE_WINDOW inst=173 after=7066666667 latest_measured_support=70333333333 through=76400000000 projected=0 support=66 contradiction=48 reliable=340 reliable_in_view=340 reliable_seen_through=7 absence_llr=0 absent_samples=0 total_samples=384 absence_coverage_sufficient=0
a,2719,STATE_SLICE,173,76400000000,STATE_SLICE inst=173 stamp=76400000000 inherited_sup=66 inherited_con=48 inherited_samples=384 inherited_supported=911 inherited_free=62 inherited_repl_other=64 inherited_repl_bg=62 inherited_occ=13 inherited_unobs=0 session_sup=0 session_con=0 session_samples=0 cur_verts=1152 candidate_verts=0
a,2720,EVIDENCE,173,,EVIDENCE inst=173 inherited_support=66 inherited_contradiction=48 session_support=0 session_contradiction=0 inherited_absent_flag=0 cur_verts=1152 observed_verts=0
a,2721,MOBILITY_PRIOR,173,,MOBILITY_PRIOR inst=173 session=0 class=40 changes=0 continuations=0 alpha=0.5 beta=1.5 q=0.25
a,2722,TOP_ABSORB_POSTERIOR,173,,TOP_ABSORB_POSTERIOR inst=173 measurement=confirmed_current change_prior=0.25 geometry_factor_or_bound=1 geometry_evaluated=0 candidate_vertices=0 effective_cells=0 off_share=unmeasured legacy_same_site=1 absorb=1
a,2723,MOBILITY_PRIOR,173,,MOBILITY_PRIOR inst=173 session=0 class=40 changes=0 continuations=0 alpha=0.5 beta=1.5 q=0.25
a,2724,TOP_ABSORB,173,,TOP_ABSORB inst=173 geom=0 support=66 high_mobility=0 absorb=1
a,2725,STATE_EVIDENCE_WINDOW,174,,STATE_EVIDENCE_WINDOW inst=174 after=6633333333 latest_measured_support=75966666667 through=76400000000 projected=1 support=444 contradiction=40 reliable=316 reliable_in_view=316 reliable_seen_through=0 absence_llr=0 absent_samples=5 total_samples=53 absence_coverage_sufficient=0
a,2726,STATE_SLICE,174,76400000000,STATE_SLICE inst=174 stamp=76400000000 inherited_sup=444 inherited_con=40 inherited_samples=53 inherited_supported=448 inherited_free=7 inherited_repl_other=5 inherited_repl_bg=28 inherited_occ=773 inherited_unobs=0 session_sup=0 session_con=0 session_samples=0 cur_verts=1104 candidate_verts=0
a,2727,EVIDENCE,174,,EVIDENCE inst=174 inherited_support=444 inherited_contradiction=40 session_support=0 session_contradiction=0 inherited_absent_flag=0 cur_verts=1104 observed_verts=0
a,2728,MOBILITY_PRIOR,174,,MOBILITY_PRIOR inst=174 session=0 class=40 changes=0 continuations=0 alpha=0.5 beta=1.5 q=0.25
a,2729,TOP_ABSORB_POSTERIOR,174,,TOP_ABSORB_POSTERIOR inst=174 measurement=confirmed_current change_prior=0.25 geometry_factor_or_bound=1 geometry_evaluated=0 candidate_vertices=0 effective_cells=0 off_share=unmeasured legacy_same_site=1 absorb=1
a,2730,MOBILITY_PRIOR,174,,MOBILITY_PRIOR inst=174 session=0 class=40 changes=0 continuations=0 alpha=0.5 beta=1.5 q=0.25
a,2731,TOP_ABSORB,174,,TOP_ABSORB inst=174 geom=0 support=444 high_mobility=0 absorb=1
a,2732,STATE_EVIDENCE_WINDOW,175,,STATE_EVIDENCE_WINDOW inst=175 after=6833333333 latest_measured_support=72933333333 through=76400000000 projected=0 support=21 contradiction=4 reliable=210 reliable_in_view=210 reliable_seen_through=0 absence_llr=0 absent_samples=0 total_samples=230 absence_coverage_sufficient=0
a,2733,STATE_SLICE,175,76400000000,STATE_SLICE inst=175 stamp=76400000000 inherited_sup=21 inherited_con=4 inherited_samples=230 inherited_supported=393 inherited_free=0 inherited_repl_other=4 inherited_repl_bg=0 inherited_occ=0 inherited_unobs=0 session_sup=0 session_con=0 session_samples=0 cur_verts=690 candidate_verts=0
a,2734,EVIDENCE,175,,EVIDENCE inst=175 inherited_support=21 inherited_contradiction=4 session_support=0 session_contradiction=0 inherited_absent_flag=0 cur_verts=690 observed_verts=0
a,2735,MOBILITY_PRIOR,175,,MOBILITY_PRIOR inst=175 session=0 class=40 changes=0 continuations=0 alpha=0.5 beta=1.5 q=0.25
a,2736,TOP_ABSORB_POSTERIOR,175,,TOP_ABSORB_POSTERIOR inst=175 measurement=confirmed_current change_prior=0.25 geometry_factor_or_bound=1 geometry_evaluated=0 candidate_vertices=0 effective_cells=0 off_share=unmeasured legacy_same_site=1 absorb=1
a,2737,MOBILITY_PRIOR,175,,MOBILITY_PRIOR inst=175 session=0 class=40 changes=0 continuations=0 alpha=0.5 beta=1.5 q=0.25
a,2738,TOP_ABSORB,175,,TOP_ABSORB inst=175 geom=0 support=21 high_mobility=0 absorb=1
a,2739,STATE_EVIDENCE_WINDOW,180,,STATE_EVIDENCE_WINDOW inst=180 after=16833333333 latest_measured_support=76400000000 through=76400000000 projected=1 support=41 contradiction=3 reliable=66 reliable_in_view=44 reliable_seen_through=0 absence_llr=0 absent_samples=2 total_samples=15 absence_coverage_sufficient=0
a,2740,STATE_SLICE,180,76400000000,STATE_SLICE inst=180 stamp=76400000000 inherited_sup=41 inherited_con=3 inherited_samples=15 inherited_supported=44 inherited_free=0 inherited_repl_other=3 inherited_repl_bg=0 inherited_occ=312 inherited_unobs=0 session_sup=0 session_con=0 session_samples=0 cur_verts=264 candidate_verts=0
a,2741,EVIDENCE,180,,EVIDENCE inst=180 inherited_support=41 inherited_contradiction=3 session_support=0 session_contradiction=0 inherited_absent_flag=0 cur_verts=264 observed_verts=0
a,2742,MOBILITY_PRIOR,180,,MOBILITY_PRIOR inst=180 session=0 class=42 changes=0 continuations=0 alpha=0.5 beta=1.5 q=0.25
a,2743,TOP_ABSORB_POSTERIOR,180,,TOP_ABSORB_POSTERIOR inst=180 measurement=confirmed_current change_prior=0.25 geometry_factor_or_bound=1 geometry_evaluated=0 candidate_vertices=0 effective_cells=0 off_share=unmeasured legacy_same_site=1 absorb=1
a,2744,MOBILITY_PRIOR,180,,MOBILITY_PRIOR inst=180 session=0 class=42 changes=0 continuations=0 alpha=0.5 beta=1.5 q=0.25
a,2745,TOP_ABSORB,180,,TOP_ABSORB inst=180 geom=0 support=41 high_mobility=0 absorb=1
a,2746,STATE_EVIDENCE_WINDOW,205,,STATE_EVIDENCE_WINDOW inst=205 after=17366666667 latest_measured_support=76400000000 through=76400000000 projected=1 support=55 contradiction=23 reliable=85 reliable_in_view=69 reliable_seen_through=3 absence_llr=0 absent_samples=6 total_samples=17 absence_coverage_sufficient=0
a,2747,STATE_SLICE,205,76400000000,STATE_SLICE inst=205 stamp=76400000000 inherited_sup=55 inherited_con=23 inherited_samples=17 inherited_supported=56 inherited_free=5 inherited_repl_other=18 inherited_repl_bg=0 inherited_occ=355 inherited_unobs=0 session_sup=0 session_con=0 session_samples=0 cur_verts=552 candidate_verts=0
a,2748,EVIDENCE,205,,EVIDENCE inst=205 inherited_support=55 inherited_contradiction=23 session_support=0 session_contradiction=0 inherited_absent_flag=0 cur_verts=552 observed_verts=0
a,2749,MOBILITY_PRIOR,205,,MOBILITY_PRIOR inst=205 session=0 class=46 changes=0 continuations=0 alpha=0.5 beta=1.5 q=0.25
a,2750,TOP_ABSORB_POSTERIOR,205,,TOP_ABSORB_POSTERIOR inst=205 measurement=confirmed_current change_prior=0.25 geometry_factor_or_bound=1 geometry_evaluated=0 candidate_vertices=0 effective_cells=0 off_share=unmeasured legacy_same_site=1 absorb=1
a,2751,MOBILITY_PRIOR,205,,MOBILITY_PRIOR inst=205 session=0 class=46 changes=0 continuations=0 alpha=0.5 beta=1.5 q=0.25
a,2752,TOP_ABSORB,205,,TOP_ABSORB inst=205 geom=0 support=55 high_mobility=0 absorb=1
a,2753,BACKGROUND_STATE_CLOSURE,69,76400000000,BACKGROUND_STATE_CLOSURE inst=69 stamp=76400000000 last_support=16566666667 matched_vertices=205 absent_vertices=93
a,2754,BACKGROUND_STATE_CLOSURE,70,76400000000,BACKGROUND_STATE_CLOSURE inst=70 stamp=76400000000 last_support=36533333333 matched_vertices=152 absent_vertices=72
a,2755,BACKGROUND_STATE_CLOSURE,71,76400000000,BACKGROUND_STATE_CLOSURE inst=71 stamp=76400000000 last_support=16433333333 matched_vertices=217 absent_vertices=123
a,2756,INGEST,2,,INGEST inst=2 first=57s seg_verts=189 cur_verts=0 observed_verts=0
a,2757,INGEST,48,,INGEST inst=48 first=64s seg_verts=5940 cur_verts=10425 observed_verts=0
a,2758,MOBILITY_PRIOR,48,,MOBILITY_PRIOR inst=48 session=0 class=6 changes=0 continuations=0 alpha=1.8 beta=0.2 q=0.9
a,2759,OVERLAP_POSTERIOR,48,,OVERLAP_POSTERIOR inst=48 shared_probability_lower_bound=0.969701 change_prior=0.9 same_state=1
a,2760,EMPTY_INTERVAL_POSTERIOR,48,,EMPTY_INTERVAL_POSTERIOR inst=48 since=64466666667 support=1217 judged=1613 seen_through=48 measured=1 calibrated_source=1 log_ratio=-3.02908 change_prior=0.9 log_odds=-0.831854 empty=0
a,2761,INGEST_DECIDE,48,,INGEST_DECIDE inst=48 same_session_overlap=1 contradicted=0
a,2762,INGEST,52,,INGEST inst=52 first=58s seg_verts=12636 cur_verts=24912 observed_verts=0
a,2763,MOBILITY_PRIOR,52,,MOBILITY_PRIOR inst=52 session=0 class=6 changes=0 continuations=0 alpha=1.8 beta=0.2 q=0.9
a,2764,OVERLAP_POSTERIOR,52,,OVERLAP_POSTERIOR inst=52 shared_probability_lower_bound=0.941841 change_prior=0.9 same_state=1
a,2765,EMPTY_INTERVAL_POSTERIOR,52,,EMPTY_INTERVAL_POSTERIOR inst=52 since=58766666667 support=1484 judged=1296 seen_through=11 measured=1 calibrated_source=1 log_ratio=-4.61341 change_prior=0.9 log_odds=-2.41619 empty=0
a,2766,INGEST_DECIDE,52,,INGEST_DECIDE inst=52 same_session_overlap=1 contradicted=0
a,2767,INGEST,54,,INGEST inst=54 first=57s seg_verts=720 cur_verts=0 observed_verts=0
a,2768,INGEST,57,,INGEST inst=57 first=57s seg_verts=2826 cur_verts=5286 observed_verts=0
a,2769,MOBILITY_PRIOR,57,,MOBILITY_PRIOR inst=57 session=0 class=6 changes=0 continuations=0 alpha=1.8 beta=0.2 q=0.9
a,2770,OVERLAP_POSTERIOR,57,,OVERLAP_POSTERIOR inst=57 shared_probability_lower_bound=0.95068 change_prior=0.9 same_state=1
a,2771,EMPTY_INTERVAL_POSTERIOR,57,,EMPTY_INTERVAL_POSTERIOR inst=57 since=57366666667 support=1794 judged=1643 seen_through=1 measured=1 calibrated_source=1 log_ratio=-6.19269 change_prior=0.9 log_odds=-3.99547 empty=0
a,2772,INGEST_DECIDE,57,,INGEST_DECIDE inst=57 same_session_overlap=1 contradicted=0
a,2773,INGEST,69,,INGEST inst=69 first=60s seg_verts=1989 cur_verts=1908 observed_verts=0
a,2774,MOBILITY_PRIOR,69,,MOBILITY_PRIOR inst=69 session=0 class=9 changes=1 continuations=0 alpha=3.5 beta=0.5 q=0.9
a,2775,OVERLAP_POSTERIOR,69,,OVERLAP_POSTERIOR inst=69 shared_probability_lower_bound=0.993725 change_prior=0.9 same_state=1
a,2776,EMPTY_INTERVAL_POSTERIOR,69,,EMPTY_INTERVAL_POSTERIOR inst=69 since=60666666667 support=0 judged=0 seen_through=0 measured=0 calibrated_source=0 log_ratio=0 change_prior=0.9 log_odds=2.19722 empty=0
a,2777,INGEST_DECIDE,69,,INGEST_DECIDE inst=69 same_session_overlap=1 contradicted=0
a,2778,INGEST,70,,INGEST inst=70 first=58s seg_verts=1665 cur_verts=132 observed_verts=0
a,2779,MOBILITY_PRIOR,70,,MOBILITY_PRIOR inst=70 session=0 class=9 changes=1 continuations=0 alpha=3.5 beta=0.5 q=0.9
a,2780,OVERLAP_POSTERIOR,70,,OVERLAP_POSTERIOR inst=70 shared_probability_lower_bound=0.979365 change_prior=0.9 same_state=1
a,2781,EMPTY_INTERVAL_POSTERIOR,70,,EMPTY_INTERVAL_POSTERIOR inst=70 since=58066666667 support=0 judged=0 seen_through=0 measured=0 calibrated_source=0 log_ratio=0 change_prior=0.9 log_odds=2.19722 empty=0
a,2782,INGEST_DECIDE,70,,INGEST_DECIDE inst=70 same_session_overlap=1 contradicted=0
a,2783,INGEST,71,,INGEST inst=71 first=58s seg_verts=2202 cur_verts=2544 observed_verts=0
a,2784,MOBILITY_PRIOR,71,,MOBILITY_PRIOR inst=71 session=0 class=9 changes=1 continuations=0 alpha=3.5 beta=0.5 q=0.9
a,2785,OVERLAP_POSTERIOR,71,,OVERLAP_POSTERIOR inst=71 shared_probability_lower_bound=0.945154 change_prior=0.9 same_state=1
a,2786,EMPTY_INTERVAL_POSTERIOR,71,,EMPTY_INTERVAL_POSTERIOR inst=71 since=58266666667 support=0 judged=0 seen_through=0 measured=0 calibrated_source=0 log_ratio=0 change_prior=0.9 log_odds=2.19722 empty=0
a,2787,INGEST_DECIDE,71,,INGEST_DECIDE inst=71 same_session_overlap=1 contradicted=0
a,2788,INGEST,72,,INGEST inst=72 first=55s seg_verts=2370 cur_verts=2739 observed_verts=0
a,2789,MOBILITY_PRIOR,72,,MOBILITY_PRIOR inst=72 session=0 class=9 changes=0 continuations=0 alpha=4.5 beta=0.5 q=0.9
a,2790,OVERLAP_POSTERIOR,72,,OVERLAP_POSTERIOR inst=72 shared_probability_lower_bound=0.953552 change_prior=0.9 same_state=1
a,2791,EMPTY_INTERVAL_POSTERIOR,72,,EMPTY_INTERVAL_POSTERIOR inst=72 since=55666666667 support=1643 judged=1190 seen_through=11 measured=1 calibrated_source=1 log_ratio=-4.89426 change_prior=0.9 log_odds=-2.69703 empty=0
a,2792,INGEST_DECIDE,72,,INGEST_DECIDE inst=72 same_session_overlap=1 contradicted=0
a,2793,INGEST,72,,INGEST inst=72 first=59s seg_verts=2046 cur_verts=5109 observed_verts=0
a,2794,MOBILITY_PRIOR,72,,MOBILITY_PRIOR inst=72 session=0 class=9 changes=0 continuations=0 alpha=4.5 beta=0.5 q=0.9
a,2795,OVERLAP_POSTERIOR,72,,OVERLAP_POSTERIOR inst=72 shared_probability_lower_bound=1 change_prior=0.9 same_state=1
a,2796,EMPTY_INTERVAL_POSTERIOR,72,,EMPTY_INTERVAL_POSTERIOR inst=72 since=59166666667 support=1643 judged=1190 seen_through=11 measured=1 calibrated_source=1 log_ratio=-4.89426 change_prior=0.9 log_odds=-2.69703 empty=0
a,2797,INGEST_DECIDE,72,,INGEST_DECIDE inst=72 same_session_overlap=1 contradicted=0
a,2798,INGEST,89,,INGEST inst=89 first=58s seg_verts=3627 cur_verts=14064 observed_verts=0
a,2799,MOBILITY_PRIOR,89,,MOBILITY_PRIOR inst=89 session=0 class=15 changes=0 continuations=0 alpha=1.8 beta=0.2 q=0.9
a,2800,OVERLAP_POSTERIOR,89,,OVERLAP_POSTERIOR inst=89 shared_probability_lower_bound=0.994917 change_prior=0.9 same_state=1
a,2801,EMPTY_INTERVAL_POSTERIOR,89,,EMPTY_INTERVAL_POSTERIOR inst=89 since=58766666667 support=1228 judged=1647 seen_through=8 measured=1 calibrated_source=1 log_ratio=-5.84834 change_prior=0.9 log_odds=-3.65111 empty=0
a,2802,INGEST_DECIDE,89,,INGEST_DECIDE inst=89 same_session_overlap=1 contradicted=0
a,2803,INGEST,108,,INGEST inst=108 first=65s seg_verts=2502 cur_verts=0 observed_verts=0
a,2804,INGEST,112,,INGEST inst=112 first=57s seg_verts=8556 cur_verts=2715 observed_verts=0
a,2805,MOBILITY_PRIOR,112,,MOBILITY_PRIOR inst=112 session=0 class=20 changes=0 continuations=0 alpha=0.5 beta=1.5 q=0.25
a,2806,OVERLAP_POSTERIOR,112,,OVERLAP_POSTERIOR inst=112 shared_probability_lower_bound=0.616672 change_prior=0.25 same_state=1
a,2807,EMPTY_INTERVAL_POSTERIOR,112,,EMPTY_INTERVAL_POSTERIOR inst=112 since=57466666667 support=2094 judged=1606 seen_through=3 measured=1 calibrated_source=1 log_ratio=-8.12805 change_prior=0.25 log_odds=-9.22666 empty=0
a,2808,INGEST_DECIDE,112,,INGEST_DECIDE inst=112 same_session_overlap=1 contradicted=0
a,2809,INGEST,126,,INGEST inst=126 first=64s seg_verts=342 cur_verts=588 observed_verts=0
a,2810,MOBILITY_PRIOR,126,,MOBILITY_PRIOR inst=126 session=0 class=24 changes=0 continuations=0 alpha=0.5 beta=1.5 q=0.25
a,2811,OVERLAP_POSTERIOR,126,,OVERLAP_POSTERIOR inst=126 shared_probability_lower_bound=0.995117 change_prior=0.25 same_state=1
a,2812,EMPTY_INTERVAL_POSTERIOR,126,,EMPTY_INTERVAL_POSTERIOR inst=126 since=64866666667 support=156 judged=193 seen_through=5 measured=1 calibrated_source=1 log_ratio=-2.93606 change_prior=0.25 log_odds=-4.03467 empty=0
a,2813,INGEST_DECIDE,126,,INGEST_DECIDE inst=126 same_session_overlap=1 contradicted=0
a,2814,INGEST,149,,INGEST inst=149 first=66s seg_verts=1128 cur_verts=1746 observed_verts=0
a,2815,MOBILITY_PRIOR,149,,MOBILITY_PRIOR inst=149 session=0 class=28 changes=0 continuations=0 alpha=0.5 beta=1.5 q=0.25
a,2816,OVERLAP_POSTERIOR,149,,OVERLAP_POSTERIOR inst=149 shared_probability_lower_bound=0.6474 change_prior=0.25 same_state=1
a,2817,EMPTY_INTERVAL_POSTERIOR,149,,EMPTY_INTERVAL_POSTERIOR inst=149 since=66166666667 support=168 judged=342 seen_through=0 measured=1 calibrated_source=1 log_ratio=-4.9052 change_prior=0.25 log_odds=-6.00381 empty=0
a,2818,INGEST_DECIDE,149,,INGEST_DECIDE inst=149 same_session_overlap=1 contradicted=0
a,2819,INGEST,163,,INGEST inst=163 first=64s seg_verts=1917 cur_verts=4986 observed_verts=0
a,2820,MOBILITY_PRIOR,163,,MOBILITY_PRIOR inst=163 session=0 class=35 changes=0 continuations=0 alpha=1.8 beta=0.2 q=0.9
a,2821,OVERLAP_POSTERIOR,163,,OVERLAP_POSTERIOR inst=163 shared_probability_lower_bound=0.963878 change_prior=0.9 same_state=1
a,2822,EMPTY_INTERVAL_POSTERIOR,163,,EMPTY_INTERVAL_POSTERIOR inst=163 since=64166666667 support=751 judged=1042 seen_through=21 measured=1 calibrated_source=1 log_ratio=-3.14723 change_prior=0.9 log_odds=-0.950003 empty=0
a,2823,INGEST_DECIDE,163,,INGEST_DECIDE inst=163 same_session_overlap=1 contradicted=0
a,2824,INGEST,164,,INGEST inst=164 first=65s seg_verts=1545 cur_verts=1350 observed_verts=0
a,2825,MOBILITY_PRIOR,164,,MOBILITY_PRIOR inst=164 session=0 class=35 changes=0 continuations=0 alpha=1.8 beta=0.2 q=0.9
a,2826,OVERLAP_POSTERIOR,164,,OVERLAP_POSTERIOR inst=164 shared_probability_lower_bound=0.97222 change_prior=0.9 same_state=1
a,2827,EMPTY_INTERVAL_POSTERIOR,164,,EMPTY_INTERVAL_POSTERIOR inst=164 since=65666666667 support=531 judged=280 seen_through=11 measured=1 calibrated_source=1 log_ratio=-0.675597 change_prior=0.9 log_odds=1.52163 empty=0
a,2828,INGEST_DECIDE,164,,INGEST_DECIDE inst=164 same_session_overlap=1 contradicted=0
a,2829,INGEST,171,,INGEST inst=171 first=67s seg_verts=1449 cur_verts=4113 observed_verts=0
a,2830,MOBILITY_PRIOR,171,,MOBILITY_PRIOR inst=171 session=0 class=39 changes=0 continuations=0 alpha=1.8 beta=0.2 q=0.9
a,2831,OVERLAP_POSTERIOR,171,,OVERLAP_POSTERIOR inst=171 shared_probability_lower_bound=0.992043 change_prior=0.9 same_state=1
a,2832,EMPTY_INTERVAL_POSTERIOR,171,,EMPTY_INTERVAL_POSTERIOR inst=171 since=67166666667 support=1032 judged=799 seen_through=2 measured=1 calibrated_source=1 log_ratio=-4.19553 change_prior=0.9 log_odds=-1.9983 empty=0
a,2833,INGEST_DECIDE,171,,INGEST_DECIDE inst=171 same_session_overlap=1 contradicted=0
a,2834,INGEST,174,,INGEST inst=174 first=66s seg_verts=894 cur_verts=1104 observed_verts=0
a,2835,MOBILITY_PRIOR,174,,MOBILITY_PRIOR inst=174 session=0 class=40 changes=0 continuations=0 alpha=0.5 beta=1.5 q=0.25
a,2836,OVERLAP_POSTERIOR,174,,OVERLAP_POSTERIOR inst=174 shared_probability_lower_bound=0.877172 change_prior=0.25 same_state=1
a,2837,EMPTY_INTERVAL_POSTERIOR,174,,EMPTY_INTERVAL_POSTERIOR inst=174 since=66866666667 support=444 judged=316 seen_through=0 measured=1 calibrated_source=1 log_ratio=-4.75382 change_prior=0.25 log_odds=-5.85244 empty=0
a,2838,INGEST_DECIDE,174,,INGEST_DECIDE inst=174 same_session_overlap=1 contradicted=0
a,2839,INGEST,175,,INGEST inst=175 first=66s seg_verts=585 cur_verts=690 observed_verts=0
a,2840,MOBILITY_PRIOR,175,,MOBILITY_PRIOR inst=175 session=0 class=40 changes=0 continuations=0 alpha=0.5 beta=1.5 q=0.25
a,2841,OVERLAP_POSTERIOR,175,,OVERLAP_POSTERIOR inst=175 shared_probability_lower_bound=0.739278 change_prior=0.25 same_state=1
a,2842,EMPTY_INTERVAL_POSTERIOR,175,,EMPTY_INTERVAL_POSTERIOR inst=175 since=66866666667 support=21 judged=210 seen_through=0 measured=1 calibrated_source=1 log_ratio=-4.54046 change_prior=0.25 log_odds=-5.63907 empty=0
a,2843,INGEST_DECIDE,175,,INGEST_DECIDE inst=175 same_session_overlap=1 contradicted=0
a,2844,OBJECT_EXTRACTION_INPUT,156,,OBJECT_EXTRACTION_INPUT inst=156 first=66000000000 last=73666666667 observations=231 dynamic=0 motion_history=0 last_motion=0 displacement=0 static_fallback=0
a,2845,OBJECT_EXTRACTION_INPUT,162,,OBJECT_EXTRACTION_INPUT inst=162 first=66700000000 last=73400000000 observations=202 dynamic=0 motion_history=0 last_motion=0 displacement=0 static_fallback=0
a,2846,STATIC_SURFACE_FRAMES,162,,STATIC_SURFACE_FRAMES inst=162 candidates=65 selected=65 first=66966666667 last=73366666667
a,2847,STATIC_SURFACE_FRAMES,156,,STATIC_SURFACE_FRAMES inst=156 candidates=68 selected=68 first=66966666667 last=73666666667
a,2848,OBJECT_EXTRACTION_INPUT,161,,OBJECT_EXTRACTION_INPUT inst=161 first=67966666667 last=73400000000 observations=164 dynamic=0 motion_history=0 last_motion=0 displacement=0 static_fallback=0
a,2849,STATIC_SURFACE_FRAMES,161,,STATIC_SURFACE_FRAMES inst=161 candidates=55 selected=55 first=67966666667 last=73366666667
a,2851,OBJECT_EXTRACTION_INPUT,127,,OBJECT_EXTRACTION_INPUT inst=127 first=74333333333 last=74966666667 observations=18 dynamic=0 motion_history=0 last_motion=0 displacement=0 static_fallback=0
a,2852,STATIC_SURFACE_FRAMES,127,,STATIC_SURFACE_FRAMES inst=127 candidates=6 selected=6 first=74366666667 last=74966666667
a,2853,OBJECT_EXTRACTION_INPUT,109,,OBJECT_EXTRACTION_INPUT inst=109 first=66766666667 last=75166666667 observations=253 dynamic=0 motion_history=0 last_motion=0 displacement=0 static_fallback=0
a,2854,OBJECT_EXTRACTION_INPUT,44,,OBJECT_EXTRACTION_INPUT inst=44 first=74300000000 last=75333333333 observations=26 dynamic=0 motion_history=0 last_motion=0 displacement=0 static_fallback=0
a,2855,STATIC_SURFACE_FRAMES,44,,STATIC_SURFACE_FRAMES inst=44 candidates=7 selected=7 first=74366666667 last=74966666667
a,2856,OBJECT_EXTRACTION_INPUT,68,,OBJECT_EXTRACTION_INPUT inst=68 first=65433333333 last=78566666667 observations=307 dynamic=0 motion_history=0 last_motion=0 displacement=0 static_fallback=0
a,2857,STATIC_SURFACE_FRAMES,109,,STATIC_SURFACE_FRAMES inst=109 candidates=66 selected=66 first=68666666667 last=75166666667
a,2858,STATIC_SURFACE_FRAMES,68,,STATIC_SURFACE_FRAMES inst=68 candidates=75 selected=75 first=69966666667 last=78566666667
a,2859,OBJECT_EXTRACTION_INPUT,173,,OBJECT_EXTRACTION_INPUT inst=173 first=66900000000 last=75566666667 observations=222 dynamic=0 motion_history=0 last_motion=0 displacement=0 static_fallback=0
a,2860,STATIC_SURFACE_FRAMES,173,,STATIC_SURFACE_FRAMES inst=173 candidates=56 selected=56 first=68766666667 last=75566666667
a,2869,OBJECT_EXTRACTION_INPUT,175,,OBJECT_EXTRACTION_INPUT inst=175 first=72566666667 last=76000000000 observations=104 dynamic=0 motion_history=0 last_motion=0 displacement=0 static_fallback=0
a,2870,OBJECT_EXTRACTION_INPUT,174,,OBJECT_EXTRACTION_INPUT inst=174 first=72966666667 last=76266666667 observations=100 dynamic=0 motion_history=0 last_motion=0 displacement=0 static_fallback=0
a,2871,STATIC_SURFACE_FRAMES,174,,STATIC_SURFACE_FRAMES inst=174 candidates=34 selected=34 first=72966666667 last=76266666667
a,2872,STATIC_SURFACE_FRAMES,175,,STATIC_SURFACE_FRAMES inst=175 candidates=35 selected=35 first=72566666667 last=75966666667
a,2873,OBJECT_EXTRACTION_INPUT,171,,OBJECT_EXTRACTION_INPUT inst=171 first=73133333333 last=76366666667 observations=98 dynamic=0 motion_history=0 last_motion=0 displacement=0 static_fallback=0
a,2874,OBJECT_EXTRACTION_INPUT,88,,OBJECT_EXTRACTION_INPUT inst=88 first=75466666667 last=76133333333 observations=21 dynamic=0 motion_history=0 last_motion=0 displacement=0 static_fallback=0
a,2875,STATIC_SURFACE_FRAMES,88,,STATIC_SURFACE_FRAMES inst=88 candidates=7 selected=7 first=75466666667 last=76066666667
a,2876,STATIC_SURFACE_FRAMES,171,,STATIC_SURFACE_FRAMES inst=171 candidates=33 selected=33 first=73166666667 last=76366666667
a,2878,OBJECT_EXTRACTION_INPUT,205,,OBJECT_EXTRACTION_INPUT inst=205 first=74400000000 last=76766666667 observations=72 dynamic=0 motion_history=0 last_motion=0 displacement=0 static_fallback=0
a,2879,OBJECT_EXTRACTION_INPUT,24,,OBJECT_EXTRACTION_INPUT inst=24 first=74433333333 last=76733333333 observations=70 dynamic=0 motion_history=0 last_motion=0 displacement=0 static_fallback=0
a,2880,STATIC_SURFACE_FRAMES,24,,STATIC_SURFACE_FRAMES inst=24 candidates=23 selected=23 first=74466666667 last=76666666667
a,2881,OBJECT_EXTRACTION_INPUT,40,,OBJECT_EXTRACTION_INPUT inst=40 first=74466666667 last=76833333333 observations=72 dynamic=0 motion_history=0 last_motion=0 displacement=0 static_fallback=0
a,2882,STATIC_SURFACE_FRAMES,205,,STATIC_SURFACE_FRAMES inst=205 candidates=24 selected=24 first=74466666667 last=76766666667
a,2883,STATIC_SURFACE_FRAMES,40,,STATIC_SURFACE_FRAMES inst=40 candidates=24 selected=24 first=74466666667 last=76766666667
a,2884,OBJECT_EXTRACTION_INPUT,39,,OBJECT_EXTRACTION_INPUT inst=39 first=74500000000 last=76800000000 observations=43 dynamic=0 motion_history=0 last_motion=0 displacement=0 static_fallback=0
a,2885,STATIC_SURFACE_FRAMES,39,,STATIC_SURFACE_FRAMES inst=39 candidates=13 selected=13 first=74566666667 last=76766666667
a,2886,OBJECT_EXTRACTION_INPUT,28,,OBJECT_EXTRACTION_INPUT inst=28 first=74500000000 last=76766666667 observations=69 dynamic=0 motion_history=0 last_motion=0 displacement=0 static_fallback=0
a,2887,STATIC_SURFACE_FRAMES,28,,STATIC_SURFACE_FRAMES inst=28 candidates=23 selected=23 first=74566666667 last=76766666667
a,2888,OBJECT_EXTRACTION_INPUT,21,,OBJECT_EXTRACTION_INPUT inst=21 first=76100000000 last=76766666667 observations=19 dynamic=0 motion_history=0 last_motion=0 displacement=0 static_fallback=0
a,2889,STATIC_SURFACE_FRAMES,21,,STATIC_SURFACE_FRAMES inst=21 candidates=6 selected=6 first=76266666667 last=76766666667
a,2890,OBJECT_EXTRACTION_INPUT,56,,OBJECT_EXTRACTION_INPUT inst=56 first=74066666667 last=76900000000 observations=86 dynamic=0 motion_history=0 last_motion=0 displacement=0 static_fallback=0
a,2891,OBJECT_EXTRACTION_INPUT,153,,OBJECT_EXTRACTION_INPUT inst=153 first=74700000000 last=76933333333 observations=68 dynamic=0 motion_history=0 last_motion=0 displacement=0 static_fallback=0
a,2892,STATIC_SURFACE_FRAMES,153,,STATIC_SURFACE_FRAMES inst=153 candidates=22 selected=22 first=74766666667 last=76866666667
a,2893,STATIC_SURFACE_FRAMES,56,,STATIC_SURFACE_FRAMES inst=56 candidates=29 selected=29 first=74066666667 last=76866666667
a,2894,OBJECT_EXTRACTION_INPUT,180,,OBJECT_EXTRACTION_INPUT inst=180 first=74766666667 last=76966666667 observations=67 dynamic=0 motion_history=0 last_motion=0 displacement=0 static_fallback=0
a,2895,STATIC_SURFACE_FRAMES,180,,STATIC_SURFACE_FRAMES inst=180 candidates=23 selected=23 first=74766666667 last=76966666667
a,2896,OBJECT_EXTRACTION_INPUT,3,,OBJECT_EXTRACTION_INPUT inst=3 first=74933333333 last=77066666667 observations=43 dynamic=0 motion_history=0 last_motion=0 displacement=0 static_fallback=0
a,2897,STATIC_SURFACE_FRAMES,3,,STATIC_SURFACE_FRAMES inst=3 candidates=15 selected=15 first=74966666667 last=77066666667
a,2898,OBJECT_EXTRACTION_INPUT,1,,OBJECT_EXTRACTION_INPUT inst=1 first=74933333333 last=77066666667 observations=63 dynamic=0 motion_history=0 last_motion=0 displacement=0 static_fallback=0
a,2899,STATIC_SURFACE_FRAMES,1,,STATIC_SURFACE_FRAMES inst=1 candidates=21 selected=21 first=74966666667 last=77066666667
a,2909,OBJECT_EXTRACTION_INPUT,70,,OBJECT_EXTRACTION_INPUT inst=70 first=74600000000 last=81066666667 observations=100 dynamic=0 motion_history=0 last_motion=0 displacement=0 static_fallback=0
a,2910,OBJECT_EXTRACTION_INPUT,109,,OBJECT_EXTRACTION_INPUT inst=109 first=80366666667 last=81000000000 observations=20 dynamic=0 motion_history=0 last_motion=0 displacement=0 static_fallback=0
a,2911,STATIC_SURFACE_FRAMES,109,,STATIC_SURFACE_FRAMES inst=109 candidates=7 selected=7 first=80366666667 last=80966666667
a,2912,STATIC_SURFACE_FRAMES,70,,STATIC_SURFACE_FRAMES inst=70 candidates=33 selected=33 first=74666666667 last=81066666667
a,2913,OBJECT_EXTRACTION_INPUT,155,,OBJECT_EXTRACTION_INPUT inst=155 first=65833333333 last=81400000000 observations=362 dynamic=0 motion_history=0 last_motion=0 displacement=0 static_fallback=0
a,2914,STATIC_SURFACE_FRAMES,155,,STATIC_SURFACE_FRAMES inst=155 candidates=38 selected=38 first=74766666667 last=81366666667
a,2924,OBJECT_EXTRACTION_INPUT,52,,OBJECT_EXTRACTION_INPUT inst=52 first=75766666667 last=85933333333 observations=300 dynamic=0 motion_history=0 last_motion=0 displacement=0 static_fallback=0
a,2925,STATIC_SURFACE_FRAMES,52,,STATIC_SURFACE_FRAMES inst=52 candidates=98 selected=98 first=76066666667 last=85933333333
a,2926,OBJECT_EXTRACTION_INPUT,48,,OBJECT_EXTRACTION_INPUT inst=48 first=75866666667 last=86366666667 observations=307 dynamic=0 motion_history=0 last_motion=0 displacement=0 static_fallback=0
a,2927,STATIC_SURFACE_BOUNDARY,48,,STATIC_SURFACE_BOUNDARY inst=48 rejected_stamp=79366666667 current_stamp=86366666667 forward_support=73 forward_free=0 reverse_support=334 reverse_free=111 forward_sampled=491 reverse_sampled=511
a,2928,STATIC_SURFACE_FRAMES,48,,STATIC_SURFACE_FRAMES inst=48 candidates=97 selected=67 first=79466666667 last=86366666667
a,2929,OBJECT_EXTRACTION_INPUT,5,,OBJECT_EXTRACTION_INPUT inst=5 first=75466666667 last=86800000000 observations=305 dynamic=0 motion_history=0 last_motion=0 displacement=0 static_fallback=0
a,2930,OBJECT_EXTRACTION_INPUT,89,,OBJECT_EXTRACTION_INPUT inst=89 first=75000000000 last=86800000000 observations=305 dynamic=0 motion_history=0 last_motion=0 displacement=0 static_fallback=0
a,2931,STATIC_SURFACE_FRAMES,89,,STATIC_SURFACE_FRAMES inst=89 candidates=84 selected=84 first=76966666667 last=86800000000
a,2932,STATIC_SURFACE_FRAMES,5,,STATIC_SURFACE_FRAMES inst=5 candidates=88 selected=88 first=76966666667 last=86800000000
a,2933,OBJECT_EXTRACTION_INPUT,77,,OBJECT_EXTRACTION_INPUT inst=77 first=75566666667 last=86800000000 observations=300 dynamic=0 motion_history=0 last_motion=0 displacement=0 static_fallback=0
a,2934,STATIC_SURFACE_FRAMES,77,,STATIC_SURFACE_FRAMES inst=77 candidates=87 selected=87 first=76966666667 last=86800000000
a,2935,STATE_EVIDENCE_WINDOW,2,,STATE_EVIDENCE_WINDOW inst=2 after=64566666667 latest_measured_support=87233333333 through=87233333333 projected=1 support=6 contradiction=0 reliable=52 reliable_in_view=52 reliable_seen_through=0 absence_llr=0 absent_samples=0 total_samples=13 absence_coverage_sufficient=0
a,2936,STATE_SLICE,2,87233333333,STATE_SLICE inst=2 stamp=87233333333 inherited_sup=6 inherited_con=0 inherited_samples=13 inherited_supported=6 inherited_free=0 inherited_repl_other=0 inherited_repl_bg=0 inherited_occ=319 inherited_unobs=0 session_sup=0 session_con=0 session_samples=0 cur_verts=189 candidate_verts=0
a,2937,EVIDENCE,2,,EVIDENCE inst=2 inherited_support=6 inherited_contradiction=0 session_support=0 session_contradiction=0 inherited_absent_flag=0 cur_verts=189 observed_verts=0
a,2938,MOBILITY_PRIOR,2,,MOBILITY_PRIOR inst=2 session=0 class=1 changes=0 continuations=0 alpha=0.5 beta=1.5 q=0.25
a,2939,TOP_ABSORB_POSTERIOR,2,,TOP_ABSORB_POSTERIOR inst=2 measurement=confirmed_current change_prior=0.25 geometry_factor_or_bound=1 geometry_evaluated=0 candidate_vertices=0 effective_cells=0 off_share=unmeasured legacy_same_site=1 absorb=1
a,2940,MOBILITY_PRIOR,2,,MOBILITY_PRIOR inst=2 session=0 class=1 changes=0 continuations=0 alpha=0.5 beta=1.5 q=0.25
a,2941,TOP_ABSORB,2,,TOP_ABSORB inst=2 geom=0 support=6 high_mobility=0 absorb=1
a,2942,STATE_EVIDENCE_WINDOW,3,,STATE_EVIDENCE_WINDOW inst=3 after=76400000000 latest_measured_support=85933333333 through=87233333333 projected=1 support=19 contradiction=6 reliable=26 reliable_in_view=24 reliable_seen_through=0 absence_llr=0 absent_samples=2 total_samples=7 absence_coverage_sufficient=0
a,2943,STATE_SLICE,3,87233333333,STATE_SLICE inst=3 stamp=87233333333 inherited_sup=19 inherited_con=6 inherited_samples=7 inherited_supported=19 inherited_free=0 inherited_repl_other=0 inherited_repl_bg=6 inherited_occ=0 inherited_unobs=0 session_sup=0 session_con=0 session_samples=0 cur_verts=141 candidate_verts=0
a,2944,EVIDENCE,3,,EVIDENCE inst=3 inherited_support=19 inherited_contradiction=6 session_support=0 session_contradiction=0 inherited_absent_flag=0 cur_verts=141 observed_verts=0
a,2945,MOBILITY_PRIOR,3,,MOBILITY_PRIOR inst=3 session=0 class=2 changes=0 continuations=0 alpha=0.5 beta=1.5 q=0.25
a,2946,TOP_ABSORB_POSTERIOR,3,,TOP_ABSORB_POSTERIOR inst=3 measurement=confirmed_current change_prior=0.25 geometry_factor_or_bound=1 geometry_evaluated=0 candidate_vertices=0 effective_cells=0 off_share=unmeasured legacy_same_site=1 absorb=1
a,2947,MOBILITY_PRIOR,3,,MOBILITY_PRIOR inst=3 session=0 class=2 changes=0 continuations=0 alpha=0.5 beta=1.5 q=0.25
a,2948,TOP_ABSORB,3,,TOP_ABSORB inst=3 geom=0 support=19 high_mobility=0 absorb=1
a,2949,STATE_EVIDENCE_WINDOW,5,,STATE_EVIDENCE_WINDOW inst=5 after=76400000000 latest_measured_support=76833333333 through=87233333333 projected=1 support=40 contradiction=0 reliable=1423 reliable_in_view=220 reliable_seen_through=0 absence_llr=0 absent_samples=0 total_samples=180 absence_coverage_sufficient=0
a,2950,STATE_SLICE,5,87233333333,STATE_SLICE inst=5 stamp=87233333333 inherited_sup=40 inherited_con=0 inherited_samples=180 inherited_supported=40 inherited_free=0 inherited_repl_other=0 inherited_repl_bg=0 inherited_occ=3669 inherited_unobs=0 session_sup=0 session_con=0 session_samples=0 cur_verts=4848 candidate_verts=0
a,2951,EVIDENCE,5,,EVIDENCE inst=5 inherited_support=40 inherited_contradiction=0 session_support=0 session_contradiction=0 inherited_absent_flag=0 cur_verts=4848 observed_verts=0
a,2952,MOBILITY_PRIOR,5,,MOBILITY_PRIOR inst=5 session=0 class=2 changes=0 continuations=0 alpha=0.5 beta=1.5 q=0.25
a,2953,TOP_ABSORB_POSTERIOR,5,,TOP_ABSORB_POSTERIOR inst=5 measurement=confirmed_current change_prior=0.25 geometry_factor_or_bound=1 geometry_evaluated=0 candidate_vertices=0 effective_cells=0 off_share=unmeasured legacy_same_site=1 absorb=1
a,2954,MOBILITY_PRIOR,5,,MOBILITY_PRIOR inst=5 session=0 class=2 changes=0 continuations=0 alpha=0.5 beta=1.5 q=0.25
a,2955,TOP_ABSORB,5,,TOP_ABSORB inst=5 geom=0 support=40 high_mobility=0 absorb=1
a,2956,STATE_EVIDENCE_WINDOW,7,,STATE_EVIDENCE_WINDOW inst=7 after=48033333333 latest_measured_support=0 through=87233333333 projected=0 support=0 contradiction=0 reliable=510 reliable_in_view=0 reliable_seen_through=0 absence_llr=0 absent_samples=0 total_samples=11707 absence_coverage_sufficient=0
a,2957,STATE_SLICE,7,87233333333,STATE_SLICE inst=7 stamp=87233333333 inherited_sup=0 inherited_con=0 inherited_samples=11707 inherited_supported=0 inherited_free=0 inherited_repl_other=0 inherited_repl_bg=0 inherited_occ=0 inherited_unobs=11707 session_sup=0 session_con=0 session_samples=0 cur_verts=35121 candidate_verts=0
a,2958,EVIDENCE,7,,EVIDENCE inst=7 inherited_support=0 inherited_contradiction=0 session_support=0 session_contradiction=0 inherited_absent_flag=0 cur_verts=35121 observed_verts=0
a,2959,STATE_EVIDENCE_WINDOW,21,,STATE_EVIDENCE_WINDOW inst=21 after=76400000000 latest_measured_support=0 through=87233333333 projected=0 support=0 contradiction=0 reliable=37 reliable_in_view=0 reliable_seen_through=0 absence_llr=0 absent_samples=0 total_samples=84 absence_coverage_sufficient=0
a,2960,STATE_SLICE,21,87233333333,STATE_SLICE inst=21 stamp=87233333333 inherited_sup=0 inherited_con=0 inherited_samples=84 inherited_supported=0 inherited_free=0 inherited_repl_other=0 inherited_repl_bg=0 inherited_occ=0 inherited_unobs=84 session_sup=0 session_con=0 session_samples=0 cur_verts=252 candidate_verts=0
a,2961,EVIDENCE,21,,EVIDENCE inst=21 inherited_support=0 inherited_contradiction=0 session_support=0 session_contradiction=0 inherited_absent_flag=0 cur_verts=252 observed_verts=0
a,2962,STATE_EVIDENCE_WINDOW,48,,STATE_EVIDENCE_WINDOW inst=48 after=76400000000 latest_measured_support=79433333333 through=87233333333 projected=1 support=461 contradiction=3336 reliable=866 reliable_in_view=660 reliable_seen_through=334 absence_llr=11.0371 absent_samples=282 total_samples=302 absence_coverage_sufficient=1
a,2963,STATE_SLICE,48,87233333333,STATE_SLICE inst=48 stamp=87233333333 inherited_sup=461 inherited_con=3336 inherited_samples=302 inherited_supported=463 inherited_free=3268 inherited_repl_other=0 inherited_repl_bg=97 inherited_occ=1265 inherited_unobs=0 session_sup=0 session_con=0 session_samples=0 cur_verts=16365 candidate_verts=0
a,2964,EVIDENCE,48,,EVIDENCE inst=48 inherited_support=461 inherited_contradiction=3336 session_support=0 session_contradiction=0 inherited_absent_flag=1 cur_verts=16365 observed_verts=0
a,2965,TOP_CLOSE,48,,TOP_CLOSE inst=48 by_new_site=0 by_observed_absence=1 support=461 contradiction=3336 cur_verts=16365
a,2966,STATE_EVIDENCE_WINDOW,49,,STATE_EVIDENCE_WINDOW inst=49 after=48266666667 latest_measured_support=0 through=87233333333 projected=0 support=0 contradiction=0 reliable=367 reliable_in_view=0 reliable_seen_through=0 absence_llr=0 absent_samples=0 total_samples=1043 absence_coverage_sufficient=0
a,2967,STATE_SLICE,49,87233333333,STATE_SLICE inst=49 stamp=87233333333 inherited_sup=0 inherited_con=0 inherited_samples=1043 inherited_supported=0 inherited_free=0 inherited_repl_other=0 inherited_repl_bg=0 inherited_occ=113 inherited_unobs=588 session_sup=0 session_con=0 session_samples=0 cur_verts=3129 candidate_verts=0
a,2968,EVIDENCE,49,,EVIDENCE inst=49 inherited_support=0 inherited_contradiction=0 session_support=0 session_contradiction=0 inherited_absent_flag=0 cur_verts=3129 observed_verts=0
a,2969,STATE_EVIDENCE_WINDOW,50,,STATE_EVIDENCE_WINDOW inst=50 after=46266666667 latest_measured_support=0 through=87233333333 projected=0 support=0 contradiction=0 reliable=411 reliable_in_view=0 reliable_seen_through=0 absence_llr=0 absent_samples=0 total_samples=1119 absence_coverage_sufficient=0
a,2970,STATE_SLICE,50,87233333333,STATE_SLICE inst=50 stamp=87233333333 inherited_sup=0 inherited_con=0 inherited_samples=1119 inherited_supported=0 inherited_free=0 inherited_repl_other=0 inherited_repl_bg=0 inherited_occ=0 inherited_unobs=1119 session_sup=0 session_con=0 session_samples=0 cur_verts=3357 candidate_verts=0
a,2971,EVIDENCE,50,,EVIDENCE inst=50 inherited_support=0 inherited_contradiction=0 session_support=0 session_contradiction=0 inherited_absent_flag=0 cur_verts=3357 observed_verts=0
a,2972,STATE_EVIDENCE_WINDOW,51,,STATE_EVIDENCE_WINDOW inst=51 after=53066666667 latest_measured_support=0 through=87233333333 projected=0 support=0 contradiction=0 reliable=294 reliable_in_view=0 reliable_seen_through=0 absence_llr=0 absent_samples=0 total_samples=12818 absence_coverage_sufficient=0
a,2973,STATE_SLICE,51,87233333333,STATE_SLICE inst=51 stamp=87233333333 inherited_sup=0 inherited_con=0 inherited_samples=12818 inherited_supported=0 inherited_free=0 inherited_repl_other=0 inherited_repl_bg=0 inherited_occ=0 inherited_unobs=12818 session_sup=0 session_con=0 session_samples=0 cur_verts=38454 candidate_verts=0
a,2974,EVIDENCE,51,,EVIDENCE inst=51 inherited_support=0 inherited_contradiction=0 session_support=0 session_contradiction=0 inherited_absent_flag=0 cur_verts=38454 observed_verts=0
a,2975,STATE_EVIDENCE_WINDOW,52,,STATE_EVIDENCE_WINDOW inst=52 after=76400000000 latest_measured_support=78566666667 through=87233333333 projected=0 support=323 contradiction=74 reliable=1126 reliable_in_view=1120 reliable_seen_through=2 absence_llr=0 absent_samples=0 total_samples=12516 absence_coverage_sufficient=0
a,2976,STATE_SLICE,52,87233333333,STATE_SLICE inst=52 stamp=87233333333 inherited_sup=323 inherited_con=74 inherited_samples=12516 inherited_supported=19097 inherited_free=831 inherited_repl_other=0 inherited_repl_bg=275 inherited_occ=8074 inherited_unobs=0 session_sup=0 session_con=0 session_samples=0 cur_verts=37548 candidate_verts=0
a,2977,EVIDENCE,52,,EVIDENCE inst=52 inherited_support=323 inherited_contradiction=74 session_support=0 session_contradiction=0 inherited_absent_flag=0 cur_verts=37548 observed_verts=0
a,2978,MOBILITY_PRIOR,52,,MOBILITY_PRIOR inst=52 session=0 class=6 changes=0 continuations=0 alpha=2.8 beta=0.2 q=0.933333
a,2979,TOP_ABSORB_POSTERIOR,52,,TOP_ABSORB_POSTERIOR inst=52 measurement=confirmed_current change_prior=0.933333 geometry_factor_or_bound=1 geometry_evaluated=0 candidate_vertices=0 effective_cells=0 off_share=unmeasured legacy_same_site=0 absorb=0
a,2980,MOBILITY_PRIOR,52,,MOBILITY_PRIOR inst=52 session=0 class=6 changes=0 continuations=0 alpha=2.8 beta=0.2 q=0.933333
a,2981,TOP_ABSORB,52,,TOP_ABSORB inst=52 geom=0 support=323 high_mobility=1 absorb=0
a,2982,STATE_EVIDENCE_WINDOW,54,,STATE_EVIDENCE_WINDOW inst=54 after=64600000000 latest_measured_support=87233333333 through=87233333333 projected=1 support=56 contradiction=0 reliable=240 reliable_in_view=240 reliable_seen_through=0 absence_llr=0 absent_samples=0 total_samples=48 absence_coverage_sufficient=0
a,2983,STATE_SLICE,54,87233333333,STATE_SLICE inst=54 stamp=87233333333 inherited_sup=56 inherited_con=0 inherited_samples=48 inherited_supported=56 inherited_free=0 inherited_repl_other=0 inherited_repl_bg=0 inherited_occ=1144 inherited_unobs=0 session_sup=0 session_con=0 session_samples=0 cur_verts=720 candidate_verts=0
a,2984,EVIDENCE,54,,EVIDENCE inst=54 inherited_support=56 inherited_contradiction=0 session_support=0 session_contradiction=0 inherited_absent_flag=0 cur_verts=720 observed_verts=0
a,2985,MOBILITY_PRIOR,54,,MOBILITY_PRIOR inst=54 session=0 class=6 changes=0 continuations=0 alpha=2.8 beta=0.2 q=0.933333
a,2986,TOP_ABSORB_POSTERIOR,54,,TOP_ABSORB_POSTERIOR inst=54 measurement=confirmed_current change_prior=0.933333 geometry_factor_or_bound=1 geometry_evaluated=0 candidate_vertices=0 effective_cells=0 off_share=unmeasured legacy_same_site=0 absorb=0
a,2987,MOBILITY_PRIOR,54,,MOBILITY_PRIOR inst=54 session=0 class=6 changes=0 continuations=0 alpha=2.8 beta=0.2 q=0.933333
a,2988,TOP_ABSORB,54,,TOP_ABSORB inst=54 geom=0 support=56 high_mobility=1 absorb=0
a,2989,STATE_EVIDENCE_WINDOW,55,,STATE_EVIDENCE_WINDOW inst=55 after=49133333333 latest_measured_support=0 through=87233333333 projected=0 support=0 contradiction=0 reliable=523 reliable_in_view=0 reliable_seen_through=0 absence_llr=0 absent_samples=0 total_samples=2965 absence_coverage_sufficient=0
a,2990,STATE_SLICE,55,87233333333,STATE_SLICE inst=55 stamp=87233333333 inherited_sup=0 inherited_con=0 inherited_samples=2965 inherited_supported=0 inherited_free=0 inherited_repl_other=0 inherited_repl_bg=0 inherited_occ=142 inherited_unobs=2258 session_sup=0 session_con=0 session_samples=0 cur_verts=8895 candidate_verts=0
a,2991,EVIDENCE,55,,EVIDENCE inst=55 inherited_support=0 inherited_contradiction=0 session_support=0 session_contradiction=0 inherited_absent_flag=0 cur_verts=8895 observed_verts=0
a,2992,STATE_EVIDENCE_WINDOW,56,,STATE_EVIDENCE_WINDOW inst=56 after=76400000000 latest_measured_support=76833333333 through=87233333333 projected=1 support=239 contradiction=19 reliable=895 reliable_in_view=282 reliable_seen_through=0 absence_llr=0 absent_samples=19 total_samples=1451 absence_coverage_sufficient=0
a,2993,STATE_SLICE,56,87233333333,STATE_SLICE inst=56 stamp=87233333333 inherited_sup=239 inherited_con=19 inherited_samples=1451 inherited_supported=241 inherited_free=6 inherited_repl_other=0 inherited_repl_bg=13 inherited_occ=26 inherited_unobs=1165 session_sup=0 session_con=0 session_samples=0 cur_verts=51594 candidate_verts=0
a,2994,EVIDENCE,56,,EVIDENCE inst=56 inherited_support=239 inherited_contradiction=19 session_support=0 session_contradiction=0 inherited_absent_flag=0 cur_verts=51594 observed_verts=0
a,2995,MOBILITY_PRIOR,56,,MOBILITY_PRIOR inst=56 session=0 class=6 changes=0 continuations=0 alpha=2.8 beta=0.2 q=0.933333
a,2996,TOP_ABSORB_POSTERIOR,56,,TOP_ABSORB_POSTERIOR inst=56 measurement=confirmed_current change_prior=0.933333 geometry_factor_or_bound=1 geometry_evaluated=0 candidate_vertices=0 effective_cells=0 off_share=unmeasured legacy_same_site=0 absorb=0
a,2997,MOBILITY_PRIOR,56,,MOBILITY_PRIOR inst=56 session=0 class=6 changes=0 continuations=0 alpha=2.8 beta=0.2 q=0.933333
a,2998,TOP_ABSORB,56,,TOP_ABSORB inst=56 geom=0 support=239 high_mobility=1 absorb=0
a,2999,STATE_EVIDENCE_WINDOW,57,,STATE_EVIDENCE_WINDOW inst=57 after=76400000000 latest_measured_support=86366666667 through=87233333333 projected=1 support=885 contradiction=7 reliable=1243 reliable_in_view=1013 reliable_seen_through=1 absence_llr=0 absent_samples=2 total_samples=368 absence_coverage_sufficient=0
a,3000,STATE_SLICE,57,87233333333,STATE_SLICE inst=57 stamp=87233333333 inherited_sup=885 inherited_con=7 inherited_samples=368 inherited_supported=1009 inherited_free=1 inherited_repl_other=5 inherited_repl_bg=1 inherited_occ=627 inherited_unobs=0 session_sup=0 session_con=0 session_samples=0 cur_verts=8112 candidate_verts=0
a,3001,EVIDENCE,57,,EVIDENCE inst=57 inherited_support=885 inherited_contradiction=7 session_support=0 session_contradiction=0 inherited_absent_flag=0 cur_verts=8112 observed_verts=0
a,3002,MOBILITY_PRIOR,57,,MOBILITY_PRIOR inst=57 session=0 class=6 changes=0 continuations=0 alpha=2.8 beta=0.2 q=0.933333
a,3003,TOP_ABSORB_POSTERIOR,57,,TOP_ABSORB_POSTERIOR inst=57 measurement=confirmed_current change_prior=0.933333 geometry_factor_or_bound=1 geometry_evaluated=0 candidate_vertices=0 effective_cells=0 off_share=unmeasured legacy_same_site=0 absorb=0
a,3004,MOBILITY_PRIOR,57,,MOBILITY_PRIOR inst=57 session=0 class=6 changes=0 continuations=0 alpha=2.8 beta=0.2 q=0.933333
a,3005,TOP_ABSORB,57,,TOP_ABSORB inst=57 geom=0 support=885 high_mobility=1 absorb=0
a,3006,STATE_EVIDENCE_WINDOW,68,,STATE_EVIDENCE_WINDOW inst=68 after=76400000000 latest_measured_support=78566666667 through=87233333333 projected=0 support=118 contradiction=37 reliable=450 reliable_in_view=222 reliable_seen_through=0 absence_llr=0 absent_samples=0 total_samples=597 absence_coverage_sufficient=0
a,3007,STATE_SLICE,68,87233333333,STATE_SLICE inst=68 stamp=87233333333 inherited_sup=118 inherited_con=37 inherited_samples=597 inherited_supported=747 inherited_free=48 inherited_repl_other=0 inherited_repl_bg=80 inherited_occ=1 inherited_unobs=0 session_sup=0 session_con=0 session_samples=0 cur_verts=1791 candidate_verts=0
a,3008,EVIDENCE,68,,EVIDENCE inst=68 inherited_support=118 inherited_contradiction=37 session_support=0 session_contradiction=0 inherited_absent_flag=0 cur_verts=1791 observed_verts=0
a,3009,MOBILITY_PRIOR,68,,MOBILITY_PRIOR inst=68 session=0 class=9 changes=0 continuations=0 alpha=4.66667 beta=0.333333 q=0.933333
a,3010,TOP_ABSORB_POSTERIOR,68,,TOP_ABSORB_POSTERIOR inst=68 measurement=confirmed_current change_prior=0.933333 geometry_factor_or_bound=1 geometry_evaluated=0 candidate_vertices=0 effective_cells=0 off_share=unmeasured legacy_same_site=0 absorb=0
a,3011,MOBILITY_PRIOR,68,,MOBILITY_PRIOR inst=68 session=0 class=9 changes=0 continuations=0 alpha=4.66667 beta=0.333333 q=0.933333
a,3012,TOP_ABSORB,68,,TOP_ABSORB inst=68 geom=0 support=118 high_mobility=1 absorb=0
a,3013,STATE_EVIDENCE_WINDOW,69,,STATE_EVIDENCE_WINDOW inst=69 after=66066666667 latest_measured_support=78566666667 through=87233333333 projected=0 support=185 contradiction=60 reliable=454 reliable_in_view=454 reliable_seen_through=2 absence_llr=0 absent_samples=0 total_samples=1299 absence_coverage_sufficient=0
a,3014,STATE_SLICE,69,87233333333,STATE_SLICE inst=69 stamp=87233333333 inherited_sup=185 inherited_con=60 inherited_samples=1299 inherited_supported=7242 inherited_free=155 inherited_repl_other=0 inherited_repl_bg=283 inherited_occ=2548 inherited_unobs=0 session_sup=0 session_con=0 session_samples=0 cur_verts=3897 candidate_verts=0
a,3015,EVIDENCE,69,,EVIDENCE inst=69 inherited_support=185 inherited_contradiction=60 session_support=0 session_contradiction=0 inherited_absent_flag=0 cur_verts=3897 observed_verts=0
a,3016,MOBILITY_PRIOR,69,,MOBILITY_PRIOR inst=69 session=0 class=9 changes=1 continuations=0 alpha=3.66667 beta=0.333333 q=0.933333
a,3017,TOP_ABSORB_POSTERIOR,69,,TOP_ABSORB_POSTERIOR inst=69 measurement=confirmed_current change_prior=0.933333 geometry_factor_or_bound=1 geometry_evaluated=0 candidate_vertices=0 effective_cells=0 off_share=unmeasured legacy_same_site=0 absorb=0
a,3018,MOBILITY_PRIOR,69,,MOBILITY_PRIOR inst=69 session=0 class=9 changes=1 continuations=0 alpha=3.66667 beta=0.333333 q=0.933333
a,3019,TOP_ABSORB,69,,TOP_ABSORB inst=69 geom=0 support=185 high_mobility=1 absorb=0
a,3020,STATE_EVIDENCE_WINDOW,70,,STATE_EVIDENCE_WINDOW inst=70 after=63933333333 latest_measured_support=76833333333 through=87233333333 projected=0 support=19 contradiction=13 reliable=6 reliable_in_view=6 reliable_seen_through=0 absence_llr=0 absent_samples=0 total_samples=599 absence_coverage_sufficient=0
a,3021,STATE_SLICE,70,87233333333,STATE_SLICE inst=70 stamp=87233333333 inherited_sup=19 inherited_con=13 inherited_samples=599 inherited_supported=511 inherited_free=49 inherited_repl_other=3 inherited_repl_bg=0 inherited_occ=0 inherited_unobs=330 session_sup=0 session_con=0 session_samples=0 cur_verts=1797 candidate_verts=0
a,3022,EVIDENCE,70,,EVIDENCE inst=70 inherited_support=19 inherited_contradiction=13 session_support=0 session_contradiction=0 inherited_absent_flag=0 cur_verts=1797 observed_verts=0
a,3023,MOBILITY_PRIOR,70,,MOBILITY_PRIOR inst=70 session=0 class=9 changes=1 continuations=0 alpha=3.66667 beta=0.333333 q=0.933333
a,3024,TOP_ABSORB_POSTERIOR,70,,TOP_ABSORB_POSTERIOR inst=70 measurement=confirmed_current change_prior=0.933333 geometry_factor_or_bound=1 geometry_evaluated=0 candidate_vertices=0 effective_cells=0 off_share=unmeasured legacy_same_site=0 absorb=0
a,3025,MOBILITY_PRIOR,70,,MOBILITY_PRIOR inst=70 session=0 class=9 changes=1 continuations=0 alpha=3.66667 beta=0.333333 q=0.933333
a,3026,TOP_ABSORB,70,,TOP_ABSORB inst=70 geom=0 support=19 high_mobility=1 absorb=0
a,3027,STATE_EVIDENCE_WINDOW,71,,STATE_EVIDENCE_WINDOW inst=71 after=64833333333 latest_measured_support=85933333333 through=87233333333 projected=1 support=615 contradiction=92 reliable=511 reliable_in_view=511 reliable_seen_through=2 absence_llr=0 absent_samples=11 total_samples=100 absence_coverage_sufficient=0
a,3028,STATE_SLICE,71,87233333333,STATE_SLICE inst=71 stamp=87233333333 inherited_sup=615 inherited_con=92 inherited_samples=100 inherited_supported=620 inherited_free=68 inherited_repl_other=0 inherited_repl_bg=24 inherited_occ=394 inherited_unobs=0 session_sup=0 session_con=0 session_samples=0 cur_verts=4746 candidate_verts=0
a,3029,EVIDENCE,71,,EVIDENCE inst=71 inherited_support=615 inherited_contradiction=92 session_support=0 session_contradiction=0 inherited_absent_flag=0 cur_verts=4746 observed_verts=0
a,3030,MOBILITY_PRIOR,71,,MOBILITY_PRIOR inst=71 session=0 class=9 changes=1 continuations=0 alpha=3.66667 beta=0.333333 q=0.933333
a,3031,TOP_ABSORB_POSTERIOR,71,,TOP_ABSORB_POSTERIOR inst=71 measurement=confirmed_current change_prior=0.933333 geometry_factor_or_bound=1 geometry_evaluated=0 candidate_vertices=0 effective_cells=0 off_share=unmeasured legacy_same_site=0 absorb=0
a,3032,MOBILITY_PRIOR,71,,MOBILITY_PRIOR inst=71 session=0 class=9 changes=1 continuations=0 alpha=3.66667 beta=0.333333 q=0.933333
a,3033,TOP_ABSORB,71,,TOP_ABSORB inst=71 geom=0 support=615 high_mobility=1 absorb=0
a,3034,STATE_EVIDENCE_WINDOW,72,,STATE_EVIDENCE_WINDOW inst=72 after=76400000000 latest_measured_support=86366666667 through=87233333333 projected=1 support=969 contradiction=298 reliable=782 reliable_in_view=763 reliable_seen_through=12 absence_llr=0 absent_samples=30 total_samples=120 absence_coverage_sufficient=0
a,3035,STATE_SLICE,72,87233333333,STATE_SLICE inst=72 stamp=87233333333 inherited_sup=969 inherited_con=298 inherited_samples=120 inherited_supported=987 inherited_free=265 inherited_repl_other=15 inherited_repl_bg=18 inherited_occ=150 inherited_unobs=0 session_sup=0 session_con=0 session_samples=0 cur_verts=7155 candidate_verts=0
a,3036,EVIDENCE,72,,EVIDENCE inst=72 inherited_support=969 inherited_contradiction=298 session_support=0 session_contradiction=0 inherited_absent_flag=0 cur_verts=7155 observed_verts=0
a,3037,MOBILITY_PRIOR,72,,MOBILITY_PRIOR inst=72 session=0 class=9 changes=0 continuations=0 alpha=4.66667 beta=0.333333 q=0.933333
a,3038,TOP_ABSORB_POSTERIOR,72,,TOP_ABSORB_POSTERIOR inst=72 measurement=confirmed_current change_prior=0.933333 geometry_factor_or_bound=1 geometry_evaluated=0 candidate_vertices=0 effective_cells=0 off_share=unmeasured legacy_same_site=0 absorb=0
a,3039,MOBILITY_PRIOR,72,,MOBILITY_PRIOR inst=72 session=0 class=9 changes=0 continuations=0 alpha=4.66667 beta=0.333333 q=0.933333
a,3040,TOP_ABSORB,72,,TOP_ABSORB inst=72 geom=0 support=969 high_mobility=1 absorb=0
a,3041,STATE_EVIDENCE_WINDOW,88,,STATE_EVIDENCE_WINDOW inst=88 after=75966666667 latest_measured_support=0 through=87233333333 projected=0 support=0 contradiction=0 reliable=158 reliable_in_view=0 reliable_seen_through=0 absence_llr=0 absent_samples=0 total_samples=245 absence_coverage_sufficient=0
a,3042,STATE_SLICE,88,87233333333,STATE_SLICE inst=88 stamp=87233333333 inherited_sup=0 inherited_con=0 inherited_samples=245 inherited_supported=0 inherited_free=0 inherited_repl_other=0 inherited_repl_bg=0 inherited_occ=0 inherited_unobs=245 session_sup=0 session_con=0 session_samples=0 cur_verts=735 candidate_verts=0
a,3043,EVIDENCE,88,,EVIDENCE inst=88 inherited_support=0 inherited_contradiction=0 session_support=0 session_contradiction=0 inherited_absent_flag=0 cur_verts=735 observed_verts=0
a,3044,STATE_EVIDENCE_WINDOW,89,,STATE_EVIDENCE_WINDOW inst=89 after=76400000000 latest_measured_support=86800000000 through=87233333333 projected=1 support=3538 contradiction=221 reliable=1000 reliable_in_view=880 reliable_seen_through=1 absence_llr=0 absent_samples=13 total_samples=388 absence_coverage_sufficient=0
a,3045,STATE_SLICE,89,87233333333,STATE_SLICE inst=89 stamp=87233333333 inherited_sup=3538 inherited_con=221 inherited_samples=388 inherited_supported=3635 inherited_free=202 inherited_repl_other=1 inherited_repl_bg=18 inherited_occ=2496 inherited_unobs=0 session_sup=0 session_con=0 session_samples=0 cur_verts=17691 candidate_verts=0
a,3046,EVIDENCE,89,,EVIDENCE inst=89 inherited_support=3538 inherited_contradiction=221 session_support=0 session_contradiction=0 inherited_absent_flag=0 cur_verts=17691 observed_verts=0
a,3047,MOBILITY_PRIOR,89,,MOBILITY_PRIOR inst=89 session=0 class=15 changes=0 continuations=0 alpha=1.83333 beta=0.166667 q=0.916667
a,3048,TOP_ABSORB_POSTERIOR,89,,TOP_ABSORB_POSTERIOR inst=89 measurement=confirmed_current change_prior=0.916667 geometry_factor_or_bound=1 geometry_evaluated=0 candidate_vertices=0 effective_cells=0 off_share=unmeasured legacy_same_site=0 absorb=0
a,3049,MOBILITY_PRIOR,89,,MOBILITY_PRIOR inst=89 session=0 class=15 changes=0 continuations=0 alpha=1.83333 beta=0.166667 q=0.916667
a,3050,TOP_ABSORB,89,,TOP_ABSORB inst=89 geom=0 support=3538 high_mobility=1 absorb=0
a,3051,STATE_EVIDENCE_WINDOW,108,,STATE_EVIDENCE_WINDOW inst=108 after=68100000000 latest_measured_support=0 through=87233333333 projected=0 support=0 contradiction=0 reliable=488 reliable_in_view=488 reliable_seen_through=14 absence_llr=0 absent_samples=0 total_samples=834 absence_coverage_sufficient=0
a,3052,STATE_SLICE,108,87233333333,STATE_SLICE inst=108 stamp=87233333333 inherited_sup=0 inherited_con=0 inherited_samples=834 inherited_supported=0 inherited_free=0 inherited_repl_other=0 inherited_repl_bg=0 inherited_occ=0 inherited_unobs=834 session_sup=0 session_con=0 session_samples=0 cur_verts=2502 candidate_verts=0
a,3053,EVIDENCE,108,,EVIDENCE inst=108 inherited_support=0 inherited_contradiction=0 session_support=0 session_contradiction=0 inherited_absent_flag=0 cur_verts=2502 observed_verts=0
a,3054,STATE_EVIDENCE_WINDOW,109,,STATE_EVIDENCE_WINDOW inst=109 after=71200000000 latest_measured_support=72500000000 through=87233333333 projected=0 support=2 contradiction=2 reliable=632 reliable_in_view=0 reliable_seen_through=0 absence_llr=0 absent_samples=0 total_samples=2435 absence_coverage_sufficient=0
a,3055,STATE_SLICE,109,87233333333,STATE_SLICE inst=109 stamp=87233333333 inherited_sup=2 inherited_con=2 inherited_samples=2435 inherited_supported=70 inherited_free=24 inherited_repl_other=0 inherited_repl_bg=0 inherited_occ=24 inherited_unobs=1788 session_sup=0 session_con=0 session_samples=0 cur_verts=7305 candidate_verts=0
a,3056,EVIDENCE,109,,EVIDENCE inst=109 inherited_support=2 inherited_contradiction=2 session_support=0 session_contradiction=0 inherited_absent_flag=0 cur_verts=7305 observed_verts=0
a,3057,MOBILITY_PRIOR,109,,MOBILITY_PRIOR inst=109 session=0 class=19 changes=0 continuations=0 alpha=0.5 beta=1.5 q=0.25
a,3058,TOP_ABSORB_POSTERIOR,109,,TOP_ABSORB_POSTERIOR inst=109 measurement=confirmed_current change_prior=0.25 geometry_factor_or_bound=1 geometry_evaluated=0 candidate_vertices=0 effective_cells=0 off_share=unmeasured legacy_same_site=1 absorb=1
a,3059,MOBILITY_PRIOR,109,,MOBILITY_PRIOR inst=109 session=0 class=19 changes=0 continuations=0 alpha=0.5 beta=1.5 q=0.25
a,3060,TOP_ABSORB,109,,TOP_ABSORB inst=109 geom=0 support=2 high_mobility=0 absorb=1
a,3061,STATE_EVIDENCE_WINDOW,112,,STATE_EVIDENCE_WINDOW inst=112 after=76400000000 latest_measured_support=87233333333 through=87233333333 projected=1 support=3593 contradiction=210 reliable=1266 reliable_in_view=1250 reliable_seen_through=1 absence_llr=0 absent_samples=77 total_samples=433 absence_coverage_sufficient=0
a,3062,STATE_SLICE,112,87233333333,STATE_SLICE inst=112 stamp=87233333333 inherited_sup=3593 inherited_con=210 inherited_samples=433 inherited_supported=4240 inherited_free=45 inherited_repl_other=33 inherited_repl_bg=165 inherited_occ=1795 inherited_unobs=0 session_sup=0 session_con=0 session_samples=0 cur_verts=11271 candidate_verts=0
a,3063,EVIDENCE,112,,EVIDENCE inst=112 inherited_support=3593 inherited_contradiction=210 session_support=0 session_contradiction=0 inherited_absent_flag=0 cur_verts=11271 observed_verts=0
a,3064,MOBILITY_PRIOR,112,,MOBILITY_PRIOR inst=112 session=0 class=20 changes=0 continuations=0 alpha=0.5 beta=1.5 q=0.25
a,3065,TOP_ABSORB_POSTERIOR,112,,TOP_ABSORB_POSTERIOR inst=112 measurement=confirmed_current change_prior=0.25 geometry_factor_or_bound=1 geometry_evaluated=0 candidate_vertices=0 effective_cells=0 off_share=unmeasured legacy_same_site=1 absorb=1
a,3066,MOBILITY_PRIOR,112,,MOBILITY_PRIOR inst=112 session=0 class=20 changes=0 continuations=0 alpha=0.5 beta=1.5 q=0.25
a,3067,TOP_ABSORB,112,,TOP_ABSORB inst=112 geom=0 support=3593 high_mobility=0 absorb=1
a,3068,STATE_EVIDENCE_WINDOW,121,,STATE_EVIDENCE_WINDOW inst=121 after=49166666667 latest_measured_support=0 through=87233333333 projected=0 support=0 contradiction=0 reliable=6 reliable_in_view=0 reliable_seen_through=0 absence_llr=0.28449 absent_samples=0 total_samples=146 absence_coverage_sufficient=0
a,3069,STATE_SLICE,121,87233333333,STATE_SLICE inst=121 stamp=87233333333 inherited_sup=0 inherited_con=0 inherited_samples=146 inherited_supported=0 inherited_free=0 inherited_repl_other=0 inherited_repl_bg=0 inherited_occ=0 inherited_unobs=3 session_sup=0 session_con=0 session_samples=0 cur_verts=438 candidate_verts=0
a,3070,EVIDENCE,121,,EVIDENCE inst=121 inherited_support=0 inherited_contradiction=0 session_support=0 session_contradiction=0 inherited_absent_flag=0 cur_verts=438 observed_verts=0
a,3071,STATE_EVIDENCE_WINDOW,126,,STATE_EVIDENCE_WINDOW inst=126 after=76400000000 latest_measured_support=85500000000 through=87233333333 projected=1 support=241 contradiction=4 reliable=145 reliable_in_view=95 reliable_seen_through=0 absence_llr=0 absent_samples=0 total_samples=18 absence_coverage_sufficient=0
a,3072,STATE_SLICE,126,87233333333,STATE_SLICE inst=126 stamp=87233333333 inherited_sup=241 inherited_con=4 inherited_samples=18 inherited_supported=249 inherited_free=2 inherited_repl_other=2 inherited_repl_bg=0 inherited_occ=0 inherited_unobs=0 session_sup=0 session_con=0 session_samples=0 cur_verts=930 candidate_verts=0
a,3073,EVIDENCE,126,,EVIDENCE inst=126 inherited_support=241 inherited_contradiction=4 session_support=0 session_contradiction=0 inherited_absent_flag=0 cur_verts=930 observed_verts=0
a,3074,MOBILITY_PRIOR,126,,MOBILITY_PRIOR inst=126 session=0 class=24 changes=0 continuations=0 alpha=0.5 beta=1.5 q=0.25
a,3075,TOP_ABSORB_POSTERIOR,126,,TOP_ABSORB_POSTERIOR inst=126 measurement=confirmed_current change_prior=0.25 geometry_factor_or_bound=1 geometry_evaluated=0 candidate_vertices=0 effective_cells=0 off_share=unmeasured legacy_same_site=1 absorb=1
a,3076,MOBILITY_PRIOR,126,,MOBILITY_PRIOR inst=126 session=0 class=24 changes=0 continuations=0 alpha=0.5 beta=1.5 q=0.25
a,3077,TOP_ABSORB,126,,TOP_ABSORB inst=126 geom=0 support=241 high_mobility=0 absorb=1
a,3078,STATE_EVIDENCE_WINDOW,128,,STATE_EVIDENCE_WINDOW inst=128 after=17533333333 latest_measured_support=0 through=87233333333 projected=0 support=0 contradiction=0 reliable=49 reliable_in_view=0 reliable_seen_through=0 absence_llr=0 absent_samples=0 total_samples=109 absence_coverage_sufficient=0
a,3079,STATE_SLICE,128,87233333333,STATE_SLICE inst=128 stamp=87233333333 inherited_sup=0 inherited_con=0 inherited_samples=109 inherited_supported=0 inherited_free=0 inherited_repl_other=0 inherited_repl_bg=0 inherited_occ=0 inherited_unobs=0 session_sup=0 session_con=0 session_samples=0 cur_verts=327 candidate_verts=0
a,3080,EVIDENCE,128,,EVIDENCE inst=128 inherited_support=0 inherited_contradiction=0 session_support=0 session_contradiction=0 inherited_absent_flag=0 cur_verts=327 observed_verts=0
a,3081,STATE_EVIDENCE_WINDOW,132,,STATE_EVIDENCE_WINDOW inst=132 after=76400000000 latest_measured_support=76833333333 through=87233333333 projected=1 support=3 contradiction=0 reliable=26 reliable_in_view=3 reliable_seen_through=0 absence_llr=0 absent_samples=0 total_samples=13 absence_coverage_sufficient=0
a,3082,STATE_SLICE,132,87233333333,STATE_SLICE inst=132 stamp=87233333333 inherited_sup=3 inherited_con=0 inherited_samples=13 inherited_supported=3 inherited_free=0 inherited_repl_other=0 inherited_repl_bg=0 inherited_occ=10 inherited_unobs=0 session_sup=0 session_con=0 session_samples=0 cur_verts=183 candidate_verts=0
a,3083,EVIDENCE,132,,EVIDENCE inst=132 inherited_support=3 inherited_contradiction=0 session_support=0 session_contradiction=0 inherited_absent_flag=0 cur_verts=183 observed_verts=0
a,3084,MOBILITY_PRIOR,132,,MOBILITY_PRIOR inst=132 session=0 class=25 changes=0 continuations=0 alpha=0.5 beta=1.5 q=0.25
a,3085,TOP_ABSORB_POSTERIOR,132,,TOP_ABSORB_POSTERIOR inst=132 measurement=confirmed_current change_prior=0.25 geometry_factor_or_bound=1 geometry_evaluated=0 candidate_vertices=0 effective_cells=0 off_share=unmeasured legacy_same_site=1 absorb=1
a,3086,MOBILITY_PRIOR,132,,MOBILITY_PRIOR inst=132 session=0 class=25 changes=0 continuations=0 alpha=0.5 beta=1.5 q=0.25
a,3087,TOP_ABSORB,132,,TOP_ABSORB inst=132 geom=0 support=3 high_mobility=0 absorb=1
a,3088,STATE_EVIDENCE_WINDOW,135,,STATE_EVIDENCE_WINDOW inst=135 after=44533333333 latest_measured_support=0 through=87233333333 projected=0 support=0 contradiction=0 reliable=659 reliable_in_view=0 reliable_seen_through=0 absence_llr=0 absent_samples=0 total_samples=1371 absence_coverage_sufficient=0
a,3089,STATE_SLICE,135,87233333333,STATE_SLICE inst=135 stamp=87233333333 inherited_sup=0 inherited_con=0 inherited_samples=1371 inherited_supported=0 inherited_free=0 inherited_repl_other=0 inherited_repl_bg=0 inherited_occ=0 inherited_unobs=1371 session_sup=0 session_con=0 session_samples=0 cur_verts=4113 candidate_verts=0
a,3090,EVIDENCE,135,,EVIDENCE inst=135 inherited_support=0 inherited_contradiction=0 session_support=0 session_contradiction=0 inherited_absent_flag=0 cur_verts=4113 observed_verts=0
a,3091,STATE_EVIDENCE_WINDOW,136,,STATE_EVIDENCE_WINDOW inst=136 after=73800000000 latest_measured_support=0 through=87233333333 projected=0 support=0 contradiction=0 reliable=995 reliable_in_view=0 reliable_seen_through=0 absence_llr=0 absent_samples=0 total_samples=2588 absence_coverage_sufficient=0
a,3092,STATE_SLICE,136,87233333333,STATE_SLICE inst=136 stamp=87233333333 inherited_sup=0 inherited_con=0 inherited_samples=2588 inherited_supported=0 inherited_free=0 inherited_repl_other=0 inherited_repl_bg=0 inherited_occ=0 inherited_unobs=2588 session_sup=0 session_con=0 session_samples=0 cur_verts=7764 candidate_verts=0
a,3093,EVIDENCE,136,,EVIDENCE inst=136 inherited_support=0 inherited_contradiction=0 session_support=0 session_contradiction=0 inherited_absent_flag=0 cur_verts=7764 observed_verts=0
a,3094,STATE_EVIDENCE_WINDOW,141,,STATE_EVIDENCE_WINDOW inst=141 after=47700000000 latest_measured_support=0 through=87233333333 projected=0 support=0 contradiction=0 reliable=247 reliable_in_view=0 reliable_seen_through=0 absence_llr=0 absent_samples=0 total_samples=787 absence_coverage_sufficient=0
a,3095,STATE_SLICE,141,87233333333,STATE_SLICE inst=141 stamp=87233333333 inherited_sup=0 inherited_con=0 inherited_samples=787 inherited_supported=0 inherited_free=0 inherited_repl_other=0 inherited_repl_bg=0 inherited_occ=0 inherited_unobs=787 session_sup=0 session_con=0 session_samples=0 cur_verts=2361 candidate_verts=0
a,3096,EVIDENCE,141,,EVIDENCE inst=141 inherited_support=0 inherited_contradiction=0 session_support=0 session_contradiction=0 inherited_absent_flag=0 cur_verts=2361 observed_verts=0
a,3097,STATE_EVIDENCE_WINDOW,142,,STATE_EVIDENCE_WINDOW inst=142 after=47066666667 latest_measured_support=0 through=87233333333 projected=0 support=0 contradiction=0 reliable=242 reliable_in_view=0 reliable_seen_through=0 absence_llr=0 absent_samples=0 total_samples=748 absence_coverage_sufficient=0
a,3098,STATE_SLICE,142,87233333333,STATE_SLICE inst=142 stamp=87233333333 inherited_sup=0 inherited_con=0 inherited_samples=748 inherited_supported=0 inherited_free=0 inherited_repl_other=0 inherited_repl_bg=0 inherited_occ=0 inherited_unobs=748 session_sup=0 session_con=0 session_samples=0 cur_verts=2244 candidate_verts=0
a,3099,EVIDENCE,142,,EVIDENCE inst=142 inherited_support=0 inherited_contradiction=0 session_support=0 session_contradiction=0 inherited_absent_flag=0 cur_verts=2244 observed_verts=0
a,3100,STATE_EVIDENCE_WINDOW,143,,STATE_EVIDENCE_WINDOW inst=143 after=47766666667 latest_measured_support=0 through=87233333333 projected=0 support=0 contradiction=0 reliable=256 reliable_in_view=0 reliable_seen_through=0 absence_llr=0 absent_samples=0 total_samples=733 absence_coverage_sufficient=0
a,3101,STATE_SLICE,143,87233333333,STATE_SLICE inst=143 stamp=87233333333 inherited_sup=0 inherited_con=0 inherited_samples=733 inherited_supported=0 inherited_free=0 inherited_repl_other=0 inherited_repl_bg=0 inherited_occ=0 inherited_unobs=733 session_sup=0 session_con=0 session_samples=0 cur_verts=2199 candidate_verts=0
a,3102,EVIDENCE,143,,EVIDENCE inst=143 inherited_support=0 inherited_contradiction=0 session_support=0 session_contradiction=0 inherited_absent_flag=0 cur_verts=2199 observed_verts=0
a,3103,STATE_EVIDENCE_WINDOW,144,,STATE_EVIDENCE_WINDOW inst=144 after=47133333333 latest_measured_support=0 through=87233333333 projected=0 support=0 contradiction=0 reliable=192 reliable_in_view=0 reliable_seen_through=0 absence_llr=0 absent_samples=0 total_samples=651 absence_coverage_sufficient=0
a,3104,STATE_SLICE,144,87233333333,STATE_SLICE inst=144 stamp=87233333333 inherited_sup=0 inherited_con=0 inherited_samples=651 inherited_supported=0 inherited_free=0 inherited_repl_other=0 inherited_repl_bg=0 inherited_occ=0 inherited_unobs=651 session_sup=0 session_con=0 session_samples=0 cur_verts=1953 candidate_verts=0
a,3105,EVIDENCE,144,,EVIDENCE inst=144 inherited_support=0 inherited_contradiction=0 session_support=0 session_contradiction=0 inherited_absent_flag=0 cur_verts=1953 observed_verts=0
a,3106,STATE_EVIDENCE_WINDOW,145,,STATE_EVIDENCE_WINDOW inst=145 after=47166666667 latest_measured_support=0 through=87233333333 projected=0 support=0 contradiction=0 reliable=5 reliable_in_view=0 reliable_seen_through=0 absence_llr=0 absent_samples=0 total_samples=33 absence_coverage_sufficient=0
a,3107,STATE_SLICE,145,87233333333,STATE_SLICE inst=145 stamp=87233333333 inherited_sup=0 inherited_con=0 inherited_samples=33 inherited_supported=0 inherited_free=0 inherited_repl_other=0 inherited_repl_bg=0 inherited_occ=0 inherited_unobs=33 session_sup=0 session_con=0 session_samples=0 cur_verts=99 candidate_verts=0
a,3108,EVIDENCE,145,,EVIDENCE inst=145 inherited_support=0 inherited_contradiction=0 session_support=0 session_contradiction=0 inherited_absent_flag=0 cur_verts=99 observed_verts=0
a,3109,STATE_EVIDENCE_WINDOW,146,,STATE_EVIDENCE_WINDOW inst=146 after=47800000000 latest_measured_support=0 through=87233333333 projected=0 support=0 contradiction=0 reliable=0 reliable_in_view=0 reliable_seen_through=0 absence_llr=0 absent_samples=0 total_samples=20 absence_coverage_sufficient=0
a,3110,STATE_SLICE,146,87233333333,STATE_SLICE inst=146 stamp=87233333333 inherited_sup=0 inherited_con=0 inherited_samples=20 inherited_supported=0 inherited_free=0 inherited_repl_other=0 inherited_repl_bg=0 inherited_occ=0 inherited_unobs=20 session_sup=0 session_con=0 session_samples=0 cur_verts=60 candidate_verts=0
a,3111,EVIDENCE,146,,EVIDENCE inst=146 inherited_support=0 inherited_contradiction=0 session_support=0 session_contradiction=0 inherited_absent_flag=0 cur_verts=60 observed_verts=0
a,3112,STATE_EVIDENCE_WINDOW,147,,STATE_EVIDENCE_WINDOW inst=147 after=69466666667 latest_measured_support=73366666667 through=87233333333 projected=1 support=138 contradiction=77 reliable=132 reliable_in_view=0 reliable_seen_through=0 absence_llr=0 absent_samples=10 total_samples=28 absence_coverage_sufficient=0
a,3113,STATE_SLICE,147,87233333333,STATE_SLICE inst=147 stamp=87233333333 inherited_sup=138 inherited_con=77 inherited_samples=28 inherited_supported=138 inherited_free=1 inherited_repl_other=76 inherited_repl_bg=0 inherited_occ=8 inherited_unobs=0 session_sup=0 session_con=0 session_samples=0 cur_verts=597 candidate_verts=0
a,3114,EVIDENCE,147,,EVIDENCE inst=147 inherited_support=138 inherited_contradiction=77 session_support=0 session_contradiction=0 inherited_absent_flag=0 cur_verts=597 observed_verts=0
a,3115,MOBILITY_PRIOR,147,,MOBILITY_PRIOR inst=147 session=0 class=28 changes=0 continuations=0 alpha=0.5 beta=1.5 q=0.25
a,3116,TOP_ABSORB_POSTERIOR,147,,TOP_ABSORB_POSTERIOR inst=147 measurement=confirmed_current change_prior=0.25 geometry_factor_or_bound=1 geometry_evaluated=0 candidate_vertices=0 effective_cells=0 off_share=unmeasured legacy_same_site=1 absorb=1
a,3117,MOBILITY_PRIOR,147,,MOBILITY_PRIOR inst=147 session=0 class=28 changes=0 continuations=0 alpha=0.5 beta=1.5 q=0.25
a,3118,TOP_ABSORB,147,,TOP_ABSORB inst=147 geom=0 support=138 high_mobility=0 absorb=1
a,3119,STATE_EVIDENCE_WINDOW,148,,STATE_EVIDENCE_WINDOW inst=148 after=69466666667 latest_measured_support=72933333333 through=87233333333 projected=1 support=133 contradiction=27 reliable=132 reliable_in_view=0 reliable_seen_through=0 absence_llr=0 absent_samples=3 total_samples=26 absence_coverage_sufficient=0
a,3120,STATE_SLICE,148,87233333333,STATE_SLICE inst=148 stamp=87233333333 inherited_sup=133 inherited_con=27 inherited_samples=26 inherited_supported=133 inherited_free=13 inherited_repl_other=14 inherited_repl_bg=0 inherited_occ=32 inherited_unobs=0 session_sup=0 session_con=0 session_samples=0 cur_verts=501 candidate_verts=0
a,3121,EVIDENCE,148,,EVIDENCE inst=148 inherited_support=133 inherited_contradiction=27 session_support=0 session_contradiction=0 inherited_absent_flag=0 cur_verts=501 observed_verts=0
a,3122,MOBILITY_PRIOR,148,,MOBILITY_PRIOR inst=148 session=0 class=28 changes=0 continuations=0 alpha=0.5 beta=1.5 q=0.25
a,3123,TOP_ABSORB_POSTERIOR,148,,TOP_ABSORB_POSTERIOR inst=148 measurement=confirmed_current change_prior=0.25 geometry_factor_or_bound=1 geometry_evaluated=0 candidate_vertices=0 effective_cells=0 off_share=unmeasured legacy_same_site=1 absorb=1
a,3124,MOBILITY_PRIOR,148,,MOBILITY_PRIOR inst=148 session=0 class=28 changes=0 continuations=0 alpha=0.5 beta=1.5 q=0.25
a,3125,TOP_ABSORB,148,,TOP_ABSORB inst=148 geom=0 support=133 high_mobility=0 absorb=1
a,3126,STATE_EVIDENCE_WINDOW,149,,STATE_EVIDENCE_WINDOW inst=149 after=72866666667 latest_measured_support=0 through=87233333333 projected=0 support=0 contradiction=0 reliable=338 reliable_in_view=0 reliable_seen_through=0 absence_llr=0 absent_samples=0 total_samples=958 absence_coverage_sufficient=0
a,3127,STATE_SLICE,149,87233333333,STATE_SLICE inst=149 stamp=87233333333 inherited_sup=0 inherited_con=0 inherited_samples=958 inherited_supported=0 inherited_free=0 inherited_repl_other=0 inherited_repl_bg=0 inherited_occ=0 inherited_unobs=958 session_sup=0 session_con=0 session_samples=0 cur_verts=2874 candidate_verts=0
a,3128,EVIDENCE,149,,EVIDENCE inst=149 inherited_support=0 inherited_contradiction=0 session_support=0 session_contradiction=0 inherited_absent_flag=0 cur_verts=2874 observed_verts=0
a,3129,STATE_EVIDENCE_WINDOW,153,,STATE_EVIDENCE_WINDOW inst=153 after=76400000000 latest_measured_support=76833333333 through=87233333333 projected=1 support=24 contradiction=4 reliable=520 reliable_in_view=62 reliable_seen_through=0 absence_llr=0 absent_samples=4 total_samples=115 absence_coverage_sufficient=0
a,3130,STATE_SLICE,153,87233333333,STATE_SLICE inst=153 stamp=87233333333 inherited_sup=24 inherited_con=4 inherited_samples=115 inherited_supported=27 inherited_free=4 inherited_repl_other=0 inherited_repl_bg=0 inherited_occ=84 inherited_unobs=0 session_sup=0 session_con=0 session_samples=0 cur_verts=1731 candidate_verts=0
a,3131,EVIDENCE,153,,EVIDENCE inst=153 inherited_support=24 inherited_contradiction=4 session_support=0 session_contradiction=0 inherited_absent_flag=0 cur_verts=1731 observed_verts=0
a,3132,MOBILITY_PRIOR,153,,MOBILITY_PRIOR inst=153 session=0 class=30 changes=0 continuations=0 alpha=0.5 beta=1.5 q=0.25
a,3133,TOP_ABSORB_POSTERIOR,153,,TOP_ABSORB_POSTERIOR inst=153 measurement=confirmed_current change_prior=0.25 geometry_factor_or_bound=1 geometry_evaluated=0 candidate_vertices=0 effective_cells=0 off_share=unmeasured legacy_same_site=1 absorb=1
a,3134,MOBILITY_PRIOR,153,,MOBILITY_PRIOR inst=153 session=0 class=30 changes=0 continuations=0 alpha=0.5 beta=1.5 q=0.25
a,3135,TOP_ABSORB,153,,TOP_ABSORB inst=153 geom=0 support=24 high_mobility=0 absorb=1
a,3136,STATE_EVIDENCE_WINDOW,155,,STATE_EVIDENCE_WINDOW inst=155 after=73366666667 latest_measured_support=75966666667 through=87233333333 projected=0 support=22 contradiction=7 reliable=1135 reliable_in_view=186 reliable_seen_through=1 absence_llr=0 absent_samples=0 total_samples=3120 absence_coverage_sufficient=0
a,3137,STATE_SLICE,155,87233333333,STATE_SLICE inst=155 stamp=87233333333 inherited_sup=22 inherited_con=7 inherited_samples=3120 inherited_supported=358 inherited_free=1 inherited_repl_other=0 inherited_repl_bg=15 inherited_occ=298 inherited_unobs=2653 session_sup=0 session_con=0 session_samples=0 cur_verts=9360 candidate_verts=0
a,3138,EVIDENCE,155,,EVIDENCE inst=155 inherited_support=22 inherited_contradiction=7 session_support=0 session_contradiction=0 inherited_absent_flag=0 cur_verts=9360 observed_verts=0
a,3139,MOBILITY_PRIOR,155,,MOBILITY_PRIOR inst=155 session=0 class=32 changes=0 continuations=0 alpha=0.5 beta=1.5 q=0.25
a,3140,TOP_ABSORB_POSTERIOR,155,,TOP_ABSORB_POSTERIOR inst=155 measurement=confirmed_current change_prior=0.25 geometry_factor_or_bound=1 geometry_evaluated=0 candidate_vertices=0 effective_cells=0 off_share=unmeasured legacy_same_site=1 absorb=1
a,3141,MOBILITY_PRIOR,155,,MOBILITY_PRIOR inst=155 session=0 class=32 changes=0 continuations=0 alpha=0.5 beta=1.5 q=0.25
a,3142,TOP_ABSORB,155,,TOP_ABSORB inst=155 geom=0 support=22 high_mobility=0 absorb=1
a,3143,STATE_EVIDENCE_WINDOW,156,,STATE_EVIDENCE_WINDOW inst=156 after=69466666667 latest_measured_support=73366666667 through=87233333333 projected=1 support=1424 contradiction=47 reliable=1360 reliable_in_view=0 reliable_seen_through=0 absence_llr=0 absent_samples=9 total_samples=243 absence_coverage_sufficient=0
a,3144,STATE_SLICE,156,87233333333,STATE_SLICE inst=156 stamp=87233333333 inherited_sup=1424 inherited_con=47 inherited_samples=243 inherited_supported=1435 inherited_free=42 inherited_repl_other=0 inherited_repl_bg=5 inherited_occ=213 inherited_unobs=0 session_sup=0 session_con=0 session_samples=0 cur_verts=4977 candidate_verts=0
a,3145,EVIDENCE,156,,EVIDENCE inst=156 inherited_support=1424 inherited_contradiction=47 session_support=0 session_contradiction=0 inherited_absent_flag=0 cur_verts=4977 observed_verts=0
a,3146,MOBILITY_PRIOR,156,,MOBILITY_PRIOR inst=156 session=0 class=32 changes=0 continuations=0 alpha=0.5 beta=1.5 q=0.25
a,3147,TOP_ABSORB_POSTERIOR,156,,TOP_ABSORB_POSTERIOR inst=156 measurement=confirmed_current change_prior=0.25 geometry_factor_or_bound=1 geometry_evaluated=0 candidate_vertices=0 effective_cells=0 off_share=unmeasured legacy_same_site=1 absorb=1
a,3148,MOBILITY_PRIOR,156,,MOBILITY_PRIOR inst=156 session=0 class=32 changes=0 continuations=0 alpha=0.5 beta=1.5 q=0.25
a,3149,TOP_ABSORB,156,,TOP_ABSORB inst=156 geom=0 support=1424 high_mobility=0 absorb=1
a,3150,STATE_EVIDENCE_WINDOW,161,,STATE_EVIDENCE_WINDOW inst=161 after=69466666667 latest_measured_support=73366666667 through=87233333333 projected=1 support=156 contradiction=17 reliable=185 reliable_in_view=0 reliable_seen_through=0 absence_llr=0 absent_samples=5 total_samples=28 absence_coverage_sufficient=0
a,3151,STATE_SLICE,161,87233333333,STATE_SLICE inst=161 stamp=87233333333 inherited_sup=156 inherited_con=17 inherited_samples=28 inherited_supported=158 inherited_free=15 inherited_repl_other=0 inherited_repl_bg=2 inherited_occ=53 inherited_unobs=0 session_sup=0 session_con=0 session_samples=0 cur_verts=699 candidate_verts=0
a,3152,EVIDENCE,161,,EVIDENCE inst=161 inherited_support=156 inherited_contradiction=17 session_support=0 session_contradiction=0 inherited_absent_flag=0 cur_verts=699 observed_verts=0
a,3153,MOBILITY_PRIOR,161,,MOBILITY_PRIOR inst=161 session=0 class=35 changes=0 continuations=0 alpha=1.83333 beta=0.166667 q=0.916667
a,3154,TOP_ABSORB_POSTERIOR,161,,TOP_ABSORB_POSTERIOR inst=161 measurement=confirmed_current change_prior=0.916667 geometry_factor_or_bound=1 geometry_evaluated=0 candidate_vertices=0 effective_cells=0 off_share=unmeasured legacy_same_site=0 absorb=0
a,3155,MOBILITY_PRIOR,161,,MOBILITY_PRIOR inst=161 session=0 class=35 changes=0 continuations=0 alpha=1.83333 beta=0.166667 q=0.916667
a,3156,TOP_ABSORB,161,,TOP_ABSORB inst=161 geom=0 support=156 high_mobility=1 absorb=0
a,3157,STATE_EVIDENCE_WINDOW,162,,STATE_EVIDENCE_WINDOW inst=162 after=68600000000 latest_measured_support=72933333333 through=87233333333 projected=1 support=185 contradiction=13 reliable=142 reliable_in_view=0 reliable_seen_through=0 absence_llr=0 absent_samples=2 total_samples=22 absence_coverage_sufficient=0
a,3158,STATE_SLICE,162,87233333333,STATE_SLICE inst=162 stamp=87233333333 inherited_sup=185 inherited_con=13 inherited_samples=22 inherited_supported=185 inherited_free=13 inherited_repl_other=0 inherited_repl_bg=0 inherited_occ=22 inherited_unobs=0 session_sup=0 session_con=0 session_samples=0 cur_verts=468 candidate_verts=0
a,3159,EVIDENCE,162,,EVIDENCE inst=162 inherited_support=185 inherited_contradiction=13 session_support=0 session_contradiction=0 inherited_absent_flag=0 cur_verts=468 observed_verts=0
a,3160,MOBILITY_PRIOR,162,,MOBILITY_PRIOR inst=162 session=0 class=35 changes=0 continuations=0 alpha=1.83333 beta=0.166667 q=0.916667
a,3161,TOP_ABSORB_POSTERIOR,162,,TOP_ABSORB_POSTERIOR inst=162 measurement=confirmed_current change_prior=0.916667 geometry_factor_or_bound=1 geometry_evaluated=0 candidate_vertices=0 effective_cells=0 off_share=unmeasured legacy_same_site=0 absorb=0
a,3162,MOBILITY_PRIOR,162,,MOBILITY_PRIOR inst=162 session=0 class=35 changes=0 continuations=0 alpha=1.83333 beta=0.166667 q=0.916667
a,3163,TOP_ABSORB,162,,TOP_ABSORB inst=162 geom=0 support=185 high_mobility=1 absorb=0
a,3164,STATE_EVIDENCE_WINDOW,163,,STATE_EVIDENCE_WINDOW inst=163 after=76400000000 latest_measured_support=85500000000 through=87233333333 projected=1 support=1380 contradiction=209 reliable=981 reliable_in_view=841 reliable_seen_through=7 absence_llr=0 absent_samples=24 total_samples=181 absence_coverage_sufficient=0
a,3165,STATE_SLICE,163,87233333333,STATE_SLICE inst=163 stamp=87233333333 inherited_sup=1380 inherited_con=209 inherited_samples=181 inherited_supported=1380 inherited_free=148 inherited_repl_other=0 inherited_repl_bg=61 inherited_occ=937 inherited_unobs=0 session_sup=0 session_con=0 session_samples=0 cur_verts=6903 candidate_verts=0
a,3166,EVIDENCE,163,,EVIDENCE inst=163 inherited_support=1380 inherited_contradiction=209 session_support=0 session_contradiction=0 inherited_absent_flag=0 cur_verts=6903 observed_verts=0
a,3167,MOBILITY_PRIOR,163,,MOBILITY_PRIOR inst=163 session=0 class=35 changes=0 continuations=0 alpha=1.83333 beta=0.166667 q=0.916667
a,3168,TOP_ABSORB_POSTERIOR,163,,TOP_ABSORB_POSTERIOR inst=163 measurement=confirmed_current change_prior=0.916667 geometry_factor_or_bound=1 geometry_evaluated=0 candidate_vertices=0 effective_cells=0 off_share=unmeasured legacy_same_site=0 absorb=0
a,3169,MOBILITY_PRIOR,163,,MOBILITY_PRIOR inst=163 session=0 class=35 changes=0 continuations=0 alpha=1.83333 beta=0.166667 q=0.916667
a,3170,TOP_ABSORB,163,,TOP_ABSORB inst=163 geom=0 support=1380 high_mobility=1 absorb=0
a,3171,STATE_EVIDENCE_WINDOW,164,,STATE_EVIDENCE_WINDOW inst=164 after=76400000000 latest_measured_support=84633333333 through=87233333333 projected=1 support=700 contradiction=96 reliable=364 reliable_in_view=302 reliable_seen_through=7 absence_llr=0 absent_samples=9 total_samples=73 absence_coverage_sufficient=0
a,3172,STATE_SLICE,164,87233333333,STATE_SLICE inst=164 stamp=87233333333 inherited_sup=700 inherited_con=96 inherited_samples=73 inherited_supported=701 inherited_free=95 inherited_repl_other=0 inherited_repl_bg=1 inherited_occ=14 inherited_unobs=0 session_sup=0 session_con=0 session_samples=0 cur_verts=2895 candidate_verts=0
a,3173,EVIDENCE,164,,EVIDENCE inst=164 inherited_support=700 inherited_contradiction=96 session_support=0 session_contradiction=0 inherited_absent_flag=0 cur_verts=2895 observed_verts=0
a,3174,MOBILITY_PRIOR,164,,MOBILITY_PRIOR inst=164 session=0 class=35 changes=0 continuations=0 alpha=1.83333 beta=0.166667 q=0.916667
a,3175,TOP_ABSORB_POSTERIOR,164,,TOP_ABSORB_POSTERIOR inst=164 measurement=confirmed_current change_prior=0.916667 geometry_factor_or_bound=1 geometry_evaluated=0 candidate_vertices=0 effective_cells=0 off_share=unmeasured legacy_same_site=0 absorb=0
a,3176,MOBILITY_PRIOR,164,,MOBILITY_PRIOR inst=164 session=0 class=35 changes=0 continuations=0 alpha=1.83333 beta=0.166667 q=0.916667
a,3177,TOP_ABSORB,164,,TOP_ABSORB inst=164 geom=0 support=700 high_mobility=1 absorb=0
a,3178,STATE_EVIDENCE_WINDOW,165,,STATE_EVIDENCE_WINDOW inst=165 after=48166666667 latest_measured_support=0 through=87233333333 projected=0 support=0 contradiction=0 reliable=136 reliable_in_view=0 reliable_seen_through=0 absence_llr=0 absent_samples=0 total_samples=457 absence_coverage_sufficient=0
a,3179,STATE_SLICE,165,87233333333,STATE_SLICE inst=165 stamp=87233333333 inherited_sup=0 inherited_con=0 inherited_samples=457 inherited_supported=0 inherited_free=0 inherited_repl_other=0 inherited_repl_bg=0 inherited_occ=20 inherited_unobs=359 session_sup=0 session_con=0 session_samples=0 cur_verts=1371 candidate_verts=0
a,3180,EVIDENCE,165,,EVIDENCE inst=165 inherited_support=0 inherited_contradiction=0 session_support=0 session_contradiction=0 inherited_absent_flag=0 cur_verts=1371 observed_verts=0
a,3181,STATE_EVIDENCE_WINDOW,166,,STATE_EVIDENCE_WINDOW inst=166 after=44733333333 latest_measured_support=0 through=87233333333 projected=0 support=0 contradiction=0 reliable=193 reliable_in_view=0 reliable_seen_through=0 absence_llr=0 absent_samples=0 total_samples=599 absence_coverage_sufficient=0
a,3182,STATE_SLICE,166,87233333333,STATE_SLICE inst=166 stamp=87233333333 inherited_sup=0 inherited_con=0 inherited_samples=599 inherited_supported=0 inherited_free=0 inherited_repl_other=0 inherited_repl_bg=0 inherited_occ=0 inherited_unobs=599 session_sup=0 session_con=0 session_samples=0 cur_verts=1797 candidate_verts=0
a,3183,EVIDENCE,166,,EVIDENCE inst=166 inherited_support=0 inherited_contradiction=0 session_support=0 session_contradiction=0 inherited_absent_flag=0 cur_verts=1797 observed_verts=0
a,3184,STATE_EVIDENCE_WINDOW,167,,STATE_EVIDENCE_WINDOW inst=167 after=69900000000 latest_measured_support=72933333333 through=87233333333 projected=1 support=233 contradiction=67 reliable=229 reliable_in_view=0 reliable_seen_through=0 absence_llr=0 absent_samples=7 total_samples=44 absence_coverage_sufficient=0
a,3185,STATE_SLICE,167,87233333333,STATE_SLICE inst=167 stamp=87233333333 inherited_sup=233 inherited_con=67 inherited_samples=44 inherited_supported=241 inherited_free=55 inherited_repl_other=12 inherited_repl_bg=0 inherited_occ=0 inherited_unobs=0 session_sup=0 session_con=0 session_samples=0 cur_verts=1029 candidate_verts=0
a,3186,EVIDENCE,167,,EVIDENCE inst=167 inherited_support=233 inherited_contradiction=67 session_support=0 session_contradiction=0 inherited_absent_flag=0 cur_verts=1029 observed_verts=0
a,3187,MOBILITY_PRIOR,167,,MOBILITY_PRIOR inst=167 session=0 class=36 changes=0 continuations=0 alpha=0.5 beta=1.5 q=0.25
a,3188,TOP_ABSORB_POSTERIOR,167,,TOP_ABSORB_POSTERIOR inst=167 measurement=confirmed_current change_prior=0.25 geometry_factor_or_bound=1 geometry_evaluated=0 candidate_vertices=0 effective_cells=0 off_share=unmeasured legacy_same_site=1 absorb=1
a,3189,MOBILITY_PRIOR,167,,MOBILITY_PRIOR inst=167 session=0 class=36 changes=0 continuations=0 alpha=0.5 beta=1.5 q=0.25
a,3190,TOP_ABSORB,167,,TOP_ABSORB inst=167 geom=0 support=233 high_mobility=0 absorb=1
a,3191,STATE_EVIDENCE_WINDOW,171,,STATE_EVIDENCE_WINDOW inst=171 after=75966666667 latest_measured_support=0 through=87233333333 projected=0 support=0 contradiction=0 reliable=816 reliable_in_view=0 reliable_seen_through=0 absence_llr=0 absent_samples=0 total_samples=1854 absence_coverage_sufficient=0
a,3192,STATE_SLICE,171,87233333333,STATE_SLICE inst=171 stamp=87233333333 inherited_sup=0 inherited_con=0 inherited_samples=1854 inherited_supported=0 inherited_free=0 inherited_repl_other=0 inherited_repl_bg=0 inherited_occ=0 inherited_unobs=1854 session_sup=0 session_con=0 session_samples=0 cur_verts=5562 candidate_verts=0
a,3193,EVIDENCE,171,,EVIDENCE inst=171 inherited_support=0 inherited_contradiction=0 session_support=0 session_contradiction=0 inherited_absent_flag=0 cur_verts=5562 observed_verts=0
a,3194,STATE_EVIDENCE_WINDOW,172,,STATE_EVIDENCE_WINDOW inst=172 after=49200000000 latest_measured_support=0 through=87233333333 projected=0 support=0 contradiction=0 reliable=719 reliable_in_view=0 reliable_seen_through=0 absence_llr=0 absent_samples=0 total_samples=1554 absence_coverage_sufficient=0
a,3195,STATE_SLICE,172,87233333333,STATE_SLICE inst=172 stamp=87233333333 inherited_sup=0 inherited_con=0 inherited_samples=1554 inherited_supported=0 inherited_free=0 inherited_repl_other=0 inherited_repl_bg=0 inherited_occ=235 inherited_unobs=88 session_sup=0 session_con=0 session_samples=0 cur_verts=4662 candidate_verts=0
a,3196,EVIDENCE,172,,EVIDENCE inst=172 inherited_support=0 inherited_contradiction=0 session_support=0 session_contradiction=0 inherited_absent_flag=0 cur_verts=4662 observed_verts=0
a,3197,STATE_EVIDENCE_WINDOW,173,,STATE_EVIDENCE_WINDOW inst=173 after=70333333333 latest_measured_support=75533333333 through=87233333333 projected=1 support=340 contradiction=16 reliable=324 reliable_in_view=0 reliable_seen_through=0 absence_llr=0 absent_samples=2 total_samples=57 absence_coverage_sufficient=0
a,3198,STATE_SLICE,173,87233333333,STATE_SLICE inst=173 stamp=87233333333 inherited_sup=340 inherited_con=16 inherited_samples=57 inherited_supported=341 inherited_free=0 inherited_repl_other=1 inherited_repl_bg=15 inherited_occ=74 inherited_unobs=0 session_sup=0 session_con=0 session_samples=0 cur_verts=1152 candidate_verts=0
a,3199,EVIDENCE,173,,EVIDENCE inst=173 inherited_support=340 inherited_contradiction=16 session_support=0 session_contradiction=0 inherited_absent_flag=0 cur_verts=1152 observed_verts=0
a,3200,MOBILITY_PRIOR,173,,MOBILITY_PRIOR inst=173 session=0 class=40 changes=0 continuations=0 alpha=0.5 beta=1.5 q=0.25
a,3201,TOP_ABSORB_POSTERIOR,173,,TOP_ABSORB_POSTERIOR inst=173 measurement=confirmed_current change_prior=0.25 geometry_factor_or_bound=1 geometry_evaluated=0 candidate_vertices=0 effective_cells=0 off_share=unmeasured legacy_same_site=1 absorb=1
a,3202,MOBILITY_PRIOR,173,,MOBILITY_PRIOR inst=173 session=0 class=40 changes=0 continuations=0 alpha=0.5 beta=1.5 q=0.25
a,3203,TOP_ABSORB,173,,TOP_ABSORB inst=173 geom=0 support=340 high_mobility=0 absorb=1
a,3204,STATE_EVIDENCE_WINDOW,174,,STATE_EVIDENCE_WINDOW inst=174 after=75966666667 latest_measured_support=0 through=87233333333 projected=0 support=0 contradiction=0 reliable=313 reliable_in_view=0 reliable_seen_through=0 absence_llr=0 absent_samples=0 total_samples=666 absence_coverage_sufficient=0
a,3205,STATE_SLICE,174,87233333333,STATE_SLICE inst=174 stamp=87233333333 inherited_sup=0 inherited_con=0 inherited_samples=666 inherited_supported=0 inherited_free=0 inherited_repl_other=0 inherited_repl_bg=0 inherited_occ=0 inherited_unobs=666 session_sup=0 session_con=0 session_samples=0 cur_verts=1998 candidate_verts=0
a,3206,EVIDENCE,174,,EVIDENCE inst=174 inherited_support=0 inherited_contradiction=0 session_support=0 session_contradiction=0 inherited_absent_flag=0 cur_verts=1998 observed_verts=0
a,3207,STATE_EVIDENCE_WINDOW,175,,STATE_EVIDENCE_WINDOW inst=175 after=72933333333 latest_measured_support=75966666667 through=87233333333 projected=1 support=199 contradiction=10 reliable=206 reliable_in_view=0 reliable_seen_through=0 absence_llr=0 absent_samples=2 total_samples=34 absence_coverage_sufficient=0
a,3208,STATE_SLICE,175,87233333333,STATE_SLICE inst=175 stamp=87233333333 inherited_sup=199 inherited_con=10 inherited_samples=34 inherited_supported=199 inherited_free=0 inherited_repl_other=4 inherited_repl_bg=6 inherited_occ=0 inherited_unobs=0 session_sup=0 session_con=0 session_samples=0 cur_verts=1275 candidate_verts=0
a,3209,EVIDENCE,175,,EVIDENCE inst=175 inherited_support=199 inherited_contradiction=10 session_support=0 session_contradiction=0 inherited_absent_flag=0 cur_verts=1275 observed_verts=0
a,3210,MOBILITY_PRIOR,175,,MOBILITY_PRIOR inst=175 session=0 class=40 changes=0 continuations=0 alpha=0.5 beta=1.5 q=0.25
a,3211,TOP_ABSORB_POSTERIOR,175,,TOP_ABSORB_POSTERIOR inst=175 measurement=confirmed_current change_prior=0.25 geometry_factor_or_bound=1 geometry_evaluated=0 candidate_vertices=0 effective_cells=0 off_share=unmeasured legacy_same_site=1 absorb=1
a,3212,MOBILITY_PRIOR,175,,MOBILITY_PRIOR inst=175 session=0 class=40 changes=0 continuations=0 alpha=0.5 beta=1.5 q=0.25
a,3213,TOP_ABSORB,175,,TOP_ABSORB inst=175 geom=0 support=199 high_mobility=0 absorb=1
a,3214,STATE_EVIDENCE_WINDOW,180,,STATE_EVIDENCE_WINDOW inst=180 after=76400000000 latest_measured_support=80733333333 through=87233333333 projected=1 support=18 contradiction=2 reliable=64 reliable_in_view=24 reliable_seen_through=0 absence_llr=0 absent_samples=2 total_samples=15 absence_coverage_sufficient=0
a,3215,STATE_SLICE,180,87233333333,STATE_SLICE inst=180 stamp=87233333333 inherited_sup=18 inherited_con=2 inherited_samples=15 inherited_supported=19 inherited_free=0 inherited_repl_other=2 inherited_repl_bg=0 inherited_occ=3 inherited_unobs=0 session_sup=0 session_con=0 session_samples=0 cur_verts=264 candidate_verts=0
a,3216,EVIDENCE,180,,EVIDENCE inst=180 inherited_support=18 inherited_contradiction=2 session_support=0 session_contradiction=0 inherited_absent_flag=0 cur_verts=264 observed_verts=0
a,3217,MOBILITY_PRIOR,180,,MOBILITY_PRIOR inst=180 session=0 class=42 changes=0 continuations=0 alpha=0.5 beta=1.5 q=0.25
a,3218,TOP_ABSORB_POSTERIOR,180,,TOP_ABSORB_POSTERIOR inst=180 measurement=confirmed_current change_prior=0.25 geometry_factor_or_bound=1 geometry_evaluated=0 candidate_vertices=0 effective_cells=0 off_share=unmeasured legacy_same_site=1 absorb=1
a,3219,MOBILITY_PRIOR,180,,MOBILITY_PRIOR inst=180 session=0 class=42 changes=0 continuations=0 alpha=0.5 beta=1.5 q=0.25
a,3220,TOP_ABSORB,180,,TOP_ABSORB inst=180 geom=0 support=18 high_mobility=0 absorb=1
a,3221,STATE_EVIDENCE_WINDOW,205,,STATE_EVIDENCE_WINDOW inst=205 after=76400000000 latest_measured_support=0 through=87233333333 projected=0 support=0 contradiction=0 reliable=79 reliable_in_view=0 reliable_seen_through=0 absence_llr=0 absent_samples=0 total_samples=184 absence_coverage_sufficient=0
a,3222,STATE_SLICE,205,87233333333,STATE_SLICE inst=205 stamp=87233333333 inherited_sup=0 inherited_con=0 inherited_samples=184 inherited_supported=0 inherited_free=0 inherited_repl_other=0 inherited_repl_bg=0 inherited_occ=0 inherited_unobs=184 session_sup=0 session_con=0 session_samples=0 cur_verts=552 candidate_verts=0
a,3223,EVIDENCE,205,,EVIDENCE inst=205 inherited_support=0 inherited_contradiction=0 session_support=0 session_contradiction=0 inherited_absent_flag=0 cur_verts=552 observed_verts=0
a,3224,BACKGROUND_STATE_CLOSURE,48,87233333333,BACKGROUND_STATE_CLOSURE inst=48 stamp=87233333333 last_support=67366666667 matched_vertices=650 absent_vertices=192
a,3225,BACKGROUND_STATE_CLOSURE,69,87233333333,BACKGROUND_STATE_CLOSURE inst=69 stamp=87233333333 last_support=16566666667 matched_vertices=95 absent_vertices=24
a,3226,BACKGROUND_STATE_CLOSURE,70,87233333333,BACKGROUND_STATE_CLOSURE inst=70 stamp=87233333333 last_support=36533333333 matched_vertices=104 absent_vertices=26
a,3227,BACKGROUND_STATE_CLOSURE,71,87233333333,BACKGROUND_STATE_CLOSURE inst=71 stamp=87233333333 last_support=16433333333 matched_vertices=89 absent_vertices=9
a,3228,INGEST,5,,INGEST inst=5 first=76s seg_verts=4905 cur_verts=4848 observed_verts=0
a,3229,MOBILITY_PRIOR,5,,MOBILITY_PRIOR inst=5 session=0 class=2 changes=0 continuations=0 alpha=0.5 beta=1.5 q=0.25
a,3230,OVERLAP_POSTERIOR,5,,OVERLAP_POSTERIOR inst=5 shared_probability_lower_bound=0.673793 change_prior=0.25 same_state=1
a,3231,EMPTY_INTERVAL_POSTERIOR,5,,EMPTY_INTERVAL_POSTERIOR inst=5 since=76966666667 support=40 judged=220 seen_through=0 measured=1 calibrated_source=1 log_ratio=-0.705864 change_prior=0.25 log_odds=-1.80448 empty=0
a,3232,INGEST_DECIDE,5,,INGEST_DECIDE inst=5 same_session_overlap=1 contradicted=0
a,3233,INGEST,48,,INGEST inst=48 first=79s seg_verts=5676 cur_verts=0 observed_verts=0
a,3234,INGEST,52,,INGEST inst=52 first=76s seg_verts=12627 cur_verts=37548 observed_verts=0
a,3235,MOBILITY_PRIOR,52,,MOBILITY_PRIOR inst=52 session=0 class=6 changes=0 continuations=0 alpha=2.8 beta=0.2 q=0.933333
a,3236,OVERLAP_POSTERIOR,52,,OVERLAP_POSTERIOR inst=52 shared_probability_lower_bound=0.939205 change_prior=0.933333 same_state=1
a,3237,EMPTY_INTERVAL_POSTERIOR,52,,EMPTY_INTERVAL_POSTERIOR inst=52 since=76066666667 support=1248 judged=1430 seen_through=7 measured=1 calibrated_source=1 log_ratio=-6.45545 change_prior=0.933333 log_odds=-3.81639 empty=0
a,3238,INGEST_DECIDE,52,,INGEST_DECIDE inst=52 same_session_overlap=1 contradicted=0
a,3239,INGEST,56,,INGEST inst=56 first=74s seg_verts=11652 cur_verts=51594 observed_verts=0
a,3240,MOBILITY_PRIOR,56,,MOBILITY_PRIOR inst=56 session=0 class=6 changes=0 continuations=0 alpha=2.8 beta=0.2 q=0.933333
a,3241,OVERLAP_POSTERIOR,56,,OVERLAP_POSTERIOR inst=56 shared_probability_lower_bound=0.975032 change_prior=0.933333 same_state=1
a,3242,EMPTY_INTERVAL_POSTERIOR,56,,EMPTY_INTERVAL_POSTERIOR inst=56 since=74066666667 support=4773 judged=1152 seen_through=3 measured=1 calibrated_source=1 log_ratio=-5.344 change_prior=0.933333 log_odds=-2.70494 empty=0
a,3243,INGEST_DECIDE,56,,INGEST_DECIDE inst=56 same_session_overlap=1 contradicted=0
a,3244,INGEST,68,,INGEST inst=68 first=69s seg_verts=3831 cur_verts=1791 observed_verts=0
a,3245,MOBILITY_PRIOR,68,,MOBILITY_PRIOR inst=68 session=0 class=9 changes=0 continuations=0 alpha=4.66667 beta=0.333333 q=0.933333
a,3246,OVERLAP_POSTERIOR,68,,OVERLAP_POSTERIOR inst=68 shared_probability_lower_bound=0.952608 change_prior=0.933333 same_state=1
a,3247,EMPTY_INTERVAL_POSTERIOR,68,,EMPTY_INTERVAL_POSTERIOR inst=68 since=69966666667 support=715 judged=576 seen_through=2 measured=1 calibrated_source=1 log_ratio=-5.18016 change_prior=0.933333 log_odds=-2.54111 empty=0
a,3248,INGEST_DECIDE,68,,INGEST_DECIDE inst=68 same_session_overlap=1 contradicted=0
a,3249,INGEST,70,,INGEST inst=70 first=74s seg_verts=1206 cur_verts=1797 observed_verts=0
a,3250,MOBILITY_PRIOR,70,,MOBILITY_PRIOR inst=70 session=0 class=9 changes=1 continuations=0 alpha=3.66667 beta=0.333333 q=0.933333
a,3251,OVERLAP_POSTERIOR,70,,OVERLAP_POSTERIOR inst=70 shared_probability_lower_bound=0.993272 change_prior=0.933333 same_state=1
a,3252,EMPTY_INTERVAL_POSTERIOR,70,,EMPTY_INTERVAL_POSTERIOR inst=70 since=74666666667 support=19 judged=6 seen_through=0 measured=1 calibrated_source=1 log_ratio=-1.90275 change_prior=0.933333 log_odds=0.736306 empty=0
a,3253,INGEST_DECIDE,70,,INGEST_DECIDE inst=70 same_session_overlap=1 contradicted=0
a,3254,INGEST,77,,INGEST inst=77 first=76s seg_verts=1440 cur_verts=0 observed_verts=0
a,3255,INGEST,89,,INGEST inst=89 first=76s seg_verts=6423 cur_verts=17691 observed_verts=0
a,3256,MOBILITY_PRIOR,89,,MOBILITY_PRIOR inst=89 session=0 class=15 changes=0 continuations=0 alpha=1.83333 beta=0.166667 q=0.916667
a,3257,OVERLAP_POSTERIOR,89,,OVERLAP_POSTERIOR inst=89 shared_probability_lower_bound=0.988599 change_prior=0.916667 same_state=1
a,3258,EMPTY_INTERVAL_POSTERIOR,89,,EMPTY_INTERVAL_POSTERIOR inst=89 since=76966666667 support=3538 judged=880 seen_through=1 measured=1 calibrated_source=1 log_ratio=-3.99385 change_prior=0.916667 log_odds=-1.59595 empty=0
a,3259,INGEST_DECIDE,89,,INGEST_DECIDE inst=89 same_session_overlap=1 contradicted=0
a,3260,INGEST,109,,INGEST inst=109 first=68s seg_verts=10068 cur_verts=7305 observed_verts=0
a,3261,MOBILITY_PRIOR,109,,MOBILITY_PRIOR inst=109 session=0 class=19 changes=0 continuations=0 alpha=0.5 beta=1.5 q=0.25
a,3262,OVERLAP_POSTERIOR,109,,OVERLAP_POSTERIOR inst=109 shared_probability_lower_bound=0.81396 change_prior=0.25 same_state=1
a,3263,EMPTY_INTERVAL_POSTERIOR,109,,EMPTY_INTERVAL_POSTERIOR inst=109 since=68666666667 support=839 judged=962 seen_through=241 measured=1 calibrated_source=1 log_ratio=18.2242 change_prior=0.25 log_odds=17.1256 empty=0
a,3264,INGEST_DECIDE,109,,INGEST_DECIDE inst=109 same_session_overlap=1 contradicted=0
a,3265,INGEST,147,,INGEST inst=147 first=66s seg_verts=699 cur_verts=597 observed_verts=0
a,3266,MOBILITY_PRIOR,147,,MOBILITY_PRIOR inst=147 session=0 class=28 changes=0 continuations=0 alpha=0.5 beta=1.5 q=0.25
a,3267,OVERLAP_POSTERIOR,147,,OVERLAP_POSTERIOR inst=147 shared_probability_lower_bound=0.593581 change_prior=0.25 same_state=1
a,3268,EMPTY_INTERVAL_POSTERIOR,147,,EMPTY_INTERVAL_POSTERIOR inst=147 since=66566666667 support=228 judged=137 seen_through=1 measured=1 calibrated_source=1 log_ratio=-3.30921 change_prior=0.25 log_odds=-4.40782 empty=0
a,3269,INGEST_DECIDE,147,,INGEST_DECIDE inst=147 same_session_overlap=1 contradicted=0
a,3270,INGEST,148,,INGEST inst=148 first=66s seg_verts=639 cur_verts=501 observed_verts=0
a,3271,MOBILITY_PRIOR,148,,MOBILITY_PRIOR inst=148 session=0 class=28 changes=0 continuations=0 alpha=0.5 beta=1.5 q=0.25
a,3272,OVERLAP_POSTERIOR,148,,OVERLAP_POSTERIOR inst=148 shared_probability_lower_bound=0.480728 change_prior=0.25 same_state=1
a,3273,EMPTY_INTERVAL_POSTERIOR,148,,EMPTY_INTERVAL_POSTERIOR inst=148 since=66566666667 support=229 judged=134 seen_through=1 measured=1 calibrated_source=1 log_ratio=-3.28735 change_prior=0.25 log_odds=-4.38596 empty=0
a,3274,INGEST_DECIDE,148,,INGEST_DECIDE inst=148 same_session_overlap=1 contradicted=0
a,3275,INGEST,153,,INGEST inst=153 first=74s seg_verts=129 cur_verts=1731 observed_verts=0
a,3276,MOBILITY_PRIOR,153,,MOBILITY_PRIOR inst=153 session=0 class=30 changes=0 continuations=0 alpha=0.5 beta=1.5 q=0.25
a,3277,OVERLAP_POSTERIOR,153,,OVERLAP_POSTERIOR inst=153 shared_probability_lower_bound=0.683444 change_prior=0.25 same_state=1
a,3278,EMPTY_INTERVAL_POSTERIOR,153,,EMPTY_INTERVAL_POSTERIOR inst=153 since=74766666667 support=162 judged=210 seen_through=0 measured=1 calibrated_source=1 log_ratio=-1.71051 change_prior=0.25 log_odds=-2.80912 empty=0
a,3279,INGEST_DECIDE,153,,INGEST_DECIDE inst=153 same_session_overlap=1 contradicted=0
a,3280,INGEST,155,,INGEST inst=155 first=66s seg_verts=12330 cur_verts=9360 observed_verts=0
a,3281,MOBILITY_PRIOR,155,,MOBILITY_PRIOR inst=155 session=0 class=32 changes=0 continuations=0 alpha=0.5 beta=1.5 q=0.25
a,3282,OVERLAP_POSTERIOR,155,,OVERLAP_POSTERIOR inst=155 shared_probability_lower_bound=0.642912 change_prior=0.25 same_state=1
a,3283,EMPTY_INTERVAL_POSTERIOR,155,,EMPTY_INTERVAL_POSTERIOR inst=155 since=66566666667 support=269 judged=1270 seen_through=8 measured=1 calibrated_source=1 log_ratio=-3.98674 change_prior=0.25 log_odds=-5.08536 empty=0
a,3284,INGEST_DECIDE,155,,INGEST_DECIDE inst=155 same_session_overlap=1 contradicted=0
a,3285,INGEST,155,,INGEST inst=155 first=74s seg_verts=8967 cur_verts=21690 observed_verts=0
a,3286,MOBILITY_PRIOR,155,,MOBILITY_PRIOR inst=155 session=0 class=32 changes=0 continuations=0 alpha=0.5 beta=1.5 q=0.25
a,3287,OVERLAP_POSTERIOR,155,,OVERLAP_POSTERIOR inst=155 shared_probability_lower_bound=0.544786 change_prior=0.25 same_state=1
a,3288,EMPTY_INTERVAL_POSTERIOR,155,,EMPTY_INTERVAL_POSTERIOR inst=155 since=74766666667 support=269 judged=1270 seen_through=8 measured=1 calibrated_source=1 log_ratio=-3.98674 change_prior=0.25 log_odds=-5.08536 empty=0
a,3289,INGEST_DECIDE,155,,INGEST_DECIDE inst=155 same_session_overlap=1 contradicted=0
a,3290,INGEST,156,,INGEST inst=156 first=66s seg_verts=6303 cur_verts=4977 observed_verts=0
a,3291,MOBILITY_PRIOR,156,,MOBILITY_PRIOR inst=156 session=0 class=32 changes=0 continuations=0 alpha=0.5 beta=1.5 q=0.25
a,3292,OVERLAP_POSTERIOR,156,,OVERLAP_POSTERIOR inst=156 shared_probability_lower_bound=0.567518 change_prior=0.25 same_state=1
a,3293,EMPTY_INTERVAL_POSTERIOR,156,,EMPTY_INTERVAL_POSTERIOR inst=156 since=66966666667 support=1875 judged=1357 seen_through=2 measured=1 calibrated_source=1 log_ratio=-4.60012 change_prior=0.25 log_odds=-5.69873 empty=0
a,3294,INGEST_DECIDE,156,,INGEST_DECIDE inst=156 same_session_overlap=1 contradicted=0
a,3295,INGEST,161,,INGEST inst=161 first=67s seg_verts=744 cur_verts=699 observed_verts=0
a,3296,MOBILITY_PRIOR,161,,MOBILITY_PRIOR inst=161 session=0 class=35 changes=0 continuations=0 alpha=1.83333 beta=0.166667 q=0.916667
a,3297,OVERLAP_POSTERIOR,161,,OVERLAP_POSTERIOR inst=161 shared_probability_lower_bound=0.919103 change_prior=0.916667 same_state=1
a,3298,EMPTY_INTERVAL_POSTERIOR,161,,EMPTY_INTERVAL_POSTERIOR inst=161 since=67966666667 support=271 judged=186 seen_through=0 measured=1 calibrated_source=1 log_ratio=-4.55002 change_prior=0.916667 log_odds=-2.15212 empty=0
a,3299,INGEST_DECIDE,161,,INGEST_DECIDE inst=161 same_session_overlap=1 contradicted=0
a,3300,INGEST,162,,INGEST inst=162 first=66s seg_verts=591 cur_verts=468 observed_verts=0
a,3301,MOBILITY_PRIOR,162,,MOBILITY_PRIOR inst=162 session=0 class=35 changes=0 continuations=0 alpha=1.83333 beta=0.166667 q=0.916667
a,3302,OVERLAP_POSTERIOR,162,,OVERLAP_POSTERIOR inst=162 shared_probability_lower_bound=0.951816 change_prior=0.916667 same_state=1
a,3303,EMPTY_INTERVAL_POSTERIOR,162,,EMPTY_INTERVAL_POSTERIOR inst=162 since=66966666667 support=241 judged=142 seen_through=0 measured=1 calibrated_source=1 log_ratio=-4.38126 change_prior=0.916667 log_odds=-1.98337 empty=0
a,3304,INGEST_DECIDE,162,,INGEST_DECIDE inst=162 same_session_overlap=1 contradicted=0
a,3305,INGEST,167,,INGEST inst=167 first=66s seg_verts=1224 cur_verts=1029 observed_verts=0
a,3306,MOBILITY_PRIOR,167,,MOBILITY_PRIOR inst=167 session=0 class=36 changes=0 continuations=0 alpha=0.5 beta=1.5 q=0.25
a,3307,OVERLAP_POSTERIOR,167,,OVERLAP_POSTERIOR inst=167 shared_probability_lower_bound=0.411098 change_prior=0.25 same_state=1
a,3308,EMPTY_INTERVAL_POSTERIOR,167,,EMPTY_INTERVAL_POSTERIOR inst=167 since=66766666667 support=375 judged=241 seen_through=5 measured=1 calibrated_source=1 log_ratio=-2.20868 change_prior=0.25 log_odds=-3.30729 empty=0
a,3309,INGEST_DECIDE,167,,INGEST_DECIDE inst=167 same_session_overlap=1 contradicted=0
a,3310,INGEST,171,,INGEST inst=171 first=73s seg_verts=2877 cur_verts=5562 observed_verts=0
a,3311,MOBILITY_PRIOR,171,,MOBILITY_PRIOR inst=171 session=0 class=39 changes=0 continuations=0 alpha=1.83333 beta=0.166667 q=0.916667
a,3312,OVERLAP_POSTERIOR,171,,OVERLAP_POSTERIOR inst=171 shared_probability_lower_bound=0.928644 change_prior=0.916667 same_state=1
a,3313,EMPTY_INTERVAL_POSTERIOR,171,,EMPTY_INTERVAL_POSTERIOR inst=171 since=73166666667 support=1032 judged=799 seen_through=2 measured=1 calibrated_source=1 log_ratio=-4.19553 change_prior=0.916667 log_odds=-1.79763 empty=0
a,3314,INGEST_DECIDE,171,,INGEST_DECIDE inst=171 same_session_overlap=1 contradicted=0
a,3315,INGEST,173,,INGEST inst=173 first=68s seg_verts=1437 cur_verts=1152 observed_verts=0
a,3316,MOBILITY_PRIOR,173,,MOBILITY_PRIOR inst=173 session=0 class=40 changes=0 continuations=0 alpha=0.5 beta=1.5 q=0.25
a,3317,OVERLAP_POSTERIOR,173,,OVERLAP_POSTERIOR inst=173 shared_probability_lower_bound=0.368873 change_prior=0.25 same_state=1
a,3318,EMPTY_INTERVAL_POSTERIOR,173,,EMPTY_INTERVAL_POSTERIOR inst=173 since=68766666667 support=406 judged=340 seen_through=7 measured=1 calibrated_source=1 log_ratio=-2.22817 change_prior=0.25 log_odds=-3.32678 empty=0
a,3319,INGEST_DECIDE,173,,INGEST_DECIDE inst=173 same_session_overlap=1 contradicted=0
a,3320,INGEST,174,,INGEST inst=174 first=72s seg_verts=999 cur_verts=1998 observed_verts=0
a,3321,MOBILITY_PRIOR,174,,MOBILITY_PRIOR inst=174 session=0 class=40 changes=0 continuations=0 alpha=0.5 beta=1.5 q=0.25
a,3322,OVERLAP_POSTERIOR,174,,OVERLAP_POSTERIOR inst=174 shared_probability_lower_bound=0.847003 change_prior=0.25 same_state=1
a,3323,EMPTY_INTERVAL_POSTERIOR,174,,EMPTY_INTERVAL_POSTERIOR inst=174 since=72966666667 support=444 judged=316 seen_through=0 measured=1 calibrated_source=1 log_ratio=-4.75382 change_prior=0.25 log_odds=-5.85244 empty=0
a,3324,INGEST_DECIDE,174,,INGEST_DECIDE inst=174 same_session_overlap=1 contradicted=0
a,3325,INGEST,175,,INGEST inst=175 first=72s seg_verts=831 cur_verts=1275 observed_verts=0
a,3326,MOBILITY_PRIOR,175,,MOBILITY_PRIOR inst=175 session=0 class=40 changes=0 continuations=0 alpha=0.5 beta=1.5 q=0.25
a,3327,OVERLAP_POSTERIOR,175,,OVERLAP_POSTERIOR inst=175 shared_probability_lower_bound=0.622196 change_prior=0.25 same_state=1
a,3328,EMPTY_INTERVAL_POSTERIOR,175,,EMPTY_INTERVAL_POSTERIOR inst=175 since=72566666667 support=220 judged=210 seen_through=0 measured=1 calibrated_source=1 log_ratio=-4.54046 change_prior=0.25 log_odds=-5.63907 empty=0
a,3329,INGEST_DECIDE,175,,INGEST_DECIDE inst=175 same_session_overlap=1 contradicted=0
a,3330,INGEST,205,,INGEST inst=205 first=74s seg_verts=252 cur_verts=552 observed_verts=0
a,3331,MOBILITY_PRIOR,205,,MOBILITY_PRIOR inst=205 session=0 class=46 changes=0 continuations=0 alpha=0.5 beta=1.5 q=0.25
a,3332,OVERLAP_POSTERIOR,205,,OVERLAP_POSTERIOR inst=205 shared_probability_lower_bound=0.369153 change_prior=0.25 same_state=1
a,3333,EMPTY_INTERVAL_POSTERIOR,205,,EMPTY_INTERVAL_POSTERIOR inst=205 since=74466666667 support=55 judged=69 seen_through=3 measured=1 calibrated_source=1 log_ratio=-0.623226 change_prior=0.25 log_odds=-1.72184 empty=0
a,3334,INGEST_DECIDE,205,,INGEST_DECIDE inst=205 same_session_overlap=1 contradicted=0
a,3335,OBJECT_EXTRACTION_INPUT,68,,OBJECT_EXTRACTION_INPUT inst=68 first=65433333333 last=84900000000 observations=478 dynamic=0 motion_history=0 last_motion=0 displacement=0 static_fallback=0
a,3336,OBJECT_EXTRACTION_INPUT,164,,OBJECT_EXTRACTION_INPUT inst=164 first=73333333333 last=84933333333 observations=282 dynamic=0 motion_history=0 last_motion=0 displacement=0 static_fallback=0
a,3337,STATIC_SURFACE_FRAMES,164,,STATIC_SURFACE_FRAMES inst=164 candidates=49 selected=49 first=78866666667 last=84866666667
a,3338,STATIC_SURFACE_FRAMES,68,,STATIC_SURFACE_FRAMES inst=68 candidates=61 selected=61 first=78266666667 last=84866666667
a,3347,OBJECT_EXTRACTION_INPUT,126,,OBJECT_EXTRACTION_INPUT inst=126 first=74733333333 last=85500000000 observations=260 dynamic=0 motion_history=0 last_motion=0 displacement=0 static_fallback=0
a,3348,OBJECT_EXTRACTION_INPUT,15,,OBJECT_EXTRACTION_INPUT inst=15 first=75000000000 last=85400000000 observations=124 dynamic=0 motion_history=0 last_motion=0 displacement=0 static_fallback=0
a,3349,STATIC_SURFACE_FRAMES,15,,STATIC_SURFACE_FRAMES inst=15 candidates=16 selected=16 first=79266666667 last=85366666667
a,3350,STATIC_SURFACE_FRAMES,126,,STATIC_SURFACE_FRAMES inst=126 candidates=58 selected=58 first=79166666667 last=85466666667
a,3351,OBJECT_EXTRACTION_INPUT,163,,OBJECT_EXTRACTION_INPUT inst=163 first=74333333333 last=85633333333 observations=288 dynamic=0 motion_history=0 last_motion=0 displacement=0 static_fallback=0
a,3352,OBJECT_EXTRACTION_INPUT,125,,OBJECT_EXTRACTION_INPUT inst=125 first=74633333333 last=85533333333 observations=245 dynamic=0 motion_history=0 last_motion=0 displacement=0 static_fallback=0
a,3353,STATIC_SURFACE_FRAMES,125,,STATIC_SURFACE_FRAMES inst=125 candidates=54 selected=54 first=79466666667 last=85466666667
a,3354,OBJECT_EXTRACTION_INPUT,124,,OBJECT_EXTRACTION_INPUT inst=124 first=74900000000 last=85533333333 observations=196 dynamic=0 motion_history=0 last_motion=0 displacement=0 static_fallback=0
a,3355,STATIC_SURFACE_FRAMES,163,,STATIC_SURFACE_FRAMES inst=163 candidates=58 selected=58 first=79066666667 last=85566666667
a,3356,STATIC_SURFACE_FRAMES,124,,STATIC_SURFACE_FRAMES inst=124 candidates=54 selected=54 first=79366666667 last=85466666667
a,3357,OBJECT_EXTRACTION_INPUT,16,,OBJECT_EXTRACTION_INPUT inst=16 first=74933333333 last=85533333333 observations=255 dynamic=0 motion_history=0 last_motion=0 displacement=0 static_fallback=0
a,3358,STATIC_SURFACE_FRAMES,16,,STATIC_SURFACE_FRAMES inst=16 candidates=56 selected=56 first=79166666667 last=85466666667
a,3359,OBJECT_EXTRACTION_INPUT,69,,OBJECT_EXTRACTION_INPUT inst=69 first=75966666667 last=85733333333 observations=291 dynamic=0 motion_history=0 last_motion=0 displacement=0 static_fallback=0
a,3360,STATIC_SURFACE_FRAMES,69,,STATIC_SURFACE_FRAMES inst=69 candidates=66 selected=66 first=79066666667 last=85666666667
a,3361,OBJECT_EXTRACTION_INPUT,70,,OBJECT_EXTRACTION_INPUT inst=70 first=85400000000 last=85900000000 observations=16 dynamic=0 motion_history=0 last_motion=0 displacement=0 static_fallback=0
a,3362,STATIC_SURFACE_FRAMES,70,,STATIC_SURFACE_FRAMES inst=70 candidates=5 selected=5 first=85466666667 last=85866666667
a,3364,OBJECT_EXTRACTION_INPUT,71,,OBJECT_EXTRACTION_INPUT inst=71 first=74666666667 last=86233333333 observations=184 dynamic=0 motion_history=0 last_motion=0 displacement=0 static_fallback=0
a,3365,OBJECT_EXTRACTION_INPUT,72,,OBJECT_EXTRACTION_INPUT inst=72 first=74733333333 last=86366666667 observations=273 dynamic=0 motion_history=0 last_motion=0 displacement=0 static_fallback=0
a,3366,STATIC_SURFACE_FRAMES,71,,STATIC_SURFACE_FRAMES inst=71 candidates=35 selected=35 first=79966666667 last=86166666667
a,3367,STATIC_SURFACE_FRAMES,72,,STATIC_SURFACE_FRAMES inst=72 candidates=64 selected=64 first=79566666667 last=86366666667
a,3368,OBJECT_EXTRACTION_INPUT,46,,OBJECT_EXTRACTION_INPUT inst=46 first=85133333333 last=86300000000 observations=36 dynamic=0 motion_history=0 last_motion=0 displacement=0 static_fallback=0
a,3369,STATIC_SURFACE_FRAMES,46,,STATIC_SURFACE_FRAMES inst=46 candidates=12 selected=12 first=85166666667 last=86266666667
a,3370,OBJECT_EXTRACTION_INPUT,1,,OBJECT_EXTRACTION_INPUT inst=1 first=85333333333 last=86166666667 observations=26 dynamic=0 motion_history=0 last_motion=0 displacement=0 static_fallback=0
a,3371,STATIC_SURFACE_FRAMES,1,,STATIC_SURFACE_FRAMES inst=1 candidates=9 selected=9 first=85366666667 last=86166666667
a,3372,OBJECT_EXTRACTION_INPUT,3,,OBJECT_EXTRACTION_INPUT inst=3 first=85500000000 last=86066666667 observations=18 dynamic=0 motion_history=0 last_motion=0 displacement=0 static_fallback=0
a,3373,STATIC_SURFACE_FRAMES,3,,STATIC_SURFACE_FRAMES inst=3 candidates=6 selected=6 first=85566666667 last=86066666667
a,3374,OBJECT_EXTRACTION_INPUT,54,,OBJECT_EXTRACTION_INPUT inst=54 first=79033333333 last=89400000000 observations=309 dynamic=0 motion_history=0 last_motion=0 displacement=0 static_fallback=0
a,3375,STATIC_SURFACE_FRAMES,54,,STATIC_SURFACE_FRAMES inst=54 candidates=99 selected=99 first=79566666667 last=89400000000
a,3376,OBJECT_EXTRACTION_INPUT,57,,OBJECT_EXTRACTION_INPUT inst=57 first=74700000000 last=86733333333 observations=184 dynamic=0 motion_history=0 last_motion=0 displacement=0 static_fallback=0
a,3377,OBJECT_EXTRACTION_INPUT,170,,OBJECT_EXTRACTION_INPUT inst=170 first=75066666667 last=86533333333 observations=181 dynamic=0 motion_history=0 last_motion=0 displacement=0 static_fallback=0
a,3378,STATIC_SURFACE_FRAMES,170,,STATIC_SURFACE_FRAMES inst=170 candidates=50 selected=50 first=79966666667 last=86466666667
a,3379,OBJECT_EXTRACTION_INPUT,181,,OBJECT_EXTRACTION_INPUT inst=181 first=75100000000 last=86733333333 observations=277 dynamic=0 motion_history=0 last_motion=0 displacement=0 static_fallback=0
a,3380,STATIC_SURFACE_FRAMES,57,,STATIC_SURFACE_FRAMES inst=57 candidates=34 selected=34 first=80066666667 last=86666666667
a,3381,STATIC_SURFACE_FRAMES,181,,STATIC_SURFACE_FRAMES inst=181 candidates=65 selected=65 first=79966666667 last=86666666667
a,3382,OBJECT_EXTRACTION_INPUT,117,,OBJECT_EXTRACTION_INPUT inst=117 first=75133333333 last=86766666667 observations=273 dynamic=0 motion_history=0 last_motion=0 displacement=0 static_fallback=0
a,3383,STATIC_SURFACE_FRAMES,117,,STATIC_SURFACE_FRAMES inst=117 candidates=64 selected=64 first=79966666667 last=86766666667
a,3384,OBJECT_EXTRACTION_INPUT,79,,OBJECT_EXTRACTION_INPUT inst=79 first=85766666667 last=86566666667 observations=25 dynamic=0 motion_history=0 last_motion=0 displacement=0 static_fallback=0
a,3385,STATIC_SURFACE_FRAMES,79,,STATIC_SURFACE_FRAMES inst=79 candidates=9 selected=9 first=85766666667 last=86566666667
a,3386,OBJECT_EXTRACTION_INPUT,89,,OBJECT_EXTRACTION_INPUT inst=89 first=75000000000 last=87166666667 observations=316 dynamic=0 motion_history=0 last_motion=0 displacement=0 static_fallback=0
a,3387,OBJECT_EXTRACTION_INPUT,48,,OBJECT_EXTRACTION_INPUT inst=48 first=75866666667 last=86900000000 observations=323 dynamic=0 motion_history=0 last_motion=0 displacement=0 static_fallback=0
a,3388,STATIC_SURFACE_FRAMES,89,,STATIC_SURFACE_FRAMES inst=89 candidates=68 selected=68 first=80366666667 last=87166666667
a,3389,STATIC_SURFACE_FRAMES,48,,STATIC_SURFACE_FRAMES inst=48 candidates=63 selected=63 first=80366666667 last=86866666667
a,3390,OBJECT_EXTRACTION_INPUT,112,,OBJECT_EXTRACTION_INPUT inst=112 first=75133333333 last=87333333333 observations=299 dynamic=0 motion_history=0 last_motion=0 displacement=0 static_fallback=0
a,3391,STATIC_SURFACE_FRAMES,112,,STATIC_SURFACE_FRAMES inst=112 candidates=62 selected=62 first=80866666667 last=87266666667
a,3400,OBJECT_EXTRACTION_INPUT,5,,OBJECT_EXTRACTION_INPUT inst=5 first=75466666667 last=88833333333 observations=366 dynamic=0 motion_history=0 last_motion=0 displacement=0 static_fallback=0
a,3401,STATIC_SURFACE_FRAMES,5,,STATIC_SURFACE_FRAMES inst=5 candidates=67 selected=67 first=82166666667 last=88766666667
a,3402,OBJECT_EXTRACTION_INPUT,77,,OBJECT_EXTRACTION_INPUT inst=77 first=75566666667 last=89233333333 observations=373 dynamic=0 motion_history=0 last_motion=0 displacement=0 static_fallback=0
a,3403,OBJECT_EXTRACTION_INPUT,52,,OBJECT_EXTRACTION_INPUT inst=52 first=75766666667 last=89266666667 observations=400 dynamic=0 motion_history=0 last_motion=0 displacement=0 static_fallback=0
a,3404,STATIC_SURFACE_FRAMES,77,,STATIC_SURFACE_FRAMES inst=77 candidates=66 selected=66 first=82566666667 last=89166666667
a,3405,STATIC_SURFACE_FRAMES,52,,STATIC_SURFACE_FRAMES inst=52 candidates=68 selected=68 first=82566666667 last=89266666667
a,3407,OBJECT_EXTRACTION_INPUT,54,,OBJECT_EXTRACTION_INPUT inst=54 first=79033333333 last=90766666667 observations=350 dynamic=0 motion_history=0 last_motion=0 displacement=0 static_fallback=0
a,3408,OBJECT_EXTRACTION_INPUT,2,,OBJECT_EXTRACTION_INPUT inst=2 first=86166666667 last=91033333333 observations=147 dynamic=0 motion_history=0 last_motion=0 displacement=0 static_fallback=0
a,3409,STATIC_SURFACE_FRAMES,2,,STATIC_SURFACE_FRAMES inst=2 candidates=40 selected=40 first=86166666667 last=90066666667
a,3411,STATIC_SURFACE_FRAMES,54,,STATIC_SURFACE_FRAMES inst=54 candidates=72 selected=72 first=82866666667 last=90066666667
a,3419,OBJECT_EXTRACTION_INPUT,6,,OBJECT_EXTRACTION_INPUT inst=6 first=88533333333 last=91133333333 observations=79 dynamic=0 motion_history=0 last_motion=0 displacement=0 static_fallback=0
a,3420,STATIC_SURFACE_FRAMES,6,,STATIC_SURFACE_FRAMES inst=6 candidates=16 selected=16 first=88566666667 last=90066666667
a,3422,OBJECT_EXTRACTION_INPUT,53,,OBJECT_EXTRACTION_INPUT inst=53 first=90200000000 last=91833333333 observations=50 dynamic=0 motion_history=0 last_motion=0 displacement=0 static_fallback=0
a,3423,OBJECT_EXTRACTION_INPUT,116,,OBJECT_EXTRACTION_INPUT inst=116 first=87700000000 last=92166666667 observations=107 dynamic=0 motion_history=0 last_motion=0 displacement=0 static_fallback=0
a,3424,STATIC_SURFACE_FRAMES,116,,STATIC_SURFACE_FRAMES inst=116 candidates=15 selected=15 first=87766666667 last=90066666667
a,3425,OBJECT_EXTRACTION_INPUT,115,,OBJECT_EXTRACTION_INPUT inst=115 first=88366666667 last=92800000000 observations=107 dynamic=0 motion_history=0 last_motion=0 displacement=0 static_fallback=0
a,3426,STATIC_SURFACE_FRAMES,115,,STATIC_SURFACE_FRAMES inst=115 candidates=9 selected=9 first=88366666667 last=90066666667
a,3435,STATE_EVIDENCE_WINDOW,2,,STATE_EVIDENCE_WINDOW inst=2 after=87233333333 latest_measured_support=87666666667 through=98066666667 projected=0 support=14 contradiction=0 reliable=51 reliable_in_view=51 reliable_seen_through=0 absence_llr=0 absent_samples=0 total_samples=63 absence_coverage_sufficient=0
a,3436,STATE_SLICE,2,98066666667,STATE_SLICE inst=2 stamp=98066666667 inherited_sup=14 inherited_con=0 inherited_samples=63 inherited_supported=91 inherited_free=0 inherited_repl_other=0 inherited_repl_bg=0 inherited_occ=58 inherited_unobs=0 session_sup=0 session_con=0 session_samples=0 cur_verts=189 candidate_verts=0
a,3437,EVIDENCE,2,,EVIDENCE inst=2 inherited_support=14 inherited_contradiction=0 session_support=0 session_contradiction=0 inherited_absent_flag=0 cur_verts=189 observed_verts=0
a,3438,MOBILITY_PRIOR,2,,MOBILITY_PRIOR inst=2 session=0 class=1 changes=0 continuations=0 alpha=0.5 beta=1.5 q=0.25
a,3439,TOP_ABSORB_POSTERIOR,2,,TOP_ABSORB_POSTERIOR inst=2 measurement=confirmed_current change_prior=0.25 geometry_factor_or_bound=1 geometry_evaluated=0 candidate_vertices=0 effective_cells=0 off_share=unmeasured legacy_same_site=1 absorb=1
a,3440,MOBILITY_PRIOR,2,,MOBILITY_PRIOR inst=2 session=0 class=1 changes=0 continuations=0 alpha=0.5 beta=1.5 q=0.25
a,3441,TOP_ABSORB,2,,TOP_ABSORB inst=2 geom=0 support=14 high_mobility=0 absorb=1
a,3442,STATE_EVIDENCE_WINDOW,3,,STATE_EVIDENCE_WINDOW inst=3 after=85933333333 latest_measured_support=0 through=98066666667 projected=0 support=0 contradiction=0 reliable=26 reliable_in_view=0 reliable_seen_through=0 absence_llr=0 absent_samples=0 total_samples=47 absence_coverage_sufficient=0
a,3443,STATE_SLICE,3,98066666667,STATE_SLICE inst=3 stamp=98066666667 inherited_sup=0 inherited_con=0 inherited_samples=47 inherited_supported=0 inherited_free=0 inherited_repl_other=0 inherited_repl_bg=0 inherited_occ=0 inherited_unobs=47 session_sup=0 session_con=0 session_samples=0 cur_verts=141 candidate_verts=0
a,3444,EVIDENCE,3,,EVIDENCE inst=3 inherited_support=0 inherited_contradiction=0 session_support=0 session_contradiction=0 inherited_absent_flag=0 cur_verts=141 observed_verts=0
a,3445,STATE_EVIDENCE_WINDOW,5,,STATE_EVIDENCE_WINDOW inst=5 after=86800000000 latest_measured_support=98066666667 through=98066666667 projected=1 support=2239 contradiction=0 reliable=1465 reliable_in_view=1461 reliable_seen_through=1 absence_llr=0 absent_samples=0 total_samples=350 absence_coverage_sufficient=0
a,3446,STATE_SLICE,5,98066666667,STATE_SLICE inst=5 stamp=98066666667 inherited_sup=2239 inherited_con=0 inherited_samples=350 inherited_supported=2239 inherited_free=0 inherited_repl_other=0 inherited_repl_bg=0 inherited_occ=439 inherited_unobs=0 session_sup=0 session_con=0 session_samples=0 cur_verts=9753 candidate_verts=0
a,3447,EVIDENCE,5,,EVIDENCE inst=5 inherited_support=2239 inherited_contradiction=0 session_support=0 session_contradiction=0 inherited_absent_flag=0 cur_verts=9753 observed_verts=0
a,3448,MOBILITY_PRIOR,5,,MOBILITY_PRIOR inst=5 session=0 class=2 changes=0 continuations=0 alpha=0.5 beta=1.5 q=0.25
a,3449,TOP_ABSORB_POSTERIOR,5,,TOP_ABSORB_POSTERIOR inst=5 measurement=confirmed_current change_prior=0.25 geometry_factor_or_bound=1 geometry_evaluated=0 candidate_vertices=0 effective_cells=0 off_share=unmeasured legacy_same_site=1 absorb=1
a,3450,MOBILITY_PRIOR,5,,MOBILITY_PRIOR inst=5 session=0 class=2 changes=0 continuations=0 alpha=0.5 beta=1.5 q=0.25
a,3451,TOP_ABSORB,5,,TOP_ABSORB inst=5 geom=0 support=2239 high_mobility=0 absorb=1
a,3452,STATE_EVIDENCE_WINDOW,7,,STATE_EVIDENCE_WINDOW inst=7 after=48033333333 latest_measured_support=0 through=98066666667 projected=0 support=0 contradiction=0 reliable=510 reliable_in_view=0 reliable_seen_through=0 absence_llr=0 absent_samples=0 total_samples=11707 absence_coverage_sufficient=0
a,3453,STATE_SLICE,7,98066666667,STATE_SLICE inst=7 stamp=98066666667 inherited_sup=0 inherited_con=0 inherited_samples=11707 inherited_supported=0 inherited_free=0 inherited_repl_other=0 inherited_repl_bg=0 inherited_occ=0 inherited_unobs=11707 session_sup=0 session_con=0 session_samples=0 cur_verts=35121 candidate_verts=0
a,3454,EVIDENCE,7,,EVIDENCE inst=7 inherited_support=0 inherited_contradiction=0 session_support=0 session_contradiction=0 inherited_absent_flag=0 cur_verts=35121 observed_verts=0
a,3455,STATE_EVIDENCE_WINDOW,21,,STATE_EVIDENCE_WINDOW inst=21 after=76400000000 latest_measured_support=0 through=98066666667 projected=0 support=0 contradiction=0 reliable=37 reliable_in_view=0 reliable_seen_through=0 absence_llr=0 absent_samples=0 total_samples=84 absence_coverage_sufficient=0
a,3456,STATE_SLICE,21,98066666667,STATE_SLICE inst=21 stamp=98066666667 inherited_sup=0 inherited_con=0 inherited_samples=84 inherited_supported=0 inherited_free=0 inherited_repl_other=0 inherited_repl_bg=0 inherited_occ=0 inherited_unobs=84 session_sup=0 session_con=0 session_samples=0 cur_verts=252 candidate_verts=0
a,3457,EVIDENCE,21,,EVIDENCE inst=21 inherited_support=0 inherited_contradiction=0 session_support=0 session_contradiction=0 inherited_absent_flag=0 cur_verts=252 observed_verts=0
a,3458,STATE_EVIDENCE_WINDOW,48,,STATE_EVIDENCE_WINDOW inst=48 after=86366666667 latest_measured_support=86800000000 through=98066666667 projected=1 support=13 contradiction=0 reliable=0 reliable_in_view=0 reliable_seen_through=0 absence_llr=0 absent_samples=0 total_samples=239 absence_coverage_sufficient=0
a,3459,STATE_SLICE,48,98066666667,STATE_SLICE inst=48 stamp=98066666667 inherited_sup=13 inherited_con=0 inherited_samples=239 inherited_supported=13 inherited_free=0 inherited_repl_other=0 inherited_repl_bg=0 inherited_occ=0 inherited_unobs=226 session_sup=0 session_con=0 session_samples=0 cur_verts=5676 candidate_verts=0
a,3460,EVIDENCE,48,,EVIDENCE inst=48 inherited_support=13 inherited_contradiction=0 session_support=0 session_contradiction=0 inherited_absent_flag=0 cur_verts=5676 observed_verts=0
a,3461,MOBILITY_PRIOR,48,,MOBILITY_PRIOR inst=48 session=0 class=6 changes=1 continuations=0 alpha=1.8 beta=0.2 q=0.933333
a,3462,TOP_ABSORB_POSTERIOR,48,,TOP_ABSORB_POSTERIOR inst=48 measurement=confirmed_current change_prior=0.933333 geometry_factor_or_bound=1 geometry_evaluated=0 candidate_vertices=0 effective_cells=0 off_share=unmeasured legacy_same_site=0 absorb=0
a,3463,MOBILITY_PRIOR,48,,MOBILITY_PRIOR inst=48 session=0 class=6 changes=1 continuations=0 alpha=1.8 beta=0.2 q=0.933333
a,3464,TOP_ABSORB,48,,TOP_ABSORB inst=48 geom=0 support=13 high_mobility=1 absorb=0
a,3465,STATE_EVIDENCE_WINDOW,49,,STATE_EVIDENCE_WINDOW inst=49 after=48266666667 latest_measured_support=0 through=98066666667 projected=0 support=0 contradiction=0 reliable=367 reliable_in_view=0 reliable_seen_through=0 absence_llr=0 absent_samples=0 total_samples=1043 absence_coverage_sufficient=0
a,3466,STATE_SLICE,49,98066666667,STATE_SLICE inst=49 stamp=98066666667 inherited_sup=0 inherited_con=0 inherited_samples=1043 inherited_supported=0 inherited_free=0 inherited_repl_other=0 inherited_repl_bg=0 inherited_occ=113 inherited_unobs=588 session_sup=0 session_con=0 session_samples=0 cur_verts=3129 candidate_verts=0
a,3467,EVIDENCE,49,,EVIDENCE inst=49 inherited_support=0 inherited_contradiction=0 session_support=0 session_contradiction=0 inherited_absent_flag=0 cur_verts=3129 observed_verts=0
a,3468,STATE_EVIDENCE_WINDOW,50,,STATE_EVIDENCE_WINDOW inst=50 after=46266666667 latest_measured_support=0 through=98066666667 projected=0 support=0 contradiction=0 reliable=411 reliable_in_view=0 reliable_seen_through=0 absence_llr=0 absent_samples=0 total_samples=1119 absence_coverage_sufficient=0
a,3469,STATE_SLICE,50,98066666667,STATE_SLICE inst=50 stamp=98066666667 inherited_sup=0 inherited_con=0 inherited_samples=1119 inherited_supported=0 inherited_free=0 inherited_repl_other=0 inherited_repl_bg=0 inherited_occ=0 inherited_unobs=1119 session_sup=0 session_con=0 session_samples=0 cur_verts=3357 candidate_verts=0
a,3470,EVIDENCE,50,,EVIDENCE inst=50 inherited_support=0 inherited_contradiction=0 session_support=0 session_contradiction=0 inherited_absent_flag=0 cur_verts=3357 observed_verts=0
a,3471,STATE_EVIDENCE_WINDOW,51,,STATE_EVIDENCE_WINDOW inst=51 after=53066666667 latest_measured_support=0 through=98066666667 projected=0 support=0 contradiction=0 reliable=294 reliable_in_view=0 reliable_seen_through=0 absence_llr=0 absent_samples=0 total_samples=12818 absence_coverage_sufficient=0
a,3472,STATE_SLICE,51,98066666667,STATE_SLICE inst=51 stamp=98066666667 inherited_sup=0 inherited_con=0 inherited_samples=12818 inherited_supported=0 inherited_free=0 inherited_repl_other=0 inherited_repl_bg=0 inherited_occ=0 inherited_unobs=12818 session_sup=0 session_con=0 session_samples=0 cur_verts=38454 candidate_verts=0
a,3473,EVIDENCE,51,,EVIDENCE inst=51 inherited_support=0 inherited_contradiction=0 session_support=0 session_contradiction=0 inherited_absent_flag=0 cur_verts=38454 observed_verts=0
a,3474,STATE_EVIDENCE_WINDOW,52,,STATE_EVIDENCE_WINDOW inst=52 after=85933333333 latest_measured_support=88966666667 through=98066666667 projected=1 support=1491 contradiction=93 reliable=561 reliable_in_view=145 reliable_seen_through=1 absence_llr=0 absent_samples=27 total_samples=653 absence_coverage_sufficient=0
a,3475,STATE_SLICE,52,98066666667,STATE_SLICE inst=52 stamp=98066666667 inherited_sup=1491 inherited_con=93 inherited_samples=653 inherited_supported=1493 inherited_free=43 inherited_repl_other=0 inherited_repl_bg=50 inherited_occ=276 inherited_unobs=7 session_sup=0 session_con=0 session_samples=0 cur_verts=50175 candidate_verts=0
a,3476,EVIDENCE,52,,EVIDENCE inst=52 inherited_support=1491 inherited_contradiction=93 session_support=0 session_contradiction=0 inherited_absent_flag=0 cur_verts=50175 observed_verts=0
a,3477,MOBILITY_PRIOR,52,,MOBILITY_PRIOR inst=52 session=0 class=6 changes=0 continuations=0 alpha=2.8 beta=0.2 q=0.933333
a,3478,TOP_ABSORB_POSTERIOR,52,,TOP_ABSORB_POSTERIOR inst=52 measurement=confirmed_current change_prior=0.933333 geometry_factor_or_bound=1 geometry_evaluated=0 candidate_vertices=0 effective_cells=0 off_share=unmeasured legacy_same_site=0 absorb=0
a,3479,MOBILITY_PRIOR,52,,MOBILITY_PRIOR inst=52 session=0 class=6 changes=0 continuations=0 alpha=2.8 beta=0.2 q=0.933333
a,3480,TOP_ABSORB,52,,TOP_ABSORB inst=52 geom=0 support=1491 high_mobility=1 absorb=0
a,3481,STATE_EVIDENCE_WINDOW,54,,STATE_EVIDENCE_WINDOW inst=54 after=87233333333 latest_measured_support=89400000000 through=98066666667 projected=0 support=5 contradiction=0 reliable=240 reliable_in_view=240 reliable_seen_through=0 absence_llr=0 absent_samples=0 total_samples=240 absence_coverage_sufficient=0
a,3482,STATE_SLICE,54,98066666667,STATE_SLICE inst=54 stamp=98066666667 inherited_sup=5 inherited_con=0 inherited_samples=240 inherited_supported=19 inherited_free=0 inherited_repl_other=0 inherited_repl_bg=0 inherited_occ=10 inherited_unobs=27 session_sup=0 session_con=0 session_samples=0 cur_verts=720 candidate_verts=0
a,3483,EVIDENCE,54,,EVIDENCE inst=54 inherited_support=5 inherited_contradiction=0 session_support=0 session_contradiction=0 inherited_absent_flag=0 cur_verts=720 observed_verts=0
a,3484,MOBILITY_PRIOR,54,,MOBILITY_PRIOR inst=54 session=0 class=6 changes=0 continuations=0 alpha=2.8 beta=0.2 q=0.933333
a,3485,TOP_ABSORB_POSTERIOR,54,,TOP_ABSORB_POSTERIOR inst=54 measurement=confirmed_current change_prior=0.933333 geometry_factor_or_bound=1 geometry_evaluated=0 candidate_vertices=0 effective_cells=0 off_share=unmeasured legacy_same_site=0 absorb=0
a,3486,MOBILITY_PRIOR,54,,MOBILITY_PRIOR inst=54 session=0 class=6 changes=0 continuations=0 alpha=2.8 beta=0.2 q=0.933333
a,3487,TOP_ABSORB,54,,TOP_ABSORB inst=54 geom=0 support=5 high_mobility=1 absorb=0
a,3488,STATE_EVIDENCE_WINDOW,55,,STATE_EVIDENCE_WINDOW inst=55 after=49133333333 latest_measured_support=0 through=98066666667 projected=0 support=0 contradiction=0 reliable=523 reliable_in_view=0 reliable_seen_through=0 absence_llr=0 absent_samples=0 total_samples=2965 absence_coverage_sufficient=0
a,3489,STATE_SLICE,55,98066666667,STATE_SLICE inst=55 stamp=98066666667 inherited_sup=0 inherited_con=0 inherited_samples=2965 inherited_supported=0 inherited_free=0 inherited_repl_other=0 inherited_repl_bg=0 inherited_occ=142 inherited_unobs=2258 session_sup=0 session_con=0 session_samples=0 cur_verts=8895 candidate_verts=0
a,3490,EVIDENCE,55,,EVIDENCE inst=55 inherited_support=0 inherited_contradiction=0 session_support=0 session_contradiction=0 inherited_absent_flag=0 cur_verts=8895 observed_verts=0
a,3491,STATE_EVIDENCE_WINDOW,56,,STATE_EVIDENCE_WINDOW inst=56 after=76900000000 latest_measured_support=0 through=98066666667 projected=0 support=0 contradiction=0 reliable=196 reliable_in_view=0 reliable_seen_through=0 absence_llr=0 absent_samples=0 total_samples=21082 absence_coverage_sufficient=0
a,3492,STATE_SLICE,56,98066666667,STATE_SLICE inst=56 stamp=98066666667 inherited_sup=0 inherited_con=0 inherited_samples=21082 inherited_supported=0 inherited_free=0 inherited_repl_other=0 inherited_repl_bg=0 inherited_occ=0 inherited_unobs=21082 session_sup=0 session_con=0 session_samples=0 cur_verts=63246 candidate_verts=0
a,3493,EVIDENCE,56,,EVIDENCE inst=56 inherited_support=0 inherited_contradiction=0 session_support=0 session_contradiction=0 inherited_absent_flag=0 cur_verts=63246 observed_verts=0
a,3494,STATE_EVIDENCE_WINDOW,57,,STATE_EVIDENCE_WINDOW inst=57 after=86366666667 latest_measured_support=0 through=98066666667 projected=0 support=0 contradiction=0 reliable=1237 reliable_in_view=0 reliable_seen_through=0 absence_llr=0 absent_samples=0 total_samples=2704 absence_coverage_sufficient=0
a,3495,STATE_SLICE,57,98066666667,STATE_SLICE inst=57 stamp=98066666667 inherited_sup=0 inherited_con=0 inherited_samples=2704 inherited_supported=0 inherited_free=0 inherited_repl_other=0 inherited_repl_bg=0 inherited_occ=0 inherited_unobs=2704 session_sup=0 session_con=0 session_samples=0 cur_verts=8112 candidate_verts=0
a,3496,EVIDENCE,57,,EVIDENCE inst=57 inherited_support=0 inherited_contradiction=0 session_support=0 session_contradiction=0 inherited_absent_flag=0 cur_verts=8112 observed_verts=0
a,3497,STATE_EVIDENCE_WINDOW,68,,STATE_EVIDENCE_WINDOW inst=68 after=78566666667 latest_measured_support=84633333333 through=98066666667 projected=1 support=1798 contradiction=94 reliable=410 reliable_in_view=0 reliable_seen_through=0 absence_llr=0 absent_samples=12 total_samples=195 absence_coverage_sufficient=0
a,3498,STATE_SLICE,68,98066666667,STATE_SLICE inst=68 stamp=98066666667 inherited_sup=1798 inherited_con=94 inherited_samples=195 inherited_supported=1806 inherited_free=30 inherited_repl_other=0 inherited_repl_bg=64 inherited_occ=107 inherited_unobs=0 session_sup=0 session_con=0 session_samples=0 cur_verts=5622 candidate_verts=0
a,3499,EVIDENCE,68,,EVIDENCE inst=68 inherited_support=1798 inherited_contradiction=94 session_support=0 session_contradiction=0 inherited_absent_flag=0 cur_verts=5622 observed_verts=0
a,3500,MOBILITY_PRIOR,68,,MOBILITY_PRIOR inst=68 session=0 class=9 changes=0 continuations=0 alpha=4.66667 beta=0.333333 q=0.933333
a,3501,TOP_ABSORB_POSTERIOR,68,,TOP_ABSORB_POSTERIOR inst=68 measurement=confirmed_current change_prior=0.933333 geometry_factor_or_bound=1 geometry_evaluated=0 candidate_vertices=0 effective_cells=0 off_share=unmeasured legacy_same_site=0 absorb=0
a,3502,MOBILITY_PRIOR,68,,MOBILITY_PRIOR inst=68 session=0 class=9 changes=0 continuations=0 alpha=4.66667 beta=0.333333 q=0.933333
a,3503,TOP_ABSORB,68,,TOP_ABSORB inst=68 geom=0 support=1798 high_mobility=1 absorb=0
a,3504,STATE_EVIDENCE_WINDOW,69,,STATE_EVIDENCE_WINDOW inst=69 after=78566666667 latest_measured_support=85500000000 through=98066666667 projected=1 support=796 contradiction=155 reliable=443 reliable_in_view=0 reliable_seen_through=0 absence_llr=0 absent_samples=14 total_samples=85 absence_coverage_sufficient=0
a,3505,STATE_SLICE,69,98066666667,STATE_SLICE inst=69 stamp=98066666667 inherited_sup=796 inherited_con=155 inherited_samples=85 inherited_supported=796 inherited_free=7 inherited_repl_other=0 inherited_repl_bg=148 inherited_occ=345 inherited_unobs=0 session_sup=0 session_con=0 session_samples=0 cur_verts=3897 candidate_verts=0
a,3506,EVIDENCE,69,,EVIDENCE inst=69 inherited_support=796 inherited_contradiction=155 session_support=0 session_contradiction=0 inherited_absent_flag=0 cur_verts=3897 observed_verts=0
a,3507,MOBILITY_PRIOR,69,,MOBILITY_PRIOR inst=69 session=0 class=9 changes=1 continuations=0 alpha=3.66667 beta=0.333333 q=0.933333
a,3508,TOP_ABSORB_POSTERIOR,69,,TOP_ABSORB_POSTERIOR inst=69 measurement=confirmed_current change_prior=0.933333 geometry_factor_or_bound=1 geometry_evaluated=0 candidate_vertices=0 effective_cells=0 off_share=unmeasured legacy_same_site=0 absorb=0
a,3509,MOBILITY_PRIOR,69,,MOBILITY_PRIOR inst=69 session=0 class=9 changes=1 continuations=0 alpha=3.66667 beta=0.333333 q=0.933333
a,3510,TOP_ABSORB,69,,TOP_ABSORB inst=69 geom=0 support=796 high_mobility=1 absorb=0
a,3511,STATE_EVIDENCE_WINDOW,70,,STATE_EVIDENCE_WINDOW inst=70 after=81066666667 latest_measured_support=85500000000 through=98066666667 projected=1 support=4 contradiction=1 reliable=6 reliable_in_view=0 reliable_seen_through=0 absence_llr=0 absent_samples=1 total_samples=87 absence_coverage_sufficient=0
a,3512,STATE_SLICE,70,98066666667,STATE_SLICE inst=70 stamp=98066666667 inherited_sup=4 inherited_con=1 inherited_samples=87 inherited_supported=4 inherited_free=0 inherited_repl_other=0 inherited_repl_bg=1 inherited_occ=19 inherited_unobs=74 session_sup=0 session_con=0 session_samples=0 cur_verts=3003 candidate_verts=0
a,3513,EVIDENCE,70,,EVIDENCE inst=70 inherited_support=4 inherited_contradiction=1 session_support=0 session_contradiction=0 inherited_absent_flag=0 cur_verts=3003 observed_verts=0
a,3514,MOBILITY_PRIOR,70,,MOBILITY_PRIOR inst=70 session=0 class=9 changes=1 continuations=0 alpha=3.66667 beta=0.333333 q=0.933333
a,3515,TOP_ABSORB_POSTERIOR,70,,TOP_ABSORB_POSTERIOR inst=70 measurement=confirmed_current change_prior=0.933333 geometry_factor_or_bound=1 geometry_evaluated=0 candidate_vertices=0 effective_cells=0 off_share=unmeasured legacy_same_site=0 absorb=0
a,3516,MOBILITY_PRIOR,70,,MOBILITY_PRIOR inst=70 session=0 class=9 changes=1 continuations=0 alpha=3.66667 beta=0.333333 q=0.933333
a,3517,TOP_ABSORB,70,,TOP_ABSORB inst=70 geom=0 support=4 high_mobility=1 absorb=0
a,3518,STATE_EVIDENCE_WINDOW,71,,STATE_EVIDENCE_WINDOW inst=71 after=85933333333 latest_measured_support=0 through=98066666667 projected=0 support=0 contradiction=0 reliable=500 reliable_in_view=0 reliable_seen_through=0 absence_llr=0 absent_samples=0 total_samples=1582 absence_coverage_sufficient=0
a,3519,STATE_SLICE,71,98066666667,STATE_SLICE inst=71 stamp=98066666667 inherited_sup=0 inherited_con=0 inherited_samples=1582 inherited_supported=0 inherited_free=0 inherited_repl_other=0 inherited_repl_bg=0 inherited_occ=0 inherited_unobs=1582 session_sup=0 session_con=0 session_samples=0 cur_verts=4746 candidate_verts=0
a,3520,EVIDENCE,71,,EVIDENCE inst=71 inherited_support=0 inherited_contradiction=0 session_support=0 session_contradiction=0 inherited_absent_flag=0 cur_verts=4746 observed_verts=0
a,3521,STATE_EVIDENCE_WINDOW,72,,STATE_EVIDENCE_WINDOW inst=72 after=86366666667 latest_measured_support=0 through=98066666667 projected=0 support=0 contradiction=0 reliable=761 reliable_in_view=0 reliable_seen_through=0 absence_llr=0 absent_samples=0 total_samples=2385 absence_coverage_sufficient=0
a,3522,STATE_SLICE,72,98066666667,STATE_SLICE inst=72 stamp=98066666667 inherited_sup=0 inherited_con=0 inherited_samples=2385 inherited_supported=0 inherited_free=0 inherited_repl_other=0 inherited_repl_bg=0 inherited_occ=0 inherited_unobs=2385 session_sup=0 session_con=0 session_samples=0 cur_verts=7155 candidate_verts=0
a,3523,EVIDENCE,72,,EVIDENCE inst=72 inherited_support=0 inherited_contradiction=0 session_support=0 session_contradiction=0 inherited_absent_flag=0 cur_verts=7155 observed_verts=0
a,3524,STATE_EVIDENCE_WINDOW,77,,STATE_EVIDENCE_WINDOW inst=77 after=86800000000 latest_measured_support=87233333333 through=98066666667 projected=0 support=7 contradiction=0 reliable=448 reliable_in_view=448 reliable_seen_through=1 absence_llr=0 absent_samples=0 total_samples=480 absence_coverage_sufficient=0
a,3525,STATE_SLICE,77,98066666667,STATE_SLICE inst=77 stamp=98066666667 inherited_sup=7 inherited_con=0 inherited_samples=480 inherited_supported=153 inherited_free=0 inherited_repl_other=0 inherited_repl_bg=0 inherited_occ=0 inherited_unobs=85 session_sup=0 session_con=0 session_samples=0 cur_verts=1440 candidate_verts=0
a,3526,EVIDENCE,77,,EVIDENCE inst=77 inherited_support=7 inherited_contradiction=0 session_support=0 session_contradiction=0 inherited_absent_flag=0 cur_verts=1440 observed_verts=0
a,3527,MOBILITY_PRIOR,77,,MOBILITY_PRIOR inst=77 session=0 class=11 changes=0 continuations=0 alpha=0.5 beta=1.5 q=0.25
a,3528,TOP_ABSORB_POSTERIOR,77,,TOP_ABSORB_POSTERIOR inst=77 measurement=confirmed_current change_prior=0.25 geometry_factor_or_bound=1 geometry_evaluated=0 candidate_vertices=0 effective_cells=0 off_share=unmeasured legacy_same_site=1 absorb=1
a,3529,MOBILITY_PRIOR,77,,MOBILITY_PRIOR inst=77 session=0 class=11 changes=0 continuations=0 alpha=0.5 beta=1.5 q=0.25
a,3530,TOP_ABSORB,77,,TOP_ABSORB inst=77 geom=0 support=7 high_mobility=0 absorb=1
a,3531,STATE_EVIDENCE_WINDOW,88,,STATE_EVIDENCE_WINDOW inst=88 after=75966666667 latest_measured_support=98066666667 through=98066666667 projected=1 support=124 contradiction=19 reliable=159 reliable_in_view=154 reliable_seen_through=0 absence_llr=0 absent_samples=5 total_samples=28 absence_coverage_sufficient=0
a,3532,STATE_SLICE,88,98066666667,STATE_SLICE inst=88 stamp=98066666667 inherited_sup=124 inherited_con=19 inherited_samples=28 inherited_supported=124 inherited_free=0 inherited_repl_other=19 inherited_repl_bg=0 inherited_occ=654 inherited_unobs=0 session_sup=0 session_con=0 session_samples=0 cur_verts=735 candidate_verts=0
a,3533,EVIDENCE,88,,EVIDENCE inst=88 inherited_support=124 inherited_contradiction=19 session_support=0 session_contradiction=0 inherited_absent_flag=0 cur_verts=735 observed_verts=0
a,3534,MOBILITY_PRIOR,88,,MOBILITY_PRIOR inst=88 session=0 class=14 changes=0 continuations=0 alpha=0.5 beta=1.5 q=0.25
a,3535,TOP_ABSORB_POSTERIOR,88,,TOP_ABSORB_POSTERIOR inst=88 measurement=confirmed_current change_prior=0.25 geometry_factor_or_bound=1 geometry_evaluated=0 candidate_vertices=0 effective_cells=0 off_share=unmeasured legacy_same_site=1 absorb=1
a,3536,MOBILITY_PRIOR,88,,MOBILITY_PRIOR inst=88 session=0 class=14 changes=0 continuations=0 alpha=0.5 beta=1.5 q=0.25
a,3537,TOP_ABSORB,88,,TOP_ABSORB inst=88 geom=0 support=124 high_mobility=0 absorb=1
a,3538,STATE_EVIDENCE_WINDOW,89,,STATE_EVIDENCE_WINDOW inst=89 after=86800000000 latest_measured_support=0 through=98066666667 projected=0 support=0 contradiction=0 reliable=761 reliable_in_view=0 reliable_seen_through=0 absence_llr=0 absent_samples=0 total_samples=8038 absence_coverage_sufficient=0
a,3539,STATE_SLICE,89,98066666667,STATE_SLICE inst=89 stamp=98066666667 inherited_sup=0 inherited_con=0 inherited_samples=8038 inherited_supported=0 inherited_free=0 inherited_repl_other=0 inherited_repl_bg=0 inherited_occ=0 inherited_unobs=8038 session_sup=0 session_con=0 session_samples=0 cur_verts=24114 candidate_verts=0
a,3540,EVIDENCE,89,,EVIDENCE inst=89 inherited_support=0 inherited_contradiction=0 session_support=0 session_contradiction=0 inherited_absent_flag=0 cur_verts=24114 observed_verts=0
a,3541,STATE_EVIDENCE_WINDOW,108,,STATE_EVIDENCE_WINDOW inst=108 after=68100000000 latest_measured_support=0 through=98066666667 projected=0 support=0 contradiction=0 reliable=440 reliable_in_view=0 reliable_seen_through=0 absence_llr=0 absent_samples=0 total_samples=834 absence_coverage_sufficient=0
a,3542,STATE_SLICE,108,98066666667,STATE_SLICE inst=108 stamp=98066666667 inherited_sup=0 inherited_con=0 inherited_samples=834 inherited_supported=0 inherited_free=0 inherited_repl_other=0 inherited_repl_bg=0 inherited_occ=0 inherited_unobs=834 session_sup=0 session_con=0 session_samples=0 cur_verts=2502 candidate_verts=0
a,3543,EVIDENCE,108,,EVIDENCE inst=108 inherited_support=0 inherited_contradiction=0 session_support=0 session_contradiction=0 inherited_absent_flag=0 cur_verts=2502 observed_verts=0
a,3544,STATE_EVIDENCE_WINDOW,109,,STATE_EVIDENCE_WINDOW inst=109 after=75166666667 latest_measured_support=0 through=98066666667 projected=0 support=0 contradiction=0 reliable=195 reliable_in_view=0 reliable_seen_through=0 absence_llr=0 absent_samples=0 total_samples=5791 absence_coverage_sufficient=0
a,3545,STATE_SLICE,109,98066666667,STATE_SLICE inst=109 stamp=98066666667 inherited_sup=0 inherited_con=0 inherited_samples=5791 inherited_supported=0 inherited_free=0 inherited_repl_other=0 inherited_repl_bg=0 inherited_occ=0 inherited_unobs=5678 session_sup=0 session_con=0 session_samples=0 cur_verts=17373 candidate_verts=0
a,3546,EVIDENCE,109,,EVIDENCE inst=109 inherited_support=0 inherited_contradiction=0 session_support=0 session_contradiction=0 inherited_absent_flag=0 cur_verts=17373 observed_verts=0
a,3547,STATE_EVIDENCE_WINDOW,112,,STATE_EVIDENCE_WINDOW inst=112 after=87233333333 latest_measured_support=0 through=98066666667 projected=0 support=0 contradiction=0 reliable=1243 reliable_in_view=0 reliable_seen_through=0 absence_llr=0 absent_samples=0 total_samples=3757 absence_coverage_sufficient=0
a,3548,STATE_SLICE,112,98066666667,STATE_SLICE inst=112 stamp=98066666667 inherited_sup=0 inherited_con=0 inherited_samples=3757 inherited_supported=0 inherited_free=0 inherited_repl_other=0 inherited_repl_bg=0 inherited_occ=0 inherited_unobs=3757 session_sup=0 session_con=0 session_samples=0 cur_verts=11271 candidate_verts=0
a,3549,EVIDENCE,112,,EVIDENCE inst=112 inherited_support=0 inherited_contradiction=0 session_support=0 session_contradiction=0 inherited_absent_flag=0 cur_verts=11271 observed_verts=0
a,3550,STATE_EVIDENCE_WINDOW,121,,STATE_EVIDENCE_WINDOW inst=121 after=49166666667 latest_measured_support=0 through=98066666667 projected=0 support=0 contradiction=0 reliable=6 reliable_in_view=0 reliable_seen_through=0 absence_llr=0.28449 absent_samples=0 total_samples=146 absence_coverage_sufficient=0
a,3551,STATE_SLICE,121,98066666667,STATE_SLICE inst=121 stamp=98066666667 inherited_sup=0 inherited_con=0 inherited_samples=146 inherited_supported=0 inherited_free=0 inherited_repl_other=0 inherited_repl_bg=0 inherited_occ=0 inherited_unobs=3 session_sup=0 session_con=0 session_samples=0 cur_verts=438 candidate_verts=0
a,3552,EVIDENCE,121,,EVIDENCE inst=121 inherited_support=0 inherited_contradiction=0 session_support=0 session_contradiction=0 inherited_absent_flag=0 cur_verts=438 observed_verts=0
a,3553,STATE_EVIDENCE_WINDOW,126,,STATE_EVIDENCE_WINDOW inst=126 after=85500000000 latest_measured_support=0 through=98066666667 projected=0 support=0 contradiction=0 reliable=141 reliable_in_view=0 reliable_seen_through=0 absence_llr=0 absent_samples=0 total_samples=310 absence_coverage_sufficient=0
a,3554,STATE_SLICE,126,98066666667,STATE_SLICE inst=126 stamp=98066666667 inherited_sup=0 inherited_con=0 inherited_samples=310 inherited_supported=0 inherited_free=0 inherited_repl_other=0 inherited_repl_bg=0 inherited_occ=0 inherited_unobs=310 session_sup=0 session_con=0 session_samples=0 cur_verts=930 candidate_verts=0
a,3555,EVIDENCE,126,,EVIDENCE inst=126 inherited_support=0 inherited_contradiction=0 session_support=0 session_contradiction=0 inherited_absent_flag=0 cur_verts=930 observed_verts=0
a,3556,STATE_EVIDENCE_WINDOW,128,,STATE_EVIDENCE_WINDOW inst=128 after=17533333333 latest_measured_support=0 through=98066666667 projected=0 support=0 contradiction=0 reliable=49 reliable_in_view=0 reliable_seen_through=0 absence_llr=0 absent_samples=0 total_samples=109 absence_coverage_sufficient=0
a,3557,STATE_SLICE,128,98066666667,STATE_SLICE inst=128 stamp=98066666667 inherited_sup=0 inherited_con=0 inherited_samples=109 inherited_supported=0 inherited_free=0 inherited_repl_other=0 inherited_repl_bg=0 inherited_occ=0 inherited_unobs=0 session_sup=0 session_con=0 session_samples=0 cur_verts=327 candidate_verts=0
a,3558,EVIDENCE,128,,EVIDENCE inst=128 inherited_support=0 inherited_contradiction=0 session_support=0 session_contradiction=0 inherited_absent_flag=0 cur_verts=327 observed_verts=0
a,3559,STATE_EVIDENCE_WINDOW,132,,STATE_EVIDENCE_WINDOW inst=132 after=76833333333 latest_measured_support=0 through=98066666667 projected=0 support=0 contradiction=0 reliable=26 reliable_in_view=0 reliable_seen_through=0 absence_llr=0 absent_samples=0 total_samples=61 absence_coverage_sufficient=0
a,3560,STATE_SLICE,132,98066666667,STATE_SLICE inst=132 stamp=98066666667 inherited_sup=0 inherited_con=0 inherited_samples=61 inherited_supported=0 inherited_free=0 inherited_repl_other=0 inherited_repl_bg=0 inherited_occ=0 inherited_unobs=61 session_sup=0 session_con=0 session_samples=0 cur_verts=183 candidate_verts=0
a,3561,EVIDENCE,132,,EVIDENCE inst=132 inherited_support=0 inherited_contradiction=0 session_support=0 session_contradiction=0 inherited_absent_flag=0 cur_verts=183 observed_verts=0
a,3562,STATE_EVIDENCE_WINDOW,135,,STATE_EVIDENCE_WINDOW inst=135 after=44533333333 latest_measured_support=0 through=98066666667 projected=0 support=0 contradiction=0 reliable=659 reliable_in_view=0 reliable_seen_through=0 absence_llr=0 absent_samples=0 total_samples=1371 absence_coverage_sufficient=0
a,3563,STATE_SLICE,135,98066666667,STATE_SLICE inst=135 stamp=98066666667 inherited_sup=0 inherited_con=0 inherited_samples=1371 inherited_supported=0 inherited_free=0 inherited_repl_other=0 inherited_repl_bg=0 inherited_occ=0 inherited_unobs=1371 session_sup=0 session_con=0 session_samples=0 cur_verts=4113 candidate_verts=0
a,3564,EVIDENCE,135,,EVIDENCE inst=135 inherited_support=0 inherited_contradiction=0 session_support=0 session_contradiction=0 inherited_absent_flag=0 cur_verts=4113 observed_verts=0
a,3565,STATE_EVIDENCE_WINDOW,136,,STATE_EVIDENCE_WINDOW inst=136 after=73800000000 latest_measured_support=0 through=98066666667 projected=0 support=0 contradiction=0 reliable=995 reliable_in_view=0 reliable_seen_through=0 absence_llr=0 absent_samples=0 total_samples=2588 absence_coverage_sufficient=0
a,3566,STATE_SLICE,136,98066666667,STATE_SLICE inst=136 stamp=98066666667 inherited_sup=0 inherited_con=0 inherited_samples=2588 inherited_supported=0 inherited_free=0 inherited_repl_other=0 inherited_repl_bg=0 inherited_occ=0 inherited_unobs=2588 session_sup=0 session_con=0 session_samples=0 cur_verts=7764 candidate_verts=0
a,3567,EVIDENCE,136,,EVIDENCE inst=136 inherited_support=0 inherited_contradiction=0 session_support=0 session_contradiction=0 inherited_absent_flag=0 cur_verts=7764 observed_verts=0
a,3568,STATE_EVIDENCE_WINDOW,141,,STATE_EVIDENCE_WINDOW inst=141 after=47700000000 latest_measured_support=0 through=98066666667 projected=0 support=0 contradiction=0 reliable=247 reliable_in_view=0 reliable_seen_through=0 absence_llr=0 absent_samples=0 total_samples=787 absence_coverage_sufficient=0
a,3569,STATE_SLICE,141,98066666667,STATE_SLICE inst=141 stamp=98066666667 inherited_sup=0 inherited_con=0 inherited_samples=787 inherited_supported=0 inherited_free=0 inherited_repl_other=0 inherited_repl_bg=0 inherited_occ=0 inherited_unobs=787 session_sup=0 session_con=0 session_samples=0 cur_verts=2361 candidate_verts=0
a,3570,EVIDENCE,141,,EVIDENCE inst=141 inherited_support=0 inherited_contradiction=0 session_support=0 session_contradiction=0 inherited_absent_flag=0 cur_verts=2361 observed_verts=0
a,3571,STATE_EVIDENCE_WINDOW,142,,STATE_EVIDENCE_WINDOW inst=142 after=47066666667 latest_measured_support=0 through=98066666667 projected=0 support=0 contradiction=0 reliable=242 reliable_in_view=0 reliable_seen_through=0 absence_llr=0 absent_samples=0 total_samples=748 absence_coverage_sufficient=0
a,3572,STATE_SLICE,142,98066666667,STATE_SLICE inst=142 stamp=98066666667 inherited_sup=0 inherited_con=0 inherited_samples=748 inherited_supported=0 inherited_free=0 inherited_repl_other=0 inherited_repl_bg=0 inherited_occ=0 inherited_unobs=748 session_sup=0 session_con=0 session_samples=0 cur_verts=2244 candidate_verts=0
a,3573,EVIDENCE,142,,EVIDENCE inst=142 inherited_support=0 inherited_contradiction=0 session_support=0 session_contradiction=0 inherited_absent_flag=0 cur_verts=2244 observed_verts=0
a,3574,STATE_EVIDENCE_WINDOW,143,,STATE_EVIDENCE_WINDOW inst=143 after=47766666667 latest_measured_support=0 through=98066666667 projected=0 support=0 contradiction=0 reliable=256 reliable_in_view=0 reliable_seen_through=0 absence_llr=0 absent_samples=0 total_samples=733 absence_coverage_sufficient=0
a,3575,STATE_SLICE,143,98066666667,STATE_SLICE inst=143 stamp=98066666667 inherited_sup=0 inherited_con=0 inherited_samples=733 inherited_supported=0 inherited_free=0 inherited_repl_other=0 inherited_repl_bg=0 inherited_occ=0 inherited_unobs=733 session_sup=0 session_con=0 session_samples=0 cur_verts=2199 candidate_verts=0
a,3576,EVIDENCE,143,,EVIDENCE inst=143 inherited_support=0 inherited_contradiction=0 session_support=0 session_contradiction=0 inherited_absent_flag=0 cur_verts=2199 observed_verts=0
a,3577,STATE_EVIDENCE_WINDOW,144,,STATE_EVIDENCE_WINDOW inst=144 after=47133333333 latest_measured_support=0 through=98066666667 projected=0 support=0 contradiction=0 reliable=192 reliable_in_view=0 reliable_seen_through=0 absence_llr=0 absent_samples=0 total_samples=651 absence_coverage_sufficient=0
a,3578,STATE_SLICE,144,98066666667,STATE_SLICE inst=144 stamp=98066666667 inherited_sup=0 inherited_con=0 inherited_samples=651 inherited_supported=0 inherited_free=0 inherited_repl_other=0 inherited_repl_bg=0 inherited_occ=0 inherited_unobs=651 session_sup=0 session_con=0 session_samples=0 cur_verts=1953 candidate_verts=0
a,3579,EVIDENCE,144,,EVIDENCE inst=144 inherited_support=0 inherited_contradiction=0 session_support=0 session_contradiction=0 inherited_absent_flag=0 cur_verts=1953 observed_verts=0
a,3580,STATE_EVIDENCE_WINDOW,145,,STATE_EVIDENCE_WINDOW inst=145 after=47166666667 latest_measured_support=0 through=98066666667 projected=0 support=0 contradiction=0 reliable=5 reliable_in_view=0 reliable_seen_through=0 absence_llr=0 absent_samples=0 total_samples=33 absence_coverage_sufficient=0
a,3581,STATE_SLICE,145,98066666667,STATE_SLICE inst=145 stamp=98066666667 inherited_sup=0 inherited_con=0 inherited_samples=33 inherited_supported=0 inherited_free=0 inherited_repl_other=0 inherited_repl_bg=0 inherited_occ=0 inherited_unobs=33 session_sup=0 session_con=0 session_samples=0 cur_verts=99 candidate_verts=0
a,3582,EVIDENCE,145,,EVIDENCE inst=145 inherited_support=0 inherited_contradiction=0 session_support=0 session_contradiction=0 inherited_absent_flag=0 cur_verts=99 observed_verts=0
a,3583,STATE_EVIDENCE_WINDOW,146,,STATE_EVIDENCE_WINDOW inst=146 after=47800000000 latest_measured_support=0 through=98066666667 projected=0 support=0 contradiction=0 reliable=0 reliable_in_view=0 reliable_seen_through=0 absence_llr=0 absent_samples=0 total_samples=20 absence_coverage_sufficient=0
a,3584,STATE_SLICE,146,98066666667,STATE_SLICE inst=146 stamp=98066666667 inherited_sup=0 inherited_con=0 inherited_samples=20 inherited_supported=0 inherited_free=0 inherited_repl_other=0 inherited_repl_bg=0 inherited_occ=0 inherited_unobs=20 session_sup=0 session_con=0 session_samples=0 cur_verts=60 candidate_verts=0
a,3585,EVIDENCE,146,,EVIDENCE inst=146 inherited_support=0 inherited_contradiction=0 session_support=0 session_contradiction=0 inherited_absent_flag=0 cur_verts=60 observed_verts=0
a,3586,STATE_EVIDENCE_WINDOW,147,,STATE_EVIDENCE_WINDOW inst=147 after=73366666667 latest_measured_support=0 through=98066666667 projected=0 support=0 contradiction=0 reliable=132 reliable_in_view=0 reliable_seen_through=0 absence_llr=0 absent_samples=0 total_samples=432 absence_coverage_sufficient=0
a,3587,STATE_SLICE,147,98066666667,STATE_SLICE inst=147 stamp=98066666667 inherited_sup=0 inherited_con=0 inherited_samples=432 inherited_supported=0 inherited_free=0 inherited_repl_other=0 inherited_repl_bg=0 inherited_occ=0 inherited_unobs=432 session_sup=0 session_con=0 session_samples=0 cur_verts=1296 candidate_verts=0
a,3588,EVIDENCE,147,,EVIDENCE inst=147 inherited_support=0 inherited_contradiction=0 session_support=0 session_contradiction=0 inherited_absent_flag=0 cur_verts=1296 observed_verts=0
a,3589,STATE_EVIDENCE_WINDOW,148,,STATE_EVIDENCE_WINDOW inst=148 after=73066666667 latest_measured_support=0 through=98066666667 projected=0 support=0 contradiction=0 reliable=132 reliable_in_view=0 reliable_seen_through=0 absence_llr=0 absent_samples=0 total_samples=380 absence_coverage_sufficient=0
a,3590,STATE_SLICE,148,98066666667,STATE_SLICE inst=148 stamp=98066666667 inherited_sup=0 inherited_con=0 inherited_samples=380 inherited_supported=0 inherited_free=0 inherited_repl_other=0 inherited_repl_bg=0 inherited_occ=0 inherited_unobs=380 session_sup=0 session_con=0 session_samples=0 cur_verts=1140 candidate_verts=0
a,3591,EVIDENCE,148,,EVIDENCE inst=148 inherited_support=0 inherited_contradiction=0 session_support=0 session_contradiction=0 inherited_absent_flag=0 cur_verts=1140 observed_verts=0
a,3592,STATE_EVIDENCE_WINDOW,149,,STATE_EVIDENCE_WINDOW inst=149 after=72866666667 latest_measured_support=0 through=98066666667 projected=0 support=0 contradiction=0 reliable=338 reliable_in_view=0 reliable_seen_through=0 absence_llr=0 absent_samples=0 total_samples=958 absence_coverage_sufficient=0
a,3593,STATE_SLICE,149,98066666667,STATE_SLICE inst=149 stamp=98066666667 inherited_sup=0 inherited_con=0 inherited_samples=958 inherited_supported=0 inherited_free=0 inherited_repl_other=0 inherited_repl_bg=0 inherited_occ=0 inherited_unobs=958 session_sup=0 session_con=0 session_samples=0 cur_verts=2874 candidate_verts=0
a,3594,EVIDENCE,149,,EVIDENCE inst=149 inherited_support=0 inherited_contradiction=0 session_support=0 session_contradiction=0 inherited_absent_flag=0 cur_verts=2874 observed_verts=0
a,3595,STATE_EVIDENCE_WINDOW,153,,STATE_EVIDENCE_WINDOW inst=153 after=76933333333 latest_measured_support=0 through=98066666667 projected=0 support=0 contradiction=0 reliable=520 reliable_in_view=0 reliable_seen_through=0 absence_llr=0 absent_samples=0 total_samples=620 absence_coverage_sufficient=0
a,3596,STATE_SLICE,153,98066666667,STATE_SLICE inst=153 stamp=98066666667 inherited_sup=0 inherited_con=0 inherited_samples=620 inherited_supported=0 inherited_free=0 inherited_repl_other=0 inherited_repl_bg=0 inherited_occ=0 inherited_unobs=489 session_sup=0 session_con=0 session_samples=0 cur_verts=1860 candidate_verts=0
a,3597,EVIDENCE,153,,EVIDENCE inst=153 inherited_support=0 inherited_contradiction=0 session_support=0 session_contradiction=0 inherited_absent_flag=0 cur_verts=1860 observed_verts=0
a,3598,STATE_EVIDENCE_WINDOW,155,,STATE_EVIDENCE_WINDOW inst=155 after=81400000000 latest_measured_support=0 through=98066666667 projected=0 support=0 contradiction=0 reliable=458 reliable_in_view=0 reliable_seen_through=0 absence_llr=0 absent_samples=0 total_samples=10219 absence_coverage_sufficient=0
a,3599,STATE_SLICE,155,98066666667,STATE_SLICE inst=155 stamp=98066666667 inherited_sup=0 inherited_con=0 inherited_samples=10219 inherited_supported=0 inherited_free=0 inherited_repl_other=0 inherited_repl_bg=0 inherited_occ=0 inherited_unobs=10219 session_sup=0 session_con=0 session_samples=0 cur_verts=30657 candidate_verts=0
a,3600,EVIDENCE,155,,EVIDENCE inst=155 inherited_support=0 inherited_contradiction=0 session_support=0 session_contradiction=0 inherited_absent_flag=0 cur_verts=30657 observed_verts=0
a,3601,STATE_EVIDENCE_WINDOW,156,,STATE_EVIDENCE_WINDOW inst=156 after=73666666667 latest_measured_support=0 through=98066666667 projected=0 support=0 contradiction=0 reliable=812 reliable_in_view=0 reliable_seen_through=0 absence_llr=0 absent_samples=0 total_samples=3760 absence_coverage_sufficient=0
a,3602,STATE_SLICE,156,98066666667,STATE_SLICE inst=156 stamp=98066666667 inherited_sup=0 inherited_con=0 inherited_samples=3760 inherited_supported=0 inherited_free=0 inherited_repl_other=0 inherited_repl_bg=0 inherited_occ=0 inherited_unobs=3760 session_sup=0 session_con=0 session_samples=0 cur_verts=11280 candidate_verts=0
a,3603,EVIDENCE,156,,EVIDENCE inst=156 inherited_support=0 inherited_contradiction=0 session_support=0 session_contradiction=0 inherited_absent_flag=0 cur_verts=11280 observed_verts=0
a,3604,STATE_EVIDENCE_WINDOW,161,,STATE_EVIDENCE_WINDOW inst=161 after=73400000000 latest_measured_support=0 through=98066666667 projected=0 support=0 contradiction=0 reliable=185 reliable_in_view=0 reliable_seen_through=0 absence_llr=0 absent_samples=0 total_samples=481 absence_coverage_sufficient=0
a,3605,STATE_SLICE,161,98066666667,STATE_SLICE inst=161 stamp=98066666667 inherited_sup=0 inherited_con=0 inherited_samples=481 inherited_supported=0 inherited_free=0 inherited_repl_other=0 inherited_repl_bg=0 inherited_occ=0 inherited_unobs=481 session_sup=0 session_con=0 session_samples=0 cur_verts=1443 candidate_verts=0
a,3606,EVIDENCE,161,,EVIDENCE inst=161 inherited_support=0 inherited_contradiction=0 session_support=0 session_contradiction=0 inherited_absent_flag=0 cur_verts=1443 observed_verts=0
a,3607,STATE_EVIDENCE_WINDOW,162,,STATE_EVIDENCE_WINDOW inst=162 after=73400000000 latest_measured_support=0 through=98066666667 projected=0 support=0 contradiction=0 reliable=142 reliable_in_view=0 reliable_seen_through=0 absence_llr=0 absent_samples=0 total_samples=353 absence_coverage_sufficient=0
a,3608,STATE_SLICE,162,98066666667,STATE_SLICE inst=162 stamp=98066666667 inherited_sup=0 inherited_con=0 inherited_samples=353 inherited_supported=0 inherited_free=0 inherited_repl_other=0 inherited_repl_bg=0 inherited_occ=0 inherited_unobs=353 session_sup=0 session_con=0 session_samples=0 cur_verts=1059 candidate_verts=0
a,3609,EVIDENCE,162,,EVIDENCE inst=162 inherited_support=0 inherited_contradiction=0 session_support=0 session_contradiction=0 inherited_absent_flag=0 cur_verts=1059 observed_verts=0
a,3610,STATE_EVIDENCE_WINDOW,163,,STATE_EVIDENCE_WINDOW inst=163 after=85500000000 latest_measured_support=0 through=98066666667 projected=0 support=0 contradiction=0 reliable=960 reliable_in_view=0 reliable_seen_through=0 absence_llr=0 absent_samples=0 total_samples=2301 absence_coverage_sufficient=0
a,3611,STATE_SLICE,163,98066666667,STATE_SLICE inst=163 stamp=98066666667 inherited_sup=0 inherited_con=0 inherited_samples=2301 inherited_supported=0 inherited_free=0 inherited_repl_other=0 inherited_repl_bg=0 inherited_occ=0 inherited_unobs=2301 session_sup=0 session_con=0 session_samples=0 cur_verts=6903 candidate_verts=0
a,3612,EVIDENCE,163,,EVIDENCE inst=163 inherited_support=0 inherited_contradiction=0 session_support=0 session_contradiction=0 inherited_absent_flag=0 cur_verts=6903 observed_verts=0
a,3613,STATE_EVIDENCE_WINDOW,164,,STATE_EVIDENCE_WINDOW inst=164 after=84633333333 latest_measured_support=0 through=98066666667 projected=0 support=0 contradiction=0 reliable=356 reliable_in_view=0 reliable_seen_through=0 absence_llr=0 absent_samples=0 total_samples=965 absence_coverage_sufficient=0
a,3614,STATE_SLICE,164,98066666667,STATE_SLICE inst=164 stamp=98066666667 inherited_sup=0 inherited_con=0 inherited_samples=965 inherited_supported=0 inherited_free=0 inherited_repl_other=0 inherited_repl_bg=0 inherited_occ=0 inherited_unobs=965 session_sup=0 session_con=0 session_samples=0 cur_verts=2895 candidate_verts=0
a,3615,EVIDENCE,164,,EVIDENCE inst=164 inherited_support=0 inherited_contradiction=0 session_support=0 session_contradiction=0 inherited_absent_flag=0 cur_verts=2895 observed_verts=0
a,3616,STATE_EVIDENCE_WINDOW,165,,STATE_EVIDENCE_WINDOW inst=165 after=48166666667 latest_measured_support=0 through=98066666667 projected=0 support=0 contradiction=0 reliable=136 reliable_in_view=0 reliable_seen_through=0 absence_llr=0 absent_samples=0 total_samples=457 absence_coverage_sufficient=0
a,3617,STATE_SLICE,165,98066666667,STATE_SLICE inst=165 stamp=98066666667 inherited_sup=0 inherited_con=0 inherited_samples=457 inherited_supported=0 inherited_free=0 inherited_repl_other=0 inherited_repl_bg=0 inherited_occ=20 inherited_unobs=359 session_sup=0 session_con=0 session_samples=0 cur_verts=1371 candidate_verts=0
a,3618,EVIDENCE,165,,EVIDENCE inst=165 inherited_support=0 inherited_contradiction=0 session_support=0 session_contradiction=0 inherited_absent_flag=0 cur_verts=1371 observed_verts=0
a,3619,STATE_EVIDENCE_WINDOW,166,,STATE_EVIDENCE_WINDOW inst=166 after=44733333333 latest_measured_support=0 through=98066666667 projected=0 support=0 contradiction=0 reliable=193 reliable_in_view=0 reliable_seen_through=0 absence_llr=0 absent_samples=0 total_samples=599 absence_coverage_sufficient=0
a,3620,STATE_SLICE,166,98066666667,STATE_SLICE inst=166 stamp=98066666667 inherited_sup=0 inherited_con=0 inherited_samples=599 inherited_supported=0 inherited_free=0 inherited_repl_other=0 inherited_repl_bg=0 inherited_occ=0 inherited_unobs=599 session_sup=0 session_con=0 session_samples=0 cur_verts=1797 candidate_verts=0
a,3621,EVIDENCE,166,,EVIDENCE inst=166 inherited_support=0 inherited_contradiction=0 session_support=0 session_contradiction=0 inherited_absent_flag=0 cur_verts=1797 observed_verts=0
a,3622,STATE_EVIDENCE_WINDOW,167,,STATE_EVIDENCE_WINDOW inst=167 after=73333333333 latest_measured_support=0 through=98066666667 projected=0 support=0 contradiction=0 reliable=229 reliable_in_view=0 reliable_seen_through=0 absence_llr=0 absent_samples=0 total_samples=751 absence_coverage_sufficient=0
a,3623,STATE_SLICE,167,98066666667,STATE_SLICE inst=167 stamp=98066666667 inherited_sup=0 inherited_con=0 inherited_samples=751 inherited_supported=0 inherited_free=0 inherited_repl_other=0 inherited_repl_bg=0 inherited_occ=0 inherited_unobs=751 session_sup=0 session_con=0 session_samples=0 cur_verts=2253 candidate_verts=0
a,3624,EVIDENCE,167,,EVIDENCE inst=167 inherited_support=0 inherited_contradiction=0 session_support=0 session_contradiction=0 inherited_absent_flag=0 cur_verts=2253 observed_verts=0
a,3625,STATE_EVIDENCE_WINDOW,171,,STATE_EVIDENCE_WINDOW inst=171 after=76366666667 latest_measured_support=0 through=98066666667 projected=0 support=0 contradiction=0 reliable=816 reliable_in_view=0 reliable_seen_through=0 absence_llr=0 absent_samples=0 total_samples=2813 absence_coverage_sufficient=0
a,3626,STATE_SLICE,171,98066666667,STATE_SLICE inst=171 stamp=98066666667 inherited_sup=0 inherited_con=0 inherited_samples=2813 inherited_supported=0 inherited_free=0 inherited_repl_other=0 inherited_repl_bg=0 inherited_occ=0 inherited_unobs=2813 session_sup=0 session_con=0 session_samples=0 cur_verts=8439 candidate_verts=0
a,3627,EVIDENCE,171,,EVIDENCE inst=171 inherited_support=0 inherited_contradiction=0 session_support=0 session_contradiction=0 inherited_absent_flag=0 cur_verts=8439 observed_verts=0
a,3628,STATE_EVIDENCE_WINDOW,172,,STATE_EVIDENCE_WINDOW inst=172 after=49200000000 latest_measured_support=0 through=98066666667 projected=0 support=0 contradiction=0 reliable=719 reliable_in_view=0 reliable_seen_through=0 absence_llr=0 absent_samples=0 total_samples=1554 absence_coverage_sufficient=0
a,3629,STATE_SLICE,172,98066666667,STATE_SLICE inst=172 stamp=98066666667 inherited_sup=0 inherited_con=0 inherited_samples=1554 inherited_supported=0 inherited_free=0 inherited_repl_other=0 inherited_repl_bg=0 inherited_occ=235 inherited_unobs=88 session_sup=0 session_con=0 session_samples=0 cur_verts=4662 candidate_verts=0
a,3630,EVIDENCE,172,,EVIDENCE inst=172 inherited_support=0 inherited_contradiction=0 session_support=0 session_contradiction=0 inherited_absent_flag=0 cur_verts=4662 observed_verts=0
a,3631,STATE_EVIDENCE_WINDOW,173,,STATE_EVIDENCE_WINDOW inst=173 after=75566666667 latest_measured_support=0 through=98066666667 projected=0 support=0 contradiction=0 reliable=324 reliable_in_view=0 reliable_seen_through=0 absence_llr=0 absent_samples=0 total_samples=863 absence_coverage_sufficient=0
a,3632,STATE_SLICE,173,98066666667,STATE_SLICE inst=173 stamp=98066666667 inherited_sup=0 inherited_con=0 inherited_samples=863 inherited_supported=0 inherited_free=0 inherited_repl_other=0 inherited_repl_bg=0 inherited_occ=0 inherited_unobs=863 session_sup=0 session_con=0 session_samples=0 cur_verts=2589 candidate_verts=0
a,3633,EVIDENCE,173,,EVIDENCE inst=173 inherited_support=0 inherited_contradiction=0 session_support=0 session_contradiction=0 inherited_absent_flag=0 cur_verts=2589 observed_verts=0
a,3634,STATE_EVIDENCE_WINDOW,174,,STATE_EVIDENCE_WINDOW inst=174 after=76266666667 latest_measured_support=0 through=98066666667 projected=0 support=0 contradiction=0 reliable=313 reliable_in_view=0 reliable_seen_through=0 absence_llr=0 absent_samples=0 total_samples=999 absence_coverage_sufficient=0
a,3635,STATE_SLICE,174,98066666667,STATE_SLICE inst=174 stamp=98066666667 inherited_sup=0 inherited_con=0 inherited_samples=999 inherited_supported=0 inherited_free=0 inherited_repl_other=0 inherited_repl_bg=0 inherited_occ=0 inherited_unobs=999 session_sup=0 session_con=0 session_samples=0 cur_verts=2997 candidate_verts=0
a,3636,EVIDENCE,174,,EVIDENCE inst=174 inherited_support=0 inherited_contradiction=0 session_support=0 session_contradiction=0 inherited_absent_flag=0 cur_verts=2997 observed_verts=0
a,3637,STATE_EVIDENCE_WINDOW,175,,STATE_EVIDENCE_WINDOW inst=175 after=76000000000 latest_measured_support=0 through=98066666667 projected=0 support=0 contradiction=0 reliable=206 reliable_in_view=0 reliable_seen_through=0 absence_llr=0 absent_samples=0 total_samples=702 absence_coverage_sufficient=0
a,3638,STATE_SLICE,175,98066666667,STATE_SLICE inst=175 stamp=98066666667 inherited_sup=0 inherited_con=0 inherited_samples=702 inherited_supported=0 inherited_free=0 inherited_repl_other=0 inherited_repl_bg=0 inherited_occ=0 inherited_unobs=702 session_sup=0 session_con=0 session_samples=0 cur_verts=2106 candidate_verts=0
a,3639,EVIDENCE,175,,EVIDENCE inst=175 inherited_support=0 inherited_contradiction=0 session_support=0 session_contradiction=0 inherited_absent_flag=0 cur_verts=2106 observed_verts=0
a,3640,STATE_EVIDENCE_WINDOW,180,,STATE_EVIDENCE_WINDOW inst=180 after=80733333333 latest_measured_support=0 through=98066666667 projected=0 support=0 contradiction=0 reliable=63 reliable_in_view=0 reliable_seen_through=0 absence_llr=0 absent_samples=0 total_samples=88 absence_coverage_sufficient=0
a,3641,STATE_SLICE,180,98066666667,STATE_SLICE inst=180 stamp=98066666667 inherited_sup=0 inherited_con=0 inherited_samples=88 inherited_supported=0 inherited_free=0 inherited_repl_other=0 inherited_repl_bg=0 inherited_occ=0 inherited_unobs=88 session_sup=0 session_con=0 session_samples=0 cur_verts=264 candidate_verts=0
a,3642,EVIDENCE,180,,EVIDENCE inst=180 inherited_support=0 inherited_contradiction=0 session_support=0 session_contradiction=0 inherited_absent_flag=0 cur_verts=264 observed_verts=0
a,3643,STATE_EVIDENCE_WINDOW,205,,STATE_EVIDENCE_WINDOW inst=205 after=76766666667 latest_measured_support=0 through=98066666667 projected=0 support=0 contradiction=0 reliable=79 reliable_in_view=0 reliable_seen_through=0 absence_llr=0 absent_samples=0 total_samples=268 absence_coverage_sufficient=0
a,3644,STATE_SLICE,205,98066666667,STATE_SLICE inst=205 stamp=98066666667 inherited_sup=0 inherited_con=0 inherited_samples=268 inherited_supported=0 inherited_free=0 inherited_repl_other=0 inherited_repl_bg=0 inherited_occ=0 inherited_unobs=268 session_sup=0 session_con=0 session_samples=0 cur_verts=804 candidate_verts=0
a,3645,EVIDENCE,205,,EVIDENCE inst=205 inherited_support=0 inherited_contradiction=0 session_support=0 session_contradiction=0 inherited_absent_flag=0 cur_verts=804 observed_verts=0
a,3646,BACKGROUND_STATE_CLOSURE,48,98066666667,BACKGROUND_STATE_CLOSURE inst=48 stamp=98066666667 last_support=67366666667 matched_vertices=650 absent_vertices=192
a,3647,BACKGROUND_STATE_CLOSURE,69,98066666667,BACKGROUND_STATE_CLOSURE inst=69 stamp=98066666667 last_support=16566666667 matched_vertices=95 absent_vertices=24
a,3648,BACKGROUND_STATE_CLOSURE,70,98066666667,BACKGROUND_STATE_CLOSURE inst=70 stamp=98066666667 last_support=36533333333 matched_vertices=104 absent_vertices=26
a,3649,BACKGROUND_STATE_CLOSURE,71,98066666667,BACKGROUND_STATE_CLOSURE inst=71 stamp=98066666667 last_support=16433333333 matched_vertices=89 absent_vertices=9
a,3650,INGEST,2,,INGEST inst=2 first=86s seg_verts=1794 cur_verts=189 observed_verts=0
a,3651,MOBILITY_PRIOR,2,,MOBILITY_PRIOR inst=2 session=0 class=1 changes=0 continuations=0 alpha=0.5 beta=1.5 q=0.25
a,3652,OVERLAP_POSTERIOR,2,,OVERLAP_POSTERIOR inst=2 shared_probability_lower_bound=0.773894 change_prior=0.25 same_state=1
a,3653,EMPTY_INTERVAL_POSTERIOR,2,,EMPTY_INTERVAL_POSTERIOR inst=2 since=86166666667 support=20 judged=103 seen_through=0 measured=1 calibrated_source=1 log_ratio=-7.31721 change_prior=0.25 log_odds=-8.41583 empty=0
a,3654,INGEST_DECIDE,2,,INGEST_DECIDE inst=2 same_session_overlap=1 contradicted=0
a,3655,INGEST,3,,INGEST inst=3 first=85s seg_verts=426 cur_verts=141 observed_verts=0
a,3656,MOBILITY_PRIOR,3,,MOBILITY_PRIOR inst=3 session=0 class=2 changes=0 continuations=0 alpha=0.5 beta=1.5 q=0.25
a,3657,OVERLAP_POSTERIOR,3,,OVERLAP_POSTERIOR inst=3 shared_probability_lower_bound=0.78516 change_prior=0.25 same_state=1
a,3658,EMPTY_INTERVAL_POSTERIOR,3,,EMPTY_INTERVAL_POSTERIOR inst=3 since=85566666667 support=19 judged=24 seen_through=0 measured=0 calibrated_source=1 log_ratio=0 change_prior=0.25 log_odds=-1.09861 empty=0
a,3659,INGEST_DECIDE,3,,INGEST_DECIDE inst=3 same_session_overlap=1 contradicted=0
a,3660,INGEST,5,,INGEST inst=5 first=82s seg_verts=5058 cur_verts=9753 observed_verts=0
a,3661,MOBILITY_PRIOR,5,,MOBILITY_PRIOR inst=5 session=0 class=2 changes=0 continuations=0 alpha=0.5 beta=1.5 q=0.25
a,3662,OVERLAP_POSTERIOR,5,,OVERLAP_POSTERIOR inst=5 shared_probability_lower_bound=0.820941 change_prior=0.25 same_state=1
a,3663,EMPTY_INTERVAL_POSTERIOR,5,,EMPTY_INTERVAL_POSTERIOR inst=5 since=82166666667 support=2279 judged=1681 seen_through=1 measured=1 calibrated_source=1 log_ratio=-5.58702 change_prior=0.25 log_odds=-6.68563 empty=0
a,3664,INGEST_DECIDE,5,,INGEST_DECIDE inst=5 same_session_overlap=1 contradicted=0
a,3665,INGEST,48,,INGEST inst=48 first=80s seg_verts=5478 cur_verts=5676 observed_verts=0
a,3666,MOBILITY_PRIOR,48,,MOBILITY_PRIOR inst=48 session=0 class=6 changes=1 continuations=0 alpha=1.8 beta=0.2 q=0.933333
a,3667,OVERLAP_POSTERIOR,48,,OVERLAP_POSTERIOR inst=48 shared_probability_lower_bound=0.996591 change_prior=0.933333 same_state=1
a,3668,EMPTY_INTERVAL_POSTERIOR,48,,EMPTY_INTERVAL_POSTERIOR inst=48 since=80366666667 support=13 judged=0 seen_through=0 measured=0 calibrated_source=1 log_ratio=0 change_prior=0.933333 log_odds=2.63906 empty=0
a,3669,INGEST_DECIDE,48,,INGEST_DECIDE inst=48 same_session_overlap=1 contradicted=0
a,3670,INGEST,52,,INGEST inst=52 first=82s seg_verts=15342 cur_verts=50175 observed_verts=0
a,3671,MOBILITY_PRIOR,52,,MOBILITY_PRIOR inst=52 session=0 class=6 changes=0 continuations=0 alpha=2.8 beta=0.2 q=0.933333
a,3672,OVERLAP_POSTERIOR,52,,OVERLAP_POSTERIOR inst=52 shared_probability_lower_bound=0.986105 change_prior=0.933333 same_state=1
a,3673,EMPTY_INTERVAL_POSTERIOR,52,,EMPTY_INTERVAL_POSTERIOR inst=52 since=82566666667 support=1814 judged=1265 seen_through=3 measured=1 calibrated_source=1 log_ratio=-5.02718 change_prior=0.933333 log_odds=-2.38812 empty=0
a,3674,INGEST_DECIDE,52,,INGEST_DECIDE inst=52 same_session_overlap=1 contradicted=0
a,3675,INGEST,54,,INGEST inst=54 first=79s seg_verts=2004 cur_verts=720 observed_verts=0
a,3676,MOBILITY_PRIOR,54,,MOBILITY_PRIOR inst=54 session=0 class=6 changes=0 continuations=0 alpha=2.8 beta=0.2 q=0.933333
a,3677,OVERLAP_POSTERIOR,54,,OVERLAP_POSTERIOR inst=54 shared_probability_lower_bound=0.939114 change_prior=0.933333 same_state=1
a,3678,EMPTY_INTERVAL_POSTERIOR,54,,EMPTY_INTERVAL_POSTERIOR inst=54 since=79566666667 support=61 judged=480 seen_through=0 measured=1 calibrated_source=1 log_ratio=-9.40012 change_prior=0.933333 log_odds=-6.76107 empty=0
a,3679,INGEST_DECIDE,54,,INGEST_DECIDE inst=54 same_session_overlap=1 contradicted=0
a,3680,INGEST,54,,INGEST inst=54 first=82s seg_verts=2145 cur_verts=2724 observed_verts=0
a,3681,MOBILITY_PRIOR,54,,MOBILITY_PRIOR inst=54 session=0 class=6 changes=0 continuations=0 alpha=2.8 beta=0.2 q=0.933333
a,3682,OVERLAP_POSTERIOR,54,,OVERLAP_POSTERIOR inst=54 shared_probability_lower_bound=0.980473 change_prior=0.933333 same_state=1
a,3683,EMPTY_INTERVAL_POSTERIOR,54,,EMPTY_INTERVAL_POSTERIOR inst=54 since=82866666667 support=61 judged=480 seen_through=0 measured=1 calibrated_source=1 log_ratio=-9.40012 change_prior=0.933333 log_odds=-6.76107 empty=0
a,3684,INGEST_DECIDE,54,,INGEST_DECIDE inst=54 same_session_overlap=1 contradicted=0
a,3685,INGEST,57,,INGEST inst=57 first=80s seg_verts=3930 cur_verts=8112 observed_verts=0
a,3686,MOBILITY_PRIOR,57,,MOBILITY_PRIOR inst=57 session=0 class=6 changes=0 continuations=0 alpha=2.8 beta=0.2 q=0.933333
a,3687,OVERLAP_POSTERIOR,57,,OVERLAP_POSTERIOR inst=57 shared_probability_lower_bound=0.974045 change_prior=0.933333 same_state=1
a,3688,EMPTY_INTERVAL_POSTERIOR,57,,EMPTY_INTERVAL_POSTERIOR inst=57 since=80066666667 support=885 judged=1013 seen_through=1 measured=1 calibrated_source=1 log_ratio=-3.61762 change_prior=0.933333 log_odds=-0.978564 empty=0
a,3689,INGEST_DECIDE,57,,INGEST_DECIDE inst=57 same_session_overlap=1 contradicted=0
a,3690,INGEST,68,,INGEST inst=68 first=78s seg_verts=3285 cur_verts=5622 observed_verts=0
a,3691,MOBILITY_PRIOR,68,,MOBILITY_PRIOR inst=68 session=0 class=9 changes=0 continuations=0 alpha=4.66667 beta=0.333333 q=0.933333
a,3692,OVERLAP_POSTERIOR,68,,OVERLAP_POSTERIOR inst=68 shared_probability_lower_bound=0.937034 change_prior=0.933333 same_state=1
a,3693,EMPTY_INTERVAL_POSTERIOR,68,,EMPTY_INTERVAL_POSTERIOR inst=68 since=78266666667 support=1916 judged=222 seen_through=0 measured=1 calibrated_source=1 log_ratio=-2.23971 change_prior=0.933333 log_odds=0.399349 empty=0
a,3694,INGEST_DECIDE,68,,INGEST_DECIDE inst=68 same_session_overlap=1 contradicted=0
a,3695,INGEST,69,,INGEST inst=69 first=79s seg_verts=1992 cur_verts=3897 observed_verts=0
a,3696,MOBILITY_PRIOR,69,,MOBILITY_PRIOR inst=69 session=0 class=9 changes=1 continuations=0 alpha=3.66667 beta=0.333333 q=0.933333
a,3697,OVERLAP_POSTERIOR,69,,OVERLAP_POSTERIOR inst=69 shared_probability_lower_bound=0.984256 change_prior=0.933333 same_state=1
a,3698,EMPTY_INTERVAL_POSTERIOR,69,,EMPTY_INTERVAL_POSTERIOR inst=69 since=79066666667 support=981 judged=454 seen_through=2 measured=1 calibrated_source=1 log_ratio=-3.87451 change_prior=0.933333 log_odds=-1.23546 empty=0
a,3699,INGEST_DECIDE,69,,INGEST_DECIDE inst=69 same_session_overlap=1 contradicted=0
a,3700,INGEST,71,,INGEST inst=71 first=79s seg_verts=1758 cur_verts=4746 observed_verts=0
a,3701,MOBILITY_PRIOR,71,,MOBILITY_PRIOR inst=71 session=0 class=9 changes=1 continuations=0 alpha=3.66667 beta=0.333333 q=0.933333
a,3702,OVERLAP_POSTERIOR,71,,OVERLAP_POSTERIOR inst=71 shared_probability_lower_bound=0.992125 change_prior=0.933333 same_state=1
a,3703,EMPTY_INTERVAL_POSTERIOR,71,,EMPTY_INTERVAL_POSTERIOR inst=71 since=79966666667 support=615 judged=511 seen_through=2 measured=1 calibrated_source=1 log_ratio=-3.93934 change_prior=0.933333 log_odds=-1.30029 empty=0
a,3704,INGEST_DECIDE,71,,INGEST_DECIDE inst=71 same_session_overlap=1 contradicted=0
a,3705,INGEST,72,,INGEST inst=72 first=79s seg_verts=2379 cur_verts=7155 observed_verts=0
a,3706,MOBILITY_PRIOR,72,,MOBILITY_PRIOR inst=72 session=0 class=9 changes=0 continuations=0 alpha=4.66667 beta=0.333333 q=0.933333
a,3707,OVERLAP_POSTERIOR,72,,OVERLAP_POSTERIOR inst=72 shared_probability_lower_bound=0.980898 change_prior=0.933333 same_state=1
a,3708,EMPTY_INTERVAL_POSTERIOR,72,,EMPTY_INTERVAL_POSTERIOR inst=72 since=79566666667 support=969 judged=763 seen_through=12 measured=1 calibrated_source=1 log_ratio=-2.14042 change_prior=0.933333 log_odds=0.498641 empty=0
a,3709,INGEST_DECIDE,72,,INGEST_DECIDE inst=72 same_session_overlap=1 contradicted=0
a,3710,INGEST,77,,INGEST inst=77 first=82s seg_verts=1980 cur_verts=1440 observed_verts=0
a,3711,MOBILITY_PRIOR,77,,MOBILITY_PRIOR inst=77 session=0 class=11 changes=0 continuations=0 alpha=0.5 beta=1.5 q=0.25
a,3712,OVERLAP_POSTERIOR,77,,OVERLAP_POSTERIOR inst=77 shared_probability_lower_bound=0.843649 change_prior=0.25 same_state=1
a,3713,EMPTY_INTERVAL_POSTERIOR,77,,EMPTY_INTERVAL_POSTERIOR inst=77 since=82566666667 support=7 judged=448 seen_through=1 measured=1 calibrated_source=1 log_ratio=-4.2729 change_prior=0.25 log_odds=-5.37152 empty=0
a,3714,INGEST_DECIDE,77,,INGEST_DECIDE inst=77 same_session_overlap=1 contradicted=0
a,3715,INGEST,89,,INGEST inst=89 first=80s seg_verts=6417 cur_verts=24114 observed_verts=0
a,3716,MOBILITY_PRIOR,89,,MOBILITY_PRIOR inst=89 session=0 class=15 changes=0 continuations=0 alpha=1.83333 beta=0.166667 q=0.916667
a,3717,OVERLAP_POSTERIOR,89,,OVERLAP_POSTERIOR inst=89 shared_probability_lower_bound=0.933415 change_prior=0.916667 same_state=1
a,3718,EMPTY_INTERVAL_POSTERIOR,89,,EMPTY_INTERVAL_POSTERIOR inst=89 since=80366666667 support=3538 judged=880 seen_through=1 measured=1 calibrated_source=1 log_ratio=-3.99385 change_prior=0.916667 log_odds=-1.59595 empty=0
a,3719,INGEST_DECIDE,89,,INGEST_DECIDE inst=89 same_session_overlap=1 contradicted=0
a,3720,INGEST,112,,INGEST inst=112 first=80s seg_verts=5979 cur_verts=11271 observed_verts=0
a,3721,MOBILITY_PRIOR,112,,MOBILITY_PRIOR inst=112 session=0 class=20 changes=0 continuations=0 alpha=0.5 beta=1.5 q=0.25
a,3722,OVERLAP_POSTERIOR,112,,OVERLAP_POSTERIOR inst=112 shared_probability_lower_bound=0.548963 change_prior=0.25 same_state=1
a,3723,EMPTY_INTERVAL_POSTERIOR,112,,EMPTY_INTERVAL_POSTERIOR inst=112 since=80866666667 support=3593 judged=1250 seen_through=1 measured=1 calibrated_source=1 log_ratio=-4.64094 change_prior=0.25 log_odds=-5.73955 empty=0
a,3724,INGEST_DECIDE,112,,INGEST_DECIDE inst=112 same_session_overlap=1 contradicted=0
a,3725,INGEST,126,,INGEST inst=126 first=79s seg_verts=432 cur_verts=930 observed_verts=0
a,3726,MOBILITY_PRIOR,126,,MOBILITY_PRIOR inst=126 session=0 class=24 changes=0 continuations=0 alpha=0.5 beta=1.5 q=0.25
a,3727,OVERLAP_POSTERIOR,126,,OVERLAP_POSTERIOR inst=126 shared_probability_lower_bound=0.485018 change_prior=0.25 same_state=1
a,3728,EMPTY_INTERVAL_POSTERIOR,126,,EMPTY_INTERVAL_POSTERIOR inst=126 since=79166666667 support=241 judged=95 seen_through=0 measured=1 calibrated_source=1 log_ratio=-2.65559 change_prior=0.25 log_odds=-3.75421 empty=0
a,3729,INGEST_DECIDE,126,,INGEST_DECIDE inst=126 same_session_overlap=1 contradicted=0
a,3730,INGEST,163,,INGEST inst=163 first=79s seg_verts=3798 cur_verts=6903 observed_verts=0
a,3731,MOBILITY_PRIOR,163,,MOBILITY_PRIOR inst=163 session=0 class=35 changes=0 continuations=0 alpha=1.83333 beta=0.166667 q=0.916667
a,3732,OVERLAP_POSTERIOR,163,,OVERLAP_POSTERIOR inst=163 shared_probability_lower_bound=0.947013 change_prior=0.916667 same_state=1
a,3733,EMPTY_INTERVAL_POSTERIOR,163,,EMPTY_INTERVAL_POSTERIOR inst=163 since=79066666667 support=1380 judged=841 seen_through=7 measured=1 calibrated_source=1 log_ratio=-3.02967 change_prior=0.916667 log_odds=-0.631775 empty=0
a,3734,INGEST_DECIDE,163,,INGEST_DECIDE inst=163 same_session_overlap=1 contradicted=0
a,3735,INGEST,164,,INGEST inst=164 first=78s seg_verts=1536 cur_verts=2895 observed_verts=0
a,3736,MOBILITY_PRIOR,164,,MOBILITY_PRIOR inst=164 session=0 class=35 changes=0 continuations=0 alpha=1.83333 beta=0.166667 q=0.916667
a,3737,OVERLAP_POSTERIOR,164,,OVERLAP_POSTERIOR inst=164 shared_probability_lower_bound=0.969618 change_prior=0.916667 same_state=1
a,3738,EMPTY_INTERVAL_POSTERIOR,164,,EMPTY_INTERVAL_POSTERIOR inst=164 since=78866666667 support=700 judged=302 seen_through=7 measured=1 calibrated_source=1 log_ratio=-1.43834 change_prior=0.916667 log_odds=0.959558 empty=0
a,3739,INGEST_DECIDE,164,,INGEST_DECIDE inst=164 same_session_overlap=1 contradicted=0
a,3750,OBJECT_EXTRACTION_INPUT,88,,OBJECT_EXTRACTION_INPUT inst=88 first=95433333333 last=100100000000 observations=141 dynamic=0 motion_history=0 last_motion=0 displacement=0 static_fallback=0
a,3751,STATIC_SURFACE_FRAMES,88,,STATIC_SURFACE_FRAMES inst=88 candidates=47 selected=47 first=95466666667 last=100066666667
a,3760,OBJECT_EXTRACTION_INPUT,5,,OBJECT_EXTRACTION_INPUT inst=5 first=94166666667 last=100300000000 observations=185 dynamic=0 motion_history=0 last_motion=0 displacement=0 static_fallback=0
a,3761,STATIC_SURFACE_FRAMES,5,,STATIC_SURFACE_FRAMES inst=5 candidates=62 selected=62 first=94166666667 last=100266666667
a,3762,OBJECT_EXTRACTION_INPUT,77,,OBJECT_EXTRACTION_INPUT inst=77 first=95766666667 last=101266666667 observations=166 dynamic=0 motion_history=0 last_motion=0 displacement=0 static_fallback=0
a,3763,STATIC_SURFACE_FRAMES,77,,STATIC_SURFACE_FRAMES inst=77 candidates=56 selected=56 first=95766666667 last=101266666667
a,3765,OBJECT_EXTRACTION_INPUT,154,,OBJECT_EXTRACTION_INPUT inst=154 first=95866666667 last=101666666667 observations=175 dynamic=0 motion_history=0 last_motion=0 displacement=0 static_fallback=0
a,3766,STATIC_SURFACE_FRAMES,154,,STATIC_SURFACE_FRAMES inst=154 candidates=59 selected=59 first=95866666667 last=101666666667
a,3775,OBJECT_EXTRACTION_INPUT,6,,OBJECT_EXTRACTION_INPUT inst=6 first=99933333333 last=103433333333 observations=106 dynamic=0 motion_history=0 last_motion=0 displacement=0 static_fallback=0
a,3776,STATIC_SURFACE_FRAMES,6,,STATIC_SURFACE_FRAMES inst=6 candidates=35 selected=35 first=99966666667 last=103366666667
a,3778,OBJECT_EXTRACTION_INPUT,53,,OBJECT_EXTRACTION_INPUT inst=53 first=100700000000 last=104133333333 observations=104 dynamic=0 motion_history=0 last_motion=0 displacement=0 static_fallback=0
a,3779,STATIC_SURFACE_FRAMES,53,,STATIC_SURFACE_FRAMES inst=53 candidates=34 selected=34 first=100766666667 last=104066666667
a,3780,OBJECT_EXTRACTION_INPUT,116,,OBJECT_EXTRACTION_INPUT inst=116 first=100666666667 last=104266666667 observations=109 dynamic=0 motion_history=0 last_motion=0 displacement=0 static_fallback=0
a,3781,OBJECT_EXTRACTION_INPUT,115,,OBJECT_EXTRACTION_INPUT inst=115 first=100733333333 last=104566666667 observations=116 dynamic=0 motion_history=0 last_motion=0 displacement=0 static_fallback=0
a,3782,STATIC_SURFACE_FRAMES,116,,STATIC_SURFACE_FRAMES inst=116 candidates=37 selected=37 first=100666666667 last=104266666667
a,3783,STATIC_SURFACE_FRAMES,115,,STATIC_SURFACE_FRAMES inst=115 candidates=39 selected=39 first=100766666667 last=104566666667
a,3784,OBJECT_EXTRACTION_INPUT,54,,OBJECT_EXTRACTION_INPUT inst=54 first=96100000000 last=104900000000 observations=178 dynamic=0 motion_history=0 last_motion=0 displacement=0 static_fallback=0
a,3785,OBJECT_EXTRACTION_INPUT,2,,OBJECT_EXTRACTION_INPUT inst=2 first=96200000000 last=104900000000 observations=160 dynamic=0 motion_history=0 last_motion=0 displacement=0 static_fallback=0
a,3786,STATIC_SURFACE_FRAMES,2,,STATIC_SURFACE_FRAMES inst=2 candidates=53 selected=53 first=96366666667 last=104866666667
a,3787,STATIC_SURFACE_FRAMES,54,,STATIC_SURFACE_FRAMES inst=54 candidates=57 selected=57 first=96366666667 last=104866666667
a,3788,OBJECT_EXTRACTION_INPUT,52,,OBJECT_EXTRACTION_INPUT inst=52 first=104933333333 last=105900000000 observations=30 dynamic=0 motion_history=0 last_motion=0 displacement=0 static_fallback=0
a,3789,STATIC_SURFACE_FRAMES,52,,STATIC_SURFACE_FRAMES inst=52 candidates=10 selected=10 first=104966666667 last=105866666667
a,3798,STATE_EVIDENCE_WINDOW,2,,STATE_EVIDENCE_WINDOW inst=2 after=91033333333 latest_measured_support=96766666667 through=108900000000 projected=0 support=2 contradiction=1 reliable=464 reliable_in_view=459 reliable_seen_through=0 absence_llr=0 absent_samples=0 total_samples=661 absence_coverage_sufficient=0
a,3799,STATE_SLICE,2,108900000000,STATE_SLICE inst=2 stamp=108900000000 inherited_sup=2 inherited_con=1 inherited_samples=661 inherited_supported=3 inherited_free=2 inherited_repl_other=0 inherited_repl_bg=0 inherited_occ=0 inherited_unobs=0 session_sup=0 session_con=0 session_samples=0 cur_verts=1983 candidate_verts=0
a,3800,EVIDENCE,2,,EVIDENCE inst=2 inherited_support=2 inherited_contradiction=1 session_support=0 session_contradiction=0 inherited_absent_flag=0 cur_verts=1983 observed_verts=0
a,3801,MOBILITY_PRIOR,2,,MOBILITY_PRIOR inst=2 session=0 class=1 changes=0 continuations=0 alpha=0.5 beta=1.5 q=0.25
a,3802,TOP_ABSORB_POSTERIOR,2,,TOP_ABSORB_POSTERIOR inst=2 measurement=confirmed_current change_prior=0.25 geometry_factor_or_bound=1 geometry_evaluated=0 candidate_vertices=0 effective_cells=0 off_share=unmeasured legacy_same_site=1 absorb=1
a,3803,MOBILITY_PRIOR,2,,MOBILITY_PRIOR inst=2 session=0 class=1 changes=0 continuations=0 alpha=0.5 beta=1.5 q=0.25
a,3804,TOP_ABSORB,2,,TOP_ABSORB inst=2 geom=0 support=2 high_mobility=0 absorb=1
a,3805,STATE_EVIDENCE_WINDOW,3,,STATE_EVIDENCE_WINDOW inst=3 after=86066666667 latest_measured_support=0 through=108900000000 projected=0 support=0 contradiction=0 reliable=26 reliable_in_view=0 reliable_seen_through=0 absence_llr=0 absent_samples=0 total_samples=189 absence_coverage_sufficient=0
a,3806,STATE_SLICE,3,108900000000,STATE_SLICE inst=3 stamp=108900000000 inherited_sup=0 inherited_con=0 inherited_samples=189 inherited_supported=0 inherited_free=0 inherited_repl_other=0 inherited_repl_bg=0 inherited_occ=0 inherited_unobs=189 session_sup=0 session_con=0 session_samples=0 cur_verts=567 candidate_verts=0
a,3807,EVIDENCE,3,,EVIDENCE inst=3 inherited_support=0 inherited_contradiction=0 session_support=0 session_contradiction=0 inherited_absent_flag=0 cur_verts=567 observed_verts=0
a,3808,STATE_EVIDENCE_WINDOW,5,,STATE_EVIDENCE_WINDOW inst=5 after=98066666667 latest_measured_support=99800000000 through=108900000000 projected=1 support=420 contradiction=0 reliable=1170 reliable_in_view=456 reliable_seen_through=1 absence_llr=0 absent_samples=0 total_samples=355 absence_coverage_sufficient=0
a,3809,STATE_SLICE,5,108900000000,STATE_SLICE inst=5 stamp=108900000000 inherited_sup=420 inherited_con=0 inherited_samples=355 inherited_supported=420 inherited_free=0 inherited_repl_other=0 inherited_repl_bg=0 inherited_occ=41 inherited_unobs=217 session_sup=0 session_con=0 session_samples=0 cur_verts=14811 candidate_verts=0
a,3810,EVIDENCE,5,,EVIDENCE inst=5 inherited_support=420 inherited_contradiction=0 session_support=0 session_contradiction=0 inherited_absent_flag=0 cur_verts=14811 observed_verts=0
a,3811,MOBILITY_PRIOR,5,,MOBILITY_PRIOR inst=5 session=0 class=2 changes=0 continuations=0 alpha=0.5 beta=1.5 q=0.25
a,3812,TOP_ABSORB_POSTERIOR,5,,TOP_ABSORB_POSTERIOR inst=5 measurement=confirmed_current change_prior=0.25 geometry_factor_or_bound=1 geometry_evaluated=0 candidate_vertices=0 effective_cells=0 off_share=unmeasured legacy_same_site=1 absorb=1
a,3813,MOBILITY_PRIOR,5,,MOBILITY_PRIOR inst=5 session=0 class=2 changes=0 continuations=0 alpha=0.5 beta=1.5 q=0.25
a,3814,TOP_ABSORB,5,,TOP_ABSORB inst=5 geom=0 support=420 high_mobility=0 absorb=1
a,3815,STATE_EVIDENCE_WINDOW,7,,STATE_EVIDENCE_WINDOW inst=7 after=48033333333 latest_measured_support=0 through=108900000000 projected=0 support=0 contradiction=0 reliable=510 reliable_in_view=0 reliable_seen_through=0 absence_llr=0 absent_samples=0 total_samples=11707 absence_coverage_sufficient=0
a,3816,STATE_SLICE,7,108900000000,STATE_SLICE inst=7 stamp=108900000000 inherited_sup=0 inherited_con=0 inherited_samples=11707 inherited_supported=0 inherited_free=0 inherited_repl_other=0 inherited_repl_bg=0 inherited_occ=0 inherited_unobs=11707 session_sup=0 session_con=0 session_samples=0 cur_verts=35121 candidate_verts=0
a,3817,EVIDENCE,7,,EVIDENCE inst=7 inherited_support=0 inherited_contradiction=0 session_support=0 session_contradiction=0 inherited_absent_flag=0 cur_verts=35121 observed_verts=0
a,3818,STATE_EVIDENCE_WINDOW,21,,STATE_EVIDENCE_WINDOW inst=21 after=76400000000 latest_measured_support=0 through=108900000000 projected=0 support=0 contradiction=0 reliable=37 reliable_in_view=0 reliable_seen_through=0 absence_llr=0 absent_samples=0 total_samples=84 absence_coverage_sufficient=0
a,3819,STATE_SLICE,21,108900000000,STATE_SLICE inst=21 stamp=108900000000 inherited_sup=0 inherited_con=0 inherited_samples=84 inherited_supported=0 inherited_free=0 inherited_repl_other=0 inherited_repl_bg=0 inherited_occ=0 inherited_unobs=84 session_sup=0 session_con=0 session_samples=0 cur_verts=252 candidate_verts=0
a,3820,EVIDENCE,21,,EVIDENCE inst=21 inherited_support=0 inherited_contradiction=0 session_support=0 session_contradiction=0 inherited_absent_flag=0 cur_verts=252 observed_verts=0
a,3821,STATE_EVIDENCE_WINDOW,48,,STATE_EVIDENCE_WINDOW inst=48 after=86900000000 latest_measured_support=0 through=108900000000 projected=1 support=0 contradiction=3724 reliable=0 reliable_in_view=0 reliable_seen_through=0 absence_llr=0 absent_samples=239 total_samples=240 absence_coverage_sufficient=0
a,3822,STATE_SLICE,48,108900000000,STATE_SLICE inst=48 stamp=108900000000 inherited_sup=0 inherited_con=3724 inherited_samples=240 inherited_supported=0 inherited_free=3693 inherited_repl_other=0 inherited_repl_bg=104 inherited_occ=104 inherited_unobs=0 session_sup=0 session_con=0 session_samples=0 cur_verts=11154 candidate_verts=0
a,3823,EVIDENCE,48,,EVIDENCE inst=48 inherited_support=0 inherited_contradiction=3724 session_support=0 session_contradiction=0 inherited_absent_flag=0 cur_verts=11154 observed_verts=0
a,3824,STATE_EVIDENCE_WINDOW,49,,STATE_EVIDENCE_WINDOW inst=49 after=48266666667 latest_measured_support=0 through=108900000000 projected=0 support=0 contradiction=0 reliable=367 reliable_in_view=0 reliable_seen_through=0 absence_llr=0 absent_samples=0 total_samples=1043 absence_coverage_sufficient=0
a,3825,STATE_SLICE,49,108900000000,STATE_SLICE inst=49 stamp=108900000000 inherited_sup=0 inherited_con=0 inherited_samples=1043 inherited_supported=0 inherited_free=0 inherited_repl_other=0 inherited_repl_bg=0 inherited_occ=113 inherited_unobs=588 session_sup=0 session_con=0 session_samples=0 cur_verts=3129 candidate_verts=0
a,3826,EVIDENCE,49,,EVIDENCE inst=49 inherited_support=0 inherited_contradiction=0 session_support=0 session_contradiction=0 inherited_absent_flag=0 cur_verts=3129 observed_verts=0
a,3827,STATE_EVIDENCE_WINDOW,50,,STATE_EVIDENCE_WINDOW inst=50 after=46266666667 latest_measured_support=0 through=108900000000 projected=0 support=0 contradiction=0 reliable=411 reliable_in_view=0 reliable_seen_through=0 absence_llr=0 absent_samples=0 total_samples=1119 absence_coverage_sufficient=0
a,3828,STATE_SLICE,50,108900000000,STATE_SLICE inst=50 stamp=108900000000 inherited_sup=0 inherited_con=0 inherited_samples=1119 inherited_supported=0 inherited_free=0 inherited_repl_other=0 inherited_repl_bg=0 inherited_occ=0 inherited_unobs=1119 session_sup=0 session_con=0 session_samples=0 cur_verts=3357 candidate_verts=0
a,3829,EVIDENCE,50,,EVIDENCE inst=50 inherited_support=0 inherited_contradiction=0 session_support=0 session_contradiction=0 inherited_absent_flag=0 cur_verts=3357 observed_verts=0
a,3830,STATE_EVIDENCE_WINDOW,51,,STATE_EVIDENCE_WINDOW inst=51 after=53066666667 latest_measured_support=108900000000 through=108900000000 projected=1 support=32 contradiction=0 reliable=296 reliable_in_view=2 reliable_seen_through=0 absence_llr=0 absent_samples=0 total_samples=934 absence_coverage_sufficient=0
a,3831,STATE_SLICE,51,108900000000,STATE_SLICE inst=51 stamp=108900000000 inherited_sup=32 inherited_con=0 inherited_samples=934 inherited_supported=32 inherited_free=0 inherited_repl_other=0 inherited_repl_bg=0 inherited_occ=6758 inherited_unobs=0 session_sup=0 session_con=0 session_samples=0 cur_verts=38454 candidate_verts=0
a,3832,EVIDENCE,51,,EVIDENCE inst=51 inherited_support=32 inherited_contradiction=0 session_support=0 session_contradiction=0 inherited_absent_flag=0 cur_verts=38454 observed_verts=0
a,3833,MOBILITY_PRIOR,51,,MOBILITY_PRIOR inst=51 session=0 class=6 changes=0 continuations=0 alpha=2.8 beta=0.2 q=0.933333
a,3834,TOP_ABSORB_POSTERIOR,51,,TOP_ABSORB_POSTERIOR inst=51 measurement=confirmed_current change_prior=0.933333 geometry_factor_or_bound=1 geometry_evaluated=0 candidate_vertices=0 effective_cells=0 off_share=unmeasured legacy_same_site=0 absorb=0
a,3835,MOBILITY_PRIOR,51,,MOBILITY_PRIOR inst=51 session=0 class=6 changes=0 continuations=0 alpha=2.8 beta=0.2 q=0.933333
a,3836,TOP_ABSORB,51,,TOP_ABSORB inst=51 geom=0 support=32 high_mobility=1 absorb=0
a,3837,STATE_EVIDENCE_WINDOW,52,,STATE_EVIDENCE_WINDOW inst=52 after=89266666667 latest_measured_support=105000000000 through=108900000000 projected=0 support=4 contradiction=0 reliable=490 reliable_in_view=99 reliable_seen_through=0 absence_llr=0 absent_samples=0 total_samples=21839 absence_coverage_sufficient=0
a,3838,STATE_SLICE,52,108900000000,STATE_SLICE inst=52 stamp=108900000000 inherited_sup=4 inherited_con=0 inherited_samples=21839 inherited_supported=669 inherited_free=0 inherited_repl_other=0 inherited_repl_bg=0 inherited_occ=733 inherited_unobs=6977 session_sup=0 session_con=0 session_samples=0 cur_verts=65517 candidate_verts=0
a,3839,EVIDENCE,52,,EVIDENCE inst=52 inherited_support=4 inherited_contradiction=0 session_support=0 session_contradiction=0 inherited_absent_flag=0 cur_verts=65517 observed_verts=0
a,3840,MOBILITY_PRIOR,52,,MOBILITY_PRIOR inst=52 session=0 class=6 changes=0 continuations=0 alpha=2.8 beta=0.2 q=0.933333
a,3841,TOP_ABSORB_POSTERIOR,52,,TOP_ABSORB_POSTERIOR inst=52 measurement=confirmed_current change_prior=0.933333 geometry_factor_or_bound=1 geometry_evaluated=0 candidate_vertices=0 effective_cells=0 off_share=unmeasured legacy_same_site=0 absorb=0
a,3842,MOBILITY_PRIOR,52,,MOBILITY_PRIOR inst=52 session=0 class=6 changes=0 continuations=0 alpha=2.8 beta=0.2 q=0.933333
a,3843,TOP_ABSORB,52,,TOP_ABSORB inst=52 geom=0 support=4 high_mobility=1 absorb=0
a,3844,STATE_EVIDENCE_WINDOW,54,,STATE_EVIDENCE_WINDOW inst=54 after=90766666667 latest_measured_support=96766666667 through=108900000000 projected=0 support=10 contradiction=5 reliable=787 reliable_in_view=787 reliable_seen_through=0 absence_llr=0 absent_samples=0 total_samples=1623 absence_coverage_sufficient=0
a,3845,STATE_SLICE,54,108900000000,STATE_SLICE inst=54 stamp=108900000000 inherited_sup=10 inherited_con=5 inherited_samples=1623 inherited_supported=171 inherited_free=7 inherited_repl_other=0 inherited_repl_bg=0 inherited_occ=0 inherited_unobs=0 session_sup=0 session_con=0 session_samples=0 cur_verts=4869 candidate_verts=0
a,3846,EVIDENCE,54,,EVIDENCE inst=54 inherited_support=10 inherited_contradiction=5 session_support=0 session_contradiction=0 inherited_absent_flag=0 cur_verts=4869 observed_verts=0
a,3847,MOBILITY_PRIOR,54,,MOBILITY_PRIOR inst=54 session=0 class=6 changes=0 continuations=0 alpha=2.8 beta=0.2 q=0.933333
a,3848,TOP_ABSORB_POSTERIOR,54,,TOP_ABSORB_POSTERIOR inst=54 measurement=confirmed_current change_prior=0.933333 geometry_factor_or_bound=1 geometry_evaluated=0 candidate_vertices=0 effective_cells=0 off_share=unmeasured legacy_same_site=0 absorb=0
a,3849,MOBILITY_PRIOR,54,,MOBILITY_PRIOR inst=54 session=0 class=6 changes=0 continuations=0 alpha=2.8 beta=0.2 q=0.933333
a,3850,TOP_ABSORB,54,,TOP_ABSORB inst=54 geom=0 support=10 high_mobility=1 absorb=0
a,3851,STATE_EVIDENCE_WINDOW,55,,STATE_EVIDENCE_WINDOW inst=55 after=49133333333 latest_measured_support=0 through=108900000000 projected=0 support=0 contradiction=0 reliable=523 reliable_in_view=0 reliable_seen_through=0 absence_llr=0 absent_samples=0 total_samples=2965 absence_coverage_sufficient=0
a,3852,STATE_SLICE,55,108900000000,STATE_SLICE inst=55 stamp=108900000000 inherited_sup=0 inherited_con=0 inherited_samples=2965 inherited_supported=0 inherited_free=0 inherited_repl_other=0 inherited_repl_bg=0 inherited_occ=142 inherited_unobs=2258 session_sup=0 session_con=0 session_samples=0 cur_verts=8895 candidate_verts=0
a,3853,EVIDENCE,55,,EVIDENCE inst=55 inherited_support=0 inherited_contradiction=0 session_support=0 session_contradiction=0 inherited_absent_flag=0 cur_verts=8895 observed_verts=0
a,3854,STATE_EVIDENCE_WINDOW,56,,STATE_EVIDENCE_WINDOW inst=56 after=76900000000 latest_measured_support=108900000000 through=108900000000 projected=1 support=100 contradiction=0 reliable=196 reliable_in_view=14 reliable_seen_through=0 absence_llr=0 absent_samples=0 total_samples=1500 absence_coverage_sufficient=0
a,3855,STATE_SLICE,56,108900000000,STATE_SLICE inst=56 stamp=108900000000 inherited_sup=100 inherited_con=0 inherited_samples=1500 inherited_supported=100 inherited_free=0 inherited_repl_other=0 inherited_repl_bg=0 inherited_occ=165 inherited_unobs=1266 session_sup=0 session_con=0 session_samples=0 cur_verts=63246 candidate_verts=0
a,3856,EVIDENCE,56,,EVIDENCE inst=56 inherited_support=100 inherited_contradiction=0 session_support=0 session_contradiction=0 inherited_absent_flag=0 cur_verts=63246 observed_verts=0
a,3857,MOBILITY_PRIOR,56,,MOBILITY_PRIOR inst=56 session=0 class=6 changes=0 continuations=0 alpha=2.8 beta=0.2 q=0.933333
a,3858,TOP_ABSORB_POSTERIOR,56,,TOP_ABSORB_POSTERIOR inst=56 measurement=confirmed_current change_prior=0.933333 geometry_factor_or_bound=1 geometry_evaluated=0 candidate_vertices=0 effective_cells=0 off_share=unmeasured legacy_same_site=0 absorb=0
a,3859,MOBILITY_PRIOR,56,,MOBILITY_PRIOR inst=56 session=0 class=6 changes=0 continuations=0 alpha=2.8 beta=0.2 q=0.933333
a,3860,TOP_ABSORB,56,,TOP_ABSORB inst=56 geom=0 support=100 high_mobility=1 absorb=0
a,3861,STATE_EVIDENCE_WINDOW,57,,STATE_EVIDENCE_WINDOW inst=57 after=86733333333 latest_measured_support=0 through=108900000000 projected=0 support=0 contradiction=0 reliable=995 reliable_in_view=0 reliable_seen_through=0 absence_llr=0 absent_samples=0 total_samples=4014 absence_coverage_sufficient=0
a,3862,STATE_SLICE,57,108900000000,STATE_SLICE inst=57 stamp=108900000000 inherited_sup=0 inherited_con=0 inherited_samples=4014 inherited_supported=0 inherited_free=0 inherited_repl_other=0 inherited_repl_bg=0 inherited_occ=0 inherited_unobs=4014 session_sup=0 session_con=0 session_samples=0 cur_verts=12042 candidate_verts=0
a,3863,EVIDENCE,57,,EVIDENCE inst=57 inherited_support=0 inherited_contradiction=0 session_support=0 session_contradiction=0 inherited_absent_flag=0 cur_verts=12042 observed_verts=0
a,3864,STATE_EVIDENCE_WINDOW,68,,STATE_EVIDENCE_WINDOW inst=68 after=84900000000 latest_measured_support=105866666667 through=108900000000 projected=0 support=378 contradiction=319 reliable=651 reliable_in_view=628 reliable_seen_through=11 absence_llr=0 absent_samples=0 total_samples=2969 absence_coverage_sufficient=0
a,3865,STATE_SLICE,68,108900000000,STATE_SLICE inst=68 stamp=108900000000 inherited_sup=378 inherited_con=319 inherited_samples=2969 inherited_supported=18668 inherited_free=1874 inherited_repl_other=453 inherited_repl_bg=841 inherited_occ=14963 inherited_unobs=0 session_sup=0 session_con=0 session_samples=0 cur_verts=8907 candidate_verts=0
a,3866,EVIDENCE,68,,EVIDENCE inst=68 inherited_support=378 inherited_contradiction=319 session_support=0 session_contradiction=0 inherited_absent_flag=0 cur_verts=8907 observed_verts=0
a,3867,MOBILITY_PRIOR,68,,MOBILITY_PRIOR inst=68 session=0 class=9 changes=0 continuations=0 alpha=4.66667 beta=0.333333 q=0.933333
a,3868,TOP_ABSORB_POSTERIOR,68,,TOP_ABSORB_POSTERIOR inst=68 measurement=confirmed_current change_prior=0.933333 geometry_factor_or_bound=1 geometry_evaluated=0 candidate_vertices=0 effective_cells=0 off_share=unmeasured legacy_same_site=0 absorb=0
a,3869,MOBILITY_PRIOR,68,,MOBILITY_PRIOR inst=68 session=0 class=9 changes=0 continuations=0 alpha=4.66667 beta=0.333333 q=0.933333
a,3870,TOP_ABSORB,68,,TOP_ABSORB inst=68 geom=0 support=378 high_mobility=1 absorb=0
a,3871,STATE_EVIDENCE_WINDOW,69,,STATE_EVIDENCE_WINDOW inst=69 after=85733333333 latest_measured_support=0 through=108900000000 projected=1 support=0 contradiction=805 reliable=443 reliable_in_view=143 reliable_seen_through=143 absence_llr=100.825 absent_samples=105 total_samples=107 absence_coverage_sufficient=1
a,3872,STATE_SLICE,69,108900000000,STATE_SLICE inst=69 stamp=108900000000 inherited_sup=0 inherited_con=805 inherited_samples=107 inherited_supported=0 inherited_free=700 inherited_repl_other=0 inherited_repl_bg=125 inherited_occ=570 inherited_unobs=0 session_sup=0 session_con=0 session_samples=0 cur_verts=5889 candidate_verts=0
a,3873,EVIDENCE,69,,EVIDENCE inst=69 inherited_support=0 inherited_contradiction=805 session_support=0 session_contradiction=0 inherited_absent_flag=1 cur_verts=5889 observed_verts=0
a,3874,TOP_CLOSE,69,,TOP_CLOSE inst=69 by_new_site=0 by_observed_absence=1 support=0 contradiction=805 cur_verts=5889
a,3875,STATE_EVIDENCE_WINDOW,70,,STATE_EVIDENCE_WINDOW inst=70 after=85500000000 latest_measured_support=0 through=108900000000 projected=0 support=0 contradiction=0 reliable=6 reliable_in_view=0 reliable_seen_through=0 absence_llr=0 absent_samples=0 total_samples=1001 absence_coverage_sufficient=0
a,3876,STATE_SLICE,70,108900000000,STATE_SLICE inst=70 stamp=108900000000 inherited_sup=0 inherited_con=0 inherited_samples=1001 inherited_supported=0 inherited_free=0 inherited_repl_other=0 inherited_repl_bg=0 inherited_occ=0 inherited_unobs=1001 session_sup=0 session_con=0 session_samples=0 cur_verts=3003 candidate_verts=0
a,3877,EVIDENCE,70,,EVIDENCE inst=70 inherited_support=0 inherited_contradiction=0 session_support=0 session_contradiction=0 inherited_absent_flag=0 cur_verts=3003 observed_verts=0
a,3878,STATE_EVIDENCE_WINDOW,71,,STATE_EVIDENCE_WINDOW inst=71 after=86233333333 latest_measured_support=0 through=108900000000 projected=1 support=0 contradiction=209 reliable=500 reliable_in_view=156 reliable_seen_through=156 absence_llr=97.4518 absent_samples=96 total_samples=109 absence_coverage_sufficient=1
a,3879,STATE_SLICE,71,108900000000,STATE_SLICE inst=71 stamp=108900000000 inherited_sup=0 inherited_con=209 inherited_samples=109 inherited_supported=0 inherited_free=194 inherited_repl_other=16 inherited_repl_bg=0 inherited_occ=63 inherited_unobs=0 session_sup=0 session_con=0 session_samples=0 cur_verts=6504 candidate_verts=0
a,3880,EVIDENCE,71,,EVIDENCE inst=71 inherited_support=0 inherited_contradiction=209 session_support=0 session_contradiction=0 inherited_absent_flag=1 cur_verts=6504 observed_verts=0
a,3881,TOP_CLOSE,71,,TOP_CLOSE inst=71 by_new_site=0 by_observed_absence=1 support=0 contradiction=209 cur_verts=6504
a,3882,STATE_EVIDENCE_WINDOW,72,,STATE_EVIDENCE_WINDOW inst=72 after=86366666667 latest_measured_support=0 through=108900000000 projected=1 support=0 contradiction=652 reliable=761 reliable_in_view=314 reliable_seen_through=278 absence_llr=55.0657 absent_samples=109 total_samples=128 absence_coverage_sufficient=1
a,3883,STATE_SLICE,72,108900000000,STATE_SLICE inst=72 stamp=108900000000 inherited_sup=0 inherited_con=652 inherited_samples=128 inherited_supported=0 inherited_free=555 inherited_repl_other=72 inherited_repl_bg=35 inherited_occ=695 inherited_unobs=0 session_sup=0 session_con=0 session_samples=0 cur_verts=9534 candidate_verts=0
a,3884,EVIDENCE,72,,EVIDENCE inst=72 inherited_support=0 inherited_contradiction=652 session_support=0 session_contradiction=0 inherited_absent_flag=1 cur_verts=9534 observed_verts=0
a,3885,TOP_CLOSE,72,,TOP_CLOSE inst=72 by_new_site=0 by_observed_absence=1 support=0 contradiction=652 cur_verts=9534
a,3886,STATE_EVIDENCE_WINDOW,77,,STATE_EVIDENCE_WINDOW inst=77 after=89233333333 latest_measured_support=97200000000 through=108900000000 projected=0 support=12 contradiction=10 reliable=578 reliable_in_view=468 reliable_seen_through=0 absence_llr=0 absent_samples=0 total_samples=1140 absence_coverage_sufficient=0
a,3887,STATE_SLICE,77,108900000000,STATE_SLICE inst=77 stamp=108900000000 inherited_sup=12 inherited_con=10 inherited_samples=1140 inherited_supported=129 inherited_free=3 inherited_repl_other=84 inherited_repl_bg=0 inherited_occ=0 inherited_unobs=0 session_sup=0 session_con=0 session_samples=0 cur_verts=3420 candidate_verts=0
a,3888,EVIDENCE,77,,EVIDENCE inst=77 inherited_support=12 inherited_contradiction=10 session_support=0 session_contradiction=0 inherited_absent_flag=0 cur_verts=3420 observed_verts=0
a,3889,MOBILITY_PRIOR,77,,MOBILITY_PRIOR inst=77 session=0 class=11 changes=0 continuations=0 alpha=0.5 beta=1.5 q=0.25
a,3890,TOP_ABSORB_POSTERIOR,77,,TOP_ABSORB_POSTERIOR inst=77 measurement=confirmed_current change_prior=0.25 geometry_factor_or_bound=1 geometry_evaluated=0 candidate_vertices=0 effective_cells=0 off_share=unmeasured legacy_same_site=1 absorb=1
a,3891,MOBILITY_PRIOR,77,,MOBILITY_PRIOR inst=77 session=0 class=11 changes=0 continuations=0 alpha=0.5 beta=1.5 q=0.25
a,3892,TOP_ABSORB,77,,TOP_ABSORB inst=77 geom=0 support=12 high_mobility=0 absorb=1
a,3893,STATE_EVIDENCE_WINDOW,88,,STATE_EVIDENCE_WINDOW inst=88 after=98066666667 latest_measured_support=99800000000 through=108900000000 projected=1 support=56 contradiction=2 reliable=159 reliable_in_view=130 reliable_seen_through=0 absence_llr=0 absent_samples=2 total_samples=28 absence_coverage_sufficient=0
a,3894,STATE_SLICE,88,108900000000,STATE_SLICE inst=88 stamp=108900000000 inherited_sup=56 inherited_con=2 inherited_samples=28 inherited_supported=56 inherited_free=0 inherited_repl_other=2 inherited_repl_bg=0 inherited_occ=1 inherited_unobs=5 session_sup=0 session_con=0 session_samples=0 cur_verts=735 candidate_verts=0
a,3895,EVIDENCE,88,,EVIDENCE inst=88 inherited_support=56 inherited_contradiction=2 session_support=0 session_contradiction=0 inherited_absent_flag=0 cur_verts=735 observed_verts=0
a,3896,MOBILITY_PRIOR,88,,MOBILITY_PRIOR inst=88 session=0 class=14 changes=0 continuations=0 alpha=0.5 beta=1.5 q=0.25
a,3897,TOP_ABSORB_POSTERIOR,88,,TOP_ABSORB_POSTERIOR inst=88 measurement=confirmed_current change_prior=0.25 geometry_factor_or_bound=1 geometry_evaluated=0 candidate_vertices=0 effective_cells=0 off_share=unmeasured legacy_same_site=1 absorb=1
a,3898,MOBILITY_PRIOR,88,,MOBILITY_PRIOR inst=88 session=0 class=14 changes=0 continuations=0 alpha=0.5 beta=1.5 q=0.25
a,3899,TOP_ABSORB,88,,TOP_ABSORB inst=88 geom=0 support=56 high_mobility=0 absorb=1
a,3900,STATE_EVIDENCE_WINDOW,89,,STATE_EVIDENCE_WINDOW inst=89 after=87166666667 latest_measured_support=108900000000 through=108900000000 projected=1 support=322 contradiction=1068 reliable=784 reliable_in_view=175 reliable_seen_through=109 absence_llr=8.082 absent_samples=249 total_samples=412 absence_coverage_sufficient=1
a,3901,STATE_SLICE,89,108900000000,STATE_SLICE inst=89 stamp=108900000000 inherited_sup=322 inherited_con=1068 inherited_samples=412 inherited_supported=323 inherited_free=966 inherited_repl_other=11 inherited_repl_bg=92 inherited_occ=1470 inherited_unobs=74 session_sup=0 session_con=0 session_samples=0 cur_verts=30531 candidate_verts=0
a,3902,EVIDENCE,89,,EVIDENCE inst=89 inherited_support=322 inherited_contradiction=1068 session_support=0 session_contradiction=0 inherited_absent_flag=1 cur_verts=30531 observed_verts=0
a,3903,TOP_CLOSE,89,,TOP_CLOSE inst=89 by_new_site=0 by_observed_absence=1 support=322 contradiction=1068 cur_verts=30531
a,3904,STATE_EVIDENCE_WINDOW,108,,STATE_EVIDENCE_WINDOW inst=108 after=68100000000 latest_measured_support=0 through=108900000000 projected=1 support=0 contradiction=6 reliable=440 reliable_in_view=8 reliable_seen_through=8 absence_llr=0 absent_samples=1 total_samples=112 absence_coverage_sufficient=0
a,3905,STATE_SLICE,108,108900000000,STATE_SLICE inst=108 stamp=108900000000 inherited_sup=0 inherited_con=6 inherited_samples=112 inherited_supported=0 inherited_free=6 inherited_repl_other=0 inherited_repl_bg=0 inherited_occ=1574 inherited_unobs=0 session_sup=0 session_con=0 session_samples=0 cur_verts=2502 candidate_verts=0
a,3906,EVIDENCE,108,,EVIDENCE inst=108 inherited_support=0 inherited_contradiction=6 session_support=0 session_contradiction=0 inherited_absent_flag=0 cur_verts=2502 observed_verts=0
a,3907,STATE_EVIDENCE_WINDOW,109,,STATE_EVIDENCE_WINDOW inst=109 after=75166666667 latest_measured_support=105866666667 through=108900000000 projected=0 support=196 contradiction=161 reliable=511 reliable_in_view=473 reliable_seen_through=3 absence_llr=0 absent_samples=0 total_samples=5791 absence_coverage_sufficient=0
a,3908,STATE_SLICE,109,108900000000,STATE_SLICE inst=109 stamp=108900000000 inherited_sup=196 inherited_con=161 inherited_samples=5791 inherited_supported=8029 inherited_free=1278 inherited_repl_other=0 inherited_repl_bg=43 inherited_occ=22265 inherited_unobs=393 session_sup=0 session_con=0 session_samples=0 cur_verts=17373 candidate_verts=0
a,3909,EVIDENCE,109,,EVIDENCE inst=109 inherited_support=196 inherited_contradiction=161 session_support=0 session_contradiction=0 inherited_absent_flag=0 cur_verts=17373 observed_verts=0
a,3910,MOBILITY_PRIOR,109,,MOBILITY_PRIOR inst=109 session=0 class=19 changes=0 continuations=0 alpha=0.5 beta=1.5 q=0.25
a,3911,TOP_ABSORB_POSTERIOR,109,,TOP_ABSORB_POSTERIOR inst=109 measurement=confirmed_current change_prior=0.25 geometry_factor_or_bound=1 geometry_evaluated=0 candidate_vertices=0 effective_cells=0 off_share=unmeasured legacy_same_site=1 absorb=1
a,3912,MOBILITY_PRIOR,109,,MOBILITY_PRIOR inst=109 session=0 class=19 changes=0 continuations=0 alpha=0.5 beta=1.5 q=0.25
a,3913,TOP_ABSORB,109,,TOP_ABSORB inst=109 geom=0 support=196 high_mobility=0 absorb=1
a,3914,STATE_EVIDENCE_WINDOW,112,,STATE_EVIDENCE_WINDOW inst=112 after=87333333333 latest_measured_support=0 through=108900000000 projected=0 support=0 contradiction=0 reliable=739 reliable_in_view=0 reliable_seen_through=0 absence_llr=0 absent_samples=0 total_samples=5750 absence_coverage_sufficient=0
a,3915,STATE_SLICE,112,108900000000,STATE_SLICE inst=112 stamp=108900000000 inherited_sup=0 inherited_con=0 inherited_samples=5750 inherited_supported=0 inherited_free=0 inherited_repl_other=0 inherited_repl_bg=0 inherited_occ=0 inherited_unobs=5750 session_sup=0 session_con=0 session_samples=0 cur_verts=17250 candidate_verts=0
a,3916,EVIDENCE,112,,EVIDENCE inst=112 inherited_support=0 inherited_contradiction=0 session_support=0 session_contradiction=0 inherited_absent_flag=0 cur_verts=17250 observed_verts=0
a,3917,STATE_EVIDENCE_WINDOW,121,,STATE_EVIDENCE_WINDOW inst=121 after=49166666667 latest_measured_support=0 through=108900000000 projected=0 support=0 contradiction=0 reliable=6 reliable_in_view=0 reliable_seen_through=0 absence_llr=0.28449 absent_samples=0 total_samples=146 absence_coverage_sufficient=0
a,3918,STATE_SLICE,121,108900000000,STATE_SLICE inst=121 stamp=108900000000 inherited_sup=0 inherited_con=0 inherited_samples=146 inherited_supported=0 inherited_free=0 inherited_repl_other=0 inherited_repl_bg=0 inherited_occ=0 inherited_unobs=3 session_sup=0 session_con=0 session_samples=0 cur_verts=438 candidate_verts=0
a,3919,EVIDENCE,121,,EVIDENCE inst=121 inherited_support=0 inherited_contradiction=0 session_support=0 session_contradiction=0 inherited_absent_flag=0 cur_verts=438 observed_verts=0
a,3920,STATE_EVIDENCE_WINDOW,126,,STATE_EVIDENCE_WINDOW inst=126 after=85500000000 latest_measured_support=0 through=108900000000 projected=1 support=0 contradiction=74 reliable=141 reliable_in_view=72 reliable_seen_through=72 absence_llr=131.467 absent_samples=22 total_samples=24 absence_coverage_sufficient=1
a,3921,STATE_SLICE,126,108900000000,STATE_SLICE inst=126 stamp=108900000000 inherited_sup=0 inherited_con=74 inherited_samples=24 inherited_supported=0 inherited_free=74 inherited_repl_other=0 inherited_repl_bg=0 inherited_occ=284 inherited_unobs=0 session_sup=0 session_con=0 session_samples=0 cur_verts=1362 candidate_verts=0
a,3922,EVIDENCE,126,,EVIDENCE inst=126 inherited_support=0 inherited_contradiction=74 session_support=0 session_contradiction=0 inherited_absent_flag=1 cur_verts=1362 observed_verts=0
a,3923,TOP_CLOSE,126,,TOP_CLOSE inst=126 by_new_site=0 by_observed_absence=1 support=0 contradiction=74 cur_verts=1362
a,3924,STATE_EVIDENCE_WINDOW,128,,STATE_EVIDENCE_WINDOW inst=128 after=17533333333 latest_measured_support=0 through=108900000000 projected=0 support=0 contradiction=0 reliable=49 reliable_in_view=0 reliable_seen_through=0 absence_llr=0 absent_samples=0 total_samples=109 absence_coverage_sufficient=0
a,3925,STATE_SLICE,128,108900000000,STATE_SLICE inst=128 stamp=108900000000 inherited_sup=0 inherited_con=0 inherited_samples=109 inherited_supported=0 inherited_free=0 inherited_repl_other=0 inherited_repl_bg=0 inherited_occ=0 inherited_unobs=0 session_sup=0 session_con=0 session_samples=0 cur_verts=327 candidate_verts=0
a,3926,EVIDENCE,128,,EVIDENCE inst=128 inherited_support=0 inherited_contradiction=0 session_support=0 session_contradiction=0 inherited_absent_flag=0 cur_verts=327 observed_verts=0
a,3927,STATE_EVIDENCE_WINDOW,132,,STATE_EVIDENCE_WINDOW inst=132 after=76833333333 latest_measured_support=0 through=108900000000 projected=0 support=0 contradiction=0 reliable=26 reliable_in_view=0 reliable_seen_through=0 absence_llr=0 absent_samples=0 total_samples=61 absence_coverage_sufficient=0
a,3928,STATE_SLICE,132,108900000000,STATE_SLICE inst=132 stamp=108900000000 inherited_sup=0 inherited_con=0 inherited_samples=61 inherited_supported=0 inherited_free=0 inherited_repl_other=0 inherited_repl_bg=0 inherited_occ=0 inherited_unobs=61 session_sup=0 session_con=0 session_samples=0 cur_verts=183 candidate_verts=0
a,3929,EVIDENCE,132,,EVIDENCE inst=132 inherited_support=0 inherited_contradiction=0 session_support=0 session_contradiction=0 inherited_absent_flag=0 cur_verts=183 observed_verts=0
a,3930,STATE_EVIDENCE_WINDOW,135,,STATE_EVIDENCE_WINDOW inst=135 after=44533333333 latest_measured_support=0 through=108900000000 projected=0 support=0 contradiction=0 reliable=659 reliable_in_view=0 reliable_seen_through=0 absence_llr=0 absent_samples=0 total_samples=1371 absence_coverage_sufficient=0
a,3931,STATE_SLICE,135,108900000000,STATE_SLICE inst=135 stamp=108900000000 inherited_sup=0 inherited_con=0 inherited_samples=1371 inherited_supported=0 inherited_free=0 inherited_repl_other=0 inherited_repl_bg=0 inherited_occ=0 inherited_unobs=1371 session_sup=0 session_con=0 session_samples=0 cur_verts=4113 candidate_verts=0
a,3932,EVIDENCE,135,,EVIDENCE inst=135 inherited_support=0 inherited_contradiction=0 session_support=0 session_contradiction=0 inherited_absent_flag=0 cur_verts=4113 observed_verts=0
a,3933,STATE_EVIDENCE_WINDOW,136,,STATE_EVIDENCE_WINDOW inst=136 after=73800000000 latest_measured_support=108900000000 through=108900000000 projected=1 support=49 contradiction=11 reliable=1002 reliable_in_view=163 reliable_seen_through=0 absence_llr=0 absent_samples=6 total_samples=205 absence_coverage_sufficient=0
a,3934,STATE_SLICE,136,108900000000,STATE_SLICE inst=136 stamp=108900000000 inherited_sup=49 inherited_con=11 inherited_samples=205 inherited_supported=49 inherited_free=0 inherited_repl_other=0 inherited_repl_bg=11 inherited_occ=1064 inherited_unobs=0 session_sup=0 session_con=0 session_samples=0 cur_verts=7764 candidate_verts=0
a,3935,EVIDENCE,136,,EVIDENCE inst=136 inherited_support=49 inherited_contradiction=11 session_support=0 session_contradiction=0 inherited_absent_flag=0 cur_verts=7764 observed_verts=0
a,3936,MOBILITY_PRIOR,136,,MOBILITY_PRIOR inst=136 session=0 class=26 changes=0 continuations=0 alpha=1 beta=1 q=0.5
a,3937,TOP_ABSORB_POSTERIOR,136,,TOP_ABSORB_POSTERIOR inst=136 measurement=confirmed_current change_prior=0.5 geometry_factor_or_bound=1 geometry_evaluated=0 candidate_vertices=0 effective_cells=0 off_share=unmeasured legacy_same_site=1 absorb=1
a,3938,MOBILITY_PRIOR,136,,MOBILITY_PRIOR inst=136 session=0 class=26 changes=0 continuations=0 alpha=1 beta=1 q=0.5
a,3939,TOP_ABSORB,136,,TOP_ABSORB inst=136 geom=0 support=49 high_mobility=0 absorb=1
a,3940,STATE_EVIDENCE_WINDOW,141,,STATE_EVIDENCE_WINDOW inst=141 after=47700000000 latest_measured_support=0 through=108900000000 projected=0 support=0 contradiction=0 reliable=247 reliable_in_view=0 reliable_seen_through=0 absence_llr=0 absent_samples=0 total_samples=787 absence_coverage_sufficient=0
a,3941,STATE_SLICE,141,108900000000,STATE_SLICE inst=141 stamp=108900000000 inherited_sup=0 inherited_con=0 inherited_samples=787 inherited_supported=0 inherited_free=0 inherited_repl_other=0 inherited_repl_bg=0 inherited_occ=0 inherited_unobs=787 session_sup=0 session_con=0 session_samples=0 cur_verts=2361 candidate_verts=0
a,3942,EVIDENCE,141,,EVIDENCE inst=141 inherited_support=0 inherited_contradiction=0 session_support=0 session_contradiction=0 inherited_absent_flag=0 cur_verts=2361 observed_verts=0
a,3943,STATE_EVIDENCE_WINDOW,142,,STATE_EVIDENCE_WINDOW inst=142 after=47066666667 latest_measured_support=0 through=108900000000 projected=0 support=0 contradiction=0 reliable=242 reliable_in_view=0 reliable_seen_through=0 absence_llr=0 absent_samples=0 total_samples=748 absence_coverage_sufficient=0
a,3944,STATE_SLICE,142,108900000000,STATE_SLICE inst=142 stamp=108900000000 inherited_sup=0 inherited_con=0 inherited_samples=748 inherited_supported=0 inherited_free=0 inherited_repl_other=0 inherited_repl_bg=0 inherited_occ=0 inherited_unobs=748 session_sup=0 session_con=0 session_samples=0 cur_verts=2244 candidate_verts=0
a,3945,EVIDENCE,142,,EVIDENCE inst=142 inherited_support=0 inherited_contradiction=0 session_support=0 session_contradiction=0 inherited_absent_flag=0 cur_verts=2244 observed_verts=0
a,3946,STATE_EVIDENCE_WINDOW,143,,STATE_EVIDENCE_WINDOW inst=143 after=47766666667 latest_measured_support=0 through=108900000000 projected=0 support=0 contradiction=0 reliable=256 reliable_in_view=0 reliable_seen_through=0 absence_llr=0 absent_samples=0 total_samples=733 absence_coverage_sufficient=0
a,3947,STATE_SLICE,143,108900000000,STATE_SLICE inst=143 stamp=108900000000 inherited_sup=0 inherited_con=0 inherited_samples=733 inherited_supported=0 inherited_free=0 inherited_repl_other=0 inherited_repl_bg=0 inherited_occ=0 inherited_unobs=733 session_sup=0 session_con=0 session_samples=0 cur_verts=2199 candidate_verts=0
a,3948,EVIDENCE,143,,EVIDENCE inst=143 inherited_support=0 inherited_contradiction=0 session_support=0 session_contradiction=0 inherited_absent_flag=0 cur_verts=2199 observed_verts=0
a,3949,STATE_EVIDENCE_WINDOW,144,,STATE_EVIDENCE_WINDOW inst=144 after=47133333333 latest_measured_support=0 through=108900000000 projected=0 support=0 contradiction=0 reliable=192 reliable_in_view=0 reliable_seen_through=0 absence_llr=0 absent_samples=0 total_samples=651 absence_coverage_sufficient=0
a,3950,STATE_SLICE,144,108900000000,STATE_SLICE inst=144 stamp=108900000000 inherited_sup=0 inherited_con=0 inherited_samples=651 inherited_supported=0 inherited_free=0 inherited_repl_other=0 inherited_repl_bg=0 inherited_occ=0 inherited_unobs=651 session_sup=0 session_con=0 session_samples=0 cur_verts=1953 candidate_verts=0
a,3951,EVIDENCE,144,,EVIDENCE inst=144 inherited_support=0 inherited_contradiction=0 session_support=0 session_contradiction=0 inherited_absent_flag=0 cur_verts=1953 observed_verts=0
a,3952,STATE_EVIDENCE_WINDOW,145,,STATE_EVIDENCE_WINDOW inst=145 after=47166666667 latest_measured_support=0 through=108900000000 projected=0 support=0 contradiction=0 reliable=5 reliable_in_view=0 reliable_seen_through=0 absence_llr=0 absent_samples=0 total_samples=33 absence_coverage_sufficient=0
a,3953,STATE_SLICE,145,108900000000,STATE_SLICE inst=145 stamp=108900000000 inherited_sup=0 inherited_con=0 inherited_samples=33 inherited_supported=0 inherited_free=0 inherited_repl_other=0 inherited_repl_bg=0 inherited_occ=0 inherited_unobs=33 session_sup=0 session_con=0 session_samples=0 cur_verts=99 candidate_verts=0
a,3954,EVIDENCE,145,,EVIDENCE inst=145 inherited_support=0 inherited_contradiction=0 session_support=0 session_contradiction=0 inherited_absent_flag=0 cur_verts=99 observed_verts=0
a,3955,STATE_EVIDENCE_WINDOW,146,,STATE_EVIDENCE_WINDOW inst=146 after=47800000000 latest_measured_support=0 through=108900000000 projected=0 support=0 contradiction=0 reliable=0 reliable_in_view=0 reliable_seen_through=0 absence_llr=0 absent_samples=0 total_samples=20 absence_coverage_sufficient=0
a,3956,STATE_SLICE,146,108900000000,STATE_SLICE inst=146 stamp=108900000000 inherited_sup=0 inherited_con=0 inherited_samples=20 inherited_supported=0 inherited_free=0 inherited_repl_other=0 inherited_repl_bg=0 inherited_occ=0 inherited_unobs=20 session_sup=0 session_con=0 session_samples=0 cur_verts=60 candidate_verts=0
a,3957,EVIDENCE,146,,EVIDENCE inst=146 inherited_support=0 inherited_contradiction=0 session_support=0 session_contradiction=0 inherited_absent_flag=0 cur_verts=60 observed_verts=0
a,3958,STATE_EVIDENCE_WINDOW,147,,STATE_EVIDENCE_WINDOW inst=147 after=73366666667 latest_measured_support=0 through=108900000000 projected=1 support=0 contradiction=192 reliable=132 reliable_in_view=72 reliable_seen_through=72 absence_llr=287.132 absent_samples=25 total_samples=31 absence_coverage_sufficient=1
a,3959,STATE_SLICE,147,108900000000,STATE_SLICE inst=147 stamp=108900000000 inherited_sup=0 inherited_con=192 inherited_samples=31 inherited_supported=0 inherited_free=215 inherited_repl_other=0 inherited_repl_bg=0 inherited_occ=300 inherited_unobs=0 session_sup=0 session_con=0 session_samples=0 cur_verts=1296 candidate_verts=0
a,3960,EVIDENCE,147,,EVIDENCE inst=147 inherited_support=0 inherited_contradiction=192 session_support=0 session_contradiction=0 inherited_absent_flag=1 cur_verts=1296 observed_verts=0
a,3961,TOP_CLOSE,147,,TOP_CLOSE inst=147 by_new_site=0 by_observed_absence=1 support=0 contradiction=192 cur_verts=1296
a,3962,STATE_EVIDENCE_WINDOW,148,,STATE_EVIDENCE_WINDOW inst=148 after=73066666667 latest_measured_support=0 through=108900000000 projected=1 support=0 contradiction=348 reliable=132 reliable_in_view=53 reliable_seen_through=53 absence_llr=211.361 absent_samples=34 total_samples=37 absence_coverage_sufficient=1
a,3963,STATE_SLICE,148,108900000000,STATE_SLICE inst=148 stamp=108900000000 inherited_sup=0 inherited_con=348 inherited_samples=37 inherited_supported=0 inherited_free=368 inherited_repl_other=0 inherited_repl_bg=0 inherited_occ=237 inherited_unobs=0 session_sup=0 session_con=0 session_samples=0 cur_verts=1140 candidate_verts=0
a,3964,EVIDENCE,148,,EVIDENCE inst=148 inherited_support=0 inherited_contradiction=348 session_support=0 session_contradiction=0 inherited_absent_flag=1 cur_verts=1140 observed_verts=0
a,3965,TOP_CLOSE,148,,TOP_CLOSE inst=148 by_new_site=0 by_observed_absence=1 support=0 contradiction=348 cur_verts=1140
a,3966,STATE_EVIDENCE_WINDOW,149,,STATE_EVIDENCE_WINDOW inst=149 after=72866666667 latest_measured_support=0 through=108900000000 projected=1 support=0 contradiction=801 reliable=338 reliable_in_view=215 reliable_seen_through=215 absence_llr=334.846 absent_samples=56 total_samples=56 absence_coverage_sufficient=1
a,3967,STATE_SLICE,149,108900000000,STATE_SLICE inst=149 stamp=108900000000 inherited_sup=0 inherited_con=801 inherited_samples=56 inherited_supported=0 inherited_free=885 inherited_repl_other=0 inherited_repl_bg=0 inherited_occ=48 inherited_unobs=0 session_sup=0 session_con=0 session_samples=0 cur_verts=2874 candidate_verts=0
a,3968,EVIDENCE,149,,EVIDENCE inst=149 inherited_support=0 inherited_contradiction=801 session_support=0 session_contradiction=0 inherited_absent_flag=1 cur_verts=2874 observed_verts=0
a,3969,TOP_CLOSE,149,,TOP_CLOSE inst=149 by_new_site=0 by_observed_absence=1 support=0 contradiction=801 cur_verts=2874
a,3970,STATE_EVIDENCE_WINDOW,153,,STATE_EVIDENCE_WINDOW inst=153 after=76933333333 latest_measured_support=0 through=108900000000 projected=0 support=0 contradiction=0 reliable=520 reliable_in_view=0 reliable_seen_through=0 absence_llr=0 absent_samples=0 total_samples=620 absence_coverage_sufficient=0
a,3971,STATE_SLICE,153,108900000000,STATE_SLICE inst=153 stamp=108900000000 inherited_sup=0 inherited_con=0 inherited_samples=620 inherited_supported=0 inherited_free=0 inherited_repl_other=0 inherited_repl_bg=0 inherited_occ=0 inherited_unobs=489 session_sup=0 session_con=0 session_samples=0 cur_verts=1860 candidate_verts=0
a,3972,EVIDENCE,153,,EVIDENCE inst=153 inherited_support=0 inherited_contradiction=0 session_support=0 session_contradiction=0 inherited_absent_flag=0 cur_verts=1860 observed_verts=0
a,3973,STATE_EVIDENCE_WINDOW,155,,STATE_EVIDENCE_WINDOW inst=155 after=81400000000 latest_measured_support=0 through=108900000000 projected=1 support=0 contradiction=1535 reliable=458 reliable_in_view=94 reliable_seen_through=77 absence_llr=22.1421 absent_samples=340 total_samples=680 absence_coverage_sufficient=1
a,3974,STATE_SLICE,155,108900000000,STATE_SLICE inst=155 stamp=108900000000 inherited_sup=0 inherited_con=1535 inherited_samples=680 inherited_supported=0 inherited_free=1258 inherited_repl_other=114 inherited_repl_bg=222 inherited_occ=6631 inherited_unobs=0 session_sup=0 session_con=0 session_samples=0 cur_verts=30657 candidate_verts=0
a,3975,EVIDENCE,155,,EVIDENCE inst=155 inherited_support=0 inherited_contradiction=1535 session_support=0 session_contradiction=0 inherited_absent_flag=1 cur_verts=30657 observed_verts=0
a,3976,TOP_CLOSE,155,,TOP_CLOSE inst=155 by_new_site=0 by_observed_absence=1 support=0 contradiction=1535 cur_verts=30657
a,3977,STATE_EVIDENCE_WINDOW,156,,STATE_EVIDENCE_WINDOW inst=156 after=73666666667 latest_measured_support=0 through=108900000000 projected=1 support=0 contradiction=1607 reliable=812 reliable_in_view=206 reliable_seen_through=171 absence_llr=43.8402 absent_samples=167 total_samples=308 absence_coverage_sufficient=1
a,3978,STATE_SLICE,156,108900000000,STATE_SLICE inst=156 stamp=108900000000 inherited_sup=0 inherited_con=1607 inherited_samples=308 inherited_supported=0 inherited_free=1530 inherited_repl_other=74 inherited_repl_bg=165 inherited_occ=3341 inherited_unobs=0 session_sup=0 session_con=0 session_samples=0 cur_verts=11280 candidate_verts=0
a,3979,EVIDENCE,156,,EVIDENCE inst=156 inherited_support=0 inherited_contradiction=1607 session_support=0 session_contradiction=0 inherited_absent_flag=1 cur_verts=11280 observed_verts=0
a,3980,TOP_CLOSE,156,,TOP_CLOSE inst=156 by_new_site=0 by_observed_absence=1 support=0 contradiction=1607 cur_verts=11280
a,3981,STATE_EVIDENCE_WINDOW,161,,STATE_EVIDENCE_WINDOW inst=161 after=73400000000 latest_measured_support=104566666667 through=108900000000 projected=0 support=33 contradiction=21 reliable=259 reliable_in_view=256 reliable_seen_through=5 absence_llr=0 absent_samples=0 total_samples=481 absence_coverage_sufficient=0
a,3982,STATE_SLICE,161,108900000000,STATE_SLICE inst=161 stamp=108900000000 inherited_sup=33 inherited_con=21 inherited_samples=481 inherited_supported=1437 inherited_free=154 inherited_repl_other=0 inherited_repl_bg=0 inherited_occ=2192 inherited_unobs=2 session_sup=0 session_con=0 session_samples=0 cur_verts=1443 candidate_verts=0
a,3983,EVIDENCE,161,,EVIDENCE inst=161 inherited_support=33 inherited_contradiction=21 session_support=0 session_contradiction=0 inherited_absent_flag=0 cur_verts=1443 observed_verts=0
a,3984,MOBILITY_PRIOR,161,,MOBILITY_PRIOR inst=161 session=0 class=35 changes=0 continuations=0 alpha=1.9 beta=0.1 q=0.95
a,3985,TOP_ABSORB_POSTERIOR,161,,TOP_ABSORB_POSTERIOR inst=161 measurement=confirmed_current change_prior=0.95 geometry_factor_or_bound=1 geometry_evaluated=0 candidate_vertices=0 effective_cells=0 off_share=unmeasured legacy_same_site=0 absorb=0
a,3986,MOBILITY_PRIOR,161,,MOBILITY_PRIOR inst=161 session=0 class=35 changes=0 continuations=0 alpha=1.9 beta=0.1 q=0.95
a,3987,TOP_ABSORB,161,,TOP_ABSORB inst=161 geom=0 support=33 high_mobility=1 absorb=0
a,3988,STATE_EVIDENCE_WINDOW,162,,STATE_EVIDENCE_WINDOW inst=162 after=73400000000 latest_measured_support=104566666667 through=108900000000 projected=0 support=31 contradiction=16 reliable=229 reliable_in_view=220 reliable_seen_through=1 absence_llr=0 absent_samples=0 total_samples=353 absence_coverage_sufficient=0
a,3989,STATE_SLICE,162,108900000000,STATE_SLICE inst=162 stamp=108900000000 inherited_sup=31 inherited_con=16 inherited_samples=353 inherited_supported=1405 inherited_free=78 inherited_repl_other=0 inherited_repl_bg=0 inherited_occ=398 inherited_unobs=0 session_sup=0 session_con=0 session_samples=0 cur_verts=1059 candidate_verts=0
a,3990,EVIDENCE,162,,EVIDENCE inst=162 inherited_support=31 inherited_contradiction=16 session_support=0 session_contradiction=0 inherited_absent_flag=0 cur_verts=1059 observed_verts=0
a,3991,MOBILITY_PRIOR,162,,MOBILITY_PRIOR inst=162 session=0 class=35 changes=0 continuations=0 alpha=1.9 beta=0.1 q=0.95
a,3992,TOP_ABSORB_POSTERIOR,162,,TOP_ABSORB_POSTERIOR inst=162 measurement=confirmed_current change_prior=0.95 geometry_factor_or_bound=1 geometry_evaluated=0 candidate_vertices=0 effective_cells=0 off_share=unmeasured legacy_same_site=0 absorb=0
a,3993,MOBILITY_PRIOR,162,,MOBILITY_PRIOR inst=162 session=0 class=35 changes=0 continuations=0 alpha=1.9 beta=0.1 q=0.95
a,3994,TOP_ABSORB,162,,TOP_ABSORB inst=162 geom=0 support=31 high_mobility=1 absorb=0
a,3995,STATE_EVIDENCE_WINDOW,163,,STATE_EVIDENCE_WINDOW inst=163 after=85633333333 latest_measured_support=0 through=108900000000 projected=1 support=0 contradiction=572 reliable=662 reliable_in_view=183 reliable_seen_through=174 absence_llr=55.1219 absent_samples=169 total_samples=213 absence_coverage_sufficient=1
a,3996,STATE_SLICE,163,108900000000,STATE_SLICE inst=163 stamp=108900000000 inherited_sup=0 inherited_con=572 inherited_samples=213 inherited_supported=0 inherited_free=419 inherited_repl_other=0 inherited_repl_bg=163 inherited_occ=2349 inherited_unobs=0 session_sup=0 session_con=0 session_samples=0 cur_verts=10701 candidate_verts=0
a,3997,EVIDENCE,163,,EVIDENCE inst=163 inherited_support=0 inherited_contradiction=572 session_support=0 session_contradiction=0 inherited_absent_flag=1 cur_verts=10701 observed_verts=0
a,3998,TOP_CLOSE,163,,TOP_CLOSE inst=163 by_new_site=0 by_observed_absence=1 support=0 contradiction=572 cur_verts=10701
a,3999,STATE_EVIDENCE_WINDOW,164,,STATE_EVIDENCE_WINDOW inst=164 after=84933333333 latest_measured_support=105866666667 through=108900000000 projected=0 support=42 contradiction=33 reliable=423 reliable_in_view=357 reliable_seen_through=7 absence_llr=0 absent_samples=0 total_samples=1477 absence_coverage_sufficient=0
a,4000,STATE_SLICE,164,108900000000,STATE_SLICE inst=164 stamp=108900000000 inherited_sup=42 inherited_con=33 inherited_samples=1477 inherited_supported=3927 inherited_free=249 inherited_repl_other=20 inherited_repl_bg=0 inherited_occ=4996 inherited_unobs=13 session_sup=0 session_con=0 session_samples=0 cur_verts=4431 candidate_verts=0
a,4001,EVIDENCE,164,,EVIDENCE inst=164 inherited_support=42 inherited_contradiction=33 session_support=0 session_contradiction=0 inherited_absent_flag=0 cur_verts=4431 observed_verts=0
a,4002,MOBILITY_PRIOR,164,,MOBILITY_PRIOR inst=164 session=0 class=35 changes=0 continuations=0 alpha=2.9 beta=0.1 q=0.966667
a,4003,TOP_ABSORB_POSTERIOR,164,,TOP_ABSORB_POSTERIOR inst=164 measurement=confirmed_current change_prior=0.966667 geometry_factor_or_bound=1 geometry_evaluated=0 candidate_vertices=0 effective_cells=0 off_share=unmeasured legacy_same_site=0 absorb=0
a,4004,MOBILITY_PRIOR,164,,MOBILITY_PRIOR inst=164 session=0 class=35 changes=0 continuations=0 alpha=2.9 beta=0.1 q=0.966667
a,4005,TOP_ABSORB,164,,TOP_ABSORB inst=164 geom=0 support=42 high_mobility=1 absorb=0
a,4006,STATE_EVIDENCE_WINDOW,165,,STATE_EVIDENCE_WINDOW inst=165 after=48166666667 latest_measured_support=0 through=108900000000 projected=0 support=0 contradiction=0 reliable=136 reliable_in_view=0 reliable_seen_through=0 absence_llr=0 absent_samples=0 total_samples=457 absence_coverage_sufficient=0
a,4007,STATE_SLICE,165,108900000000,STATE_SLICE inst=165 stamp=108900000000 inherited_sup=0 inherited_con=0 inherited_samples=457 inherited_supported=0 inherited_free=0 inherited_repl_other=0 inherited_repl_bg=0 inherited_occ=20 inherited_unobs=359 session_sup=0 session_con=0 session_samples=0 cur_verts=1371 candidate_verts=0
a,4008,EVIDENCE,165,,EVIDENCE inst=165 inherited_support=0 inherited_contradiction=0 session_support=0 session_contradiction=0 inherited_absent_flag=0 cur_verts=1371 observed_verts=0
a,4009,STATE_EVIDENCE_WINDOW,166,,STATE_EVIDENCE_WINDOW inst=166 after=44733333333 latest_measured_support=0 through=108900000000 projected=0 support=0 contradiction=0 reliable=193 reliable_in_view=0 reliable_seen_through=0 absence_llr=0 absent_samples=0 total_samples=599 absence_coverage_sufficient=0
a,4010,STATE_SLICE,166,108900000000,STATE_SLICE inst=166 stamp=108900000000 inherited_sup=0 inherited_con=0 inherited_samples=599 inherited_supported=0 inherited_free=0 inherited_repl_other=0 inherited_repl_bg=0 inherited_occ=0 inherited_unobs=599 session_sup=0 session_con=0 session_samples=0 cur_verts=1797 candidate_verts=0
a,4011,EVIDENCE,166,,EVIDENCE inst=166 inherited_support=0 inherited_contradiction=0 session_support=0 session_contradiction=0 inherited_absent_flag=0 cur_verts=1797 observed_verts=0
a,4012,STATE_EVIDENCE_WINDOW,167,,STATE_EVIDENCE_WINDOW inst=167 after=73333333333 latest_measured_support=104566666667 through=108900000000 projected=0 support=84 contradiction=74 reliable=271 reliable_in_view=259 reliable_seen_through=0 absence_llr=0 absent_samples=0 total_samples=751 absence_coverage_sufficient=0
a,4013,STATE_SLICE,167,108900000000,STATE_SLICE inst=167 stamp=108900000000 inherited_sup=84 inherited_con=74 inherited_samples=751 inherited_supported=4167 inherited_free=759 inherited_repl_other=157 inherited_repl_bg=0 inherited_occ=395 inherited_unobs=0 session_sup=0 session_con=0 session_samples=0 cur_verts=2253 candidate_verts=0
a,4014,EVIDENCE,167,,EVIDENCE inst=167 inherited_support=84 inherited_contradiction=74 session_support=0 session_contradiction=0 inherited_absent_flag=0 cur_verts=2253 observed_verts=0
a,4015,MOBILITY_PRIOR,167,,MOBILITY_PRIOR inst=167 session=0 class=36 changes=0 continuations=0 alpha=1.625 beta=0.375 q=0.8125
a,4016,TOP_ABSORB_POSTERIOR,167,,TOP_ABSORB_POSTERIOR inst=167 measurement=confirmed_current change_prior=0.8125 geometry_factor_or_bound=1 geometry_evaluated=0 candidate_vertices=0 effective_cells=0 off_share=unmeasured legacy_same_site=0 absorb=0
a,4017,MOBILITY_PRIOR,167,,MOBILITY_PRIOR inst=167 session=0 class=36 changes=0 continuations=0 alpha=1.625 beta=0.375 q=0.8125
a,4018,TOP_ABSORB,167,,TOP_ABSORB inst=167 geom=0 support=84 high_mobility=1 absorb=0
a,4019,STATE_EVIDENCE_WINDOW,171,,STATE_EVIDENCE_WINDOW inst=171 after=76366666667 latest_measured_support=108900000000 through=108900000000 projected=1 support=684 contradiction=93 reliable=972 reliable_in_view=917 reliable_seen_through=4 absence_llr=0 absent_samples=15 total_samples=155 absence_coverage_sufficient=0
a,4020,STATE_SLICE,171,108900000000,STATE_SLICE inst=171 stamp=108900000000 inherited_sup=684 inherited_con=93 inherited_samples=155 inherited_supported=689 inherited_free=0 inherited_repl_other=0 inherited_repl_bg=93 inherited_occ=533 inherited_unobs=0 session_sup=0 session_con=0 session_samples=0 cur_verts=8439 candidate_verts=0
a,4021,EVIDENCE,171,,EVIDENCE inst=171 inherited_support=684 inherited_contradiction=93 session_support=0 session_contradiction=0 inherited_absent_flag=0 cur_verts=8439 observed_verts=0
a,4022,MOBILITY_PRIOR,171,,MOBILITY_PRIOR inst=171 session=0 class=39 changes=0 continuations=0 alpha=1.90909 beta=0.0909091 q=0.954545
a,4023,TOP_ABSORB_POSTERIOR,171,,TOP_ABSORB_POSTERIOR inst=171 measurement=confirmed_current change_prior=0.954545 geometry_factor_or_bound=1 geometry_evaluated=0 candidate_vertices=0 effective_cells=0 off_share=unmeasured legacy_same_site=0 absorb=0
a,4024,MOBILITY_PRIOR,171,,MOBILITY_PRIOR inst=171 session=0 class=39 changes=0 continuations=0 alpha=1.90909 beta=0.0909091 q=0.954545
a,4025,TOP_ABSORB,171,,TOP_ABSORB inst=171 geom=0 support=684 high_mobility=1 absorb=0
a,4026,STATE_EVIDENCE_WINDOW,172,,STATE_EVIDENCE_WINDOW inst=172 after=49200000000 latest_measured_support=0 through=108900000000 projected=0 support=0 contradiction=0 reliable=719 reliable_in_view=0 reliable_seen_through=0 absence_llr=0 absent_samples=0 total_samples=1554 absence_coverage_sufficient=0
a,4027,STATE_SLICE,172,108900000000,STATE_SLICE inst=172 stamp=108900000000 inherited_sup=0 inherited_con=0 inherited_samples=1554 inherited_supported=0 inherited_free=0 inherited_repl_other=0 inherited_repl_bg=0 inherited_occ=235 inherited_unobs=88 session_sup=0 session_con=0 session_samples=0 cur_verts=4662 candidate_verts=0
a,4028,EVIDENCE,172,,EVIDENCE inst=172 inherited_support=0 inherited_contradiction=0 session_support=0 session_contradiction=0 inherited_absent_flag=0 cur_verts=4662 observed_verts=0
a,4029,STATE_EVIDENCE_WINDOW,173,,STATE_EVIDENCE_WINDOW inst=173 after=75566666667 latest_measured_support=0 through=108900000000 projected=1 support=0 contradiction=276 reliable=324 reliable_in_view=130 reliable_seen_through=102 absence_llr=55.0505 absent_samples=37 total_samples=64 absence_coverage_sufficient=1
a,4030,STATE_SLICE,173,108900000000,STATE_SLICE inst=173 stamp=108900000000 inherited_sup=0 inherited_con=276 inherited_samples=64 inherited_supported=0 inherited_free=158 inherited_repl_other=118 inherited_repl_bg=13 inherited_occ=543 inherited_unobs=0 session_sup=0 session_con=0 session_samples=0 cur_verts=2589 candidate_verts=0
a,4031,EVIDENCE,173,,EVIDENCE inst=173 inherited_support=0 inherited_contradiction=276 session_support=0 session_contradiction=0 inherited_absent_flag=1 cur_verts=2589 observed_verts=0
a,4032,TOP_CLOSE,173,,TOP_CLOSE inst=173 by_new_site=0 by_observed_absence=1 support=0 contradiction=276 cur_verts=2589
a,4033,STATE_EVIDENCE_WINDOW,174,,STATE_EVIDENCE_WINDOW inst=174 after=76266666667 latest_measured_support=0 through=108900000000 projected=1 support=0 contradiction=189 reliable=313 reliable_in_view=159 reliable_seen_through=90 absence_llr=36.9433 absent_samples=30 total_samples=62 absence_coverage_sufficient=1
a,4034,STATE_SLICE,174,108900000000,STATE_SLICE inst=174 stamp=108900000000 inherited_sup=0 inherited_con=189 inherited_samples=62 inherited_supported=0 inherited_free=6 inherited_repl_other=131 inherited_repl_bg=53 inherited_occ=430 inherited_unobs=0 session_sup=0 session_con=0 session_samples=0 cur_verts=2997 candidate_verts=0
a,4035,EVIDENCE,174,,EVIDENCE inst=174 inherited_support=0 inherited_contradiction=189 session_support=0 session_contradiction=0 inherited_absent_flag=1 cur_verts=2997 observed_verts=0
a,4036,TOP_CLOSE,174,,TOP_CLOSE inst=174 by_new_site=0 by_observed_absence=1 support=0 contradiction=189 cur_verts=2997
a,4037,STATE_EVIDENCE_WINDOW,175,,STATE_EVIDENCE_WINDOW inst=175 after=76000000000 latest_measured_support=0 through=108900000000 projected=1 support=0 contradiction=136 reliable=206 reliable_in_view=110 reliable_seen_through=62 absence_llr=38.5624 absent_samples=21 total_samples=42 absence_coverage_sufficient=1
a,4038,STATE_SLICE,175,108900000000,STATE_SLICE inst=175 stamp=108900000000 inherited_sup=0 inherited_con=136 inherited_samples=42 inherited_supported=0 inherited_free=5 inherited_repl_other=135 inherited_repl_bg=0 inherited_occ=378 inherited_unobs=0 session_sup=0 session_con=0 session_samples=0 cur_verts=2106 candidate_verts=0
a,4039,EVIDENCE,175,,EVIDENCE inst=175 inherited_support=0 inherited_contradiction=136 session_support=0 session_contradiction=0 inherited_absent_flag=1 cur_verts=2106 observed_verts=0
a,4040,TOP_CLOSE,175,,TOP_CLOSE inst=175 by_new_site=0 by_observed_absence=1 support=0 contradiction=136 cur_verts=2106
a,4041,STATE_EVIDENCE_WINDOW,180,,STATE_EVIDENCE_WINDOW inst=180 after=80733333333 latest_measured_support=0 through=108900000000 projected=0 support=0 contradiction=0 reliable=63 reliable_in_view=0 reliable_seen_through=0 absence_llr=0 absent_samples=0 total_samples=88 absence_coverage_sufficient=0
a,4042,STATE_SLICE,180,108900000000,STATE_SLICE inst=180 stamp=108900000000 inherited_sup=0 inherited_con=0 inherited_samples=88 inherited_supported=0 inherited_free=0 inherited_repl_other=0 inherited_repl_bg=0 inherited_occ=0 inherited_unobs=88 session_sup=0 session_con=0 session_samples=0 cur_verts=264 candidate_verts=0
a,4043,EVIDENCE,180,,EVIDENCE inst=180 inherited_support=0 inherited_contradiction=0 session_support=0 session_contradiction=0 inherited_absent_flag=0 cur_verts=264 observed_verts=0
a,4044,STATE_EVIDENCE_WINDOW,205,,STATE_EVIDENCE_WINDOW inst=205 after=76766666667 latest_measured_support=0 through=108900000000 projected=0 support=0 contradiction=0 reliable=79 reliable_in_view=0 reliable_seen_through=0 absence_llr=0 absent_samples=0 total_samples=268 absence_coverage_sufficient=0
a,4045,STATE_SLICE,205,108900000000,STATE_SLICE inst=205 stamp=108900000000 inherited_sup=0 inherited_con=0 inherited_samples=268 inherited_supported=0 inherited_free=0 inherited_repl_other=0 inherited_repl_bg=0 inherited_occ=0 inherited_unobs=268 session_sup=0 session_con=0 session_samples=0 cur_verts=804 candidate_verts=0
a,4046,EVIDENCE,205,,EVIDENCE inst=205 inherited_support=0 inherited_contradiction=0 session_support=0 session_contradiction=0 inherited_absent_flag=0 cur_verts=804 observed_verts=0
a,4047,BACKGROUND_STATE_CLOSURE,48,108900000000,BACKGROUND_STATE_CLOSURE inst=48 stamp=108900000000 last_support=67366666667 matched_vertices=406 absent_vertices=47
a,4048,BACKGROUND_STATE_CLOSURE,69,108900000000,BACKGROUND_STATE_CLOSURE inst=69 stamp=108900000000 last_support=16566666667 matched_vertices=95 absent_vertices=24
a,4049,BACKGROUND_STATE_CLOSURE,69,108900000000,BACKGROUND_STATE_CLOSURE inst=69 stamp=108900000000 last_support=85733333333 matched_vertices=712 absent_vertices=42
a,4050,BACKGROUND_STATE_CLOSURE,70,108900000000,BACKGROUND_STATE_CLOSURE inst=70 stamp=108900000000 last_support=36533333333 matched_vertices=104 absent_vertices=26
a,4051,BACKGROUND_STATE_CLOSURE,71,108900000000,BACKGROUND_STATE_CLOSURE inst=71 stamp=108900000000 last_support=16433333333 matched_vertices=89 absent_vertices=8
a,4052,BACKGROUND_STATE_CLOSURE,71,108900000000,BACKGROUND_STATE_CLOSURE inst=71 stamp=108900000000 last_support=86233333333 matched_vertices=536 absent_vertices=286
a,4053,BACKGROUND_STATE_CLOSURE,72,108900000000,BACKGROUND_STATE_CLOSURE inst=72 stamp=108900000000 last_support=86366666667 matched_vertices=850 absent_vertices=334
a,4054,BACKGROUND_STATE_CLOSURE,89,108900000000,BACKGROUND_STATE_CLOSURE inst=89 stamp=108900000000 last_support=87166666667 matched_vertices=1567 absent_vertices=535
a,4055,BACKGROUND_STATE_CLOSURE,155,108900000000,BACKGROUND_STATE_CLOSURE inst=155 stamp=108900000000 last_support=81400000000 matched_vertices=2107 absent_vertices=207
a,4056,BACKGROUND_STATE_CLOSURE,156,108900000000,BACKGROUND_STATE_CLOSURE inst=156 stamp=108900000000 last_support=73666666667 matched_vertices=965 absent_vertices=126
a,4057,BACKGROUND_STATE_CLOSURE,163,108900000000,BACKGROUND_STATE_CLOSURE inst=163 stamp=108900000000 last_support=85633333333 matched_vertices=731 absent_vertices=22
a,4058,BACKGROUND_STATE_CLOSURE,173,108900000000,BACKGROUND_STATE_CLOSURE inst=173 stamp=108900000000 last_support=75566666667 matched_vertices=261 absent_vertices=20
a,4059,BACKGROUND_STATE_CLOSURE,174,108900000000,BACKGROUND_STATE_CLOSURE inst=174 stamp=108900000000 last_support=76266666667 matched_vertices=391 absent_vertices=27
a,4060,BACKGROUND_STATE_CLOSURE,175,108900000000,BACKGROUND_STATE_CLOSURE inst=175 stamp=108900000000 last_support=76000000000 matched_vertices=246 absent_vertices=8
a,4061,INGEST,2,,INGEST inst=2 first=96s seg_verts=1881 cur_verts=1983 observed_verts=0
a,4062,MOBILITY_PRIOR,2,,MOBILITY_PRIOR inst=2 session=0 class=1 changes=0 continuations=0 alpha=1.72727 beta=0.272727 q=0.863636
a,4063,OVERLAP_POSTERIOR,2,,OVERLAP_POSTERIOR inst=2 shared_probability_lower_bound=0.974506 change_prior=0.863636 same_state=1
a,4064,EMPTY_INTERVAL_POSTERIOR,2,,EMPTY_INTERVAL_POSTERIOR inst=2 since=96366666667 support=16 judged=510 seen_through=0 measured=1 calibrated_source=1 log_ratio=-8.77513 change_prior=0.863636 log_odds=-6.9293 empty=0
a,4065,INGEST_DECIDE,2,,INGEST_DECIDE inst=2 same_session_overlap=1 contradicted=0
a,4066,INGEST,5,,INGEST inst=5 first=94s seg_verts=10140 cur_verts=14811 observed_verts=0
a,4067,MOBILITY_PRIOR,5,,MOBILITY_PRIOR inst=5 session=0 class=2 changes=0 continuations=0 alpha=1.72727 beta=0.272727 q=0.863636
a,4068,OVERLAP_POSTERIOR,5,,OVERLAP_POSTERIOR inst=5 shared_probability_lower_bound=0.901576 change_prior=0.863636 same_state=1
a,4069,EMPTY_INTERVAL_POSTERIOR,5,,EMPTY_INTERVAL_POSTERIOR inst=5 since=94166666667 support=2659 judged=1917 seen_through=2 measured=1 calibrated_source=1 log_ratio=-6.28377 change_prior=0.863636 log_odds=-4.43794 empty=0
a,4070,INGEST_DECIDE,5,,INGEST_DECIDE inst=5 same_session_overlap=1 contradicted=0
a,4071,INGEST,54,,INGEST inst=54 first=96s seg_verts=2790 cur_verts=4869 observed_verts=0
a,4072,MOBILITY_PRIOR,54,,MOBILITY_PRIOR inst=54 session=0 class=6 changes=0 continuations=0 alpha=2.9 beta=0.1 q=0.966667
a,4073,OVERLAP_POSTERIOR,54,,OVERLAP_POSTERIOR inst=54 shared_probability_lower_bound=0.987828 change_prior=0.966667 same_state=1
a,4074,EMPTY_INTERVAL_POSTERIOR,54,,EMPTY_INTERVAL_POSTERIOR inst=54 since=96366666667 support=15 judged=1027 seen_through=0 measured=1 calibrated_source=1 log_ratio=-10.2878 change_prior=0.966667 log_odds=-6.92048 empty=0
a,4075,INGEST_DECIDE,54,,INGEST_DECIDE inst=54 same_session_overlap=1 contradicted=0
a,4076,INGEST,77,,INGEST inst=77 first=95s seg_verts=2358 cur_verts=3420 observed_verts=0
a,4077,MOBILITY_PRIOR,77,,MOBILITY_PRIOR inst=77 session=0 class=11 changes=0 continuations=0 alpha=1.72727 beta=0.272727 q=0.863636
a,4078,OVERLAP_POSTERIOR,77,,OVERLAP_POSTERIOR inst=77 shared_probability_lower_bound=0.900273 change_prior=0.863636 same_state=1
a,4079,EMPTY_INTERVAL_POSTERIOR,77,,EMPTY_INTERVAL_POSTERIOR inst=77 since=95766666667 support=19 judged=916 seen_through=1 measured=1 calibrated_source=1 log_ratio=-8.59196 change_prior=0.863636 log_odds=-6.74613 empty=0
a,4080,INGEST_DECIDE,77,,INGEST_DECIDE inst=77 same_session_overlap=1 contradicted=0
a,4081,INGEST,88,,INGEST inst=88 first=95s seg_verts=684 cur_verts=735 observed_verts=0
a,4082,MOBILITY_PRIOR,88,,MOBILITY_PRIOR inst=88 session=0 class=14 changes=0 continuations=0 alpha=1.72727 beta=0.272727 q=0.863636
a,4083,OVERLAP_POSTERIOR,88,,OVERLAP_POSTERIOR inst=88 shared_probability_lower_bound=0.992016 change_prior=0.863636 same_state=1
a,4084,EMPTY_INTERVAL_POSTERIOR,88,,EMPTY_INTERVAL_POSTERIOR inst=88 since=95466666667 support=180 judged=284 seen_through=0 measured=1 calibrated_source=1 log_ratio=-8.15759 change_prior=0.863636 log_odds=-6.31177 empty=0
a,4085,INGEST_DECIDE,88,,INGEST_DECIDE inst=88 same_session_overlap=1 contradicted=0
a,4087,OBJECT_EXTRACTION_INPUT,148,,OBJECT_EXTRACTION_INPUT inst=148 first=101200000000 last=107333333333 observations=141 dynamic=0 motion_history=0 last_motion=0 displacement=0 static_fallback=0
a,4088,STATIC_SURFACE_FRAMES,148,,STATIC_SURFACE_FRAMES inst=148 candidates=47 selected=47 first=101266666667 last=107266666667
a,4089,OBJECT_EXTRACTION_INPUT,149,,OBJECT_EXTRACTION_INPUT inst=149 first=101166666667 last=108100000000 observations=175 dynamic=0 motion_history=0 last_motion=0 displacement=0 static_fallback=0
a,4090,OBJECT_EXTRACTION_INPUT,147,,OBJECT_EXTRACTION_INPUT inst=147 first=101233333333 last=108166666667 observations=176 dynamic=0 motion_history=0 last_motion=0 displacement=0 static_fallback=0
a,4091,STATIC_SURFACE_FRAMES,147,,STATIC_SURFACE_FRAMES inst=147 candidates=55 selected=55 first=101666666667 last=108166666667
a,4092,STATIC_SURFACE_FRAMES,149,,STATIC_SURFACE_FRAMES inst=149 candidates=53 selected=53 first=101666666667 last=108066666667
a,4093,OBJECT_EXTRACTION_INPUT,156,,OBJECT_EXTRACTION_INPUT inst=156 first=101066666667 last=108766666667 observations=208 dynamic=0 motion_history=0 last_motion=0 displacement=0 static_fallback=0
a,4094,STATIC_SURFACE_FRAMES,156,,STATIC_SURFACE_FRAMES inst=156 candidates=60 selected=60 first=102066666667 last=108766666667
a,4095,OBJECT_EXTRACTION_INPUT,48,,OBJECT_EXTRACTION_INPUT inst=48 first=101433333333 last=109066666667 observations=230 dynamic=0 motion_history=0 last_motion=0 displacement=0 static_fallback=0
a,4096,OBJECT_EXTRACTION_INPUT,68,,OBJECT_EXTRACTION_INPUT inst=68 first=102700000000 last=109233333333 observations=193 dynamic=0 motion_history=0 last_motion=0 displacement=0 static_fallback=0
a,4097,STATIC_SURFACE_FRAMES,48,,STATIC_SURFACE_FRAMES inst=48 candidates=67 selected=67 first=102466666667 last=109066666667
a,4098,STATIC_SURFACE_FRAMES,68,,STATIC_SURFACE_FRAMES inst=68 candidates=64 selected=64 first=102766666667 last=109166666667
a,4108,OBJECT_EXTRACTION_INPUT,167,,OBJECT_EXTRACTION_INPUT inst=167 first=103266666667 last=109100000000 observations=153 dynamic=0 motion_history=0 last_motion=0 displacement=0 static_fallback=0
a,4109,STATIC_SURFACE_FRAMES,167,,STATIC_SURFACE_FRAMES inst=167 candidates=52 selected=52 first=103266666667 last=109066666667
a,4110,OBJECT_EXTRACTION_INPUT,162,,OBJECT_EXTRACTION_INPUT inst=162 first=103266666667 last=109133333333 observations=154 dynamic=0 motion_history=0 last_motion=0 displacement=0 static_fallback=0
a,4111,STATIC_SURFACE_FRAMES,162,,STATIC_SURFACE_FRAMES inst=162 candidates=52 selected=52 first=103266666667 last=109066666667
a,4112,OBJECT_EXTRACTION_INPUT,161,,OBJECT_EXTRACTION_INPUT inst=161 first=103400000000 last=109200000000 observations=147 dynamic=0 motion_history=0 last_motion=0 displacement=0 static_fallback=0
a,4113,STATIC_SURFACE_FRAMES,161,,STATIC_SURFACE_FRAMES inst=161 candidates=49 selected=49 first=103466666667 last=109166666667
a,4114,OBJECT_EXTRACTION_INPUT,164,,OBJECT_EXTRACTION_INPUT inst=164 first=103566666667 last=109533333333 observations=138 dynamic=0 motion_history=0 last_motion=0 displacement=0 static_fallback=0
a,4115,OBJECT_EXTRACTION_INPUT,109,,OBJECT_EXTRACTION_INPUT inst=109 first=103700000000 last=109500000000 observations=132 dynamic=0 motion_history=0 last_motion=0 displacement=0 static_fallback=0
a,4116,STATIC_SURFACE_FRAMES,109,,STATIC_SURFACE_FRAMES inst=109 candidates=44 selected=44 first=103766666667 last=109466666667
a,4117,STATIC_SURFACE_FRAMES,164,,STATIC_SURFACE_FRAMES inst=164 candidates=46 selected=46 first=103566666667 last=109466666667
a,4118,OBJECT_EXTRACTION_INPUT,72,,OBJECT_EXTRACTION_INPUT inst=72 first=105766666667 last=109633333333 observations=117 dynamic=0 motion_history=0 last_motion=0 displacement=0 static_fallback=0
a,4119,STATIC_SURFACE_FRAMES,72,,STATIC_SURFACE_FRAMES inst=72 candidates=39 selected=39 first=105766666667 last=109566666667
a,4120,OBJECT_EXTRACTION_INPUT,70,,OBJECT_EXTRACTION_INPUT inst=70 first=105833333333 last=109800000000 observations=120 dynamic=0 motion_history=0 last_motion=0 displacement=0 static_fallback=0
a,4121,OBJECT_EXTRACTION_INPUT,69,,OBJECT_EXTRACTION_INPUT inst=69 first=105933333333 last=110100000000 observations=126 dynamic=0 motion_history=0 last_motion=0 displacement=0 static_fallback=0
a,4122,STATIC_SURFACE_FRAMES,69,,STATIC_SURFACE_FRAMES inst=69 candidates=42 selected=42 first=105966666667 last=110066666667
a,4123,STATIC_SURFACE_FRAMES,70,,STATIC_SURFACE_FRAMES inst=70 candidates=40 selected=40 first=105866666667 last=109766666667
a,4124,OBJECT_EXTRACTION_INPUT,89,,OBJECT_EXTRACTION_INPUT inst=89 first=102900000000 last=113233333333 observations=302 dynamic=0 motion_history=0 last_motion=0 displacement=0 static_fallback=0
a,4125,STATIC_SURFACE_FRAMES,89,,STATIC_SURFACE_FRAMES inst=89 candidates=100 selected=100 first=103066666667 last=113233333333
a,4134,OBJECT_EXTRACTION_INPUT,23,,OBJECT_EXTRACTION_INPUT inst=23 first=110833333333 last=113166666667 observations=71 dynamic=0 motion_history=0 last_motion=0 displacement=0 static_fallback=0
a,4135,OBJECT_EXTRACTION_INPUT,35,,OBJECT_EXTRACTION_INPUT inst=35 first=110833333333 last=113166666667 observations=71 dynamic=0 motion_history=0 last_motion=0 displacement=0 static_fallback=0
a,4136,STATIC_SURFACE_FRAMES,23,,STATIC_SURFACE_FRAMES inst=23 candidates=24 selected=24 first=110866666667 last=113166666667
a,4137,OBJECT_EXTRACTION_INPUT,25,,OBJECT_EXTRACTION_INPUT inst=25 first=110866666667 last=113133333333 observations=69 dynamic=0 motion_history=0 last_motion=0 displacement=0 static_fallback=0
a,4138,STATIC_SURFACE_FRAMES,35,,STATIC_SURFACE_FRAMES inst=35 candidates=24 selected=24 first=110866666667 last=113166666667
a,4139,OBJECT_EXTRACTION_INPUT,24,,OBJECT_EXTRACTION_INPUT inst=24 first=110866666667 last=113133333333 observations=69 dynamic=0 motion_history=0 last_motion=0 displacement=0 static_fallback=0
a,4140,STATIC_SURFACE_FRAMES,24,,STATIC_SURFACE_FRAMES inst=24 candidates=23 selected=23 first=110866666667 last=113066666667
a,4141,STATIC_SURFACE_FRAMES,25,,STATIC_SURFACE_FRAMES inst=25 candidates=23 selected=23 first=110866666667 last=113066666667
a,4142,OBJECT_EXTRACTION_INPUT,37,,OBJECT_EXTRACTION_INPUT inst=37 first=110866666667 last=113133333333 observations=69 dynamic=0 motion_history=0 last_motion=0 displacement=0 static_fallback=0
a,4143,OBJECT_EXTRACTION_INPUT,22,,OBJECT_EXTRACTION_INPUT inst=22 first=110866666667 last=113133333333 observations=69 dynamic=0 motion_history=0 last_motion=0 displacement=0 static_fallback=0
a,4144,STATIC_SURFACE_FRAMES,22,,STATIC_SURFACE_FRAMES inst=22 candidates=23 selected=23 first=110866666667 last=113066666667
a,4145,OBJECT_EXTRACTION_INPUT,43,,OBJECT_EXTRACTION_INPUT inst=43 first=111033333333 last=113000000000 observations=60 dynamic=0 motion_history=0 last_motion=0 displacement=0 static_fallback=0
a,4146,STATIC_SURFACE_FRAMES,37,,STATIC_SURFACE_FRAMES inst=37 candidates=23 selected=23 first=110866666667 last=113066666667
a,4147,OBJECT_EXTRACTION_INPUT,41,,OBJECT_EXTRACTION_INPUT inst=41 first=111066666667 last=112966666667 observations=58 dynamic=0 motion_history=0 last_motion=0 displacement=0 static_fallback=0
a,4148,STATIC_SURFACE_FRAMES,43,,STATIC_SURFACE_FRAMES inst=43 candidates=20 selected=20 first=111066666667 last=112966666667
a,4149,OBJECT_EXTRACTION_INPUT,171,,OBJECT_EXTRACTION_INPUT inst=171 first=106033333333 last=116266666667 observations=308 dynamic=0 motion_history=0 last_motion=0 displacement=0 static_fallback=0
a,4150,STATIC_SURFACE_FRAMES,41,,STATIC_SURFACE_FRAMES inst=41 candidates=20 selected=20 first=111066666667 last=112966666667
a,4151,OBJECT_EXTRACTION_INPUT,71,,OBJECT_EXTRACTION_INPUT inst=71 first=106033333333 last=116266666667 observations=308 dynamic=0 motion_history=0 last_motion=0 displacement=0 static_fallback=0
a,4152,STATIC_SURFACE_FRAMES,171,,STATIC_SURFACE_FRAMES inst=171 candidates=100 selected=100 first=106366666667 last=116266666667
a,4153,STATIC_SURFACE_FRAMES,71,,STATIC_SURFACE_FRAMES inst=71 candidates=100 selected=100 first=106366666667 last=116266666667
a,4155,OBJECT_EXTRACTION_INPUT,57,,OBJECT_EXTRACTION_INPUT inst=57 first=110133333333 last=113600000000 observations=105 dynamic=0 motion_history=0 last_motion=0 displacement=0 static_fallback=0
a,4156,OBJECT_EXTRACTION_INPUT,38,,OBJECT_EXTRACTION_INPUT inst=38 first=110700000000 last=113266666667 observations=78 dynamic=0 motion_history=0 last_motion=0 displacement=0 static_fallback=0
a,4157,STATIC_SURFACE_FRAMES,38,,STATIC_SURFACE_FRAMES inst=38 candidates=26 selected=26 first=110766666667 last=113266666667
a,4158,OBJECT_EXTRACTION_INPUT,32,,OBJECT_EXTRACTION_INPUT inst=32 first=110700000000 last=113266666667 observations=78 dynamic=0 motion_history=0 last_motion=0 displacement=0 static_fallback=0
a,4159,STATIC_SURFACE_FRAMES,32,,STATIC_SURFACE_FRAMES inst=32 candidates=26 selected=26 first=110766666667 last=113266666667
a,4160,OBJECT_EXTRACTION_INPUT,33,,OBJECT_EXTRACTION_INPUT inst=33 first=110700000000 last=113266666667 observations=78 dynamic=0 motion_history=0 last_motion=0 displacement=0 static_fallback=0
a,4161,STATIC_SURFACE_FRAMES,33,,STATIC_SURFACE_FRAMES inst=33 candidates=26 selected=26 first=110766666667 last=113266666667
a,4162,OBJECT_EXTRACTION_INPUT,28,,OBJECT_EXTRACTION_INPUT inst=28 first=110700000000 last=113266666667 observations=78 dynamic=0 motion_history=0 last_motion=0 displacement=0 static_fallback=0
a,4163,STATIC_SURFACE_FRAMES,28,,STATIC_SURFACE_FRAMES inst=28 candidates=26 selected=26 first=110766666667 last=113266666667
a,4164,OBJECT_EXTRACTION_INPUT,27,,OBJECT_EXTRACTION_INPUT inst=27 first=110700000000 last=113266666667 observations=78 dynamic=0 motion_history=0 last_motion=0 displacement=0 static_fallback=0
a,4165,STATIC_SURFACE_FRAMES,27,,STATIC_SURFACE_FRAMES inst=27 candidates=26 selected=26 first=110766666667 last=113266666667
a,4166,OBJECT_EXTRACTION_INPUT,30,,OBJECT_EXTRACTION_INPUT inst=30 first=110700000000 last=113266666667 observations=78 dynamic=0 motion_history=0 last_motion=0 displacement=0 static_fallback=0
a,4167,STATIC_SURFACE_FRAMES,57,,STATIC_SURFACE_FRAMES inst=57 candidates=35 selected=35 first=110166666667 last=113566666667
a,4168,STATIC_SURFACE_FRAMES,30,,STATIC_SURFACE_FRAMES inst=30 candidates=26 selected=26 first=110766666667 last=113266666667
a,4169,OBJECT_EXTRACTION_INPUT,29,,OBJECT_EXTRACTION_INPUT inst=29 first=110700000000 last=113266666667 observations=78 dynamic=0 motion_history=0 last_motion=0 displacement=0 static_fallback=0
a,4170,STATIC_SURFACE_FRAMES,29,,STATIC_SURFACE_FRAMES inst=29 candidates=26 selected=26 first=110766666667 last=113266666667
a,4171,OBJECT_EXTRACTION_INPUT,31,,OBJECT_EXTRACTION_INPUT inst=31 first=110700000000 last=113266666667 observations=78 dynamic=0 motion_history=0 last_motion=0 displacement=0 static_fallback=0
a,4172,STATIC_SURFACE_FRAMES,31,,STATIC_SURFACE_FRAMES inst=31 candidates=26 selected=26 first=110766666667 last=113266666667
a,4173,OBJECT_EXTRACTION_INPUT,20,,OBJECT_EXTRACTION_INPUT inst=20 first=109566666667 last=113900000000 observations=131 dynamic=0 motion_history=0 last_motion=0 displacement=0 static_fallback=0
a,4174,OBJECT_EXTRACTION_INPUT,19,,OBJECT_EXTRACTION_INPUT inst=19 first=109566666667 last=113900000000 observations=131 dynamic=0 motion_history=0 last_motion=0 displacement=0 static_fallback=0
a,4175,STATIC_SURFACE_FRAMES,20,,STATIC_SURFACE_FRAMES inst=20 candidates=44 selected=44 first=109566666667 last=113866666667
a,4176,OBJECT_EXTRACTION_INPUT,40,,OBJECT_EXTRACTION_INPUT inst=40 first=109600000000 last=113833333333 observations=128 dynamic=0 motion_history=0 last_motion=0 displacement=0 static_fallback=0
a,4177,STATIC_SURFACE_FRAMES,19,,STATIC_SURFACE_FRAMES inst=19 candidates=44 selected=44 first=109566666667 last=113866666667
a,4178,OBJECT_EXTRACTION_INPUT,21,,OBJECT_EXTRACTION_INPUT inst=21 first=109600000000 last=113866666667 observations=128 dynamic=0 motion_history=0 last_motion=0 displacement=0 static_fallback=0
a,4179,STATIC_SURFACE_FRAMES,40,,STATIC_SURFACE_FRAMES inst=40 candidates=42 selected=42 first=109666666667 last=113766666667
a,4180,OBJECT_EXTRACTION_INPUT,207,,OBJECT_EXTRACTION_INPUT inst=207 first=110200000000 last=114100000000 observations=118 dynamic=0 motion_history=0 last_motion=0 displacement=0 static_fallback=0
a,4181,STATIC_SURFACE_FRAMES,207,,STATIC_SURFACE_FRAMES inst=207 candidates=39 selected=39 first=110266666667 last=114066666667
a,4182,OBJECT_EXTRACTION_INPUT,129,,OBJECT_EXTRACTION_INPUT inst=129 first=110266666667 last=113833333333 observations=79 dynamic=0 motion_history=0 last_motion=0 displacement=0 static_fallback=0
a,4183,STATIC_SURFACE_FRAMES,21,,STATIC_SURFACE_FRAMES inst=21 candidates=43 selected=43 first=109666666667 last=113866666667
a,4184,STATIC_SURFACE_FRAMES,129,,STATIC_SURFACE_FRAMES inst=129 candidates=27 selected=27 first=110266666667 last=113766666667
a,4185,OBJECT_EXTRACTION_INPUT,36,,OBJECT_EXTRACTION_INPUT inst=36 first=110500000000 last=114100000000 observations=97 dynamic=0 motion_history=0 last_motion=0 displacement=0 static_fallback=0
a,4186,STATIC_SURFACE_FRAMES,36,,STATIC_SURFACE_FRAMES inst=36 candidates=32 selected=32 first=110566666667 last=114066666667
a,4187,OBJECT_EXTRACTION_INPUT,16,,OBJECT_EXTRACTION_INPUT inst=16 first=105966666667 last=114500000000 observations=244 dynamic=0 motion_history=0 last_motion=0 displacement=0 static_fallback=0
a,4188,OBJECT_EXTRACTION_INPUT,15,,OBJECT_EXTRACTION_INPUT inst=15 first=106000000000 last=114466666667 observations=229 dynamic=0 motion_history=0 last_motion=0 displacement=0 static_fallback=0
a,4189,STATIC_SURFACE_FRAMES,15,,STATIC_SURFACE_FRAMES inst=15 candidates=63 selected=63 first=107766666667 last=114466666667
a,4190,OBJECT_EXTRACTION_INPUT,124,,OBJECT_EXTRACTION_INPUT inst=124 first=106133333333 last=114366666667 observations=209 dynamic=0 motion_history=0 last_motion=0 displacement=0 static_fallback=0
a,4191,STATIC_SURFACE_FRAMES,16,,STATIC_SURFACE_FRAMES inst=16 candidates=67 selected=67 first=107666666667 last=114466666667
a,4192,OBJECT_EXTRACTION_INPUT,125,,OBJECT_EXTRACTION_INPUT inst=125 first=106200000000 last=114366666667 observations=197 dynamic=0 motion_history=0 last_motion=0 displacement=0 static_fallback=0
a,4193,STATIC_SURFACE_FRAMES,124,,STATIC_SURFACE_FRAMES inst=124 candidates=62 selected=62 first=108266666667 last=114366666667
a,4194,OBJECT_EXTRACTION_INPUT,175,,OBJECT_EXTRACTION_INPUT inst=175 first=108666666667 last=114500000000 observations=176 dynamic=0 motion_history=0 last_motion=0 displacement=0 static_fallback=0
a,4195,STATIC_SURFACE_FRAMES,125,,STATIC_SURFACE_FRAMES inst=125 candidates=60 selected=60 first=108466666667 last=114366666667
a,4196,OBJECT_EXTRACTION_INPUT,17,,OBJECT_EXTRACTION_INPUT inst=17 first=108866666667 last=114400000000 observations=167 dynamic=0 motion_history=0 last_motion=0 displacement=0 static_fallback=0
a,4197,STATIC_SURFACE_FRAMES,175,,STATIC_SURFACE_FRAMES inst=175 candidates=59 selected=59 first=108666666667 last=114466666667
a,4198,STATIC_SURFACE_FRAMES,17,,STATIC_SURFACE_FRAMES inst=17 candidates=56 selected=56 first=108866666667 last=114366666667
a,4199,OBJECT_EXTRACTION_INPUT,18,,OBJECT_EXTRACTION_INPUT inst=18 first=108866666667 last=114400000000 observations=167 dynamic=0 motion_history=0 last_motion=0 displacement=0 static_fallback=0
a,4200,STATIC_SURFACE_FRAMES,18,,STATIC_SURFACE_FRAMES inst=18 candidates=56 selected=56 first=108866666667 last=114366666667
a,4201,OBJECT_EXTRACTION_INPUT,45,,OBJECT_EXTRACTION_INPUT inst=45 first=108866666667 last=114400000000 observations=167 dynamic=0 motion_history=0 last_motion=0 displacement=0 static_fallback=0
a,4202,STATIC_SURFACE_FRAMES,45,,STATIC_SURFACE_FRAMES inst=45 candidates=56 selected=56 first=108866666667 last=114366666667
a,4203,OBJECT_EXTRACTION_INPUT,127,,OBJECT_EXTRACTION_INPUT inst=127 first=108933333333 last=114333333333 observations=163 dynamic=0 motion_history=0 last_motion=0 displacement=0 static_fallback=0
a,4204,STATIC_SURFACE_FRAMES,127,,STATIC_SURFACE_FRAMES inst=127 candidates=54 selected=54 first=108966666667 last=114266666667
a,4205,OBJECT_EXTRACTION_INPUT,174,,OBJECT_EXTRACTION_INPUT inst=174 first=109000000000 last=114233333333 observations=158 dynamic=0 motion_history=0 last_motion=0 displacement=0 static_fallback=0
a,4206,STATIC_SURFACE_FRAMES,174,,STATIC_SURFACE_FRAMES inst=174 candidates=52 selected=52 first=109066666667 last=114166666667
a,4207,OBJECT_EXTRACTION_INPUT,131,,OBJECT_EXTRACTION_INPUT inst=131 first=109100000000 last=114200000000 observations=154 dynamic=0 motion_history=0 last_motion=0 displacement=0 static_fallback=0
a,4208,STATIC_SURFACE_FRAMES,131,,STATIC_SURFACE_FRAMES inst=131 candidates=51 selected=51 first=109166666667 last=114166666667
a,4209,OBJECT_EXTRACTION_INPUT,205,,OBJECT_EXTRACTION_INPUT inst=205 first=110100000000 last=114166666667 observations=123 dynamic=0 motion_history=0 last_motion=0 displacement=0 static_fallback=0
a,4210,STATIC_SURFACE_FRAMES,205,,STATIC_SURFACE_FRAMES inst=205 candidates=41 selected=41 first=110166666667 last=114166666667
a,4211,OBJECT_EXTRACTION_INPUT,204,,OBJECT_EXTRACTION_INPUT inst=204 first=110133333333 last=114300000000 observations=126 dynamic=0 motion_history=0 last_motion=0 displacement=0 static_fallback=0
a,4212,STATIC_SURFACE_FRAMES,204,,STATIC_SURFACE_FRAMES inst=204 candidates=42 selected=42 first=110166666667 last=114266666667
a,4213,OBJECT_EXTRACTION_INPUT,206,,OBJECT_EXTRACTION_INPUT inst=206 first=110200000000 last=114266666667 observations=123 dynamic=0 motion_history=0 last_motion=0 displacement=0 static_fallback=0
a,4214,STATIC_SURFACE_FRAMES,206,,STATIC_SURFACE_FRAMES inst=206 candidates=41 selected=41 first=110266666667 last=114266666667
a,4215,OBJECT_EXTRACTION_INPUT,208,,OBJECT_EXTRACTION_INPUT inst=208 first=110200000000 last=114333333333 observations=125 dynamic=0 motion_history=0 last_motion=0 displacement=0 static_fallback=0
a,4216,STATIC_SURFACE_FRAMES,208,,STATIC_SURFACE_FRAMES inst=208 candidates=41 selected=41 first=110266666667 last=114266666667
a,4217,OBJECT_EXTRACTION_INPUT,130,,OBJECT_EXTRACTION_INPUT inst=130 first=110466666667 last=114266666667 observations=105 dynamic=0 motion_history=0 last_motion=0 displacement=0 static_fallback=0
a,4218,STATIC_SURFACE_FRAMES,130,,STATIC_SURFACE_FRAMES inst=130 candidates=35 selected=35 first=110466666667 last=114266666667
a,4219,OBJECT_EXTRACTION_INPUT,128,,OBJECT_EXTRACTION_INPUT inst=128 first=110466666667 last=114366666667 observations=108 dynamic=0 motion_history=0 last_motion=0 displacement=0 static_fallback=0
a,4220,STATIC_SURFACE_FRAMES,128,,STATIC_SURFACE_FRAMES inst=128 candidates=36 selected=36 first=110466666667 last=114366666667
a,4221,OBJECT_EXTRACTION_INPUT,34,,OBJECT_EXTRACTION_INPUT inst=34 first=110533333333 last=114133333333 observations=95 dynamic=0 motion_history=0 last_motion=0 displacement=0 static_fallback=0
a,4222,STATIC_SURFACE_FRAMES,34,,STATIC_SURFACE_FRAMES inst=34 candidates=31 selected=31 first=110566666667 last=114066666667
a,4223,OBJECT_EXTRACTION_INPUT,26,,OBJECT_EXTRACTION_INPUT inst=26 first=110533333333 last=114133333333 observations=95 dynamic=0 motion_history=0 last_motion=0 displacement=0 static_fallback=0
a,4224,STATIC_SURFACE_FRAMES,26,,STATIC_SURFACE_FRAMES inst=26 candidates=31 selected=31 first=110566666667 last=114066666667
a,4225,OBJECT_EXTRACTION_INPUT,126,,OBJECT_EXTRACTION_INPUT inst=126 first=105966666667 last=114600000000 observations=258 dynamic=0 motion_history=0 last_motion=0 displacement=0 static_fallback=0
a,4226,OBJECT_EXTRACTION_INPUT,163,,OBJECT_EXTRACTION_INPUT inst=163 first=105766666667 last=114700000000 observations=269 dynamic=0 motion_history=0 last_motion=0 displacement=0 static_fallback=0
a,4227,STATIC_SURFACE_FRAMES,126,,STATIC_SURFACE_FRAMES inst=126 candidates=65 selected=65 first=108166666667 last=114566666667
a,4228,STATIC_SURFACE_FRAMES,163,,STATIC_SURFACE_FRAMES inst=163 candidates=66 selected=66 first=108166666667 last=114666666667
a,4229,OBJECT_EXTRACTION_INPUT,51,,OBJECT_EXTRACTION_INPUT inst=51 first=106500000000 last=114933333333 observations=248 dynamic=0 motion_history=0 last_motion=0 displacement=0 static_fallback=0
a,4230,STATIC_SURFACE_FRAMES,51,,STATIC_SURFACE_FRAMES inst=51 candidates=68 selected=68 first=108166666667 last=114866666667
a,4231,OBJECT_EXTRACTION_INPUT,136,,OBJECT_EXTRACTION_INPUT inst=136 first=108200000000 last=114800000000 observations=199 dynamic=0 motion_history=0 last_motion=0 displacement=0 static_fallback=0
a,4232,STATIC_SURFACE_FRAMES,136,,STATIC_SURFACE_FRAMES inst=136 candidates=66 selected=66 first=108266666667 last=114766666667
a,4233,OBJECT_EXTRACTION_INPUT,56,,OBJECT_EXTRACTION_INPUT inst=56 first=108466666667 last=114600000000 observations=185 dynamic=0 motion_history=0 last_motion=0 displacement=0 static_fallback=0
a,4234,STATIC_SURFACE_FRAMES,56,,STATIC_SURFACE_FRAMES inst=56 candidates=62 selected=62 first=108466666667 last=114566666667
a,4235,OBJECT_EXTRACTION_INPUT,170,,OBJECT_EXTRACTION_INPUT inst=170 first=103833333333 last=115033333333 observations=286 dynamic=0 motion_history=0 last_motion=0 displacement=0 static_fallback=0
a,4236,OBJECT_EXTRACTION_INPUT,81,,OBJECT_EXTRACTION_INPUT inst=81 first=105633333333 last=115033333333 observations=251 dynamic=0 motion_history=0 last_motion=0 displacement=0 static_fallback=0
a,4237,STATIC_SURFACE_FRAMES,81,,STATIC_SURFACE_FRAMES inst=81 candidates=56 selected=56 first=108566666667 last=114966666667
a,4238,OBJECT_EXTRACTION_INPUT,80,,OBJECT_EXTRACTION_INPUT inst=80 first=107000000000 last=115066666667 observations=179 dynamic=0 motion_history=0 last_motion=0 displacement=0 static_fallback=0
a,4239,STATIC_SURFACE_FRAMES,80,,STATIC_SURFACE_FRAMES inst=80 candidates=45 selected=45 first=108566666667 last=115066666667
a,4240,OBJECT_EXTRACTION_INPUT,79,,OBJECT_EXTRACTION_INPUT inst=79 first=114200000000 last=115033333333 observations=25 dynamic=0 motion_history=0 last_motion=0 displacement=0 static_fallback=0
a,4241,STATIC_SURFACE_FRAMES,79,,STATIC_SURFACE_FRAMES inst=79 candidates=7 selected=7 first=114366666667 last=114966666667
a,4242,STATIC_SURFACE_FRAMES,170,,STATIC_SURFACE_FRAMES inst=170 candidates=65 selected=65 first=108566666667 last=114966666667
a,4251,OBJECT_EXTRACTION_INPUT,149,,OBJECT_EXTRACTION_INPUT inst=149 first=115100000000 last=115766666667 observations=21 dynamic=0 motion_history=0 last_motion=0 displacement=0 static_fallback=0
a,4252,OBJECT_EXTRACTION_INPUT,148,,OBJECT_EXTRACTION_INPUT inst=148 first=115200000000 last=115733333333 observations=17 dynamic=0 motion_history=0 last_motion=0 displacement=0 static_fallback=0
a,4253,STATIC_SURFACE_FRAMES,149,,STATIC_SURFACE_FRAMES inst=149 candidates=7 selected=7 first=115166666667 last=115766666667
a,4254,STATIC_SURFACE_FRAMES,148,,STATIC_SURFACE_FRAMES inst=148 candidates=5 selected=5 first=115266666667 last=115666666667
a,4255,OBJECT_EXTRACTION_INPUT,147,,OBJECT_EXTRACTION_INPUT inst=147 first=115100000000 last=115966666667 observations=27 dynamic=0 motion_history=0 last_motion=0 displacement=0 static_fallback=0
a,4256,STATIC_SURFACE_FRAMES,147,,STATIC_SURFACE_FRAMES inst=147 candidates=9 selected=9 first=115166666667 last=115966666667
a,4258,OBJECT_EXTRACTION_INPUT,117,,OBJECT_EXTRACTION_INPUT inst=117 first=105866666667 last=116566666667 observations=295 dynamic=0 motion_history=0 last_motion=0 displacement=0 static_fallback=0
a,4259,OBJECT_EXTRACTION_INPUT,181,,OBJECT_EXTRACTION_INPUT inst=181 first=105933333333 last=116666666667 observations=290 dynamic=0 motion_history=0 last_motion=0 displacement=0 static_fallback=0
a,4260,STATIC_SURFACE_FRAMES,117,,STATIC_SURFACE_FRAMES inst=117 candidates=59 selected=59 first=109866666667 last=116566666667
a,4261,STATIC_SURFACE_FRAMES,181,,STATIC_SURFACE_FRAMES inst=181 candidates=58 selected=58 first=109866666667 last=116666666667
a,4262,OBJECT_EXTRACTION_INPUT,155,,OBJECT_EXTRACTION_INPUT inst=155 first=106100000000 last=117100000000 observations=289 dynamic=0 motion_history=0 last_motion=0 displacement=0 static_fallback=0
a,4263,STATIC_SURFACE_FRAMES,155,,STATIC_SURFACE_FRAMES inst=155 candidates=55 selected=55 first=110266666667 last=117066666667
a,4264,STATE_EVIDENCE_WINDOW,2,,STATE_EVIDENCE_WINDOW inst=2 after=104900000000 latest_measured_support=0 through=119733333333 projected=0 support=0 contradiction=0 reliable=464 reliable_in_view=0 reliable_seen_through=0 absence_llr=0 absent_samples=0 total_samples=1288 absence_coverage_sufficient=0
a,4265,STATE_SLICE,2,119733333333,STATE_SLICE inst=2 stamp=119733333333 inherited_sup=0 inherited_con=0 inherited_samples=1288 inherited_supported=0 inherited_free=0 inherited_repl_other=0 inherited_repl_bg=0 inherited_occ=0 inherited_unobs=1288 session_sup=0 session_con=0 session_samples=0 cur_verts=3864 candidate_verts=0
a,4266,EVIDENCE,2,,EVIDENCE inst=2 inherited_support=0 inherited_contradiction=0 session_support=0 session_contradiction=0 inherited_absent_flag=0 cur_verts=3864 observed_verts=0
a,4267,STATE_EVIDENCE_WINDOW,3,,STATE_EVIDENCE_WINDOW inst=3 after=86066666667 latest_measured_support=0 through=119733333333 projected=0 support=0 contradiction=0 reliable=26 reliable_in_view=0 reliable_seen_through=0 absence_llr=0 absent_samples=0 total_samples=189 absence_coverage_sufficient=0
a,4268,STATE_SLICE,3,119733333333,STATE_SLICE inst=3 stamp=119733333333 inherited_sup=0 inherited_con=0 inherited_samples=189 inherited_supported=0 inherited_free=0 inherited_repl_other=0 inherited_repl_bg=0 inherited_occ=0 inherited_unobs=189 session_sup=0 session_con=0 session_samples=0 cur_verts=567 candidate_verts=0
a,4269,EVIDENCE,3,,EVIDENCE inst=3 inherited_support=0 inherited_contradiction=0 session_support=0 session_contradiction=0 inherited_absent_flag=0 cur_verts=567 observed_verts=0
a,4270,STATE_EVIDENCE_WINDOW,5,,STATE_EVIDENCE_WINDOW inst=5 after=100300000000 latest_measured_support=0 through=119733333333 projected=0 support=0 contradiction=0 reliable=920 reliable_in_view=0 reliable_seen_through=0 absence_llr=0 absent_samples=0 total_samples=8317 absence_coverage_sufficient=0
a,4271,STATE_SLICE,5,119733333333,STATE_SLICE inst=5 stamp=119733333333 inherited_sup=0 inherited_con=0 inherited_samples=8317 inherited_supported=0 inherited_free=0 inherited_repl_other=0 inherited_repl_bg=0 inherited_occ=0 inherited_unobs=8317 session_sup=0 session_con=0 session_samples=0 cur_verts=24951 candidate_verts=0
a,4272,EVIDENCE,5,,EVIDENCE inst=5 inherited_support=0 inherited_contradiction=0 session_support=0 session_contradiction=0 inherited_absent_flag=0 cur_verts=24951 observed_verts=0
a,4273,STATE_EVIDENCE_WINDOW,7,,STATE_EVIDENCE_WINDOW inst=7 after=48033333333 latest_measured_support=0 through=119733333333 projected=0 support=0 contradiction=0 reliable=510 reliable_in_view=0 reliable_seen_through=0 absence_llr=0 absent_samples=0 total_samples=11707 absence_coverage_sufficient=0
a,4274,STATE_SLICE,7,119733333333,STATE_SLICE inst=7 stamp=119733333333 inherited_sup=0 inherited_con=0 inherited_samples=11707 inherited_supported=0 inherited_free=0 inherited_repl_other=0 inherited_repl_bg=0 inherited_occ=0 inherited_unobs=11707 session_sup=0 session_con=0 session_samples=0 cur_verts=35121 candidate_verts=0
a,4275,EVIDENCE,7,,EVIDENCE inst=7 inherited_support=0 inherited_contradiction=0 session_support=0 session_contradiction=0 inherited_absent_flag=0 cur_verts=35121 observed_verts=0
a,4276,STATE_EVIDENCE_WINDOW,21,,STATE_EVIDENCE_WINDOW inst=21 after=76400000000 latest_measured_support=110200000000 through=119733333333 projected=0 support=14 contradiction=6 reliable=41 reliable_in_view=41 reliable_seen_through=0 absence_llr=0 absent_samples=0 total_samples=84 absence_coverage_sufficient=0
a,4277,STATE_SLICE,21,119733333333,STATE_SLICE inst=21 stamp=119733333333 inherited_sup=14 inherited_con=6 inherited_samples=84 inherited_supported=201 inherited_free=0 inherited_repl_other=22 inherited_repl_bg=0 inherited_occ=0 inherited_unobs=24 session_sup=0 session_con=0 session_samples=0 cur_verts=252 candidate_verts=0
a,4278,EVIDENCE,21,,EVIDENCE inst=21 inherited_support=14 inherited_contradiction=6 session_support=0 session_contradiction=0 inherited_absent_flag=0 cur_verts=252 observed_verts=0
a,4279,MOBILITY_PRIOR,21,,MOBILITY_PRIOR inst=21 session=0 class=4 changes=0 continuations=0 alpha=1.72727 beta=0.272727 q=0.863636
a,4280,TOP_ABSORB_POSTERIOR,21,,TOP_ABSORB_POSTERIOR inst=21 measurement=confirmed_current change_prior=0.863636 geometry_factor_or_bound=1 geometry_evaluated=0 candidate_vertices=0 effective_cells=0 off_share=unmeasured legacy_same_site=0 absorb=0
a,4281,MOBILITY_PRIOR,21,,MOBILITY_PRIOR inst=21 session=0 class=4 changes=0 continuations=0 alpha=1.72727 beta=0.272727 q=0.863636
a,4282,TOP_ABSORB,21,,TOP_ABSORB inst=21 geom=0 support=14 high_mobility=1 absorb=0
a,4283,STATE_EVIDENCE_WINDOW,48,,STATE_EVIDENCE_WINDOW inst=48 after=86900000000 latest_measured_support=0 through=119733333333 projected=1 support=0 contradiction=3937 reliable=0 reliable_in_view=0 reliable_seen_through=0 absence_llr=0 absent_samples=239 total_samples=240 absence_coverage_sufficient=0
a,4284,STATE_SLICE,48,119733333333,STATE_SLICE inst=48 stamp=119733333333 inherited_sup=0 inherited_con=3937 inherited_samples=240 inherited_supported=0 inherited_free=3893 inherited_repl_other=0 inherited_repl_bg=117 inherited_occ=104 inherited_unobs=0 session_sup=0 session_con=0 session_samples=0 cur_verts=11154 candidate_verts=0
a,4285,EVIDENCE,48,,EVIDENCE inst=48 inherited_support=0 inherited_contradiction=3937 session_support=0 session_contradiction=0 inherited_absent_flag=0 cur_verts=11154 observed_verts=0
a,4286,STATE_EVIDENCE_WINDOW,49,,STATE_EVIDENCE_WINDOW inst=49 after=48266666667 latest_measured_support=0 through=119733333333 projected=0 support=0 contradiction=0 reliable=367 reliable_in_view=0 reliable_seen_through=0 absence_llr=0 absent_samples=0 total_samples=1043 absence_coverage_sufficient=0
a,4287,STATE_SLICE,49,119733333333,STATE_SLICE inst=49 stamp=119733333333 inherited_sup=0 inherited_con=0 inherited_samples=1043 inherited_supported=0 inherited_free=0 inherited_repl_other=0 inherited_repl_bg=0 inherited_occ=113 inherited_unobs=588 session_sup=0 session_con=0 session_samples=0 cur_verts=3129 candidate_verts=0
a,4288,EVIDENCE,49,,EVIDENCE inst=49 inherited_support=0 inherited_contradiction=0 session_support=0 session_contradiction=0 inherited_absent_flag=0 cur_verts=3129 observed_verts=0
a,4289,STATE_EVIDENCE_WINDOW,50,,STATE_EVIDENCE_WINDOW inst=50 after=46266666667 latest_measured_support=0 through=119733333333 projected=0 support=0 contradiction=0 reliable=411 reliable_in_view=0 reliable_seen_through=0 absence_llr=0 absent_samples=0 total_samples=1119 absence_coverage_sufficient=0
a,4290,STATE_SLICE,50,119733333333,STATE_SLICE inst=50 stamp=119733333333 inherited_sup=0 inherited_con=0 inherited_samples=1119 inherited_supported=0 inherited_free=0 inherited_repl_other=0 inherited_repl_bg=0 inherited_occ=0 inherited_unobs=1119 session_sup=0 session_con=0 session_samples=0 cur_verts=3357 candidate_verts=0
a,4291,EVIDENCE,50,,EVIDENCE inst=50 inherited_support=0 inherited_contradiction=0 session_support=0 session_contradiction=0 inherited_absent_flag=0 cur_verts=3357 observed_verts=0
a,4292,STATE_EVIDENCE_WINDOW,51,,STATE_EVIDENCE_WINDOW inst=51 after=108900000000 latest_measured_support=110200000000 through=119733333333 projected=0 support=31 contradiction=0 reliable=303 reliable_in_view=9 reliable_seen_through=0 absence_llr=0 absent_samples=0 total_samples=12818 absence_coverage_sufficient=0
a,4293,STATE_SLICE,51,119733333333,STATE_SLICE inst=51 stamp=119733333333 inherited_sup=31 inherited_con=0 inherited_samples=12818 inherited_supported=124 inherited_free=0 inherited_repl_other=0 inherited_repl_bg=0 inherited_occ=109 inherited_unobs=12692 session_sup=0 session_con=0 session_samples=0 cur_verts=38454 candidate_verts=0
a,4294,EVIDENCE,51,,EVIDENCE inst=51 inherited_support=31 inherited_contradiction=0 session_support=0 session_contradiction=0 inherited_absent_flag=0 cur_verts=38454 observed_verts=0
a,4295,MOBILITY_PRIOR,51,,MOBILITY_PRIOR inst=51 session=0 class=6 changes=0 continuations=0 alpha=2.9 beta=0.1 q=0.966667
a,4296,TOP_ABSORB_POSTERIOR,51,,TOP_ABSORB_POSTERIOR inst=51 measurement=confirmed_current change_prior=0.966667 geometry_factor_or_bound=1 geometry_evaluated=0 candidate_vertices=0 effective_cells=0 off_share=unmeasured legacy_same_site=0 absorb=0
a,4297,MOBILITY_PRIOR,51,,MOBILITY_PRIOR inst=51 session=0 class=6 changes=0 continuations=0 alpha=2.9 beta=0.1 q=0.966667
a,4298,TOP_ABSORB,51,,TOP_ABSORB inst=51 geom=0 support=31 high_mobility=1 absorb=0
a,4299,STATE_EVIDENCE_WINDOW,52,,STATE_EVIDENCE_WINDOW inst=52 after=105000000000 latest_measured_support=105866666667 through=119733333333 projected=1 support=82 contradiction=0 reliable=490 reliable_in_view=0 reliable_seen_through=0 absence_llr=0 absent_samples=0 total_samples=733 absence_coverage_sufficient=0
a,4300,STATE_SLICE,52,119733333333,STATE_SLICE inst=52 stamp=119733333333 inherited_sup=82 inherited_con=0 inherited_samples=733 inherited_supported=82 inherited_free=0 inherited_repl_other=0 inherited_repl_bg=0 inherited_occ=299 inherited_unobs=420 session_sup=0 session_con=0 session_samples=0 cur_verts=65517 candidate_verts=0
a,4301,EVIDENCE,52,,EVIDENCE inst=52 inherited_support=82 inherited_contradiction=0 session_support=0 session_contradiction=0 inherited_absent_flag=0 cur_verts=65517 observed_verts=0
a,4302,MOBILITY_PRIOR,52,,MOBILITY_PRIOR inst=52 session=0 class=6 changes=0 continuations=0 alpha=2.9 beta=0.1 q=0.966667
a,4303,TOP_ABSORB_POSTERIOR,52,,TOP_ABSORB_POSTERIOR inst=52 measurement=confirmed_current change_prior=0.966667 geometry_factor_or_bound=1 geometry_evaluated=0 candidate_vertices=0 effective_cells=0 off_share=unmeasured legacy_same_site=0 absorb=0
a,4304,MOBILITY_PRIOR,52,,MOBILITY_PRIOR inst=52 session=0 class=6 changes=0 continuations=0 alpha=2.9 beta=0.1 q=0.966667
a,4305,TOP_ABSORB,52,,TOP_ABSORB inst=52 geom=0 support=82 high_mobility=1 absorb=0
a,4306,STATE_EVIDENCE_WINDOW,54,,STATE_EVIDENCE_WINDOW inst=54 after=104900000000 latest_measured_support=0 through=119733333333 projected=0 support=0 contradiction=0 reliable=787 reliable_in_view=0 reliable_seen_through=0 absence_llr=0 absent_samples=0 total_samples=2553 absence_coverage_sufficient=0
a,4307,STATE_SLICE,54,119733333333,STATE_SLICE inst=54 stamp=119733333333 inherited_sup=0 inherited_con=0 inherited_samples=2553 inherited_supported=0 inherited_free=0 inherited_repl_other=0 inherited_repl_bg=0 inherited_occ=0 inherited_unobs=2553 session_sup=0 session_con=0 session_samples=0 cur_verts=7659 candidate_verts=0
a,4308,EVIDENCE,54,,EVIDENCE inst=54 inherited_support=0 inherited_contradiction=0 session_support=0 session_contradiction=0 inherited_absent_flag=0 cur_verts=7659 observed_verts=0
a,4309,STATE_EVIDENCE_WINDOW,55,,STATE_EVIDENCE_WINDOW inst=55 after=49133333333 latest_measured_support=0 through=119733333333 projected=0 support=0 contradiction=0 reliable=523 reliable_in_view=0 reliable_seen_through=0 absence_llr=0 absent_samples=0 total_samples=2965 absence_coverage_sufficient=0
a,4310,STATE_SLICE,55,119733333333,STATE_SLICE inst=55 stamp=119733333333 inherited_sup=0 inherited_con=0 inherited_samples=2965 inherited_supported=0 inherited_free=0 inherited_repl_other=0 inherited_repl_bg=0 inherited_occ=214 inherited_unobs=1946 session_sup=0 session_con=0 session_samples=0 cur_verts=8895 candidate_verts=0
a,4311,EVIDENCE,55,,EVIDENCE inst=55 inherited_support=0 inherited_contradiction=0 session_support=0 session_contradiction=0 inherited_absent_flag=0 cur_verts=8895 observed_verts=0
a,4312,STATE_EVIDENCE_WINDOW,56,,STATE_EVIDENCE_WINDOW inst=56 after=108900000000 latest_measured_support=110200000000 through=119733333333 projected=0 support=669 contradiction=95 reliable=884 reliable_in_view=835 reliable_seen_through=5 absence_llr=0 absent_samples=0 total_samples=21082 absence_coverage_sufficient=0
a,4313,STATE_SLICE,56,119733333333,STATE_SLICE inst=56 stamp=119733333333 inherited_sup=669 inherited_con=95 inherited_samples=21082 inherited_supported=30462 inherited_free=25 inherited_repl_other=269 inherited_repl_bg=0 inherited_occ=5285 inherited_unobs=10714 session_sup=0 session_con=0 session_samples=0 cur_verts=63246 candidate_verts=0
a,4314,EVIDENCE,56,,EVIDENCE inst=56 inherited_support=669 inherited_contradiction=95 session_support=0 session_contradiction=0 inherited_absent_flag=0 cur_verts=63246 observed_verts=0
a,4315,MOBILITY_PRIOR,56,,MOBILITY_PRIOR inst=56 session=0 class=6 changes=0 continuations=0 alpha=2.9 beta=0.1 q=0.966667
a,4316,TOP_ABSORB_POSTERIOR,56,,TOP_ABSORB_POSTERIOR inst=56 measurement=confirmed_current change_prior=0.966667 geometry_factor_or_bound=1 geometry_evaluated=0 candidate_vertices=0 effective_cells=0 off_share=unmeasured legacy_same_site=0 absorb=0
a,4317,MOBILITY_PRIOR,56,,MOBILITY_PRIOR inst=56 session=0 class=6 changes=0 continuations=0 alpha=2.9 beta=0.1 q=0.966667
a,4318,TOP_ABSORB,56,,TOP_ABSORB inst=56 geom=0 support=669 high_mobility=1 absorb=0
a,4319,STATE_EVIDENCE_WINDOW,57,,STATE_EVIDENCE_WINDOW inst=57 after=86733333333 latest_measured_support=110200000000 through=119733333333 projected=0 support=4 contradiction=0 reliable=1024 reliable_in_view=61 reliable_seen_through=0 absence_llr=0 absent_samples=0 total_samples=4014 absence_coverage_sufficient=0
a,4320,STATE_SLICE,57,119733333333,STATE_SLICE inst=57 stamp=119733333333 inherited_sup=4 inherited_con=0 inherited_samples=4014 inherited_supported=11 inherited_free=0 inherited_repl_other=0 inherited_repl_bg=0 inherited_occ=0 inherited_unobs=3908 session_sup=0 session_con=0 session_samples=0 cur_verts=12042 candidate_verts=0
a,4321,EVIDENCE,57,,EVIDENCE inst=57 inherited_support=4 inherited_contradiction=0 session_support=0 session_contradiction=0 inherited_absent_flag=0 cur_verts=12042 observed_verts=0
a,4322,MOBILITY_PRIOR,57,,MOBILITY_PRIOR inst=57 session=0 class=6 changes=0 continuations=0 alpha=2.9 beta=0.1 q=0.966667
a,4323,TOP_ABSORB_POSTERIOR,57,,TOP_ABSORB_POSTERIOR inst=57 measurement=confirmed_current change_prior=0.966667 geometry_factor_or_bound=1 geometry_evaluated=0 candidate_vertices=0 effective_cells=0 off_share=unmeasured legacy_same_site=0 absorb=0
a,4324,MOBILITY_PRIOR,57,,MOBILITY_PRIOR inst=57 session=0 class=6 changes=0 continuations=0 alpha=2.9 beta=0.1 q=0.966667
a,4325,TOP_ABSORB,57,,TOP_ABSORB inst=57 geom=0 support=4 high_mobility=1 absorb=0
a,4326,STATE_EVIDENCE_WINDOW,68,,STATE_EVIDENCE_WINDOW inst=68 after=105866666667 latest_measured_support=116700000000 through=119733333333 projected=0 support=712 contradiction=553 reliable=1081 reliable_in_view=1068 reliable_seen_through=13 absence_llr=0 absent_samples=0 total_samples=2969 absence_coverage_sufficient=0
a,4327,STATE_SLICE,68,119733333333,STATE_SLICE inst=68 stamp=119733333333 inherited_sup=712 inherited_con=553 inherited_samples=2969 inherited_supported=49114 inherited_free=2472 inherited_repl_other=710 inherited_repl_bg=482 inherited_occ=11233 inherited_unobs=0 session_sup=0 session_con=0 session_samples=0 cur_verts=8907 candidate_verts=0
a,4328,EVIDENCE,68,,EVIDENCE inst=68 inherited_support=712 inherited_contradiction=553 session_support=0 session_contradiction=0 inherited_absent_flag=0 cur_verts=8907 observed_verts=0
a,4329,MOBILITY_PRIOR,68,,MOBILITY_PRIOR inst=68 session=0 class=9 changes=0 continuations=0 alpha=7.8 beta=0.2 q=0.975
a,4330,TOP_ABSORB_POSTERIOR,68,,TOP_ABSORB_POSTERIOR inst=68 measurement=confirmed_current change_prior=0.975 geometry_factor_or_bound=1 geometry_evaluated=0 candidate_vertices=0 effective_cells=0 off_share=unmeasured legacy_same_site=0 absorb=0
a,4331,MOBILITY_PRIOR,68,,MOBILITY_PRIOR inst=68 session=0 class=9 changes=0 continuations=0 alpha=7.8 beta=0.2 q=0.975
a,4332,TOP_ABSORB,68,,TOP_ABSORB inst=68 geom=0 support=712 high_mobility=1 absorb=0
a,4333,STATE_EVIDENCE_WINDOW,70,,STATE_EVIDENCE_WINDOW inst=70 after=85500000000 latest_measured_support=0 through=119733333333 projected=1 support=0 contradiction=770 reliable=6 reliable_in_view=3 reliable_seen_through=3 absence_llr=0 absent_samples=69 total_samples=87 absence_coverage_sufficient=0
a,4334,STATE_SLICE,70,119733333333,STATE_SLICE inst=70 stamp=119733333333 inherited_sup=0 inherited_con=770 inherited_samples=87 inherited_supported=0 inherited_free=404 inherited_repl_other=367 inherited_repl_bg=0 inherited_occ=217 inherited_unobs=0 session_sup=0 session_con=0 session_samples=0 cur_verts=3003 candidate_verts=0
a,4335,EVIDENCE,70,,EVIDENCE inst=70 inherited_support=0 inherited_contradiction=770 session_support=0 session_contradiction=0 inherited_absent_flag=0 cur_verts=3003 observed_verts=0
a,4336,STATE_EVIDENCE_WINDOW,77,,STATE_EVIDENCE_WINDOW inst=77 after=101266666667 latest_measured_support=0 through=119733333333 projected=0 support=0 contradiction=0 reliable=573 reliable_in_view=0 reliable_seen_through=0 absence_llr=0 absent_samples=0 total_samples=1926 absence_coverage_sufficient=0
a,4337,STATE_SLICE,77,119733333333,STATE_SLICE inst=77 stamp=119733333333 inherited_sup=0 inherited_con=0 inherited_samples=1926 inherited_supported=0 inherited_free=0 inherited_repl_other=0 inherited_repl_bg=0 inherited_occ=0 inherited_unobs=1926 session_sup=0 session_con=0 session_samples=0 cur_verts=5778 candidate_verts=0
a,4338,EVIDENCE,77,,EVIDENCE inst=77 inherited_support=0 inherited_contradiction=0 session_support=0 session_contradiction=0 inherited_absent_flag=0 cur_verts=5778 observed_verts=0
a,4339,STATE_EVIDENCE_WINDOW,88,,STATE_EVIDENCE_WINDOW inst=88 after=100100000000 latest_measured_support=0 through=119733333333 projected=0 support=0 contradiction=0 reliable=157 reliable_in_view=0 reliable_seen_through=0 absence_llr=0 absent_samples=0 total_samples=473 absence_coverage_sufficient=0
a,4340,STATE_SLICE,88,119733333333,STATE_SLICE inst=88 stamp=119733333333 inherited_sup=0 inherited_con=0 inherited_samples=473 inherited_supported=0 inherited_free=0 inherited_repl_other=0 inherited_repl_bg=0 inherited_occ=0 inherited_unobs=473 session_sup=0 session_con=0 session_samples=0 cur_verts=1419 candidate_verts=0
a,4341,EVIDENCE,88,,EVIDENCE inst=88 inherited_support=0 inherited_contradiction=0 session_support=0 session_contradiction=0 inherited_absent_flag=0 cur_verts=1419 observed_verts=0
a,4342,STATE_EVIDENCE_WINDOW,108,,STATE_EVIDENCE_WINDOW inst=108 after=68100000000 latest_measured_support=116700000000 through=119733333333 projected=0 support=179 contradiction=167 reliable=452 reliable_in_view=248 reliable_seen_through=4 absence_llr=0 absent_samples=0 total_samples=834 absence_coverage_sufficient=0
a,4343,STATE_SLICE,108,119733333333,STATE_SLICE inst=108 stamp=119733333333 inherited_sup=179 inherited_con=167 inherited_samples=834 inherited_supported=2008 inherited_free=692 inherited_repl_other=0 inherited_repl_bg=0 inherited_occ=961 inherited_unobs=73 session_sup=0 session_con=0 session_samples=0 cur_verts=2502 candidate_verts=0
a,4344,EVIDENCE,108,,EVIDENCE inst=108 inherited_support=179 inherited_contradiction=167 session_support=0 session_contradiction=0 inherited_absent_flag=0 cur_verts=2502 observed_verts=0
a,4345,MOBILITY_PRIOR,108,,MOBILITY_PRIOR inst=108 session=0 class=19 changes=0 continuations=0 alpha=1.72727 beta=0.272727 q=0.863636
a,4346,TOP_ABSORB_POSTERIOR,108,,TOP_ABSORB_POSTERIOR inst=108 measurement=confirmed_current change_prior=0.863636 geometry_factor_or_bound=1 geometry_evaluated=0 candidate_vertices=0 effective_cells=0 off_share=unmeasured legacy_same_site=0 absorb=0
a,4347,MOBILITY_PRIOR,108,,MOBILITY_PRIOR inst=108 session=0 class=19 changes=0 continuations=0 alpha=1.72727 beta=0.272727 q=0.863636
a,4348,TOP_ABSORB,108,,TOP_ABSORB inst=108 geom=0 support=179 high_mobility=1 absorb=0
a,4349,STATE_EVIDENCE_WINDOW,109,,STATE_EVIDENCE_WINDOW inst=109 after=105866666667 latest_measured_support=116700000000 through=119733333333 projected=0 support=762 contradiction=660 reliable=696 reliable_in_view=677 reliable_seen_through=16 absence_llr=0 absent_samples=0 total_samples=5791 absence_coverage_sufficient=0
a,4350,STATE_SLICE,109,119733333333,STATE_SLICE inst=109 stamp=119733333333 inherited_sup=762 inherited_con=660 inherited_samples=5791 inherited_supported=56255 inherited_free=6204 inherited_repl_other=0 inherited_repl_bg=210 inherited_occ=9596 inherited_unobs=0 session_sup=0 session_con=0 session_samples=0 cur_verts=17373 candidate_verts=0
a,4351,EVIDENCE,109,,EVIDENCE inst=109 inherited_support=762 inherited_contradiction=660 session_support=0 session_contradiction=0 inherited_absent_flag=0 cur_verts=17373 observed_verts=0
a,4352,MOBILITY_PRIOR,109,,MOBILITY_PRIOR inst=109 session=0 class=19 changes=0 continuations=0 alpha=1.72727 beta=0.272727 q=0.863636
a,4353,TOP_ABSORB_POSTERIOR,109,,TOP_ABSORB_POSTERIOR inst=109 measurement=confirmed_current change_prior=0.863636 geometry_factor_or_bound=1 geometry_evaluated=0 candidate_vertices=0 effective_cells=0 off_share=unmeasured legacy_same_site=0 absorb=0
a,4354,MOBILITY_PRIOR,109,,MOBILITY_PRIOR inst=109 session=0 class=19 changes=0 continuations=0 alpha=1.72727 beta=0.272727 q=0.863636
a,4355,TOP_ABSORB,109,,TOP_ABSORB inst=109 geom=0 support=762 high_mobility=1 absorb=0
a,4356,STATE_EVIDENCE_WINDOW,112,,STATE_EVIDENCE_WINDOW inst=112 after=87333333333 latest_measured_support=0 through=119733333333 projected=0 support=0 contradiction=0 reliable=739 reliable_in_view=0 reliable_seen_through=0 absence_llr=0 absent_samples=0 total_samples=5750 absence_coverage_sufficient=0
a,4357,STATE_SLICE,112,119733333333,STATE_SLICE inst=112 stamp=119733333333 inherited_sup=0 inherited_con=0 inherited_samples=5750 inherited_supported=0 inherited_free=0 inherited_repl_other=0 inherited_repl_bg=0 inherited_occ=0 inherited_unobs=5750 session_sup=0 session_con=0 session_samples=0 cur_verts=17250 candidate_verts=0
a,4358,EVIDENCE,112,,EVIDENCE inst=112 inherited_support=0 inherited_contradiction=0 session_support=0 session_contradiction=0 inherited_absent_flag=0 cur_verts=17250 observed_verts=0
a,4359,STATE_EVIDENCE_WINDOW,121,,STATE_EVIDENCE_WINDOW inst=121 after=49166666667 latest_measured_support=0 through=119733333333 projected=0 support=0 contradiction=0 reliable=6 reliable_in_view=0 reliable_seen_through=0 absence_llr=0.28449 absent_samples=0 total_samples=146 absence_coverage_sufficient=0
a,4360,STATE_SLICE,121,119733333333,STATE_SLICE inst=121 stamp=119733333333 inherited_sup=0 inherited_con=0 inherited_samples=146 inherited_supported=0 inherited_free=0 inherited_repl_other=0 inherited_repl_bg=0 inherited_occ=0 inherited_unobs=3 session_sup=0 session_con=0 session_samples=0 cur_verts=438 candidate_verts=0
a,4361,EVIDENCE,121,,EVIDENCE inst=121 inherited_support=0 inherited_contradiction=0 session_support=0 session_contradiction=0 inherited_absent_flag=0 cur_verts=438 observed_verts=0
a,4362,STATE_EVIDENCE_WINDOW,128,,STATE_EVIDENCE_WINDOW inst=128 after=17533333333 latest_measured_support=114100000000 through=119733333333 projected=1 support=14 contradiction=36 reliable=53 reliable_in_view=38 reliable_seen_through=5 absence_llr=6.28168 absent_samples=5 total_samples=11 absence_coverage_sufficient=1
a,4363,STATE_SLICE,128,119733333333,STATE_SLICE inst=128 stamp=119733333333 inherited_sup=14 inherited_con=36 inherited_samples=11 inherited_supported=14 inherited_free=0 inherited_repl_other=36 inherited_repl_bg=0 inherited_occ=276 inherited_unobs=0 session_sup=0 session_con=0 session_samples=0 cur_verts=327 candidate_verts=0
a,4364,EVIDENCE,128,,EVIDENCE inst=128 inherited_support=14 inherited_contradiction=36 session_support=0 session_contradiction=0 inherited_absent_flag=1 cur_verts=327 observed_verts=0
a,4365,TOP_CLOSE,128,,TOP_CLOSE inst=128 by_new_site=0 by_observed_absence=1 support=14 contradiction=36 cur_verts=327
a,4366,STATE_EVIDENCE_WINDOW,132,,STATE_EVIDENCE_WINDOW inst=132 after=76833333333 latest_measured_support=0 through=119733333333 projected=0 support=0 contradiction=0 reliable=26 reliable_in_view=0 reliable_seen_through=0 absence_llr=0 absent_samples=0 total_samples=61 absence_coverage_sufficient=0
a,4367,STATE_SLICE,132,119733333333,STATE_SLICE inst=132 stamp=119733333333 inherited_sup=0 inherited_con=0 inherited_samples=61 inherited_supported=0 inherited_free=0 inherited_repl_other=0 inherited_repl_bg=0 inherited_occ=0 inherited_unobs=61 session_sup=0 session_con=0 session_samples=0 cur_verts=183 candidate_verts=0
a,4368,EVIDENCE,132,,EVIDENCE inst=132 inherited_support=0 inherited_contradiction=0 session_support=0 session_contradiction=0 inherited_absent_flag=0 cur_verts=183 observed_verts=0
a,4369,STATE_EVIDENCE_WINDOW,135,,STATE_EVIDENCE_WINDOW inst=135 after=44533333333 latest_measured_support=0 through=119733333333 projected=0 support=0 contradiction=0 reliable=659 reliable_in_view=0 reliable_seen_through=0 absence_llr=0 absent_samples=0 total_samples=1371 absence_coverage_sufficient=0
a,4370,STATE_SLICE,135,119733333333,STATE_SLICE inst=135 stamp=119733333333 inherited_sup=0 inherited_con=0 inherited_samples=1371 inherited_supported=0 inherited_free=0 inherited_repl_other=0 inherited_repl_bg=0 inherited_occ=0 inherited_unobs=1371 session_sup=0 session_con=0 session_samples=0 cur_verts=4113 candidate_verts=0
a,4371,EVIDENCE,135,,EVIDENCE inst=135 inherited_support=0 inherited_contradiction=0 session_support=0 session_contradiction=0 inherited_absent_flag=0 cur_verts=4113 observed_verts=0
a,4372,STATE_EVIDENCE_WINDOW,136,,STATE_EVIDENCE_WINDOW inst=136 after=108900000000 latest_measured_support=110200000000 through=119733333333 projected=0 support=42 contradiction=21 reliable=1068 reliable_in_view=781 reliable_seen_through=0 absence_llr=0 absent_samples=0 total_samples=2588 absence_coverage_sufficient=0
a,4373,STATE_SLICE,136,119733333333,STATE_SLICE inst=136 stamp=119733333333 inherited_sup=42 inherited_con=21 inherited_samples=2588 inherited_supported=1278 inherited_free=0 inherited_repl_other=0 inherited_repl_bg=108 inherited_occ=93 inherited_unobs=1708 session_sup=0 session_con=0 session_samples=0 cur_verts=7764 candidate_verts=0
a,4374,EVIDENCE,136,,EVIDENCE inst=136 inherited_support=42 inherited_contradiction=21 session_support=0 session_contradiction=0 inherited_absent_flag=0 cur_verts=7764 observed_verts=0
a,4375,MOBILITY_PRIOR,136,,MOBILITY_PRIOR inst=136 session=0 class=26 changes=0 continuations=0 alpha=1.75 beta=0.25 q=0.875
a,4376,TOP_ABSORB_POSTERIOR,136,,TOP_ABSORB_POSTERIOR inst=136 measurement=confirmed_current change_prior=0.875 geometry_factor_or_bound=1 geometry_evaluated=0 candidate_vertices=0 effective_cells=0 off_share=unmeasured legacy_same_site=0 absorb=0
a,4377,MOBILITY_PRIOR,136,,MOBILITY_PRIOR inst=136 session=0 class=26 changes=0 continuations=0 alpha=1.75 beta=0.25 q=0.875
a,4378,TOP_ABSORB,136,,TOP_ABSORB inst=136 geom=0 support=42 high_mobility=1 absorb=0
a,4379,STATE_EVIDENCE_WINDOW,141,,STATE_EVIDENCE_WINDOW inst=141 after=47700000000 latest_measured_support=0 through=119733333333 projected=0 support=0 contradiction=0 reliable=247 reliable_in_view=0 reliable_seen_through=0 absence_llr=0 absent_samples=0 total_samples=787 absence_coverage_sufficient=0
a,4380,STATE_SLICE,141,119733333333,STATE_SLICE inst=141 stamp=119733333333 inherited_sup=0 inherited_con=0 inherited_samples=787 inherited_supported=0 inherited_free=0 inherited_repl_other=0 inherited_repl_bg=0 inherited_occ=0 inherited_unobs=787 session_sup=0 session_con=0 session_samples=0 cur_verts=2361 candidate_verts=0
a,4381,EVIDENCE,141,,EVIDENCE inst=141 inherited_support=0 inherited_contradiction=0 session_support=0 session_contradiction=0 inherited_absent_flag=0 cur_verts=2361 observed_verts=0
a,4382,STATE_EVIDENCE_WINDOW,142,,STATE_EVIDENCE_WINDOW inst=142 after=47066666667 latest_measured_support=0 through=119733333333 projected=0 support=0 contradiction=0 reliable=242 reliable_in_view=0 reliable_seen_through=0 absence_llr=0 absent_samples=0 total_samples=748 absence_coverage_sufficient=0
a,4383,STATE_SLICE,142,119733333333,STATE_SLICE inst=142 stamp=119733333333 inherited_sup=0 inherited_con=0 inherited_samples=748 inherited_supported=0 inherited_free=0 inherited_repl_other=0 inherited_repl_bg=0 inherited_occ=0 inherited_unobs=748 session_sup=0 session_con=0 session_samples=0 cur_verts=2244 candidate_verts=0
a,4384,EVIDENCE,142,,EVIDENCE inst=142 inherited_support=0 inherited_contradiction=0 session_support=0 session_contradiction=0 inherited_absent_flag=0 cur_verts=2244 observed_verts=0
a,4385,STATE_EVIDENCE_WINDOW,143,,STATE_EVIDENCE_WINDOW inst=143 after=47766666667 latest_measured_support=0 through=119733333333 projected=0 support=0 contradiction=0 reliable=256 reliable_in_view=0 reliable_seen_through=0 absence_llr=0 absent_samples=0 total_samples=733 absence_coverage_sufficient=0
a,4386,STATE_SLICE,143,119733333333,STATE_SLICE inst=143 stamp=119733333333 inherited_sup=0 inherited_con=0 inherited_samples=733 inherited_supported=0 inherited_free=0 inherited_repl_other=0 inherited_repl_bg=0 inherited_occ=0 inherited_unobs=733 session_sup=0 session_con=0 session_samples=0 cur_verts=2199 candidate_verts=0
a,4387,EVIDENCE,143,,EVIDENCE inst=143 inherited_support=0 inherited_contradiction=0 session_support=0 session_contradiction=0 inherited_absent_flag=0 cur_verts=2199 observed_verts=0
a,4388,STATE_EVIDENCE_WINDOW,144,,STATE_EVIDENCE_WINDOW inst=144 after=47133333333 latest_measured_support=0 through=119733333333 projected=0 support=0 contradiction=0 reliable=192 reliable_in_view=0 reliable_seen_through=0 absence_llr=0 absent_samples=0 total_samples=651 absence_coverage_sufficient=0
a,4389,STATE_SLICE,144,119733333333,STATE_SLICE inst=144 stamp=119733333333 inherited_sup=0 inherited_con=0 inherited_samples=651 inherited_supported=0 inherited_free=0 inherited_repl_other=0 inherited_repl_bg=0 inherited_occ=0 inherited_unobs=651 session_sup=0 session_con=0 session_samples=0 cur_verts=1953 candidate_verts=0
a,4390,EVIDENCE,144,,EVIDENCE inst=144 inherited_support=0 inherited_contradiction=0 session_support=0 session_contradiction=0 inherited_absent_flag=0 cur_verts=1953 observed_verts=0
a,4391,STATE_EVIDENCE_WINDOW,145,,STATE_EVIDENCE_WINDOW inst=145 after=47166666667 latest_measured_support=0 through=119733333333 projected=0 support=0 contradiction=0 reliable=5 reliable_in_view=0 reliable_seen_through=0 absence_llr=0 absent_samples=0 total_samples=33 absence_coverage_sufficient=0
a,4392,STATE_SLICE,145,119733333333,STATE_SLICE inst=145 stamp=119733333333 inherited_sup=0 inherited_con=0 inherited_samples=33 inherited_supported=0 inherited_free=0 inherited_repl_other=0 inherited_repl_bg=0 inherited_occ=0 inherited_unobs=33 session_sup=0 session_con=0 session_samples=0 cur_verts=99 candidate_verts=0
a,4393,EVIDENCE,145,,EVIDENCE inst=145 inherited_support=0 inherited_contradiction=0 session_support=0 session_contradiction=0 inherited_absent_flag=0 cur_verts=99 observed_verts=0
a,4394,STATE_EVIDENCE_WINDOW,146,,STATE_EVIDENCE_WINDOW inst=146 after=47800000000 latest_measured_support=0 through=119733333333 projected=0 support=0 contradiction=0 reliable=0 reliable_in_view=0 reliable_seen_through=0 absence_llr=0 absent_samples=0 total_samples=20 absence_coverage_sufficient=0
a,4395,STATE_SLICE,146,119733333333,STATE_SLICE inst=146 stamp=119733333333 inherited_sup=0 inherited_con=0 inherited_samples=20 inherited_supported=0 inherited_free=0 inherited_repl_other=0 inherited_repl_bg=0 inherited_occ=0 inherited_unobs=20 session_sup=0 session_con=0 session_samples=0 cur_verts=60 candidate_verts=0
a,4396,EVIDENCE,146,,EVIDENCE inst=146 inherited_support=0 inherited_contradiction=0 session_support=0 session_contradiction=0 inherited_absent_flag=0 cur_verts=60 observed_verts=0
a,4397,STATE_EVIDENCE_WINDOW,153,,STATE_EVIDENCE_WINDOW inst=153 after=76933333333 latest_measured_support=0 through=119733333333 projected=0 support=0 contradiction=0 reliable=520 reliable_in_view=0 reliable_seen_through=0 absence_llr=0 absent_samples=0 total_samples=620 absence_coverage_sufficient=0
a,4398,STATE_SLICE,153,119733333333,STATE_SLICE inst=153 stamp=119733333333 inherited_sup=0 inherited_con=0 inherited_samples=620 inherited_supported=0 inherited_free=0 inherited_repl_other=0 inherited_repl_bg=0 inherited_occ=0 inherited_unobs=489 session_sup=0 session_con=0 session_samples=0 cur_verts=1860 candidate_verts=0
a,4399,EVIDENCE,153,,EVIDENCE inst=153 inherited_support=0 inherited_contradiction=0 session_support=0 session_contradiction=0 inherited_absent_flag=0 cur_verts=1860 observed_verts=0
a,4400,STATE_EVIDENCE_WINDOW,161,,STATE_EVIDENCE_WINDOW inst=161 after=104566666667 latest_measured_support=115833333333 through=119733333333 projected=0 support=74 contradiction=41 reliable=260 reliable_in_view=259 reliable_seen_through=3 absence_llr=0 absent_samples=0 total_samples=481 absence_coverage_sufficient=0
a,4401,STATE_SLICE,161,119733333333,STATE_SLICE inst=161 stamp=119733333333 inherited_sup=74 inherited_con=41 inherited_samples=481 inherited_supported=3894 inherited_free=476 inherited_repl_other=0 inherited_repl_bg=38 inherited_occ=2372 inherited_unobs=0 session_sup=0 session_con=0 session_samples=0 cur_verts=1443 candidate_verts=0
a,4402,EVIDENCE,161,,EVIDENCE inst=161 inherited_support=74 inherited_contradiction=41 session_support=0 session_contradiction=0 inherited_absent_flag=0 cur_verts=1443 observed_verts=0
a,4403,MOBILITY_PRIOR,161,,MOBILITY_PRIOR inst=161 session=0 class=35 changes=0 continuations=0 alpha=2.9 beta=0.1 q=0.966667
a,4404,TOP_ABSORB_POSTERIOR,161,,TOP_ABSORB_POSTERIOR inst=161 measurement=confirmed_current change_prior=0.966667 geometry_factor_or_bound=1 geometry_evaluated=0 candidate_vertices=0 effective_cells=0 off_share=unmeasured legacy_same_site=0 absorb=0
a,4405,MOBILITY_PRIOR,161,,MOBILITY_PRIOR inst=161 session=0 class=35 changes=0 continuations=0 alpha=2.9 beta=0.1 q=0.966667
a,4406,TOP_ABSORB,161,,TOP_ABSORB inst=161 geom=0 support=74 high_mobility=1 absorb=0
a,4407,STATE_EVIDENCE_WINDOW,162,,STATE_EVIDENCE_WINDOW inst=162 after=104566666667 latest_measured_support=116266666667 through=119733333333 projected=0 support=71 contradiction=12 reliable=228 reliable_in_view=227 reliable_seen_through=0 absence_llr=0 absent_samples=0 total_samples=353 absence_coverage_sufficient=0
a,4408,STATE_SLICE,162,119733333333,STATE_SLICE inst=162 stamp=119733333333 inherited_sup=71 inherited_con=12 inherited_samples=353 inherited_supported=3319 inherited_free=43 inherited_repl_other=0 inherited_repl_bg=0 inherited_occ=398 inherited_unobs=0 session_sup=0 session_con=0 session_samples=0 cur_verts=1059 candidate_verts=0
a,4409,EVIDENCE,162,,EVIDENCE inst=162 inherited_support=71 inherited_contradiction=12 session_support=0 session_contradiction=0 inherited_absent_flag=0 cur_verts=1059 observed_verts=0
a,4410,MOBILITY_PRIOR,162,,MOBILITY_PRIOR inst=162 session=0 class=35 changes=0 continuations=0 alpha=2.9 beta=0.1 q=0.966667
a,4411,TOP_ABSORB_POSTERIOR,162,,TOP_ABSORB_POSTERIOR inst=162 measurement=confirmed_current change_prior=0.966667 geometry_factor_or_bound=1 geometry_evaluated=0 candidate_vertices=0 effective_cells=0 off_share=unmeasured legacy_same_site=0 absorb=0
a,4412,MOBILITY_PRIOR,162,,MOBILITY_PRIOR inst=162 session=0 class=35 changes=0 continuations=0 alpha=2.9 beta=0.1 q=0.966667
a,4413,TOP_ABSORB,162,,TOP_ABSORB inst=162 geom=0 support=71 high_mobility=1 absorb=0
a,4414,STATE_EVIDENCE_WINDOW,164,,STATE_EVIDENCE_WINDOW inst=164 after=105866666667 latest_measured_support=116700000000 through=119733333333 projected=0 support=254 contradiction=208 reliable=488 reliable_in_view=471 reliable_seen_through=150 absence_llr=8.82241 absent_samples=0 total_samples=1477 absence_coverage_sufficient=1
a,4415,STATE_SLICE,164,119733333333,STATE_SLICE inst=164 stamp=119733333333 inherited_sup=254 inherited_con=208 inherited_samples=1477 inherited_supported=14864 inherited_free=1444 inherited_repl_other=9 inherited_repl_bg=77 inherited_occ=27 inherited_unobs=0 session_sup=0 session_con=0 session_samples=0 cur_verts=4431 candidate_verts=0
a,4416,EVIDENCE,164,,EVIDENCE inst=164 inherited_support=254 inherited_contradiction=208 session_support=0 session_contradiction=0 inherited_absent_flag=1 cur_verts=4431 observed_verts=0
a,4417,MOBILITY_PRIOR,164,,MOBILITY_PRIOR inst=164 session=0 class=35 changes=0 continuations=0 alpha=2.9 beta=0.1 q=0.966667
a,4418,TOP_ABSORB_POSTERIOR,164,,TOP_ABSORB_POSTERIOR inst=164 measurement=confirmed_current change_prior=0.966667 geometry_factor_or_bound=1 geometry_evaluated=0 candidate_vertices=0 effective_cells=0 off_share=unmeasured legacy_same_site=0 absorb=0
a,4419,MOBILITY_PRIOR,164,,MOBILITY_PRIOR inst=164 session=0 class=35 changes=0 continuations=0 alpha=2.9 beta=0.1 q=0.966667
a,4420,TOP_ABSORB,164,,TOP_ABSORB inst=164 geom=0 support=254 high_mobility=1 absorb=0
a,4421,STATE_EVIDENCE_WINDOW,165,,STATE_EVIDENCE_WINDOW inst=165 after=48166666667 latest_measured_support=0 through=119733333333 projected=0 support=0 contradiction=0 reliable=136 reliable_in_view=0 reliable_seen_through=0 absence_llr=0 absent_samples=0 total_samples=457 absence_coverage_sufficient=0
a,4422,STATE_SLICE,165,119733333333,STATE_SLICE inst=165 stamp=119733333333 inherited_sup=0 inherited_con=0 inherited_samples=457 inherited_supported=0 inherited_free=0 inherited_repl_other=0 inherited_repl_bg=0 inherited_occ=20 inherited_unobs=251 session_sup=0 session_con=0 session_samples=0 cur_verts=1371 candidate_verts=0
a,4423,EVIDENCE,165,,EVIDENCE inst=165 inherited_support=0 inherited_contradiction=0 session_support=0 session_contradiction=0 inherited_absent_flag=0 cur_verts=1371 observed_verts=0
a,4424,STATE_EVIDENCE_WINDOW,166,,STATE_EVIDENCE_WINDOW inst=166 after=44733333333 latest_measured_support=0 through=119733333333 projected=0 support=0 contradiction=0 reliable=193 reliable_in_view=0 reliable_seen_through=0 absence_llr=0 absent_samples=0 total_samples=599 absence_coverage_sufficient=0
a,4425,STATE_SLICE,166,119733333333,STATE_SLICE inst=166 stamp=119733333333 inherited_sup=0 inherited_con=0 inherited_samples=599 inherited_supported=0 inherited_free=0 inherited_repl_other=0 inherited_repl_bg=0 inherited_occ=0 inherited_unobs=599 session_sup=0 session_con=0 session_samples=0 cur_verts=1797 candidate_verts=0
a,4426,EVIDENCE,166,,EVIDENCE inst=166 inherited_support=0 inherited_contradiction=0 session_support=0 session_contradiction=0 inherited_absent_flag=0 cur_verts=1797 observed_verts=0
a,4427,STATE_EVIDENCE_WINDOW,167,,STATE_EVIDENCE_WINDOW inst=167 after=104566666667 latest_measured_support=116700000000 through=119733333333 projected=0 support=99 contradiction=91 reliable=280 reliable_in_view=273 reliable_seen_through=2 absence_llr=0 absent_samples=0 total_samples=751 absence_coverage_sufficient=0
a,4428,STATE_SLICE,167,119733333333,STATE_SLICE inst=167 stamp=119733333333 inherited_sup=99 inherited_con=91 inherited_samples=751 inherited_supported=5582 inherited_free=1038 inherited_repl_other=240 inherited_repl_bg=0 inherited_occ=314 inherited_unobs=0 session_sup=0 session_con=0 session_samples=0 cur_verts=2253 candidate_verts=0
a,4429,EVIDENCE,167,,EVIDENCE inst=167 inherited_support=99 inherited_contradiction=91 session_support=0 session_contradiction=0 inherited_absent_flag=0 cur_verts=2253 observed_verts=0
a,4430,MOBILITY_PRIOR,167,,MOBILITY_PRIOR inst=167 session=0 class=36 changes=0 continuations=0 alpha=1.75 beta=0.25 q=0.875
a,4431,TOP_ABSORB_POSTERIOR,167,,TOP_ABSORB_POSTERIOR inst=167 measurement=confirmed_current change_prior=0.875 geometry_factor_or_bound=1 geometry_evaluated=0 candidate_vertices=0 effective_cells=0 off_share=unmeasured legacy_same_site=0 absorb=0
a,4432,MOBILITY_PRIOR,167,,MOBILITY_PRIOR inst=167 session=0 class=36 changes=0 continuations=0 alpha=1.75 beta=0.25 q=0.875
a,4433,TOP_ABSORB,167,,TOP_ABSORB inst=167 geom=0 support=99 high_mobility=1 absorb=0
a,4434,STATE_EVIDENCE_WINDOW,171,,STATE_EVIDENCE_WINDOW inst=171 after=108900000000 latest_measured_support=110200000000 through=119733333333 projected=0 support=108 contradiction=29 reliable=992 reliable_in_view=948 reliable_seen_through=0 absence_llr=0 absent_samples=0 total_samples=2813 absence_coverage_sufficient=0
a,4435,STATE_SLICE,171,119733333333,STATE_SLICE inst=171 stamp=119733333333 inherited_sup=108 inherited_con=29 inherited_samples=2813 inherited_supported=4258 inherited_free=0 inherited_repl_other=0 inherited_repl_bg=230 inherited_occ=858 inherited_unobs=0 session_sup=0 session_con=0 session_samples=0 cur_verts=8439 candidate_verts=0
a,4436,EVIDENCE,171,,EVIDENCE inst=171 inherited_support=108 inherited_contradiction=29 session_support=0 session_contradiction=0 inherited_absent_flag=0 cur_verts=8439 observed_verts=0
a,4437,MOBILITY_PRIOR,171,,MOBILITY_PRIOR inst=171 session=0 class=39 changes=0 continuations=0 alpha=1.90909 beta=0.0909091 q=0.954545
a,4438,TOP_ABSORB_POSTERIOR,171,,TOP_ABSORB_POSTERIOR inst=171 measurement=confirmed_current change_prior=0.954545 geometry_factor_or_bound=1 geometry_evaluated=0 candidate_vertices=0 effective_cells=0 off_share=unmeasured legacy_same_site=0 absorb=0
a,4439,MOBILITY_PRIOR,171,,MOBILITY_PRIOR inst=171 session=0 class=39 changes=0 continuations=0 alpha=1.90909 beta=0.0909091 q=0.954545
a,4440,TOP_ABSORB,171,,TOP_ABSORB inst=171 geom=0 support=108 high_mobility=1 absorb=0
a,4441,STATE_EVIDENCE_WINDOW,172,,STATE_EVIDENCE_WINDOW inst=172 after=49200000000 latest_measured_support=0 through=119733333333 projected=0 support=0 contradiction=0 reliable=719 reliable_in_view=0 reliable_seen_through=0 absence_llr=0 absent_samples=0 total_samples=1554 absence_coverage_sufficient=0
a,4442,STATE_SLICE,172,119733333333,STATE_SLICE inst=172 stamp=119733333333 inherited_sup=0 inherited_con=0 inherited_samples=1554 inherited_supported=0 inherited_free=0 inherited_repl_other=0 inherited_repl_bg=0 inherited_occ=1051 inherited_unobs=0 session_sup=0 session_con=0 session_samples=0 cur_verts=4662 candidate_verts=0
a,4443,EVIDENCE,172,,EVIDENCE inst=172 inherited_support=0 inherited_contradiction=0 session_support=0 session_contradiction=0 inherited_absent_flag=0 cur_verts=4662 observed_verts=0
a,4444,STATE_EVIDENCE_WINDOW,180,,STATE_EVIDENCE_WINDOW inst=180 after=80733333333 latest_measured_support=0 through=119733333333 projected=0 support=0 contradiction=0 reliable=63 reliable_in_view=0 reliable_seen_through=0 absence_llr=0 absent_samples=0 total_samples=88 absence_coverage_sufficient=0
a,4445,STATE_SLICE,180,119733333333,STATE_SLICE inst=180 stamp=119733333333 inherited_sup=0 inherited_con=0 inherited_samples=88 inherited_supported=0 inherited_free=0 inherited_repl_other=0 inherited_repl_bg=0 inherited_occ=0 inherited_unobs=88 session_sup=0 session_con=0 session_samples=0 cur_verts=264 candidate_verts=0
a,4446,EVIDENCE,180,,EVIDENCE inst=180 inherited_support=0 inherited_contradiction=0 session_support=0 session_contradiction=0 inherited_absent_flag=0 cur_verts=264 observed_verts=0
a,4447,STATE_EVIDENCE_WINDOW,205,,STATE_EVIDENCE_WINDOW inst=205 after=76766666667 latest_measured_support=110200000000 through=119733333333 projected=0 support=18 contradiction=17 reliable=97 reliable_in_view=84 reliable_seen_through=6 absence_llr=2.19925 absent_samples=0 total_samples=268 absence_coverage_sufficient=0
a,4448,STATE_SLICE,205,119733333333,STATE_SLICE inst=205 stamp=119733333333 inherited_sup=18 inherited_con=17 inherited_samples=268 inherited_supported=635 inherited_free=0 inherited_repl_other=21 inherited_repl_bg=0 inherited_occ=0 inherited_unobs=48 session_sup=0 session_con=0 session_samples=0 cur_verts=804 candidate_verts=0
a,4449,EVIDENCE,205,,EVIDENCE inst=205 inherited_support=18 inherited_contradiction=17 session_support=0 session_contradiction=0 inherited_absent_flag=0 cur_verts=804 observed_verts=0
a,4450,MOBILITY_PRIOR,205,,MOBILITY_PRIOR inst=205 session=0 class=46 changes=0 continuations=0 alpha=1.75 beta=0.25 q=0.875
a,4451,TOP_ABSORB_POSTERIOR,205,,TOP_ABSORB_POSTERIOR inst=205 measurement=confirmed_current change_prior=0.875 geometry_factor_or_bound=1 geometry_evaluated=0 candidate_vertices=0 effective_cells=0 off_share=unmeasured legacy_same_site=0 absorb=0
a,4452,MOBILITY_PRIOR,205,,MOBILITY_PRIOR inst=205 session=0 class=46 changes=0 continuations=0 alpha=1.75 beta=0.25 q=0.875
a,4453,TOP_ABSORB,205,,TOP_ABSORB inst=205 geom=0 support=18 high_mobility=1 absorb=0
a,4454,BACKGROUND_STATE_CLOSURE,48,119733333333,BACKGROUND_STATE_CLOSURE inst=48 stamp=119733333333 last_support=67366666667 matched_vertices=405 absent_vertices=36
a,4455,BACKGROUND_STATE_CLOSURE,69,119733333333,BACKGROUND_STATE_CLOSURE inst=69 stamp=119733333333 last_support=16566666667 matched_vertices=95 absent_vertices=24
a,4456,BACKGROUND_STATE_CLOSURE,69,119733333333,BACKGROUND_STATE_CLOSURE inst=69 stamp=119733333333 last_support=85733333333 matched_vertices=710 absent_vertices=42
a,4457,BACKGROUND_STATE_CLOSURE,70,119733333333,BACKGROUND_STATE_CLOSURE inst=70 stamp=119733333333 last_support=36533333333 matched_vertices=87 absent_vertices=21
a,4458,BACKGROUND_STATE_CLOSURE,71,119733333333,BACKGROUND_STATE_CLOSURE inst=71 stamp=119733333333 last_support=16433333333 matched_vertices=87 absent_vertices=8
a,4459,BACKGROUND_STATE_CLOSURE,71,119733333333,BACKGROUND_STATE_CLOSURE inst=71 stamp=119733333333 last_support=86233333333 matched_vertices=262 absent_vertices=39
a,4460,BACKGROUND_STATE_CLOSURE,72,119733333333,BACKGROUND_STATE_CLOSURE inst=72 stamp=119733333333 last_support=86366666667 matched_vertices=313 absent_vertices=57
a,4461,BACKGROUND_STATE_CLOSURE,89,119733333333,BACKGROUND_STATE_CLOSURE inst=89 stamp=119733333333 last_support=87166666667 matched_vertices=652 absent_vertices=229
a,4462,BACKGROUND_STATE_CLOSURE,128,119733333333,BACKGROUND_STATE_CLOSURE inst=128 stamp=119733333333 last_support=17533333333 matched_vertices=155 absent_vertices=47
a,4463,BACKGROUND_STATE_CLOSURE,149,119733333333,BACKGROUND_STATE_CLOSURE inst=149 stamp=119733333333 last_support=72866666667 matched_vertices=47 absent_vertices=2
a,4464,BACKGROUND_STATE_CLOSURE,155,119733333333,BACKGROUND_STATE_CLOSURE inst=155 stamp=119733333333 last_support=81400000000 matched_vertices=1445 absent_vertices=438
a,4465,BACKGROUND_STATE_CLOSURE,156,119733333333,BACKGROUND_STATE_CLOSURE inst=156 stamp=119733333333 last_support=73666666667 matched_vertices=905 absent_vertices=115
a,4466,BACKGROUND_STATE_CLOSURE,163,119733333333,BACKGROUND_STATE_CLOSURE inst=163 stamp=119733333333 last_support=85633333333 matched_vertices=361 absent_vertices=51
a,4467,BACKGROUND_STATE_CLOSURE,173,119733333333,BACKGROUND_STATE_CLOSURE inst=173 stamp=119733333333 last_support=75566666667 matched_vertices=163 absent_vertices=21
a,4468,BACKGROUND_STATE_CLOSURE,174,119733333333,BACKGROUND_STATE_CLOSURE inst=174 stamp=119733333333 last_support=76266666667 matched_vertices=293 absent_vertices=37
a,4469,BACKGROUND_STATE_CLOSURE,175,119733333333,BACKGROUND_STATE_CLOSURE inst=175 stamp=119733333333 last_support=76000000000 matched_vertices=187 absent_vertices=14
a,4470,INGEST,48,,INGEST inst=48 first=102s seg_verts=6219 cur_verts=11154 observed_verts=0
a,4471,MOBILITY_PRIOR,48,,MOBILITY_PRIOR inst=48 session=0 class=6 changes=1 continuations=0 alpha=1.9 beta=0.1 q=0.966667
a,4472,OVERLAP_POSTERIOR,48,,OVERLAP_POSTERIOR inst=48 shared_probability_lower_bound=-0 change_prior=0.966667 same_state=0
a,4473,INGEST_DECIDE,48,,INGEST_DECIDE inst=48 same_session_overlap=0 contradicted=0
a,4474,INGEST,52,,INGEST inst=52 first=104s seg_verts=1266 cur_verts=65517 observed_verts=0
a,4475,MOBILITY_PRIOR,52,,MOBILITY_PRIOR inst=52 session=0 class=6 changes=0 continuations=0 alpha=2.9 beta=0.1 q=0.966667
a,4476,OVERLAP_POSTERIOR,52,,OVERLAP_POSTERIOR inst=52 shared_probability_lower_bound=0.983049 change_prior=0.966667 same_state=1
a,4477,EMPTY_INTERVAL_POSTERIOR,52,,EMPTY_INTERVAL_POSTERIOR inst=52 since=104966666667 support=86 judged=99 seen_through=0 measured=1 calibrated_source=1 log_ratio=-0.811492 change_prior=0.966667 log_odds=2.5558 empty=0
a,4478,INGEST_DECIDE,52,,INGEST_DECIDE inst=52 same_session_overlap=1 contradicted=0
a,4479,INGEST,56,,INGEST inst=56 first=108s seg_verts=19482 cur_verts=63246 observed_verts=0
a,4480,MOBILITY_PRIOR,56,,MOBILITY_PRIOR inst=56 session=0 class=6 changes=0 continuations=0 alpha=2.9 beta=0.1 q=0.966667
a,4481,OVERLAP_POSTERIOR,56,,OVERLAP_POSTERIOR inst=56 shared_probability_lower_bound=0.994411 change_prior=0.966667 same_state=1
a,4482,EMPTY_INTERVAL_POSTERIOR,56,,EMPTY_INTERVAL_POSTERIOR inst=56 since=108466666667 support=769 judged=849 seen_through=5 measured=1 calibrated_source=1 log_ratio=-2.95533 change_prior=0.966667 log_odds=0.411966 empty=0
a,4483,INGEST_DECIDE,56,,INGEST_DECIDE inst=56 same_session_overlap=1 contradicted=0
a,4484,INGEST,57,,INGEST inst=57 first=110s seg_verts=753 cur_verts=12042 observed_verts=0
a,4485,MOBILITY_PRIOR,57,,MOBILITY_PRIOR inst=57 session=0 class=6 changes=0 continuations=0 alpha=2.9 beta=0.1 q=0.966667
a,4486,OVERLAP_POSTERIOR,57,,OVERLAP_POSTERIOR inst=57 shared_probability_lower_bound=0.987973 change_prior=0.966667 same_state=1
a,4487,EMPTY_INTERVAL_POSTERIOR,57,,EMPTY_INTERVAL_POSTERIOR inst=57 since=110166666667 support=4 judged=61 seen_through=0 measured=1 calibrated_source=1 log_ratio=-0.236098 change_prior=0.966667 log_odds=3.1312 empty=0
a,4488,INGEST_DECIDE,57,,INGEST_DECIDE inst=57 same_session_overlap=1 contradicted=0
a,4489,INGEST,68,,INGEST inst=68 first=102s seg_verts=2115 cur_verts=8907 observed_verts=0
a,4490,MOBILITY_PRIOR,68,,MOBILITY_PRIOR inst=68 session=0 class=9 changes=0 continuations=0 alpha=7.8 beta=0.2 q=0.975
a,4491,OVERLAP_POSTERIOR,68,,OVERLAP_POSTERIOR inst=68 shared_probability_lower_bound=0.991826 change_prior=0.975 same_state=1
a,4492,EMPTY_INTERVAL_POSTERIOR,68,,EMPTY_INTERVAL_POSTERIOR inst=68 since=102766666667 support=1090 judged=1696 seen_through=24 measured=1 calibrated_source=1 log_ratio=-5.31392 change_prior=0.975 log_odds=-1.65035 empty=0
a,4493,INGEST_DECIDE,68,,INGEST_DECIDE inst=68 same_session_overlap=1 contradicted=0
a,4494,INGEST,69,,INGEST inst=69 first=105s seg_verts=1506 cur_verts=0 observed_verts=0
a,4495,INGEST,70,,INGEST inst=70 first=105s seg_verts=1668 cur_verts=3003 observed_verts=0
a,4496,MOBILITY_PRIOR,70,,MOBILITY_PRIOR inst=70 session=0 class=9 changes=1 continuations=0 alpha=6.8 beta=0.2 q=0.975
a,4497,OVERLAP_POSTERIOR,70,,OVERLAP_POSTERIOR inst=70 shared_probability_lower_bound=-0 change_prior=0.975 same_state=0
a,4498,INGEST_DECIDE,70,,INGEST_DECIDE inst=70 same_session_overlap=0 contradicted=0
a,4499,INGEST,71,,INGEST inst=71 first=106s seg_verts=2235 cur_verts=0 observed_verts=0
a,4500,INGEST,72,,INGEST inst=72 first=105s seg_verts=1428 cur_verts=0 observed_verts=0
a,4501,INGEST,89,,INGEST inst=89 first=103s seg_verts=7686 cur_verts=0 observed_verts=0
a,4502,INGEST,109,,INGEST inst=109 first=103s seg_verts=6201 cur_verts=17373 observed_verts=0
a,4503,MOBILITY_PRIOR,109,,MOBILITY_PRIOR inst=109 session=0 class=19 changes=0 continuations=0 alpha=1.75 beta=0.25 q=0.875
a,4504,OVERLAP_POSTERIOR,109,,OVERLAP_POSTERIOR inst=109 shared_probability_lower_bound=0.913666 change_prior=0.875 same_state=1
a,4505,EMPTY_INTERVAL_POSTERIOR,109,,EMPTY_INTERVAL_POSTERIOR inst=109 since=103766666667 support=958 judged=1150 seen_through=19 measured=1 calibrated_source=1 log_ratio=-4.74636 change_prior=0.875 log_odds=-2.80045 empty=0
a,4506,INGEST_DECIDE,109,,INGEST_DECIDE inst=109 same_session_overlap=1 contradicted=0
a,4507,INGEST,126,,INGEST inst=126 first=108s seg_verts=402 cur_verts=0 observed_verts=0
a,4508,INGEST,128,,INGEST inst=128 first=110s seg_verts=237 cur_verts=0 observed_verts=0
a,4509,INGEST,136,,INGEST inst=136 first=108s seg_verts=2646 cur_verts=7764 observed_verts=0
a,4510,MOBILITY_PRIOR,136,,MOBILITY_PRIOR inst=136 session=0 class=26 changes=0 continuations=0 alpha=1.75 beta=0.25 q=0.875
a,4511,OVERLAP_POSTERIOR,136,,OVERLAP_POSTERIOR inst=136 shared_probability_lower_bound=0.987267 change_prior=0.875 same_state=1
a,4512,EMPTY_INTERVAL_POSTERIOR,136,,EMPTY_INTERVAL_POSTERIOR inst=136 since=108266666667 support=91 judged=944 seen_through=0 measured=1 calibrated_source=1 log_ratio=-5.30134 change_prior=0.875 log_odds=-3.35543 empty=0
a,4513,INGEST_DECIDE,136,,INGEST_DECIDE inst=136 same_session_overlap=1 contradicted=0
a,4514,INGEST,147,,INGEST inst=147 first=101s seg_verts=255 cur_verts=0 observed_verts=0
a,4515,INGEST,147,,INGEST inst=147 first=115s seg_verts=393 cur_verts=255 observed_verts=0
a,4516,MOBILITY_PRIOR,147,,MOBILITY_PRIOR inst=147 session=0 class=28 changes=1 continuations=0 alpha=3.66667 beta=0.333333 q=0.933333
a,4517,OVERLAP_POSTERIOR,147,,OVERLAP_POSTERIOR inst=147 shared_probability_lower_bound=0.999514 change_prior=0.933333 same_state=1
a,4518,EMPTY_INTERVAL_POSTERIOR,147,,EMPTY_INTERVAL_POSTERIOR inst=147 since=115166666667 support=0 judged=0 seen_through=0 measured=0 calibrated_source=0 log_ratio=0 change_prior=0.933333 log_odds=2.63906 empty=0
a,4519,INGEST_DECIDE,147,,INGEST_DECIDE inst=147 same_session_overlap=1 contradicted=0
a,4520,INGEST,148,,INGEST inst=148 first=101s seg_verts=114 cur_verts=0 observed_verts=0
a,4521,INGEST,148,,INGEST inst=148 first=115s seg_verts=147 cur_verts=114 observed_verts=0
a,4522,MOBILITY_PRIOR,148,,MOBILITY_PRIOR inst=148 session=0 class=28 changes=1 continuations=0 alpha=3.66667 beta=0.333333 q=0.933333
a,4523,OVERLAP_POSTERIOR,148,,OVERLAP_POSTERIOR inst=148 shared_probability_lower_bound=0.962645 change_prior=0.933333 same_state=1
a,4524,EMPTY_INTERVAL_POSTERIOR,148,,EMPTY_INTERVAL_POSTERIOR inst=148 since=115266666667 support=0 judged=0 seen_through=0 measured=0 calibrated_source=0 log_ratio=0 change_prior=0.933333 log_odds=2.63906 empty=0
a,4525,INGEST_DECIDE,148,,INGEST_DECIDE inst=148 same_session_overlap=1 contradicted=0
a,4526,INGEST,149,,INGEST inst=149 first=101s seg_verts=531 cur_verts=0 observed_verts=0
a,4527,INGEST,149,,INGEST inst=149 first=115s seg_verts=618 cur_verts=531 observed_verts=0
a,4528,MOBILITY_PRIOR,149,,MOBILITY_PRIOR inst=149 session=0 class=28 changes=1 continuations=0 alpha=3.66667 beta=0.333333 q=0.933333
a,4529,OVERLAP_POSTERIOR,149,,OVERLAP_POSTERIOR inst=149 shared_probability_lower_bound=0.99094 change_prior=0.933333 same_state=1
a,4530,EMPTY_INTERVAL_POSTERIOR,149,,EMPTY_INTERVAL_POSTERIOR inst=149 since=115166666667 support=0 judged=0 seen_through=0 measured=0 calibrated_source=0 log_ratio=0 change_prior=0.933333 log_odds=2.63906 empty=0
a,4531,INGEST_DECIDE,149,,INGEST_DECIDE inst=149 same_session_overlap=1 contradicted=0
a,4532,INGEST,156,,INGEST inst=156 first=102s seg_verts=2511 cur_verts=0 observed_verts=0
a,4533,INGEST,161,,INGEST inst=161 first=103s seg_verts=621 cur_verts=1443 observed_verts=0
a,4534,MOBILITY_PRIOR,161,,MOBILITY_PRIOR inst=161 session=0 class=35 changes=0 continuations=0 alpha=2.9 beta=0.1 q=0.966667
a,4535,OVERLAP_POSTERIOR,161,,OVERLAP_POSTERIOR inst=161 shared_probability_lower_bound=0.983262 change_prior=0.966667 same_state=1
a,4536,EMPTY_INTERVAL_POSTERIOR,161,,EMPTY_INTERVAL_POSTERIOR inst=161 since=103466666667 support=107 judged=515 seen_through=8 measured=1 calibrated_source=1 log_ratio=-5.71726 change_prior=0.966667 log_odds=-2.34996 empty=0
a,4537,INGEST_DECIDE,161,,INGEST_DECIDE inst=161 same_session_overlap=1 contradicted=0
a,4538,INGEST,162,,INGEST inst=162 first=103s seg_verts=627 cur_verts=1059 observed_verts=0
a,4539,MOBILITY_PRIOR,162,,MOBILITY_PRIOR inst=162 session=0 class=35 changes=0 continuations=0 alpha=2.9 beta=0.1 q=0.966667
a,4540,OVERLAP_POSTERIOR,162,,OVERLAP_POSTERIOR inst=162 shared_probability_lower_bound=0.973791 change_prior=0.966667 same_state=1
a,4541,EMPTY_INTERVAL_POSTERIOR,162,,EMPTY_INTERVAL_POSTERIOR inst=162 since=103266666667 support=102 judged=447 seen_through=1 measured=1 calibrated_source=1 log_ratio=-8.6501 change_prior=0.966667 log_odds=-5.28281 empty=0
a,4542,INGEST_DECIDE,162,,INGEST_DECIDE inst=162 same_session_overlap=1 contradicted=0
a,4543,INGEST,163,,INGEST inst=163 first=108s seg_verts=2793 cur_verts=0 observed_verts=0
a,4544,INGEST,164,,INGEST inst=164 first=103s seg_verts=822 cur_verts=4431 observed_verts=0
a,4545,MOBILITY_PRIOR,164,,MOBILITY_PRIOR inst=164 session=0 class=35 changes=0 continuations=0 alpha=2.9 beta=0.1 q=0.966667
a,4546,OVERLAP_POSTERIOR,164,,OVERLAP_POSTERIOR inst=164 shared_probability_lower_bound=0.982169 change_prior=0.966667 same_state=1
a,4547,EMPTY_INTERVAL_POSTERIOR,164,,EMPTY_INTERVAL_POSTERIOR inst=164 since=103566666667 support=296 judged=828 seen_through=157 measured=1 calibrated_source=1 log_ratio=6.39228 change_prior=0.966667 log_odds=9.75958 empty=0
a,4548,INGEST_DECIDE,164,,INGEST_DECIDE inst=164 same_session_overlap=1 contradicted=0
a,4549,INGEST,167,,INGEST inst=167 first=103s seg_verts=756 cur_verts=2253 observed_verts=0
a,4550,MOBILITY_PRIOR,167,,MOBILITY_PRIOR inst=167 session=0 class=36 changes=0 continuations=0 alpha=1.75 beta=0.25 q=0.875
a,4551,OVERLAP_POSTERIOR,167,,OVERLAP_POSTERIOR inst=167 shared_probability_lower_bound=0.964438 change_prior=0.875 same_state=1
a,4552,EMPTY_INTERVAL_POSTERIOR,167,,EMPTY_INTERVAL_POSTERIOR inst=167 since=103266666667 support=183 judged=532 seen_through=2 measured=1 calibrated_source=1 log_ratio=-7.50002 change_prior=0.875 log_odds=-5.55411 empty=0
a,4553,INGEST_DECIDE,167,,INGEST_DECIDE inst=167 same_session_overlap=1 contradicted=0
a,4554,INGEST,171,,INGEST inst=171 first=106s seg_verts=2607 cur_verts=8439 observed_verts=0
a,4555,MOBILITY_PRIOR,171,,MOBILITY_PRIOR inst=171 session=0 class=39 changes=0 continuations=0 alpha=1.90909 beta=0.0909091 q=0.954545
a,4556,OVERLAP_POSTERIOR,171,,OVERLAP_POSTERIOR inst=171 shared_probability_lower_bound=0.993274 change_prior=0.954545 same_state=1
a,4557,EMPTY_INTERVAL_POSTERIOR,171,,EMPTY_INTERVAL_POSTERIOR inst=171 since=106366666667 support=792 judged=1865 seen_through=4 measured=1 calibrated_source=1 log_ratio=-9.47185 change_prior=0.954545 log_odds=-6.42733 empty=0
a,4558,INGEST_DECIDE,171,,INGEST_DECIDE inst=171 same_session_overlap=1 contradicted=0
a,4559,INGEST,174,,INGEST inst=174 first=109s seg_verts=1038 cur_verts=0 observed_verts=0
a,4560,INGEST,175,,INGEST inst=175 first=108s seg_verts=822 cur_verts=0 observed_verts=0
a,4561,INGEST,205,,INGEST inst=205 first=110s seg_verts=276 cur_verts=804 observed_verts=0
a,4562,MOBILITY_PRIOR,205,,MOBILITY_PRIOR inst=205 session=0 class=46 changes=0 continuations=0 alpha=1.75 beta=0.25 q=0.875
a,4563,OVERLAP_POSTERIOR,205,,OVERLAP_POSTERIOR inst=205 shared_probability_lower_bound=0.994361 change_prior=0.875 same_state=1
a,4564,EMPTY_INTERVAL_POSTERIOR,205,,EMPTY_INTERVAL_POSTERIOR inst=205 since=110166666667 support=18 judged=84 seen_through=6 measured=1 calibrated_source=1 log_ratio=0.799109 change_prior=0.875 log_odds=2.74502 empty=0
a,4565,INGEST_DECIDE,205,,INGEST_DECIDE inst=205 same_session_overlap=1 contradicted=0
a,4566,OBJECT_EXTRACTION_INPUT,173,,OBJECT_EXTRACTION_INPUT inst=173 first=106233333333 last=117166666667 observations=263 dynamic=0 motion_history=0 last_motion=0 displacement=0 static_fallback=0
a,4567,STATIC_SURFACE_FRAMES,173,,STATIC_SURFACE_FRAMES inst=173 candidates=46 selected=46 first=110766666667 last=117166666667
a,4577,OBJECT_EXTRACTION_INPUT,10,,OBJECT_EXTRACTION_INPUT inst=10 first=117900000000 last=120266666667 observations=17 dynamic=0 motion_history=0 last_motion=0 displacement=0 static_fallback=0
a,4578,STATIC_SURFACE_FRAMES,10,,STATIC_SURFACE_FRAMES inst=10 candidates=6 selected=6 first=117966666667 last=120266666667
a,4579,OBJECT_EXTRACTION_INPUT,89,,OBJECT_EXTRACTION_INPUT inst=89 first=102900000000 last=120966666667 observations=444 dynamic=0 motion_history=0 last_motion=0 displacement=0 static_fallback=0
a,4580,STATIC_SURFACE_FRAMES,89,,STATIC_SURFACE_FRAMES inst=89 candidates=39 selected=39 first=114166666667 last=120966666667
a,4581,OBJECT_EXTRACTION_INPUT,68,,OBJECT_EXTRACTION_INPUT inst=68 first=114300000000 last=124500000000 observations=307 dynamic=0 motion_history=0 last_motion=0 displacement=0 static_fallback=0
a,4582,OBJECT_EXTRACTION_INPUT,48,,OBJECT_EXTRACTION_INPUT inst=48 first=114466666667 last=124500000000 observations=302 dynamic=0 motion_history=0 last_motion=0 displacement=0 static_fallback=0
a,4583,STATIC_SURFACE_FRAMES,48,,STATIC_SURFACE_FRAMES inst=48 candidates=100 selected=100 first=114666666667 last=124500000000
a,4584,STATIC_SURFACE_FRAMES,68,,STATIC_SURFACE_FRAMES inst=68 candidates=100 selected=100 first=114666666667 last=124500000000
a,4593,OBJECT_EXTRACTION_INPUT,164,,OBJECT_EXTRACTION_INPUT inst=164 first=114000000000 last=125366666667 observations=312 dynamic=0 motion_history=0 last_motion=0 displacement=0 static_fallback=0
a,4594,STATIC_SURFACE_BOUNDARY,164,,STATIC_SURFACE_BOUNDARY inst=164 rejected_stamp=121566666667 current_stamp=125366666667 forward_support=332 forward_free=140 reverse_support=296 reverse_free=89 forward_sampled=509 reverse_sampled=470
a,4595,STATIC_SURFACE_FRAMES,164,,STATIC_SURFACE_FRAMES inst=164 candidates=90 selected=28 first=121666666667 last=125366666667
a,4597,OBJECT_EXTRACTION_INPUT,108,,OBJECT_EXTRACTION_INPUT inst=108 first=115700000000 last=125800000000 observations=302 dynamic=0 motion_history=0 last_motion=0 displacement=0 static_fallback=0
a,4598,STATIC_SURFACE_FRAMES,108,,STATIC_SURFACE_FRAMES inst=108 candidates=100 selected=100 first=115966666667 last=125800000000
a,4599,OBJECT_EXTRACTION_INPUT,162,,OBJECT_EXTRACTION_INPUT inst=162 first=114400000000 last=126666666667 observations=300 dynamic=0 motion_history=0 last_motion=0 displacement=0 static_fallback=0
a,4600,STATIC_SURFACE_FRAMES,162,,STATIC_SURFACE_FRAMES inst=162 candidates=77 selected=77 first=116766666667 last=126666666667
a,4601,OBJECT_EXTRACTION_INPUT,171,,OBJECT_EXTRACTION_INPUT inst=171 first=106033333333 last=123833333333 observations=453 dynamic=0 motion_history=0 last_motion=0 displacement=0 static_fallback=0
a,4602,OBJECT_EXTRACTION_INPUT,69,,OBJECT_EXTRACTION_INPUT inst=69 first=113600000000 last=127100000000 observations=301 dynamic=0 motion_history=0 last_motion=0 displacement=0 static_fallback=0
a,4603,STATIC_SURFACE_FRAMES,171,,STATIC_SURFACE_FRAMES inst=171 candidates=38 selected=38 first=117266666667 last=123766666667
a,4604,STATIC_SURFACE_FRAMES,69,,STATIC_SURFACE_FRAMES inst=69 candidates=65 selected=65 first=117266666667 last=127100000000
a,4605,OBJECT_EXTRACTION_INPUT,70,,OBJECT_EXTRACTION_INPUT inst=70 first=113733333333 last=127100000000 observations=301 dynamic=0 motion_history=0 last_motion=0 displacement=0 static_fallback=0
a,4606,STATIC_SURFACE_FRAMES,70,,STATIC_SURFACE_FRAMES inst=70 candidates=67 selected=67 first=117266666667 last=127100000000
a,4607,OBJECT_EXTRACTION_INPUT,72,,OBJECT_EXTRACTION_INPUT inst=72 first=113866666667 last=127100000000 observations=303 dynamic=0 motion_history=0 last_motion=0 displacement=0 static_fallback=0
a,4608,STATIC_SURFACE_FRAMES,72,,STATIC_SURFACE_FRAMES inst=72 candidates=68 selected=68 first=117266666667 last=127100000000
a,4609,OBJECT_EXTRACTION_INPUT,109,,OBJECT_EXTRACTION_INPUT inst=109 first=114033333333 last=127100000000 observations=307 dynamic=0 motion_history=0 last_motion=0 displacement=0 static_fallback=0
a,4610,STATIC_SURFACE_FRAMES,109,,STATIC_SURFACE_FRAMES inst=109 candidates=72 selected=72 first=117266666667 last=127100000000
a,4611,OBJECT_EXTRACTION_INPUT,161,,OBJECT_EXTRACTION_INPUT inst=161 first=114333333333 last=127100000000 observations=301 dynamic=0 motion_history=0 last_motion=0 displacement=0 static_fallback=0
a,4612,STATIC_SURFACE_FRAMES,161,,STATIC_SURFACE_FRAMES inst=161 candidates=72 selected=72 first=117266666667 last=127100000000
a,4613,OBJECT_EXTRACTION_INPUT,167,,OBJECT_EXTRACTION_INPUT inst=167 first=114433333333 last=127100000000 observations=310 dynamic=0 motion_history=0 last_motion=0 displacement=0 static_fallback=0
a,4614,STATIC_SURFACE_FRAMES,167,,STATIC_SURFACE_FRAMES inst=167 candidates=76 selected=76 first=117266666667 last=127100000000
a,4620,OBJECT_EXTRACTION_INPUT,156,,OBJECT_EXTRACTION_INPUT inst=156 first=114900000000 last=128833333333 observations=302 dynamic=0 motion_history=0 last_motion=0 displacement=0 static_fallback=0
a,4621,STATIC_SURFACE_FRAMES,156,,STATIC_SURFACE_FRAMES inst=156 candidates=83 selected=83 first=119566666667 last=128833333333
a,4631,OBJECT_EXTRACTION_INPUT,70,,OBJECT_EXTRACTION_INPUT inst=70 first=113733333333 last=127966666667 observations=327 dynamic=0 motion_history=0 last_motion=0 displacement=0 static_fallback=0
a,4632,OBJECT_EXTRACTION_INPUT,167,,OBJECT_EXTRACTION_INPUT inst=167 first=114433333333 last=127833333333 observations=332 dynamic=0 motion_history=0 last_motion=0 displacement=0 static_fallback=0
a,4633,STATIC_SURFACE_FRAMES,70,,STATIC_SURFACE_FRAMES inst=70 candidates=45 selected=45 first=121666666667 last=127966666667
a,4634,STATIC_SURFACE_FRAMES,167,,STATIC_SURFACE_FRAMES inst=167 candidates=50 selected=50 first=121466666667 last=127766666667
a,4635,STATE_EVIDENCE_WINDOW,2,,STATE_EVIDENCE_WINDOW inst=2 after=104900000000 latest_measured_support=0 through=130566666667 projected=0 support=0 contradiction=0 reliable=464 reliable_in_view=0 reliable_seen_through=0 absence_llr=0 absent_samples=0 total_samples=1288 absence_coverage_sufficient=0
a,4636,STATE_SLICE,2,130566666667,STATE_SLICE inst=2 stamp=130566666667 inherited_sup=0 inherited_con=0 inherited_samples=1288 inherited_supported=0 inherited_free=0 inherited_repl_other=0 inherited_repl_bg=0 inherited_occ=0 inherited_unobs=1288 session_sup=0 session_con=0 session_samples=0 cur_verts=3864 candidate_verts=0
a,4637,EVIDENCE,2,,EVIDENCE inst=2 inherited_support=0 inherited_contradiction=0 session_support=0 session_contradiction=0 inherited_absent_flag=0 cur_verts=3864 observed_verts=0
a,4638,STATE_EVIDENCE_WINDOW,3,,STATE_EVIDENCE_WINDOW inst=3 after=86066666667 latest_measured_support=0 through=130566666667 projected=0 support=0 contradiction=0 reliable=26 reliable_in_view=0 reliable_seen_through=0 absence_llr=0 absent_samples=0 total_samples=189 absence_coverage_sufficient=0
a,4639,STATE_SLICE,3,130566666667,STATE_SLICE inst=3 stamp=130566666667 inherited_sup=0 inherited_con=0 inherited_samples=189 inherited_supported=0 inherited_free=0 inherited_repl_other=0 inherited_repl_bg=0 inherited_occ=0 inherited_unobs=189 session_sup=0 session_con=0 session_samples=0 cur_verts=567 candidate_verts=0
a,4640,EVIDENCE,3,,EVIDENCE inst=3 inherited_support=0 inherited_contradiction=0 session_support=0 session_contradiction=0 inherited_absent_flag=0 cur_verts=567 observed_verts=0
a,4641,STATE_EVIDENCE_WINDOW,5,,STATE_EVIDENCE_WINDOW inst=5 after=100300000000 latest_measured_support=0 through=130566666667 projected=0 support=0 contradiction=0 reliable=920 reliable_in_view=0 reliable_seen_through=0 absence_llr=0 absent_samples=0 total_samples=8317 absence_coverage_sufficient=0
a,4642,STATE_SLICE,5,130566666667,STATE_SLICE inst=5 stamp=130566666667 inherited_sup=0 inherited_con=0 inherited_samples=8317 inherited_supported=0 inherited_free=0 inherited_repl_other=0 inherited_repl_bg=0 inherited_occ=0 inherited_unobs=8317 session_sup=0 session_con=0 session_samples=0 cur_verts=24951 candidate_verts=0
a,4643,EVIDENCE,5,,EVIDENCE inst=5 inherited_support=0 inherited_contradiction=0 session_support=0 session_contradiction=0 inherited_absent_flag=0 cur_verts=24951 observed_verts=0
a,4644,STATE_EVIDENCE_WINDOW,7,,STATE_EVIDENCE_WINDOW inst=7 after=48033333333 latest_measured_support=0 through=130566666667 projected=0 support=0 contradiction=0 reliable=510 reliable_in_view=0 reliable_seen_through=0 absence_llr=0 absent_samples=0 total_samples=11707 absence_coverage_sufficient=0
a,4645,STATE_SLICE,7,130566666667,STATE_SLICE inst=7 stamp=130566666667 inherited_sup=0 inherited_con=0 inherited_samples=11707 inherited_supported=0 inherited_free=0 inherited_repl_other=0 inherited_repl_bg=0 inherited_occ=0 inherited_unobs=11707 session_sup=0 session_con=0 session_samples=0 cur_verts=35121 candidate_verts=0
a,4646,EVIDENCE,7,,EVIDENCE inst=7 inherited_support=0 inherited_contradiction=0 session_support=0 session_contradiction=0 inherited_absent_flag=0 cur_verts=35121 observed_verts=0
a,4647,STATE_EVIDENCE_WINDOW,21,,STATE_EVIDENCE_WINDOW inst=21 after=110200000000 latest_measured_support=113666666667 through=130566666667 projected=1 support=48 contradiction=0 reliable=40 reliable_in_view=0 reliable_seen_through=0 absence_llr=0 absent_samples=0 total_samples=10 absence_coverage_sufficient=0
a,4648,STATE_SLICE,21,130566666667,STATE_SLICE inst=21 stamp=130566666667 inherited_sup=48 inherited_con=0 inherited_samples=10 inherited_supported=48 inherited_free=0 inherited_repl_other=0 inherited_repl_bg=0 inherited_occ=20 inherited_unobs=0 session_sup=0 session_con=0 session_samples=0 cur_verts=252 candidate_verts=0
a,4649,EVIDENCE,21,,EVIDENCE inst=21 inherited_support=48 inherited_contradiction=0 session_support=0 session_contradiction=0 inherited_absent_flag=0 cur_verts=252 observed_verts=0
a,4650,MOBILITY_PRIOR,21,,MOBILITY_PRIOR inst=21 session=0 class=4 changes=0 continuations=0 alpha=1.75 beta=0.25 q=0.875
a,4651,TOP_ABSORB_POSTERIOR,21,,TOP_ABSORB_POSTERIOR inst=21 measurement=confirmed_current change_prior=0.875 geometry_factor_or_bound=1 geometry_evaluated=0 candidate_vertices=0 effective_cells=0 off_share=unmeasured legacy_same_site=0 absorb=0
a,4652,MOBILITY_PRIOR,21,,MOBILITY_PRIOR inst=21 session=0 class=4 changes=0 continuations=0 alpha=1.75 beta=0.25 q=0.875
a,4653,TOP_ABSORB,21,,TOP_ABSORB inst=21 geom=0 support=48 high_mobility=1 absorb=0
a,4654,STATE_EVIDENCE_WINDOW,48,,STATE_EVIDENCE_WINDOW inst=48 after=86900000000 latest_measured_support=0 through=130566666667 projected=1 support=0 contradiction=4215 reliable=0 reliable_in_view=0 reliable_seen_through=0 absence_llr=0 absent_samples=239 total_samples=240 absence_coverage_sufficient=0
a,4655,STATE_SLICE,48,130566666667,STATE_SLICE inst=48 stamp=130566666667 inherited_sup=0 inherited_con=4215 inherited_samples=240 inherited_supported=0 inherited_free=4142 inherited_repl_other=0 inherited_repl_bg=147 inherited_occ=104 inherited_unobs=0 session_sup=0 session_con=0 session_samples=0 cur_verts=11154 candidate_verts=0
a,4656,EVIDENCE,48,,EVIDENCE inst=48 inherited_support=0 inherited_contradiction=4215 session_support=0 session_contradiction=0 inherited_absent_flag=0 cur_verts=11154 observed_verts=6219
a,4657,MOBILITY_PRIOR,48,,MOBILITY_PRIOR inst=48 session=0 class=6 changes=1 continuations=0 alpha=1.9 beta=0.1 q=0.966667
a,4658,EXTENT_POSTERIOR,48,,EXTENT_POSTERIOR inst=48 same_site_probability=0 change_prior=0.966667 different_site=1
a,4659,TOP_CLOSE,48,,TOP_CLOSE inst=48 by_new_site=1 by_observed_absence=0 support=0 contradiction=0 cur_verts=11154
a,4660,STATE_EVIDENCE_WINDOW,49,,STATE_EVIDENCE_WINDOW inst=49 after=48266666667 latest_measured_support=0 through=130566666667 projected=0 support=0 contradiction=0 reliable=367 reliable_in_view=0 reliable_seen_through=0 absence_llr=0 absent_samples=0 total_samples=1043 absence_coverage_sufficient=0
a,4661,STATE_SLICE,49,130566666667,STATE_SLICE inst=49 stamp=130566666667 inherited_sup=0 inherited_con=0 inherited_samples=1043 inherited_supported=0 inherited_free=0 inherited_repl_other=0 inherited_repl_bg=0 inherited_occ=113 inherited_unobs=588 session_sup=0 session_con=0 session_samples=0 cur_verts=3129 candidate_verts=0
a,4662,EVIDENCE,49,,EVIDENCE inst=49 inherited_support=0 inherited_contradiction=0 session_support=0 session_contradiction=0 inherited_absent_flag=0 cur_verts=3129 observed_verts=0
a,4663,STATE_EVIDENCE_WINDOW,50,,STATE_EVIDENCE_WINDOW inst=50 after=46266666667 latest_measured_support=0 through=130566666667 projected=0 support=0 contradiction=0 reliable=411 reliable_in_view=0 reliable_seen_through=0 absence_llr=0 absent_samples=0 total_samples=1119 absence_coverage_sufficient=0
a,4664,STATE_SLICE,50,130566666667,STATE_SLICE inst=50 stamp=130566666667 inherited_sup=0 inherited_con=0 inherited_samples=1119 inherited_supported=0 inherited_free=0 inherited_repl_other=0 inherited_repl_bg=0 inherited_occ=0 inherited_unobs=1119 session_sup=0 session_con=0 session_samples=0 cur_verts=3357 candidate_verts=0
a,4665,EVIDENCE,50,,EVIDENCE inst=50 inherited_support=0 inherited_contradiction=0 session_support=0 session_contradiction=0 inherited_absent_flag=0 cur_verts=3357 observed_verts=0
a,4666,STATE_EVIDENCE_WINDOW,51,,STATE_EVIDENCE_WINDOW inst=51 after=110200000000 latest_measured_support=114533333333 through=130566666667 projected=1 support=84 contradiction=0 reliable=303 reliable_in_view=0 reliable_seen_through=0 absence_llr=0 absent_samples=0 total_samples=934 absence_coverage_sufficient=0
a,4667,STATE_SLICE,51,130566666667,STATE_SLICE inst=51 stamp=130566666667 inherited_sup=84 inherited_con=0 inherited_samples=934 inherited_supported=84 inherited_free=0 inherited_repl_other=0 inherited_repl_bg=0 inherited_occ=8576 inherited_unobs=0 session_sup=0 session_con=0 session_samples=0 cur_verts=38454 candidate_verts=0
a,4668,EVIDENCE,51,,EVIDENCE inst=51 inherited_support=84 inherited_contradiction=0 session_support=0 session_contradiction=0 inherited_absent_flag=0 cur_verts=38454 observed_verts=0
a,4669,MOBILITY_PRIOR,51,,MOBILITY_PRIOR inst=51 session=0 class=6 changes=0 continuations=0 alpha=3.9 beta=0.1 q=0.975
a,4670,TOP_ABSORB_POSTERIOR,51,,TOP_ABSORB_POSTERIOR inst=51 measurement=confirmed_current change_prior=0.975 geometry_factor_or_bound=1 geometry_evaluated=0 candidate_vertices=0 effective_cells=0 off_share=unmeasured legacy_same_site=0 absorb=0
a,4671,MOBILITY_PRIOR,51,,MOBILITY_PRIOR inst=51 session=0 class=6 changes=0 continuations=0 alpha=3.9 beta=0.1 q=0.975
a,4672,TOP_ABSORB,51,,TOP_ABSORB inst=51 geom=0 support=84 high_mobility=1 absorb=0
a,4673,STATE_EVIDENCE_WINDOW,52,,STATE_EVIDENCE_WINDOW inst=52 after=105900000000 latest_measured_support=0 through=130566666667 projected=0 support=0 contradiction=0 reliable=460 reliable_in_view=0 reliable_seen_through=0 absence_llr=0 absent_samples=0 total_samples=22261 absence_coverage_sufficient=0
a,4674,STATE_SLICE,52,130566666667,STATE_SLICE inst=52 stamp=130566666667 inherited_sup=0 inherited_con=0 inherited_samples=22261 inherited_supported=0 inherited_free=0 inherited_repl_other=0 inherited_repl_bg=0 inherited_occ=0 inherited_unobs=22261 session_sup=0 session_con=0 session_samples=0 cur_verts=66783 candidate_verts=0
a,4675,EVIDENCE,52,,EVIDENCE inst=52 inherited_support=0 inherited_contradiction=0 session_support=0 session_contradiction=0 inherited_absent_flag=0 cur_verts=66783 observed_verts=0
a,4676,STATE_EVIDENCE_WINDOW,54,,STATE_EVIDENCE_WINDOW inst=54 after=104900000000 latest_measured_support=0 through=130566666667 projected=0 support=0 contradiction=0 reliable=787 reliable_in_view=0 reliable_seen_through=0 absence_llr=0 absent_samples=0 total_samples=2553 absence_coverage_sufficient=0
a,4677,STATE_SLICE,54,130566666667,STATE_SLICE inst=54 stamp=130566666667 inherited_sup=0 inherited_con=0 inherited_samples=2553 inherited_supported=0 inherited_free=0 inherited_repl_other=0 inherited_repl_bg=0 inherited_occ=0 inherited_unobs=2553 session_sup=0 session_con=0 session_samples=0 cur_verts=7659 candidate_verts=0
a,4678,EVIDENCE,54,,EVIDENCE inst=54 inherited_support=0 inherited_contradiction=0 session_support=0 session_contradiction=0 inherited_absent_flag=0 cur_verts=7659 observed_verts=0
a,4679,STATE_EVIDENCE_WINDOW,55,,STATE_EVIDENCE_WINDOW inst=55 after=49133333333 latest_measured_support=0 through=130566666667 projected=0 support=0 contradiction=0 reliable=523 reliable_in_view=0 reliable_seen_through=0 absence_llr=0 absent_samples=0 total_samples=2965 absence_coverage_sufficient=0
a,4680,STATE_SLICE,55,130566666667,STATE_SLICE inst=55 stamp=130566666667 inherited_sup=0 inherited_con=0 inherited_samples=2965 inherited_supported=0 inherited_free=0 inherited_repl_other=0 inherited_repl_bg=0 inherited_occ=188 inherited_unobs=1946 session_sup=0 session_con=0 session_samples=0 cur_verts=8895 candidate_verts=0
a,4681,EVIDENCE,55,,EVIDENCE inst=55 inherited_support=0 inherited_contradiction=0 session_support=0 session_contradiction=0 inherited_absent_flag=0 cur_verts=8895 observed_verts=0
a,4682,STATE_EVIDENCE_WINDOW,56,,STATE_EVIDENCE_WINDOW inst=56 after=114600000000 latest_measured_support=0 through=130566666667 projected=0 support=0 contradiction=0 reliable=265 reliable_in_view=0 reliable_seen_through=0 absence_llr=0 absent_samples=0 total_samples=27576 absence_coverage_sufficient=0
a,4683,STATE_SLICE,56,130566666667,STATE_SLICE inst=56 stamp=130566666667 inherited_sup=0 inherited_con=0 inherited_samples=27576 inherited_supported=0 inherited_free=0 inherited_repl_other=0 inherited_repl_bg=0 inherited_occ=0 inherited_unobs=27576 session_sup=0 session_con=0 session_samples=0 cur_verts=82728 candidate_verts=0
a,4684,EVIDENCE,56,,EVIDENCE inst=56 inherited_support=0 inherited_contradiction=0 session_support=0 session_contradiction=0 inherited_absent_flag=0 cur_verts=82728 observed_verts=0
a,4685,STATE_EVIDENCE_WINDOW,57,,STATE_EVIDENCE_WINDOW inst=57 after=113600000000 latest_measured_support=0 through=130566666667 projected=0 support=0 contradiction=0 reliable=937 reliable_in_view=0 reliable_seen_through=0 absence_llr=0 absent_samples=0 total_samples=4265 absence_coverage_sufficient=0
a,4686,STATE_SLICE,57,130566666667,STATE_SLICE inst=57 stamp=130566666667 inherited_sup=0 inherited_con=0 inherited_samples=4265 inherited_supported=0 inherited_free=0 inherited_repl_other=0 inherited_repl_bg=0 inherited_occ=0 inherited_unobs=4265 session_sup=0 session_con=0 session_samples=0 cur_verts=12795 candidate_verts=0
a,4687,EVIDENCE,57,,EVIDENCE inst=57 inherited_support=0 inherited_contradiction=0 session_support=0 session_contradiction=0 inherited_absent_flag=0 cur_verts=12795 observed_verts=0
a,4688,STATE_EVIDENCE_WINDOW,68,,STATE_EVIDENCE_WINDOW inst=68 after=116700000000 latest_measured_support=118000000000 through=130566666667 projected=0 support=876 contradiction=330 reliable=1015 reliable_in_view=873 reliable_seen_through=2 absence_llr=0 absent_samples=0 total_samples=3674 absence_coverage_sufficient=0
a,4689,STATE_SLICE,68,130566666667,STATE_SLICE inst=68 stamp=130566666667 inherited_sup=876 inherited_con=330 inherited_samples=3674 inherited_supported=57453 inherited_free=1714 inherited_repl_other=0 inherited_repl_bg=718 inherited_occ=3594 inherited_unobs=0 session_sup=0 session_con=0 session_samples=0 cur_verts=11022 candidate_verts=0
a,4690,EVIDENCE,68,,EVIDENCE inst=68 inherited_support=876 inherited_contradiction=330 session_support=0 session_contradiction=0 inherited_absent_flag=0 cur_verts=11022 observed_verts=0
a,4691,MOBILITY_PRIOR,68,,MOBILITY_PRIOR inst=68 session=0 class=9 changes=0 continuations=0 alpha=7.83333 beta=0.166667 q=0.979167
a,4692,TOP_ABSORB_POSTERIOR,68,,TOP_ABSORB_POSTERIOR inst=68 measurement=confirmed_current change_prior=0.979167 geometry_factor_or_bound=1 geometry_evaluated=0 candidate_vertices=0 effective_cells=0 off_share=unmeasured legacy_same_site=0 absorb=0
a,4693,MOBILITY_PRIOR,68,,MOBILITY_PRIOR inst=68 session=0 class=9 changes=0 continuations=0 alpha=7.83333 beta=0.166667 q=0.979167
a,4694,TOP_ABSORB,68,,TOP_ABSORB inst=68 geom=0 support=876 high_mobility=1 absorb=0
a,4695,STATE_EVIDENCE_WINDOW,69,,STATE_EVIDENCE_WINDOW inst=69 after=110100000000 latest_measured_support=118000000000 through=130566666667 projected=0 support=172 contradiction=96 reliable=421 reliable_in_view=421 reliable_seen_through=2 absence_llr=0 absent_samples=0 total_samples=502 absence_coverage_sufficient=0
a,4696,STATE_SLICE,69,130566666667,STATE_SLICE inst=69 stamp=130566666667 inherited_sup=172 inherited_con=96 inherited_samples=502 inherited_supported=3496 inherited_free=139 inherited_repl_other=66 inherited_repl_bg=88 inherited_occ=17 inherited_unobs=0 session_sup=0 session_con=0 session_samples=0 cur_verts=1506 candidate_verts=0
a,4697,EVIDENCE,69,,EVIDENCE inst=69 inherited_support=172 inherited_contradiction=96 session_support=0 session_contradiction=0 inherited_absent_flag=0 cur_verts=1506 observed_verts=0
a,4698,MOBILITY_PRIOR,69,,MOBILITY_PRIOR inst=69 session=0 class=9 changes=2 continuations=0 alpha=5.83333 beta=0.166667 q=0.979167
a,4699,TOP_ABSORB_POSTERIOR,69,,TOP_ABSORB_POSTERIOR inst=69 measurement=confirmed_current change_prior=0.979167 geometry_factor_or_bound=1 geometry_evaluated=0 candidate_vertices=0 effective_cells=0 off_share=unmeasured legacy_same_site=0 absorb=0
a,4700,MOBILITY_PRIOR,69,,MOBILITY_PRIOR inst=69 session=0 class=9 changes=2 continuations=0 alpha=5.83333 beta=0.166667 q=0.979167
a,4701,TOP_ABSORB,69,,TOP_ABSORB inst=69 geom=0 support=172 high_mobility=1 absorb=0
a,4702,STATE_EVIDENCE_WINDOW,70,,STATE_EVIDENCE_WINDOW inst=70 after=85500000000 latest_measured_support=0 through=130566666667 projected=1 support=0 contradiction=770 reliable=6 reliable_in_view=0 reliable_seen_through=0 absence_llr=0 absent_samples=69 total_samples=87 absence_coverage_sufficient=0
a,4703,STATE_SLICE,70,130566666667,STATE_SLICE inst=70 stamp=130566666667 inherited_sup=0 inherited_con=770 inherited_samples=87 inherited_supported=0 inherited_free=404 inherited_repl_other=367 inherited_repl_bg=0 inherited_occ=217 inherited_unobs=0 session_sup=0 session_con=0 session_samples=0 cur_verts=3003 candidate_verts=0
a,4704,EVIDENCE,70,,EVIDENCE inst=70 inherited_support=0 inherited_contradiction=770 session_support=0 session_contradiction=0 inherited_absent_flag=0 cur_verts=3003 observed_verts=1668
a,4705,MOBILITY_PRIOR,70,,MOBILITY_PRIOR inst=70 session=0 class=9 changes=1 continuations=0 alpha=6.83333 beta=0.166667 q=0.979167
a,4706,EXTENT_POSTERIOR,70,,EXTENT_POSTERIOR inst=70 same_site_probability=0 change_prior=0.979167 different_site=1
a,4707,TOP_CLOSE,70,,TOP_CLOSE inst=70 by_new_site=1 by_observed_absence=0 support=0 contradiction=0 cur_verts=3003
a,4708,STATE_EVIDENCE_WINDOW,71,,STATE_EVIDENCE_WINDOW inst=71 after=116266666667 latest_measured_support=118000000000 through=130566666667 projected=0 support=29 contradiction=13 reliable=625 reliable_in_view=625 reliable_seen_through=12 absence_llr=0 absent_samples=0 total_samples=745 absence_coverage_sufficient=0
a,4709,STATE_SLICE,71,130566666667,STATE_SLICE inst=71 stamp=130566666667 inherited_sup=29 inherited_con=13 inherited_samples=745 inherited_supported=867 inherited_free=30 inherited_repl_other=0 inherited_repl_bg=0 inherited_occ=81 inherited_unobs=114 session_sup=0 session_con=0 session_samples=0 cur_verts=2235 candidate_verts=0
a,4710,EVIDENCE,71,,EVIDENCE inst=71 inherited_support=29 inherited_contradiction=13 session_support=0 session_contradiction=0 inherited_absent_flag=0 cur_verts=2235 observed_verts=0
a,4711,MOBILITY_PRIOR,71,,MOBILITY_PRIOR inst=71 session=0 class=9 changes=2 continuations=0 alpha=6.83333 beta=0.166667 q=0.981481
a,4712,TOP_ABSORB_POSTERIOR,71,,TOP_ABSORB_POSTERIOR inst=71 measurement=confirmed_current change_prior=0.981481 geometry_factor_or_bound=1 geometry_evaluated=0 candidate_vertices=0 effective_cells=0 off_share=unmeasured legacy_same_site=0 absorb=0
a,4713,MOBILITY_PRIOR,71,,MOBILITY_PRIOR inst=71 session=0 class=9 changes=2 continuations=0 alpha=6.83333 beta=0.166667 q=0.981481
a,4714,TOP_ABSORB,71,,TOP_ABSORB inst=71 geom=0 support=29 high_mobility=1 absorb=0
a,4715,STATE_EVIDENCE_WINDOW,72,,STATE_EVIDENCE_WINDOW inst=72 after=109633333333 latest_measured_support=118000000000 through=130566666667 projected=0 support=213 contradiction=129 reliable=353 reliable_in_view=353 reliable_seen_through=2 absence_llr=0 absent_samples=0 total_samples=476 absence_coverage_sufficient=0
a,4716,STATE_SLICE,72,130566666667,STATE_SLICE inst=72 stamp=130566666667 inherited_sup=213 inherited_con=129 inherited_samples=476 inherited_supported=5066 inherited_free=473 inherited_repl_other=311 inherited_repl_bg=29 inherited_occ=428 inherited_unobs=0 session_sup=0 session_con=0 session_samples=0 cur_verts=1428 candidate_verts=0
a,4717,EVIDENCE,72,,EVIDENCE inst=72 inherited_support=213 inherited_contradiction=129 session_support=0 session_contradiction=0 inherited_absent_flag=0 cur_verts=1428 observed_verts=0
a,4718,MOBILITY_PRIOR,72,,MOBILITY_PRIOR inst=72 session=0 class=9 changes=1 continuations=0 alpha=7.83333 beta=0.166667 q=0.981481
a,4719,TOP_ABSORB_POSTERIOR,72,,TOP_ABSORB_POSTERIOR inst=72 measurement=confirmed_current change_prior=0.981481 geometry_factor_or_bound=1 geometry_evaluated=0 candidate_vertices=0 effective_cells=0 off_share=unmeasured legacy_same_site=0 absorb=0
a,4720,MOBILITY_PRIOR,72,,MOBILITY_PRIOR inst=72 session=0 class=9 changes=1 continuations=0 alpha=7.83333 beta=0.166667 q=0.981481
a,4721,TOP_ABSORB,72,,TOP_ABSORB inst=72 geom=0 support=213 high_mobility=1 absorb=0
a,4722,STATE_EVIDENCE_WINDOW,77,,STATE_EVIDENCE_WINDOW inst=77 after=101266666667 latest_measured_support=0 through=130566666667 projected=0 support=0 contradiction=0 reliable=573 reliable_in_view=0 reliable_seen_through=0 absence_llr=0 absent_samples=0 total_samples=1926 absence_coverage_sufficient=0
a,4723,STATE_SLICE,77,130566666667,STATE_SLICE inst=77 stamp=130566666667 inherited_sup=0 inherited_con=0 inherited_samples=1926 inherited_supported=0 inherited_free=0 inherited_repl_other=0 inherited_repl_bg=0 inherited_occ=0 inherited_unobs=1926 session_sup=0 session_con=0 session_samples=0 cur_verts=5778 candidate_verts=0
a,4724,EVIDENCE,77,,EVIDENCE inst=77 inherited_support=0 inherited_contradiction=0 session_support=0 session_contradiction=0 inherited_absent_flag=0 cur_verts=5778 observed_verts=0
a,4725,STATE_EVIDENCE_WINDOW,88,,STATE_EVIDENCE_WINDOW inst=88 after=100100000000 latest_measured_support=0 through=130566666667 projected=0 support=0 contradiction=0 reliable=157 reliable_in_view=0 reliable_seen_through=0 absence_llr=0 absent_samples=0 total_samples=473 absence_coverage_sufficient=0
a,4726,STATE_SLICE,88,130566666667,STATE_SLICE inst=88 stamp=130566666667 inherited_sup=0 inherited_con=0 inherited_samples=473 inherited_supported=0 inherited_free=0 inherited_repl_other=0 inherited_repl_bg=0 inherited_occ=0 inherited_unobs=473 session_sup=0 session_con=0 session_samples=0 cur_verts=1419 candidate_verts=0
a,4727,EVIDENCE,88,,EVIDENCE inst=88 inherited_support=0 inherited_contradiction=0 session_support=0 session_contradiction=0 inherited_absent_flag=0 cur_verts=1419 observed_verts=0
a,4728,STATE_EVIDENCE_WINDOW,89,,STATE_EVIDENCE_WINDOW inst=89 after=113233333333 latest_measured_support=116700000000 through=130566666667 projected=0 support=252 contradiction=84 reliable=1033 reliable_in_view=1033 reliable_seen_through=3 absence_llr=0 absent_samples=0 total_samples=2562 absence_coverage_sufficient=0
a,4729,STATE_SLICE,89,130566666667,STATE_SLICE inst=89 stamp=130566666667 inherited_sup=252 inherited_con=84 inherited_samples=2562 inherited_supported=1929 inherited_free=390 inherited_repl_other=11 inherited_repl_bg=0 inherited_occ=0 inherited_unobs=570 session_sup=0 session_con=0 session_samples=0 cur_verts=7686 candidate_verts=0
a,4730,EVIDENCE,89,,EVIDENCE inst=89 inherited_support=252 inherited_contradiction=84 session_support=0 session_contradiction=0 inherited_absent_flag=0 cur_verts=7686 observed_verts=0
a,4731,MOBILITY_PRIOR,89,,MOBILITY_PRIOR inst=89 session=0 class=15 changes=1 continuations=0 alpha=1.91667 beta=0.0833333 q=0.972222
a,4732,TOP_ABSORB_POSTERIOR,89,,TOP_ABSORB_POSTERIOR inst=89 measurement=confirmed_current change_prior=0.972222 geometry_factor_or_bound=1 geometry_evaluated=0 candidate_vertices=0 effective_cells=0 off_share=unmeasured legacy_same_site=0 absorb=0
a,4733,MOBILITY_PRIOR,89,,MOBILITY_PRIOR inst=89 session=0 class=15 changes=1 continuations=0 alpha=1.91667 beta=0.0833333 q=0.972222
a,4734,TOP_ABSORB,89,,TOP_ABSORB inst=89 geom=0 support=252 high_mobility=1 absorb=0
a,4735,STATE_EVIDENCE_WINDOW,108,,STATE_EVIDENCE_WINDOW inst=108 after=116700000000 latest_measured_support=118000000000 through=130566666667 projected=0 support=47 contradiction=39 reliable=455 reliable_in_view=256 reliable_seen_through=5 absence_llr=0 absent_samples=0 total_samples=834 absence_coverage_sufficient=0
a,4736,STATE_SLICE,108,130566666667,STATE_SLICE inst=108 stamp=130566666667 inherited_sup=47 inherited_con=39 inherited_samples=834 inherited_supported=246 inherited_free=171 inherited_repl_other=0 inherited_repl_bg=0 inherited_occ=341 inherited_unobs=10 session_sup=0 session_con=0 session_samples=0 cur_verts=2502 candidate_verts=0
a,4737,EVIDENCE,108,,EVIDENCE inst=108 inherited_support=47 inherited_contradiction=39 session_support=0 session_contradiction=0 inherited_absent_flag=0 cur_verts=2502 observed_verts=0
a,4738,MOBILITY_PRIOR,108,,MOBILITY_PRIOR inst=108 session=0 class=19 changes=0 continuations=0 alpha=1.75 beta=0.25 q=0.875
a,4739,TOP_ABSORB_POSTERIOR,108,,TOP_ABSORB_POSTERIOR inst=108 measurement=confirmed_current change_prior=0.875 geometry_factor_or_bound=1 geometry_evaluated=0 candidate_vertices=0 effective_cells=0 off_share=unmeasured legacy_same_site=0 absorb=0
a,4740,MOBILITY_PRIOR,108,,MOBILITY_PRIOR inst=108 session=0 class=19 changes=0 continuations=0 alpha=1.75 beta=0.25 q=0.875
a,4741,TOP_ABSORB,108,,TOP_ABSORB inst=108 geom=0 support=47 high_mobility=1 absorb=0
a,4742,STATE_EVIDENCE_WINDOW,109,,STATE_EVIDENCE_WINDOW inst=109 after=116700000000 latest_measured_support=118000000000 through=130566666667 projected=0 support=730 contradiction=633 reliable=599 reliable_in_view=531 reliable_seen_through=8 absence_llr=0 absent_samples=0 total_samples=7858 absence_coverage_sufficient=0
a,4743,STATE_SLICE,109,130566666667,STATE_SLICE inst=109 stamp=130566666667 inherited_sup=730 inherited_con=633 inherited_samples=7858 inherited_supported=62745 inherited_free=8313 inherited_repl_other=0 inherited_repl_bg=330 inherited_occ=8309 inherited_unobs=0 session_sup=0 session_con=0 session_samples=0 cur_verts=23574 candidate_verts=0
a,4744,EVIDENCE,109,,EVIDENCE inst=109 inherited_support=730 inherited_contradiction=633 session_support=0 session_contradiction=0 inherited_absent_flag=0 cur_verts=23574 observed_verts=0
a,4745,MOBILITY_PRIOR,109,,MOBILITY_PRIOR inst=109 session=0 class=19 changes=0 continuations=0 alpha=1.75 beta=0.25 q=0.875
a,4746,TOP_ABSORB_POSTERIOR,109,,TOP_ABSORB_POSTERIOR inst=109 measurement=confirmed_current change_prior=0.875 geometry_factor_or_bound=1 geometry_evaluated=0 candidate_vertices=0 effective_cells=0 off_share=unmeasured legacy_same_site=0 absorb=0
a,4747,MOBILITY_PRIOR,109,,MOBILITY_PRIOR inst=109 session=0 class=19 changes=0 continuations=0 alpha=1.75 beta=0.25 q=0.875
a,4748,TOP_ABSORB,109,,TOP_ABSORB inst=109 geom=0 support=730 high_mobility=1 absorb=0
a,4749,STATE_EVIDENCE_WINDOW,112,,STATE_EVIDENCE_WINDOW inst=112 after=87333333333 latest_measured_support=0 through=130566666667 projected=0 support=0 contradiction=0 reliable=739 reliable_in_view=0 reliable_seen_through=0 absence_llr=0 absent_samples=0 total_samples=5750 absence_coverage_sufficient=0
a,4750,STATE_SLICE,112,130566666667,STATE_SLICE inst=112 stamp=130566666667 inherited_sup=0 inherited_con=0 inherited_samples=5750 inherited_supported=0 inherited_free=0 inherited_repl_other=0 inherited_repl_bg=0 inherited_occ=0 inherited_unobs=5750 session_sup=0 session_con=0 session_samples=0 cur_verts=17250 candidate_verts=0
a,4751,EVIDENCE,112,,EVIDENCE inst=112 inherited_support=0 inherited_contradiction=0 session_support=0 session_contradiction=0 inherited_absent_flag=0 cur_verts=17250 observed_verts=0
a,4752,STATE_EVIDENCE_WINDOW,121,,STATE_EVIDENCE_WINDOW inst=121 after=49166666667 latest_measured_support=0 through=130566666667 projected=0 support=0 contradiction=0 reliable=6 reliable_in_view=0 reliable_seen_through=0 absence_llr=0.28449 absent_samples=0 total_samples=146 absence_coverage_sufficient=0
a,4753,STATE_SLICE,121,130566666667,STATE_SLICE inst=121 stamp=130566666667 inherited_sup=0 inherited_con=0 inherited_samples=146 inherited_supported=0 inherited_free=0 inherited_repl_other=0 inherited_repl_bg=0 inherited_occ=0 inherited_unobs=3 session_sup=0 session_con=0 session_samples=0 cur_verts=438 candidate_verts=0
a,4754,EVIDENCE,121,,EVIDENCE inst=121 inherited_support=0 inherited_contradiction=0 session_support=0 session_contradiction=0 inherited_absent_flag=0 cur_verts=438 observed_verts=0
a,4755,STATE_EVIDENCE_WINDOW,126,,STATE_EVIDENCE_WINDOW inst=126 after=114600000000 latest_measured_support=0 through=130566666667 projected=0 support=0 contradiction=0 reliable=108 reliable_in_view=108 reliable_seen_through=0 absence_llr=0 absent_samples=0 total_samples=134 absence_coverage_sufficient=0
a,4756,STATE_SLICE,126,130566666667,STATE_SLICE inst=126 stamp=130566666667 inherited_sup=0 inherited_con=0 inherited_samples=134 inherited_supported=0 inherited_free=0 inherited_repl_other=0 inherited_repl_bg=0 inherited_occ=0 inherited_unobs=134 session_sup=0 session_con=0 session_samples=0 cur_verts=402 candidate_verts=0
a,4757,EVIDENCE,126,,EVIDENCE inst=126 inherited_support=0 inherited_contradiction=0 session_support=0 session_contradiction=0 inherited_absent_flag=0 cur_verts=402 observed_verts=0
a,4758,STATE_EVIDENCE_WINDOW,128,,STATE_EVIDENCE_WINDOW inst=128 after=114366666667 latest_measured_support=0 through=130566666667 projected=0 support=0 contradiction=0 reliable=40 reliable_in_view=0 reliable_seen_through=0 absence_llr=0 absent_samples=0 total_samples=79 absence_coverage_sufficient=0
a,4759,STATE_SLICE,128,130566666667,STATE_SLICE inst=128 stamp=130566666667 inherited_sup=0 inherited_con=0 inherited_samples=79 inherited_supported=0 inherited_free=0 inherited_repl_other=0 inherited_repl_bg=0 inherited_occ=0 inherited_unobs=79 session_sup=0 session_con=0 session_samples=0 cur_verts=237 candidate_verts=0
a,4760,EVIDENCE,128,,EVIDENCE inst=128 inherited_support=0 inherited_contradiction=0 session_support=0 session_contradiction=0 inherited_absent_flag=0 cur_verts=237 observed_verts=0
a,4761,STATE_EVIDENCE_WINDOW,132,,STATE_EVIDENCE_WINDOW inst=132 after=76833333333 latest_measured_support=0 through=130566666667 projected=0 support=0 contradiction=0 reliable=26 reliable_in_view=0 reliable_seen_through=0 absence_llr=0 absent_samples=0 total_samples=61 absence_coverage_sufficient=0
a,4762,STATE_SLICE,132,130566666667,STATE_SLICE inst=132 stamp=130566666667 inherited_sup=0 inherited_con=0 inherited_samples=61 inherited_supported=0 inherited_free=0 inherited_repl_other=0 inherited_repl_bg=0 inherited_occ=0 inherited_unobs=61 session_sup=0 session_con=0 session_samples=0 cur_verts=183 candidate_verts=0
a,4763,EVIDENCE,132,,EVIDENCE inst=132 inherited_support=0 inherited_contradiction=0 session_support=0 session_contradiction=0 inherited_absent_flag=0 cur_verts=183 observed_verts=0
a,4764,STATE_EVIDENCE_WINDOW,135,,STATE_EVIDENCE_WINDOW inst=135 after=44533333333 latest_measured_support=0 through=130566666667 projected=0 support=0 contradiction=0 reliable=659 reliable_in_view=0 reliable_seen_through=0 absence_llr=0 absent_samples=0 total_samples=1371 absence_coverage_sufficient=0
a,4765,STATE_SLICE,135,130566666667,STATE_SLICE inst=135 stamp=130566666667 inherited_sup=0 inherited_con=0 inherited_samples=1371 inherited_supported=0 inherited_free=0 inherited_repl_other=0 inherited_repl_bg=0 inherited_occ=0 inherited_unobs=1371 session_sup=0 session_con=0 session_samples=0 cur_verts=4113 candidate_verts=0
a,4766,EVIDENCE,135,,EVIDENCE inst=135 inherited_support=0 inherited_contradiction=0 session_support=0 session_contradiction=0 inherited_absent_flag=0 cur_verts=4113 observed_verts=0
a,4767,STATE_EVIDENCE_WINDOW,136,,STATE_EVIDENCE_WINDOW inst=136 after=114800000000 latest_measured_support=0 through=130566666667 projected=0 support=0 contradiction=0 reliable=1040 reliable_in_view=0 reliable_seen_through=0 absence_llr=0 absent_samples=0 total_samples=3470 absence_coverage_sufficient=0
a,4768,STATE_SLICE,136,130566666667,STATE_SLICE inst=136 stamp=130566666667 inherited_sup=0 inherited_con=0 inherited_samples=3470 inherited_supported=0 inherited_free=0 inherited_repl_other=0 inherited_repl_bg=0 inherited_occ=0 inherited_unobs=3470 session_sup=0 session_con=0 session_samples=0 cur_verts=10410 candidate_verts=0
a,4769,EVIDENCE,136,,EVIDENCE inst=136 inherited_support=0 inherited_contradiction=0 session_support=0 session_contradiction=0 inherited_absent_flag=0 cur_verts=10410 observed_verts=0
a,4770,STATE_EVIDENCE_WINDOW,141,,STATE_EVIDENCE_WINDOW inst=141 after=47700000000 latest_measured_support=0 through=130566666667 projected=0 support=0 contradiction=0 reliable=247 reliable_in_view=0 reliable_seen_through=0 absence_llr=0 absent_samples=0 total_samples=787 absence_coverage_sufficient=0
a,4771,STATE_SLICE,141,130566666667,STATE_SLICE inst=141 stamp=130566666667 inherited_sup=0 inherited_con=0 inherited_samples=787 inherited_supported=0 inherited_free=0 inherited_repl_other=0 inherited_repl_bg=0 inherited_occ=0 inherited_unobs=787 session_sup=0 session_con=0 session_samples=0 cur_verts=2361 candidate_verts=0
a,4772,EVIDENCE,141,,EVIDENCE inst=141 inherited_support=0 inherited_contradiction=0 session_support=0 session_contradiction=0 inherited_absent_flag=0 cur_verts=2361 observed_verts=0
a,4773,STATE_EVIDENCE_WINDOW,142,,STATE_EVIDENCE_WINDOW inst=142 after=47066666667 latest_measured_support=0 through=130566666667 projected=0 support=0 contradiction=0 reliable=242 reliable_in_view=0 reliable_seen_through=0 absence_llr=0 absent_samples=0 total_samples=748 absence_coverage_sufficient=0
a,4774,STATE_SLICE,142,130566666667,STATE_SLICE inst=142 stamp=130566666667 inherited_sup=0 inherited_con=0 inherited_samples=748 inherited_supported=0 inherited_free=0 inherited_repl_other=0 inherited_repl_bg=0 inherited_occ=0 inherited_unobs=748 session_sup=0 session_con=0 session_samples=0 cur_verts=2244 candidate_verts=0
a,4775,EVIDENCE,142,,EVIDENCE inst=142 inherited_support=0 inherited_contradiction=0 session_support=0 session_contradiction=0 inherited_absent_flag=0 cur_verts=2244 observed_verts=0
a,4776,STATE_EVIDENCE_WINDOW,143,,STATE_EVIDENCE_WINDOW inst=143 after=47766666667 latest_measured_support=0 through=130566666667 projected=0 support=0 contradiction=0 reliable=256 reliable_in_view=0 reliable_seen_through=0 absence_llr=0 absent_samples=0 total_samples=733 absence_coverage_sufficient=0
a,4777,STATE_SLICE,143,130566666667,STATE_SLICE inst=143 stamp=130566666667 inherited_sup=0 inherited_con=0 inherited_samples=733 inherited_supported=0 inherited_free=0 inherited_repl_other=0 inherited_repl_bg=0 inherited_occ=0 inherited_unobs=733 session_sup=0 session_con=0 session_samples=0 cur_verts=2199 candidate_verts=0
a,4778,EVIDENCE,143,,EVIDENCE inst=143 inherited_support=0 inherited_contradiction=0 session_support=0 session_contradiction=0 inherited_absent_flag=0 cur_verts=2199 observed_verts=0
a,4779,STATE_EVIDENCE_WINDOW,144,,STATE_EVIDENCE_WINDOW inst=144 after=47133333333 latest_measured_support=0 through=130566666667 projected=0 support=0 contradiction=0 reliable=192 reliable_in_view=0 reliable_seen_through=0 absence_llr=0 absent_samples=0 total_samples=651 absence_coverage_sufficient=0
a,4780,STATE_SLICE,144,130566666667,STATE_SLICE inst=144 stamp=130566666667 inherited_sup=0 inherited_con=0 inherited_samples=651 inherited_supported=0 inherited_free=0 inherited_repl_other=0 inherited_repl_bg=0 inherited_occ=0 inherited_unobs=651 session_sup=0 session_con=0 session_samples=0 cur_verts=1953 candidate_verts=0
a,4781,EVIDENCE,144,,EVIDENCE inst=144 inherited_support=0 inherited_contradiction=0 session_support=0 session_contradiction=0 inherited_absent_flag=0 cur_verts=1953 observed_verts=0
a,4782,STATE_EVIDENCE_WINDOW,145,,STATE_EVIDENCE_WINDOW inst=145 after=47166666667 latest_measured_support=0 through=130566666667 projected=0 support=0 contradiction=0 reliable=5 reliable_in_view=0 reliable_seen_through=0 absence_llr=0 absent_samples=0 total_samples=33 absence_coverage_sufficient=0
a,4783,STATE_SLICE,145,130566666667,STATE_SLICE inst=145 stamp=130566666667 inherited_sup=0 inherited_con=0 inherited_samples=33 inherited_supported=0 inherited_free=0 inherited_repl_other=0 inherited_repl_bg=0 inherited_occ=0 inherited_unobs=33 session_sup=0 session_con=0 session_samples=0 cur_verts=99 candidate_verts=0
a,4784,EVIDENCE,145,,EVIDENCE inst=145 inherited_support=0 inherited_contradiction=0 session_support=0 session_contradiction=0 inherited_absent_flag=0 cur_verts=99 observed_verts=0
a,4785,STATE_EVIDENCE_WINDOW,146,,STATE_EVIDENCE_WINDOW inst=146 after=47800000000 latest_measured_support=0 through=130566666667 projected=0 support=0 contradiction=0 reliable=0 reliable_in_view=0 reliable_seen_through=0 absence_llr=0 absent_samples=0 total_samples=20 absence_coverage_sufficient=0
a,4786,STATE_SLICE,146,130566666667,STATE_SLICE inst=146 stamp=130566666667 inherited_sup=0 inherited_con=0 inherited_samples=20 inherited_supported=0 inherited_free=0 inherited_repl_other=0 inherited_repl_bg=0 inherited_occ=0 inherited_unobs=20 session_sup=0 session_con=0 session_samples=0 cur_verts=60 candidate_verts=0
a,4787,EVIDENCE,146,,EVIDENCE inst=146 inherited_support=0 inherited_contradiction=0 session_support=0 session_contradiction=0 inherited_absent_flag=0 cur_verts=60 observed_verts=0
a,4788,STATE_EVIDENCE_WINDOW,147,,STATE_EVIDENCE_WINDOW inst=147 after=115966666667 latest_measured_support=130566666667 through=130566666667 projected=1 support=346 contradiction=82 reliable=118 reliable_in_view=118 reliable_seen_through=0 absence_llr=0 absent_samples=2 total_samples=21 absence_coverage_sufficient=0
a,4789,STATE_SLICE,147,130566666667,STATE_SLICE inst=147 stamp=130566666667 inherited_sup=346 inherited_con=82 inherited_samples=21 inherited_supported=346 inherited_free=51 inherited_repl_other=33 inherited_repl_bg=0 inherited_occ=0 inherited_unobs=0 session_sup=0 session_con=0 session_samples=0 cur_verts=648 candidate_verts=0
a,4790,EVIDENCE,147,,EVIDENCE inst=147 inherited_support=346 inherited_contradiction=82 session_support=0 session_contradiction=0 inherited_absent_flag=0 cur_verts=648 observed_verts=0
a,4791,MOBILITY_PRIOR,147,,MOBILITY_PRIOR inst=147 session=0 class=28 changes=1 continuations=0 alpha=3.66667 beta=0.333333 q=0.933333
a,4792,TOP_ABSORB_POSTERIOR,147,,TOP_ABSORB_POSTERIOR inst=147 measurement=confirmed_current change_prior=0.933333 geometry_factor_or_bound=1 geometry_evaluated=0 candidate_vertices=0 effective_cells=0 off_share=unmeasured legacy_same_site=0 absorb=0
a,4793,MOBILITY_PRIOR,147,,MOBILITY_PRIOR inst=147 session=0 class=28 changes=1 continuations=0 alpha=3.66667 beta=0.333333 q=0.933333
a,4794,TOP_ABSORB,147,,TOP_ABSORB inst=147 geom=0 support=346 high_mobility=1 absorb=0
a,4795,STATE_EVIDENCE_WINDOW,148,,STATE_EVIDENCE_WINDOW inst=148 after=115733333333 latest_measured_support=130566666667 through=130566666667 projected=1 support=155 contradiction=25 reliable=36 reliable_in_view=36 reliable_seen_through=0 absence_llr=0 absent_samples=1 total_samples=10 absence_coverage_sufficient=0
a,4796,STATE_SLICE,148,130566666667,STATE_SLICE inst=148 stamp=130566666667 inherited_sup=155 inherited_con=25 inherited_samples=10 inherited_supported=155 inherited_free=25 inherited_repl_other=0 inherited_repl_bg=0 inherited_occ=11 inherited_unobs=0 session_sup=0 session_con=0 session_samples=0 cur_verts=261 candidate_verts=0
a,4797,EVIDENCE,148,,EVIDENCE inst=148 inherited_support=155 inherited_contradiction=25 session_support=0 session_contradiction=0 inherited_absent_flag=0 cur_verts=261 observed_verts=0
a,4798,MOBILITY_PRIOR,148,,MOBILITY_PRIOR inst=148 session=0 class=28 changes=1 continuations=0 alpha=3.66667 beta=0.333333 q=0.933333
a,4799,TOP_ABSORB_POSTERIOR,148,,TOP_ABSORB_POSTERIOR inst=148 measurement=confirmed_current change_prior=0.933333 geometry_factor_or_bound=1 geometry_evaluated=0 candidate_vertices=0 effective_cells=0 off_share=unmeasured legacy_same_site=0 absorb=0
a,4800,MOBILITY_PRIOR,148,,MOBILITY_PRIOR inst=148 session=0 class=28 changes=1 continuations=0 alpha=3.66667 beta=0.333333 q=0.933333
a,4801,TOP_ABSORB,148,,TOP_ABSORB inst=148 geom=0 support=155 high_mobility=1 absorb=0
a,4802,STATE_EVIDENCE_WINDOW,149,,STATE_EVIDENCE_WINDOW inst=149 after=115766666667 latest_measured_support=130566666667 through=130566666667 projected=1 support=546 contradiction=39 reliable=170 reliable_in_view=170 reliable_seen_through=1 absence_llr=0 absent_samples=6 total_samples=35 absence_coverage_sufficient=0
a,4803,STATE_SLICE,149,130566666667,STATE_SLICE inst=149 stamp=130566666667 inherited_sup=546 inherited_con=39 inherited_samples=35 inherited_supported=552 inherited_free=22 inherited_repl_other=17 inherited_repl_bg=0 inherited_occ=0 inherited_unobs=0 session_sup=0 session_con=0 session_samples=0 cur_verts=1149 candidate_verts=0
a,4804,EVIDENCE,149,,EVIDENCE inst=149 inherited_support=546 inherited_contradiction=39 session_support=0 session_contradiction=0 inherited_absent_flag=0 cur_verts=1149 observed_verts=0
a,4805,MOBILITY_PRIOR,149,,MOBILITY_PRIOR inst=149 session=0 class=28 changes=1 continuations=0 alpha=3.66667 beta=0.333333 q=0.933333
a,4806,TOP_ABSORB_POSTERIOR,149,,TOP_ABSORB_POSTERIOR inst=149 measurement=confirmed_current change_prior=0.933333 geometry_factor_or_bound=1 geometry_evaluated=0 candidate_vertices=0 effective_cells=0 off_share=unmeasured legacy_same_site=0 absorb=0
a,4807,MOBILITY_PRIOR,149,,MOBILITY_PRIOR inst=149 session=0 class=28 changes=1 continuations=0 alpha=3.66667 beta=0.333333 q=0.933333
a,4808,TOP_ABSORB,149,,TOP_ABSORB inst=149 geom=0 support=546 high_mobility=1 absorb=0
a,4809,STATE_EVIDENCE_WINDOW,153,,STATE_EVIDENCE_WINDOW inst=153 after=76933333333 latest_measured_support=0 through=130566666667 projected=0 support=0 contradiction=0 reliable=520 reliable_in_view=0 reliable_seen_through=0 absence_llr=0 absent_samples=0 total_samples=620 absence_coverage_sufficient=0
a,4810,STATE_SLICE,153,130566666667,STATE_SLICE inst=153 stamp=130566666667 inherited_sup=0 inherited_con=0 inherited_samples=620 inherited_supported=0 inherited_free=0 inherited_repl_other=0 inherited_repl_bg=0 inherited_occ=0 inherited_unobs=489 session_sup=0 session_con=0 session_samples=0 cur_verts=1860 candidate_verts=0
a,4811,EVIDENCE,153,,EVIDENCE inst=153 inherited_support=0 inherited_contradiction=0 session_support=0 session_contradiction=0 inherited_absent_flag=0 cur_verts=1860 observed_verts=0
a,4812,STATE_EVIDENCE_WINDOW,156,,STATE_EVIDENCE_WINDOW inst=156 after=108766666667 latest_measured_support=130566666667 through=130566666667 projected=1 support=2323 contradiction=19 reliable=735 reliable_in_view=735 reliable_seen_through=5 absence_llr=0 absent_samples=1 total_samples=139 absence_coverage_sufficient=0
a,4813,STATE_SLICE,156,130566666667,STATE_SLICE inst=156 stamp=130566666667 inherited_sup=2323 inherited_con=19 inherited_samples=139 inherited_supported=2329 inherited_free=12 inherited_repl_other=7 inherited_repl_bg=0 inherited_occ=150 inherited_unobs=0 session_sup=0 session_con=0 session_samples=0 cur_verts=2511 candidate_verts=0
a,4814,EVIDENCE,156,,EVIDENCE inst=156 inherited_support=2323 inherited_contradiction=19 session_support=0 session_contradiction=0 inherited_absent_flag=0 cur_verts=2511 observed_verts=0
a,4815,MOBILITY_PRIOR,156,,MOBILITY_PRIOR inst=156 session=0 class=32 changes=1 continuations=0 alpha=2.7 beta=0.3 q=0.925
a,4816,TOP_ABSORB_POSTERIOR,156,,TOP_ABSORB_POSTERIOR inst=156 measurement=confirmed_current change_prior=0.925 geometry_factor_or_bound=1 geometry_evaluated=0 candidate_vertices=0 effective_cells=0 off_share=unmeasured legacy_same_site=0 absorb=0
a,4817,MOBILITY_PRIOR,156,,MOBILITY_PRIOR inst=156 session=0 class=32 changes=1 continuations=0 alpha=2.7 beta=0.3 q=0.925
a,4818,TOP_ABSORB,156,,TOP_ABSORB inst=156 geom=0 support=2323 high_mobility=1 absorb=0
a,4819,STATE_EVIDENCE_WINDOW,161,,STATE_EVIDENCE_WINDOW inst=161 after=115833333333 latest_measured_support=118000000000 through=130566666667 projected=0 support=87 contradiction=51 reliable=265 reliable_in_view=159 reliable_seen_through=0 absence_llr=0 absent_samples=0 total_samples=688 absence_coverage_sufficient=0
a,4820,STATE_SLICE,161,130566666667,STATE_SLICE inst=161 stamp=130566666667 inherited_sup=87 inherited_con=51 inherited_samples=688 inherited_supported=4779 inherited_free=484 inherited_repl_other=0 inherited_repl_bg=135 inherited_occ=6 inherited_unobs=240 session_sup=0 session_con=0 session_samples=0 cur_verts=2064 candidate_verts=0
a,4821,EVIDENCE,161,,EVIDENCE inst=161 inherited_support=87 inherited_contradiction=51 session_support=0 session_contradiction=0 inherited_absent_flag=0 cur_verts=2064 observed_verts=0
a,4822,MOBILITY_PRIOR,161,,MOBILITY_PRIOR inst=161 session=0 class=35 changes=0 continuations=0 alpha=2.91667 beta=0.0833333 q=0.972222
a,4823,TOP_ABSORB_POSTERIOR,161,,TOP_ABSORB_POSTERIOR inst=161 measurement=confirmed_current change_prior=0.972222 geometry_factor_or_bound=1 geometry_evaluated=0 candidate_vertices=0 effective_cells=0 off_share=unmeasured legacy_same_site=0 absorb=0
a,4824,MOBILITY_PRIOR,161,,MOBILITY_PRIOR inst=161 session=0 class=35 changes=0 continuations=0 alpha=2.91667 beta=0.0833333 q=0.972222
a,4825,TOP_ABSORB,161,,TOP_ABSORB inst=161 geom=0 support=87 high_mobility=1 absorb=0
a,4826,STATE_EVIDENCE_WINDOW,162,,STATE_EVIDENCE_WINDOW inst=162 after=116266666667 latest_measured_support=118000000000 through=130566666667 projected=0 support=68 contradiction=38 reliable=264 reliable_in_view=246 reliable_seen_through=0 absence_llr=0 absent_samples=0 total_samples=562 absence_coverage_sufficient=0
a,4827,STATE_SLICE,162,130566666667,STATE_SLICE inst=162 stamp=130566666667 inherited_sup=68 inherited_con=38 inherited_samples=562 inherited_supported=4167 inherited_free=397 inherited_repl_other=0 inherited_repl_bg=0 inherited_occ=5 inherited_unobs=0 session_sup=0 session_con=0 session_samples=0 cur_verts=1686 candidate_verts=0
a,4828,EVIDENCE,162,,EVIDENCE inst=162 inherited_support=68 inherited_contradiction=38 session_support=0 session_contradiction=0 inherited_absent_flag=0 cur_verts=1686 observed_verts=0
a,4829,MOBILITY_PRIOR,162,,MOBILITY_PRIOR inst=162 session=0 class=35 changes=0 continuations=0 alpha=2.91667 beta=0.0833333 q=0.972222
a,4830,TOP_ABSORB_POSTERIOR,162,,TOP_ABSORB_POSTERIOR inst=162 measurement=confirmed_current change_prior=0.972222 geometry_factor_or_bound=1 geometry_evaluated=0 candidate_vertices=0 effective_cells=0 off_share=unmeasured legacy_same_site=0 absorb=0
a,4831,MOBILITY_PRIOR,162,,MOBILITY_PRIOR inst=162 session=0 class=35 changes=0 continuations=0 alpha=2.91667 beta=0.0833333 q=0.972222
a,4832,TOP_ABSORB,162,,TOP_ABSORB inst=162 geom=0 support=68 high_mobility=1 absorb=0
a,4833,STATE_EVIDENCE_WINDOW,163,,STATE_EVIDENCE_WINDOW inst=163 after=114700000000 latest_measured_support=0 through=130566666667 projected=0 support=0 contradiction=0 reliable=664 reliable_in_view=664 reliable_seen_through=2 absence_llr=0 absent_samples=0 total_samples=931 absence_coverage_sufficient=0
a,4834,STATE_SLICE,163,130566666667,STATE_SLICE inst=163 stamp=130566666667 inherited_sup=0 inherited_con=0 inherited_samples=931 inherited_supported=0 inherited_free=0 inherited_repl_other=0 inherited_repl_bg=0 inherited_occ=0 inherited_unobs=931 session_sup=0 session_con=0 session_samples=0 cur_verts=2793 candidate_verts=0
a,4835,EVIDENCE,163,,EVIDENCE inst=163 inherited_support=0 inherited_contradiction=0 session_support=0 session_contradiction=0 inherited_absent_flag=0 cur_verts=2793 observed_verts=0
a,4836,STATE_EVIDENCE_WINDOW,164,,STATE_EVIDENCE_WINDOW inst=164 after=116700000000 latest_measured_support=118000000000 through=130566666667 projected=0 support=160 contradiction=142 reliable=391 reliable_in_view=94 reliable_seen_through=72 absence_llr=0 absent_samples=0 total_samples=1751 absence_coverage_sufficient=0
a,4837,STATE_SLICE,164,130566666667,STATE_SLICE inst=164 stamp=130566666667 inherited_sup=160 inherited_con=142 inherited_samples=1751 inherited_supported=6457 inherited_free=5526 inherited_repl_other=0 inherited_repl_bg=741 inherited_occ=89 inherited_unobs=0 session_sup=0 session_con=0 session_samples=0 cur_verts=5253 candidate_verts=0
a,4838,EVIDENCE,164,,EVIDENCE inst=164 inherited_support=160 inherited_contradiction=142 session_support=0 session_contradiction=0 inherited_absent_flag=0 cur_verts=5253 observed_verts=0
a,4839,MOBILITY_PRIOR,164,,MOBILITY_PRIOR inst=164 session=0 class=35 changes=0 continuations=0 alpha=2.91667 beta=0.0833333 q=0.972222
a,4840,TOP_ABSORB_POSTERIOR,164,,TOP_ABSORB_POSTERIOR inst=164 measurement=confirmed_current change_prior=0.972222 geometry_factor_or_bound=1 geometry_evaluated=0 candidate_vertices=0 effective_cells=0 off_share=unmeasured legacy_same_site=0 absorb=0
a,4841,MOBILITY_PRIOR,164,,MOBILITY_PRIOR inst=164 session=0 class=35 changes=0 continuations=0 alpha=2.91667 beta=0.0833333 q=0.972222
a,4842,TOP_ABSORB,164,,TOP_ABSORB inst=164 geom=0 support=160 high_mobility=1 absorb=0
a,4843,STATE_EVIDENCE_WINDOW,165,,STATE_EVIDENCE_WINDOW inst=165 after=48166666667 latest_measured_support=0 through=130566666667 projected=0 support=0 contradiction=0 reliable=136 reliable_in_view=0 reliable_seen_through=0 absence_llr=0 absent_samples=0 total_samples=457 absence_coverage_sufficient=0
a,4844,STATE_SLICE,165,130566666667,STATE_SLICE inst=165 stamp=130566666667 inherited_sup=0 inherited_con=0 inherited_samples=457 inherited_supported=0 inherited_free=0 inherited_repl_other=0 inherited_repl_bg=0 inherited_occ=20 inherited_unobs=359 session_sup=0 session_con=0 session_samples=0 cur_verts=1371 candidate_verts=0
a,4845,EVIDENCE,165,,EVIDENCE inst=165 inherited_support=0 inherited_contradiction=0 session_support=0 session_contradiction=0 inherited_absent_flag=0 cur_verts=1371 observed_verts=0
a,4846,STATE_EVIDENCE_WINDOW,166,,STATE_EVIDENCE_WINDOW inst=166 after=44733333333 latest_measured_support=0 through=130566666667 projected=0 support=0 contradiction=0 reliable=193 reliable_in_view=0 reliable_seen_through=0 absence_llr=0 absent_samples=0 total_samples=599 absence_coverage_sufficient=0
a,4847,STATE_SLICE,166,130566666667,STATE_SLICE inst=166 stamp=130566666667 inherited_sup=0 inherited_con=0 inherited_samples=599 inherited_supported=0 inherited_free=0 inherited_repl_other=0 inherited_repl_bg=0 inherited_occ=0 inherited_unobs=599 session_sup=0 session_con=0 session_samples=0 cur_verts=1797 candidate_verts=0
a,4848,EVIDENCE,166,,EVIDENCE inst=166 inherited_support=0 inherited_contradiction=0 session_support=0 session_contradiction=0 inherited_absent_flag=0 cur_verts=1797 observed_verts=0
a,4849,STATE_EVIDENCE_WINDOW,167,,STATE_EVIDENCE_WINDOW inst=167 after=116700000000 latest_measured_support=118000000000 through=130566666667 projected=0 support=103 contradiction=84 reliable=302 reliable_in_view=266 reliable_seen_through=0 absence_llr=0 absent_samples=0 total_samples=1003 absence_coverage_sufficient=0
a,4850,STATE_SLICE,167,130566666667,STATE_SLICE inst=167 stamp=130566666667 inherited_sup=103 inherited_con=84 inherited_samples=1003 inherited_supported=6645 inherited_free=875 inherited_repl_other=338 inherited_repl_bg=0 inherited_occ=249 inherited_unobs=0 session_sup=0 session_con=0 session_samples=0 cur_verts=3009 candidate_verts=0
a,4851,EVIDENCE,167,,EVIDENCE inst=167 inherited_support=103 inherited_contradiction=84 session_support=0 session_contradiction=0 inherited_absent_flag=0 cur_verts=3009 observed_verts=0
a,4852,MOBILITY_PRIOR,167,,MOBILITY_PRIOR inst=167 session=0 class=36 changes=0 continuations=0 alpha=1.75 beta=0.25 q=0.875
a,4853,TOP_ABSORB_POSTERIOR,167,,TOP_ABSORB_POSTERIOR inst=167 measurement=confirmed_current change_prior=0.875 geometry_factor_or_bound=1 geometry_evaluated=0 candidate_vertices=0 effective_cells=0 off_share=unmeasured legacy_same_site=0 absorb=0
a,4854,MOBILITY_PRIOR,167,,MOBILITY_PRIOR inst=167 session=0 class=36 changes=0 continuations=0 alpha=1.75 beta=0.25 q=0.875
a,4855,TOP_ABSORB,167,,TOP_ABSORB inst=167 geom=0 support=103 high_mobility=1 absorb=0
a,4856,STATE_EVIDENCE_WINDOW,171,,STATE_EVIDENCE_WINDOW inst=171 after=116266666667 latest_measured_support=123633333333 through=130566666667 projected=1 support=1206 contradiction=17 reliable=1016 reliable_in_view=862 reliable_seen_through=0 absence_llr=0 absent_samples=4 total_samples=160 absence_coverage_sufficient=0
a,4857,STATE_SLICE,171,130566666667,STATE_SLICE inst=171 stamp=130566666667 inherited_sup=1206 inherited_con=17 inherited_samples=160 inherited_supported=1206 inherited_free=0 inherited_repl_other=0 inherited_repl_bg=17 inherited_occ=151 inherited_unobs=0 session_sup=0 session_con=0 session_samples=0 cur_verts=11046 candidate_verts=0
a,4858,EVIDENCE,171,,EVIDENCE inst=171 inherited_support=1206 inherited_contradiction=17 session_support=0 session_contradiction=0 inherited_absent_flag=0 cur_verts=11046 observed_verts=0
a,4859,MOBILITY_PRIOR,171,,MOBILITY_PRIOR inst=171 session=0 class=39 changes=0 continuations=0 alpha=1.92308 beta=0.0769231 q=0.961538
a,4860,TOP_ABSORB_POSTERIOR,171,,TOP_ABSORB_POSTERIOR inst=171 measurement=confirmed_current change_prior=0.961538 geometry_factor_or_bound=1 geometry_evaluated=0 candidate_vertices=0 effective_cells=0 off_share=unmeasured legacy_same_site=0 absorb=0
a,4861,MOBILITY_PRIOR,171,,MOBILITY_PRIOR inst=171 session=0 class=39 changes=0 continuations=0 alpha=1.92308 beta=0.0769231 q=0.961538
a,4862,TOP_ABSORB,171,,TOP_ABSORB inst=171 geom=0 support=1206 high_mobility=1 absorb=0
a,4863,STATE_EVIDENCE_WINDOW,172,,STATE_EVIDENCE_WINDOW inst=172 after=49200000000 latest_measured_support=0 through=130566666667 projected=0 support=0 contradiction=0 reliable=719 reliable_in_view=0 reliable_seen_through=0 absence_llr=0 absent_samples=0 total_samples=1554 absence_coverage_sufficient=0
a,4864,STATE_SLICE,172,130566666667,STATE_SLICE inst=172 stamp=130566666667 inherited_sup=0 inherited_con=0 inherited_samples=1554 inherited_supported=0 inherited_free=0 inherited_repl_other=0 inherited_repl_bg=0 inherited_occ=514 inherited_unobs=0 session_sup=0 session_con=0 session_samples=0 cur_verts=4662 candidate_verts=0
a,4865,EVIDENCE,172,,EVIDENCE inst=172 inherited_support=0 inherited_contradiction=0 session_support=0 session_contradiction=0 inherited_absent_flag=0 cur_verts=4662 observed_verts=0
a,4866,STATE_EVIDENCE_WINDOW,174,,STATE_EVIDENCE_WINDOW inst=174 after=114233333333 latest_measured_support=0 through=130566666667 projected=0 support=0 contradiction=0 reliable=300 reliable_in_view=300 reliable_seen_through=0 absence_llr=0 absent_samples=0 total_samples=346 absence_coverage_sufficient=0
a,4867,STATE_SLICE,174,130566666667,STATE_SLICE inst=174 stamp=130566666667 inherited_sup=0 inherited_con=0 inherited_samples=346 inherited_supported=0 inherited_free=0 inherited_repl_other=0 inherited_repl_bg=0 inherited_occ=0 inherited_unobs=346 session_sup=0 session_con=0 session_samples=0 cur_verts=1038 candidate_verts=0
a,4868,EVIDENCE,174,,EVIDENCE inst=174 inherited_support=0 inherited_contradiction=0 session_support=0 session_contradiction=0 inherited_absent_flag=0 cur_verts=1038 observed_verts=0
a,4869,STATE_EVIDENCE_WINDOW,175,,STATE_EVIDENCE_WINDOW inst=175 after=114500000000 latest_measured_support=0 through=130566666667 projected=0 support=0 contradiction=0 reliable=215 reliable_in_view=215 reliable_seen_through=1 absence_llr=0 absent_samples=0 total_samples=274 absence_coverage_sufficient=0
a,4870,STATE_SLICE,175,130566666667,STATE_SLICE inst=175 stamp=130566666667 inherited_sup=0 inherited_con=0 inherited_samples=274 inherited_supported=0 inherited_free=0 inherited_repl_other=0 inherited_repl_bg=0 inherited_occ=0 inherited_unobs=274 session_sup=0 session_con=0 session_samples=0 cur_verts=822 candidate_verts=0
a,4871,EVIDENCE,175,,EVIDENCE inst=175 inherited_support=0 inherited_contradiction=0 session_support=0 session_contradiction=0 inherited_absent_flag=0 cur_verts=822 observed_verts=0
a,4872,STATE_EVIDENCE_WINDOW,180,,STATE_EVIDENCE_WINDOW inst=180 after=80733333333 latest_measured_support=0 through=130566666667 projected=0 support=0 contradiction=0 reliable=63 reliable_in_view=0 reliable_seen_through=0 absence_llr=0 absent_samples=0 total_samples=88 absence_coverage_sufficient=0
a,4873,STATE_SLICE,180,130566666667,STATE_SLICE inst=180 stamp=130566666667 inherited_sup=0 inherited_con=0 inherited_samples=88 inherited_supported=0 inherited_free=0 inherited_repl_other=0 inherited_repl_bg=0 inherited_occ=0 inherited_unobs=88 session_sup=0 session_con=0 session_samples=0 cur_verts=264 candidate_verts=0
a,4874,EVIDENCE,180,,EVIDENCE inst=180 inherited_support=0 inherited_contradiction=0 session_support=0 session_contradiction=0 inherited_absent_flag=0 cur_verts=264 observed_verts=0
a,4875,STATE_EVIDENCE_WINDOW,205,,STATE_EVIDENCE_WINDOW inst=205 after=114166666667 latest_measured_support=0 through=130566666667 projected=0 support=0 contradiction=0 reliable=86 reliable_in_view=0 reliable_seen_through=0 absence_llr=2.19925 absent_samples=0 total_samples=360 absence_coverage_sufficient=0
a,4876,STATE_SLICE,205,130566666667,STATE_SLICE inst=205 stamp=130566666667 inherited_sup=0 inherited_con=0 inherited_samples=360 inherited_supported=0 inherited_free=0 inherited_repl_other=0 inherited_repl_bg=0 inherited_occ=0 inherited_unobs=360 session_sup=0 session_con=0 session_samples=0 cur_verts=1080 candidate_verts=0
a,4877,EVIDENCE,205,,EVIDENCE inst=205 inherited_support=0 inherited_contradiction=0 session_support=0 session_contradiction=0 inherited_absent_flag=0 cur_verts=1080 observed_verts=0
a,4878,BACKGROUND_STATE_CLOSURE,48,130566666667,BACKGROUND_STATE_CLOSURE inst=48 stamp=130566666667 last_support=67366666667 matched_vertices=412 absent_vertices=46
a,4879,BACKGROUND_STATE_CLOSURE,69,130566666667,BACKGROUND_STATE_CLOSURE inst=69 stamp=130566666667 last_support=16566666667 matched_vertices=95 absent_vertices=24
a,4880,BACKGROUND_STATE_CLOSURE,69,130566666667,BACKGROUND_STATE_CLOSURE inst=69 stamp=130566666667 last_support=85733333333 matched_vertices=710 absent_vertices=51
a,4881,BACKGROUND_STATE_CLOSURE,70,130566666667,BACKGROUND_STATE_CLOSURE inst=70 stamp=130566666667 last_support=36533333333 matched_vertices=87 absent_vertices=21
a,4882,BACKGROUND_STATE_CLOSURE,70,130566666667,BACKGROUND_STATE_CLOSURE inst=70 stamp=130566666667 last_support=81066666667 matched_vertices=388 absent_vertices=113
a,4883,BACKGROUND_STATE_CLOSURE,71,130566666667,BACKGROUND_STATE_CLOSURE inst=71 stamp=130566666667 last_support=16433333333 matched_vertices=87 absent_vertices=8
a,4884,BACKGROUND_STATE_CLOSURE,71,130566666667,BACKGROUND_STATE_CLOSURE inst=71 stamp=130566666667 last_support=86233333333 matched_vertices=262 absent_vertices=39
a,4885,BACKGROUND_STATE_CLOSURE,72,130566666667,BACKGROUND_STATE_CLOSURE inst=72 stamp=130566666667 last_support=86366666667 matched_vertices=313 absent_vertices=57
a,4886,BACKGROUND_STATE_CLOSURE,89,130566666667,BACKGROUND_STATE_CLOSURE inst=89 stamp=130566666667 last_support=87166666667 matched_vertices=652 absent_vertices=229
a,4887,BACKGROUND_STATE_CLOSURE,128,130566666667,BACKGROUND_STATE_CLOSURE inst=128 stamp=130566666667 last_support=17533333333 matched_vertices=155 absent_vertices=47
a,4888,BACKGROUND_STATE_CLOSURE,155,130566666667,BACKGROUND_STATE_CLOSURE inst=155 stamp=130566666667 last_support=81400000000 matched_vertices=1291 absent_vertices=276
a,4889,BACKGROUND_STATE_CLOSURE,156,130566666667,BACKGROUND_STATE_CLOSURE inst=156 stamp=130566666667 last_support=73666666667 matched_vertices=811 absent_vertices=108
a,4890,BACKGROUND_STATE_CLOSURE,163,130566666667,BACKGROUND_STATE_CLOSURE inst=163 stamp=130566666667 last_support=85633333333 matched_vertices=354 absent_vertices=60
a,4891,BACKGROUND_STATE_CLOSURE,173,130566666667,BACKGROUND_STATE_CLOSURE inst=173 stamp=130566666667 last_support=75566666667 matched_vertices=166 absent_vertices=7
a,4892,BACKGROUND_STATE_CLOSURE,174,130566666667,BACKGROUND_STATE_CLOSURE inst=174 stamp=130566666667 last_support=76266666667 matched_vertices=297 absent_vertices=37
a,4893,BACKGROUND_STATE_CLOSURE,175,130566666667,BACKGROUND_STATE_CLOSURE inst=175 stamp=130566666667 last_support=76000000000 matched_vertices=184 absent_vertices=14
a,4894,INGEST,48,,INGEST inst=48 first=114s seg_verts=6810 cur_verts=6219 observed_verts=0
a,4895,MOBILITY_PRIOR,48,,MOBILITY_PRIOR inst=48 session=0 class=6 changes=2 continuations=0 alpha=1.90909 beta=0.0909091 q=0.977273
a,4896,OVERLAP_POSTERIOR,48,,OVERLAP_POSTERIOR inst=48 shared_probability_lower_bound=0.999877 change_prior=0.977273 same_state=1
a,4897,EMPTY_INTERVAL_POSTERIOR,48,,EMPTY_INTERVAL_POSTERIOR inst=48 since=114666666667 support=0 judged=0 seen_through=0 measured=0 calibrated_source=0 log_ratio=0 change_prior=0.977273 log_odds=3.7612 empty=0
a,4898,INGEST_DECIDE,48,,INGEST_DECIDE inst=48 same_session_overlap=1 contradicted=0
a,4899,INGEST,68,,INGEST inst=68 first=114s seg_verts=4392 cur_verts=11022 observed_verts=0
a,4900,MOBILITY_PRIOR,68,,MOBILITY_PRIOR inst=68 session=0 class=9 changes=0 continuations=0 alpha=8.83333 beta=0.166667 q=0.981481
a,4901,OVERLAP_POSTERIOR,68,,OVERLAP_POSTERIOR inst=68 shared_probability_lower_bound=0.98364 change_prior=0.981481 same_state=1
a,4902,EMPTY_INTERVAL_POSTERIOR,68,,EMPTY_INTERVAL_POSTERIOR inst=68 since=114666666667 support=1588 judged=1941 seen_through=15 measured=1 calibrated_source=1 log_ratio=-6.855 change_prior=0.981481 log_odds=-2.88471 empty=0
a,4903,INGEST_DECIDE,68,,INGEST_DECIDE inst=68 same_session_overlap=1 contradicted=0
a,4904,INGEST,69,,INGEST inst=69 first=117s seg_verts=1446 cur_verts=1506 observed_verts=0
a,4905,MOBILITY_PRIOR,69,,MOBILITY_PRIOR inst=69 session=0 class=9 changes=2 continuations=0 alpha=6.83333 beta=0.166667 q=0.981481
a,4906,OVERLAP_POSTERIOR,69,,OVERLAP_POSTERIOR inst=69 shared_probability_lower_bound=0.986625 change_prior=0.981481 same_state=1
a,4907,EMPTY_INTERVAL_POSTERIOR,69,,EMPTY_INTERVAL_POSTERIOR inst=69 since=117266666667 support=172 judged=421 seen_through=2 measured=1 calibrated_source=1 log_ratio=-3.95778 change_prior=0.981481 log_odds=0.0125147 empty=0
a,4908,INGEST_DECIDE,69,,INGEST_DECIDE inst=69 same_session_overlap=1 contradicted=0
a,4909,INGEST,70,,INGEST inst=70 first=117s seg_verts=1383 cur_verts=1668 observed_verts=0
a,4910,MOBILITY_PRIOR,70,,MOBILITY_PRIOR inst=70 session=0 class=9 changes=2 continuations=0 alpha=6.83333 beta=0.166667 q=0.981481
a,4911,OVERLAP_POSTERIOR,70,,OVERLAP_POSTERIOR inst=70 shared_probability_lower_bound=0.996739 change_prior=0.981481 same_state=1
a,4912,EMPTY_INTERVAL_POSTERIOR,70,,EMPTY_INTERVAL_POSTERIOR inst=70 since=117266666667 support=0 judged=0 seen_through=0 measured=0 calibrated_source=0 log_ratio=0 change_prior=0.981481 log_odds=3.97029 empty=0
a,4913,INGEST_DECIDE,70,,INGEST_DECIDE inst=70 same_session_overlap=1 contradicted=0
a,4914,INGEST,72,,INGEST inst=72 first=117s seg_verts=792 cur_verts=1428 observed_verts=0
a,4915,MOBILITY_PRIOR,72,,MOBILITY_PRIOR inst=72 session=0 class=9 changes=1 continuations=0 alpha=7.83333 beta=0.166667 q=0.981481
a,4916,OVERLAP_POSTERIOR,72,,OVERLAP_POSTERIOR inst=72 shared_probability_lower_bound=0.991304 change_prior=0.981481 same_state=1
a,4917,EMPTY_INTERVAL_POSTERIOR,72,,EMPTY_INTERVAL_POSTERIOR inst=72 since=117266666667 support=213 judged=353 seen_through=2 measured=1 calibrated_source=1 log_ratio=-3.73426 change_prior=0.981481 log_odds=0.236028 empty=0
a,4918,INGEST_DECIDE,72,,INGEST_DECIDE inst=72 same_session_overlap=1 contradicted=0
a,4919,INGEST,89,,INGEST inst=89 first=114s seg_verts=6927 cur_verts=7686 observed_verts=0
a,4920,MOBILITY_PRIOR,89,,MOBILITY_PRIOR inst=89 session=0 class=15 changes=1 continuations=0 alpha=1.91667 beta=0.0833333 q=0.972222
a,4921,OVERLAP_POSTERIOR,89,,OVERLAP_POSTERIOR inst=89 shared_probability_lower_bound=0.999173 change_prior=0.972222 same_state=1
a,4922,EMPTY_INTERVAL_POSTERIOR,89,,EMPTY_INTERVAL_POSTERIOR inst=89 since=114166666667 support=252 judged=1033 seen_through=3 measured=1 calibrated_source=1 log_ratio=-3.87674 change_prior=0.972222 log_odds=-0.321396 empty=0
a,4923,INGEST_DECIDE,89,,INGEST_DECIDE inst=89 same_session_overlap=1 contradicted=0
a,4924,INGEST,108,,INGEST inst=108 first=115s seg_verts=1947 cur_verts=2502 observed_verts=0
a,4925,MOBILITY_PRIOR,108,,MOBILITY_PRIOR inst=108 session=0 class=19 changes=0 continuations=0 alpha=1.75 beta=0.25 q=0.875
a,4926,OVERLAP_POSTERIOR,108,,OVERLAP_POSTERIOR inst=108 shared_probability_lower_bound=0.930127 change_prior=0.875 same_state=1
a,4927,EMPTY_INTERVAL_POSTERIOR,108,,EMPTY_INTERVAL_POSTERIOR inst=108 since=115966666667 support=226 judged=504 seen_through=9 measured=1 calibrated_source=1 log_ratio=-3.11237 change_prior=0.875 log_odds=-1.16646 empty=0
a,4928,INGEST_DECIDE,108,,INGEST_DECIDE inst=108 same_session_overlap=1 contradicted=0
a,4929,INGEST,109,,INGEST inst=109 first=117s seg_verts=5133 cur_verts=23574 observed_verts=0
a,4930,MOBILITY_PRIOR,109,,MOBILITY_PRIOR inst=109 session=0 class=19 changes=0 continuations=0 alpha=1.75 beta=0.25 q=0.875
a,4931,OVERLAP_POSTERIOR,109,,OVERLAP_POSTERIOR inst=109 shared_probability_lower_bound=0.980858 change_prior=0.875 same_state=1
a,4932,EMPTY_INTERVAL_POSTERIOR,109,,EMPTY_INTERVAL_POSTERIOR inst=109 since=117266666667 support=1492 judged=1208 seen_through=24 measured=1 calibrated_source=1 log_ratio=-3.55498 change_prior=0.875 log_odds=-1.60907 empty=0
a,4933,INGEST_DECIDE,109,,INGEST_DECIDE inst=109 same_session_overlap=1 contradicted=0
a,4934,INGEST,155,,INGEST inst=155 first=110s seg_verts=8424 cur_verts=0 observed_verts=0
a,4935,INGEST,156,,INGEST inst=156 first=119s seg_verts=4671 cur_verts=2511 observed_verts=0
a,4936,MOBILITY_PRIOR,156,,MOBILITY_PRIOR inst=156 session=0 class=32 changes=1 continuations=0 alpha=2.7 beta=0.3 q=0.925
a,4937,OVERLAP_POSTERIOR,156,,OVERLAP_POSTERIOR inst=156 shared_probability_lower_bound=0.955991 change_prior=0.925 same_state=1
a,4938,EMPTY_INTERVAL_POSTERIOR,156,,EMPTY_INTERVAL_POSTERIOR inst=156 since=119566666667 support=2323 judged=735 seen_through=5 measured=1 calibrated_source=1 log_ratio=-3.86991 change_prior=0.925 log_odds=-1.3576 empty=0
a,4939,INGEST_DECIDE,156,,INGEST_DECIDE inst=156 same_session_overlap=1 contradicted=0
a,4940,INGEST,161,,INGEST inst=161 first=117s seg_verts=459 cur_verts=2064 observed_verts=0
a,4941,MOBILITY_PRIOR,161,,MOBILITY_PRIOR inst=161 session=0 class=35 changes=0 continuations=0 alpha=2.91667 beta=0.0833333 q=0.972222
a,4942,OVERLAP_POSTERIOR,161,,OVERLAP_POSTERIOR inst=161 shared_probability_lower_bound=0.986804 change_prior=0.972222 same_state=1
a,4943,EMPTY_INTERVAL_POSTERIOR,161,,EMPTY_INTERVAL_POSTERIOR inst=161 since=117266666667 support=161 judged=418 seen_through=3 measured=1 calibrated_source=1 log_ratio=-5.63095 change_prior=0.972222 log_odds=-2.0756 empty=0
a,4944,INGEST_DECIDE,161,,INGEST_DECIDE inst=161 same_session_overlap=1 contradicted=0
a,4945,INGEST,162,,INGEST inst=162 first=116s seg_verts=429 cur_verts=1686 observed_verts=0
a,4946,MOBILITY_PRIOR,162,,MOBILITY_PRIOR inst=162 session=0 class=35 changes=0 continuations=0 alpha=2.91667 beta=0.0833333 q=0.972222
a,4947,OVERLAP_POSTERIOR,162,,OVERLAP_POSTERIOR inst=162 shared_probability_lower_bound=0.983476 change_prior=0.972222 same_state=1
a,4948,EMPTY_INTERVAL_POSTERIOR,162,,EMPTY_INTERVAL_POSTERIOR inst=162 since=116766666667 support=139 judged=473 seen_through=0 measured=1 calibrated_source=1 log_ratio=-9.6931 change_prior=0.972222 log_odds=-6.13776 empty=0
a,4949,INGEST_DECIDE,162,,INGEST_DECIDE inst=162 same_session_overlap=1 contradicted=0
a,4950,INGEST,164,,INGEST inst=164 first=121s seg_verts=1842 cur_verts=5253 observed_verts=0
a,4951,MOBILITY_PRIOR,164,,MOBILITY_PRIOR inst=164 session=0 class=35 changes=0 continuations=0 alpha=2.91667 beta=0.0833333 q=0.972222
a,4952,OVERLAP_POSTERIOR,164,,OVERLAP_POSTERIOR inst=164 shared_probability_lower_bound=-0 change_prior=0.972222 same_state=0
a,4953,INGEST_DECIDE,164,,INGEST_DECIDE inst=164 same_session_overlap=0 contradicted=0
a,4954,INGEST,167,,INGEST inst=167 first=117s seg_verts=642 cur_verts=3009 observed_verts=0
a,4955,MOBILITY_PRIOR,167,,MOBILITY_PRIOR inst=167 session=0 class=36 changes=0 continuations=0 alpha=1.75 beta=0.25 q=0.875
a,4956,OVERLAP_POSTERIOR,167,,OVERLAP_POSTERIOR inst=167 shared_probability_lower_bound=0.981012 change_prior=0.875 same_state=1
a,4957,EMPTY_INTERVAL_POSTERIOR,167,,EMPTY_INTERVAL_POSTERIOR inst=167 since=117266666667 support=202 judged=539 seen_through=2 measured=1 calibrated_source=1 log_ratio=-7.4253 change_prior=0.875 log_odds=-5.47939 empty=0
a,4958,INGEST_DECIDE,167,,INGEST_DECIDE inst=167 same_session_overlap=1 contradicted=0
a,4959,INGEST,171,,INGEST inst=171 first=117s seg_verts=2097 cur_verts=11046 observed_verts=0
a,4960,MOBILITY_PRIOR,171,,MOBILITY_PRIOR inst=171 session=0 class=39 changes=0 continuations=0 alpha=1.92308 beta=0.0769231 q=0.961538
a,4961,OVERLAP_POSTERIOR,171,,OVERLAP_POSTERIOR inst=171 shared_probability_lower_bound=0.998334 change_prior=0.961538 same_state=1
a,4962,EMPTY_INTERVAL_POSTERIOR,171,,EMPTY_INTERVAL_POSTERIOR inst=171 since=117266666667 support=1314 judged=1810 seen_through=0 measured=1 calibrated_source=1 log_ratio=-10.6871 change_prior=0.961538 log_odds=-7.46821 empty=0
a,4963,INGEST_DECIDE,171,,INGEST_DECIDE inst=171 same_session_overlap=1 contradicted=0
a,4964,INGEST,173,,INGEST inst=173 first=110s seg_verts=951 cur_verts=0 observed_verts=0
a,4966,OBJECT_EXTRACTION_INPUT,71,,OBJECT_EXTRACTION_INPUT inst=71 first=106033333333 last=128033333333 observations=529 dynamic=0 motion_history=0 last_motion=0 displacement=0 static_fallback=0
a,4967,OBJECT_EXTRACTION_INPUT,69,,OBJECT_EXTRACTION_INPUT inst=69 first=113600000000 last=128033333333 observations=329 dynamic=0 motion_history=0 last_motion=0 displacement=0 static_fallback=0
a,4968,STATIC_SURFACE_FRAMES,71,,STATIC_SURFACE_FRAMES inst=71 candidates=35 selected=35 first=121766666667 last=127966666667
a,4969,STATIC_SURFACE_FRAMES,69,,STATIC_SURFACE_FRAMES inst=69 candidates=43 selected=43 first=121666666667 last=127966666667
a,4970,OBJECT_EXTRACTION_INPUT,72,,OBJECT_EXTRACTION_INPUT inst=72 first=113866666667 last=128033333333 observations=331 dynamic=0 motion_history=0 last_motion=0 displacement=0 static_fallback=0
a,4971,STATIC_SURFACE_FRAMES,72,,STATIC_SURFACE_FRAMES inst=72 candidates=46 selected=46 first=121566666667 last=127966666667
a,4972,OBJECT_EXTRACTION_INPUT,109,,OBJECT_EXTRACTION_INPUT inst=109 first=114033333333 last=128000000000 observations=334 dynamic=0 motion_history=0 last_motion=0 displacement=0 static_fallback=0
a,4973,STATIC_SURFACE_FRAMES,109,,STATIC_SURFACE_FRAMES inst=109 candidates=49 selected=49 first=121566666667 last=127966666667
a,4974,OBJECT_EXTRACTION_INPUT,89,,OBJECT_EXTRACTION_INPUT inst=89 first=125466666667 last=128200000000 observations=21 dynamic=0 motion_history=0 last_motion=0 displacement=0 static_fallback=0
a,4975,STATIC_SURFACE_FRAMES,89,,STATIC_SURFACE_FRAMES inst=89 candidates=7 selected=7 first=125466666667 last=128166666667
a,4976,OBJECT_EXTRACTION_INPUT,147,,OBJECT_EXTRACTION_INPUT inst=147 first=119766666667 last=131433333333 observations=300 dynamic=0 motion_history=0 last_motion=0 displacement=0 static_fallback=0
a,4977,STATIC_SURFACE_FRAMES,147,,STATIC_SURFACE_FRAMES inst=147 candidates=83 selected=83 first=121566666667 last=131433333333
a,4978,OBJECT_EXTRACTION_INPUT,148,,OBJECT_EXTRACTION_INPUT inst=148 first=119833333333 last=131866666667 observations=304 dynamic=0 motion_history=0 last_motion=0 displacement=0 static_fallback=0
a,4979,STATIC_SURFACE_FRAMES,148,,STATIC_SURFACE_FRAMES inst=148 candidates=81 selected=81 first=121966666667 last=131866666667
a,4980,OBJECT_EXTRACTION_INPUT,149,,OBJECT_EXTRACTION_INPUT inst=149 first=119900000000 last=132733333333 observations=310 dynamic=0 motion_history=0 last_motion=0 displacement=0 static_fallback=0
a,4981,STATIC_SURFACE_FRAMES,149,,STATIC_SURFACE_FRAMES inst=149 candidates=82 selected=82 first=124266666667 last=132733333333
a,4990,OBJECT_EXTRACTION_INPUT,108,,OBJECT_EXTRACTION_INPUT inst=108 first=115700000000 last=131000000000 observations=403 dynamic=0 motion_history=0 last_motion=0 displacement=0 static_fallback=0
a,4991,STATIC_SURFACE_FRAMES,108,,STATIC_SURFACE_FRAMES inst=108 candidates=51 selected=51 first=124166666667 last=130966666667
a,4993,OBJECT_EXTRACTION_INPUT,148,,OBJECT_EXTRACTION_INPUT inst=148 first=119833333333 last=132666666667 observations=328 dynamic=0 motion_history=0 last_motion=0 displacement=0 static_fallback=0
a,4994,STATIC_SURFACE_FRAMES,148,,STATIC_SURFACE_FRAMES inst=148 candidates=69 selected=69 first=125866666667 last=132666666667
a,4995,OBJECT_EXTRACTION_INPUT,149,,OBJECT_EXTRACTION_INPUT inst=149 first=119900000000 last=132866666667 observations=314 dynamic=0 motion_history=0 last_motion=0 displacement=0 static_fallback=0
a,4996,OBJECT_EXTRACTION_INPUT,147,,OBJECT_EXTRACTION_INPUT inst=147 first=119766666667 last=132866666667 observations=343 dynamic=0 motion_history=0 last_motion=0 displacement=0 static_fallback=0
a,4997,STATIC_SURFACE_FRAMES,147,,STATIC_SURFACE_FRAMES inst=147 candidates=66 selected=66 first=126366666667 last=132866666667
a,4998,STATIC_SURFACE_FRAMES,149,,STATIC_SURFACE_FRAMES inst=149 candidates=62 selected=62 first=126366666667 last=132866666667
a,4999,OBJECT_EXTRACTION_INPUT,164,,OBJECT_EXTRACTION_INPUT inst=164 first=114000000000 last=136200000000 observations=620 dynamic=0 motion_history=0 last_motion=0 displacement=0 static_fallback=0
a,5000,STATIC_SURFACE_FRAMES,164,,STATIC_SURFACE_FRAMES inst=164 candidates=94 selected=94 first=126366666667 last=136200000000
a,5001,OBJECT_EXTRACTION_INPUT,68,,OBJECT_EXTRACTION_INPUT inst=68 first=114300000000 last=136633333333 observations=618 dynamic=0 motion_history=0 last_motion=0 displacement=0 static_fallback=0
a,5002,STATIC_SURFACE_FRAMES,68,,STATIC_SURFACE_FRAMES inst=68 candidates=83 selected=83 first=126766666667 last=136633333333
a,5012,OBJECT_EXTRACTION_INPUT,56,,OBJECT_EXTRACTION_INPUT inst=56 first=134433333333 last=135700000000 observations=39 dynamic=0 motion_history=0 last_motion=0 displacement=0 static_fallback=0
a,5013,OBJECT_EXTRACTION_INPUT,48,,OBJECT_EXTRACTION_INPUT inst=48 first=114466666667 last=138800000000 observations=614 dynamic=0 motion_history=0 last_motion=0 displacement=0 static_fallback=0
a,5014,STATIC_SURFACE_FRAMES,56,,STATIC_SURFACE_FRAMES inst=56 candidates=13 selected=13 first=134466666667 last=135666666667
a,5015,STATIC_SURFACE_FRAMES,48,,STATIC_SURFACE_FRAMES inst=48 candidates=63 selected=63 first=130566666667 last=138800000000
a,5016,OBJECT_EXTRACTION_INPUT,10,,OBJECT_EXTRACTION_INPUT inst=10 first=131433333333 last=136166666667 observations=22 dynamic=0 motion_history=0 last_motion=0 displacement=0 static_fallback=0
a,5017,OBJECT_EXTRACTION_INPUT,136,,OBJECT_EXTRACTION_INPUT inst=136 first=133666666667 last=136166666667 observations=76 dynamic=0 motion_history=0 last_motion=0 displacement=0 static_fallback=0
a,5018,STATIC_SURFACE_FRAMES,10,,STATIC_SURFACE_FRAMES inst=10 candidates=8 selected=8 first=131466666667 last=136166666667
a,5019,OBJECT_EXTRACTION_INPUT,173,,OBJECT_EXTRACTION_INPUT inst=173 first=134066666667 last=135900000000 observations=56 dynamic=0 motion_history=0 last_motion=0 displacement=0 static_fallback=0
a,5020,STATIC_SURFACE_FRAMES,173,,STATIC_SURFACE_FRAMES inst=173 candidates=19 selected=19 first=134066666667 last=135866666667
a,5021,STATIC_SURFACE_FRAMES,136,,STATIC_SURFACE_FRAMES inst=136 candidates=26 selected=26 first=133666666667 last=136166666667
a,5022,OBJECT_EXTRACTION_INPUT,117,,OBJECT_EXTRACTION_INPUT inst=117 first=134200000000 last=135800000000 observations=49 dynamic=0 motion_history=0 last_motion=0 displacement=0 static_fallback=0
a,5023,STATIC_SURFACE_FRAMES,117,,STATIC_SURFACE_FRAMES inst=117 candidates=16 selected=16 first=134266666667 last=135766666667
a,5024,OBJECT_EXTRACTION_INPUT,181,,OBJECT_EXTRACTION_INPUT inst=181 first=134200000000 last=135800000000 observations=49 dynamic=0 motion_history=0 last_motion=0 displacement=0 static_fallback=0
a,5025,STATIC_SURFACE_FRAMES,181,,STATIC_SURFACE_FRAMES inst=181 candidates=16 selected=16 first=134266666667 last=135766666667
a,5026,OBJECT_EXTRACTION_INPUT,89,,OBJECT_EXTRACTION_INPUT inst=89 first=133233333333 last=136233333333 observations=91 dynamic=0 motion_history=0 last_motion=0 displacement=0 static_fallback=0
a,5027,STATIC_SURFACE_FRAMES,89,,STATIC_SURFACE_FRAMES inst=89 candidates=30 selected=30 first=133266666667 last=136166666667
a,5037,OBJECT_EXTRACTION_INPUT,164,,OBJECT_EXTRACTION_INPUT inst=164 first=114000000000 last=140500000000 observations=749 dynamic=0 motion_history=0 last_motion=0 displacement=0 static_fallback=0
a,5038,OBJECT_EXTRACTION_INPUT,68,,OBJECT_EXTRACTION_INPUT inst=68 first=114300000000 last=140500000000 observations=734 dynamic=0 motion_history=0 last_motion=0 displacement=0 static_fallback=0
a,5039,STATIC_SURFACE_FRAMES,68,,STATIC_SURFACE_FRAMES inst=68 candidates=99 selected=99 first=130766666667 last=140500000000
a,5040,STATIC_SURFACE_FRAMES,164,,STATIC_SURFACE_FRAMES inst=164 candidates=100 selected=100 first=130666666667 last=140500000000
a,5041,OBJECT_EXTRACTION_INPUT,161,,OBJECT_EXTRACTION_INPUT inst=161 first=114333333333 last=140500000000 observations=552 dynamic=0 motion_history=0 last_motion=0 displacement=0 static_fallback=0
a,5042,OBJECT_EXTRACTION_INPUT,162,,OBJECT_EXTRACTION_INPUT inst=162 first=114400000000 last=140500000000 observations=563 dynamic=0 motion_history=0 last_motion=0 displacement=0 static_fallback=0
a,5043,STATIC_SURFACE_FRAMES,161,,STATIC_SURFACE_FRAMES inst=161 candidates=75 selected=75 first=131366666667 last=140500000000
a,5044,STATIC_SURFACE_FRAMES,162,,STATIC_SURFACE_FRAMES inst=162 candidates=74 selected=74 first=131366666667 last=140500000000
a,5045,OBJECT_EXTRACTION_INPUT,48,,OBJECT_EXTRACTION_INPUT inst=48 first=114466666667 last=140500000000 observations=665 dynamic=0 motion_history=0 last_motion=0 displacement=0 static_fallback=0
a,5046,OBJECT_EXTRACTION_INPUT,156,,OBJECT_EXTRACTION_INPUT inst=156 first=114900000000 last=140500000000 observations=558 dynamic=0 motion_history=0 last_motion=0 displacement=0 static_fallback=0
a,5047,STATIC_SURFACE_FRAMES,48,,STATIC_SURFACE_FRAMES inst=48 candidates=79 selected=79 first=130666666667 last=140500000000
a,5048,STATIC_SURFACE_FRAMES,156,,STATIC_SURFACE_FRAMES inst=156 candidates=68 selected=68 first=130666666667 last=140500000000
a,5049,OBJECT_EXTRACTION_INPUT,167,,OBJECT_EXTRACTION_INPUT inst=167 first=131333333333 last=140500000000 observations=217 dynamic=0 motion_history=0 last_motion=0 displacement=0 static_fallback=0
a,5050,STATIC_SURFACE_FRAMES,167,,STATIC_SURFACE_FRAMES inst=167 candidates=74 selected=74 first=131366666667 last=140500000000
a,5051,OBJECT_EXTRACTION_INPUT,109,,OBJECT_EXTRACTION_INPUT inst=109 first=131733333333 last=140500000000 observations=264 dynamic=0 motion_history=0 last_motion=0 displacement=0 static_fallback=0
a,5052,STATIC_SURFACE_FRAMES,109,,STATIC_SURFACE_FRAMES inst=109 candidates=89 selected=89 first=131766666667 last=140500000000
a,5053,OBJECT_EXTRACTION_INPUT,69,,OBJECT_EXTRACTION_INPUT inst=69 first=131866666667 last=140500000000 observations=259 dynamic=0 motion_history=0 last_motion=0 displacement=0 static_fallback=0
a,5054,STATIC_SURFACE_FRAMES,69,,STATIC_SURFACE_FRAMES inst=69 candidates=88 selected=88 first=131866666667 last=140500000000
a,5055,OBJECT_EXTRACTION_INPUT,72,,OBJECT_EXTRACTION_INPUT inst=72 first=131900000000 last=140500000000 observations=259 dynamic=0 motion_history=0 last_motion=0 displacement=0 static_fallback=0
a,5056,STATIC_SURFACE_FRAMES,72,,STATIC_SURFACE_FRAMES inst=72 candidates=87 selected=87 first=131966666667 last=140500000000
a,5057,OBJECT_EXTRACTION_INPUT,70,,OBJECT_EXTRACTION_INPUT inst=70 first=132133333333 last=140500000000 observations=249 dynamic=0 motion_history=0 last_motion=0 displacement=0 static_fallback=0
a,5058,STATIC_SURFACE_FRAMES,70,,STATIC_SURFACE_FRAMES inst=70 candidates=84 selected=84 first=132166666667 last=140500000000
a,5059,OBJECT_EXTRACTION_INPUT,71,,OBJECT_EXTRACTION_INPUT inst=71 first=132700000000 last=140500000000 observations=181 dynamic=0 motion_history=0 last_motion=0 displacement=0 static_fallback=0
a,5060,STATIC_SURFACE_FRAMES,71,,STATIC_SURFACE_FRAMES inst=71 candidates=61 selected=61 first=132766666667 last=140500000000
a,5061,OBJECT_EXTRACTION_INPUT,171,,OBJECT_EXTRACTION_INPUT inst=171 first=132733333333 last=140500000000 observations=183 dynamic=0 motion_history=0 last_motion=0 displacement=0 static_fallback=0
a,5062,STATIC_SURFACE_FRAMES,171,,STATIC_SURFACE_FRAMES inst=171 candidates=62 selected=62 first=132766666667 last=140500000000
a,5063,OBJECT_EXTRACTION_INPUT,147,,OBJECT_EXTRACTION_INPUT inst=147 first=136766666667 last=140500000000 observations=87 dynamic=0 motion_history=0 last_motion=0 displacement=0 static_fallback=0
a,5064,STATIC_SURFACE_FRAMES,147,,STATIC_SURFACE_FRAMES inst=147 candidates=31 selected=31 first=136766666667 last=140500000000
a,5065,OBJECT_EXTRACTION_INPUT,149,,OBJECT_EXTRACTION_INPUT inst=149 first=136766666667 last=140500000000 observations=94 dynamic=0 motion_history=0 last_motion=0 displacement=0 static_fallback=0
a,5066,STATIC_SURFACE_FRAMES,149,,STATIC_SURFACE_FRAMES inst=149 candidates=32 selected=32 first=136766666667 last=140500000000
a,5067,OBJECT_EXTRACTION_INPUT,148,,OBJECT_EXTRACTION_INPUT inst=148 first=136933333333 last=138866666667 observations=59 dynamic=0 motion_history=0 last_motion=0 displacement=0 static_fallback=0
a,5068,STATIC_SURFACE_FRAMES,148,,STATIC_SURFACE_FRAMES inst=148 candidates=20 selected=20 first=136966666667 last=138866666667
a,5079,STATE_EVIDENCE_WINDOW,2,,STATE_EVIDENCE_WINDOW inst=2 after=104900000000 latest_measured_support=0 through=140500000000 projected=0 support=0 contradiction=0 reliable=464 reliable_in_view=0 reliable_seen_through=0 absence_llr=0 absent_samples=0 total_samples=1288 absence_coverage_sufficient=0
a,5080,STATE_SLICE,2,140500000000,STATE_SLICE inst=2 stamp=140500000000 inherited_sup=0 inherited_con=0 inherited_samples=1288 inherited_supported=0 inherited_free=0 inherited_repl_other=0 inherited_repl_bg=0 inherited_occ=0 inherited_unobs=1288 session_sup=0 session_con=0 session_samples=0 cur_verts=3864 candidate_verts=0
a,5081,EVIDENCE,2,,EVIDENCE inst=2 inherited_support=0 inherited_contradiction=0 session_support=0 session_contradiction=0 inherited_absent_flag=0 cur_verts=3864 observed_verts=0
a,5082,STATE_EVIDENCE_WINDOW,3,,STATE_EVIDENCE_WINDOW inst=3 after=86066666667 latest_measured_support=0 through=140500000000 projected=0 support=0 contradiction=0 reliable=26 reliable_in_view=0 reliable_seen_through=0 absence_llr=0 absent_samples=0 total_samples=189 absence_coverage_sufficient=0
a,5083,STATE_SLICE,3,140500000000,STATE_SLICE inst=3 stamp=140500000000 inherited_sup=0 inherited_con=0 inherited_samples=189 inherited_supported=0 inherited_free=0 inherited_repl_other=0 inherited_repl_bg=0 inherited_occ=0 inherited_unobs=189 session_sup=0 session_con=0 session_samples=0 cur_verts=567 candidate_verts=0
a,5084,EVIDENCE,3,,EVIDENCE inst=3 inherited_support=0 inherited_contradiction=0 session_support=0 session_contradiction=0 inherited_absent_flag=0 cur_verts=567 observed_verts=0
a,5085,STATE_EVIDENCE_WINDOW,5,,STATE_EVIDENCE_WINDOW inst=5 after=100300000000 latest_measured_support=0 through=140500000000 projected=0 support=0 contradiction=0 reliable=920 reliable_in_view=0 reliable_seen_through=0 absence_llr=0 absent_samples=0 total_samples=8317 absence_coverage_sufficient=0
a,5086,STATE_SLICE,5,140500000000,STATE_SLICE inst=5 stamp=140500000000 inherited_sup=0 inherited_con=0 inherited_samples=8317 inherited_supported=0 inherited_free=0 inherited_repl_other=0 inherited_repl_bg=0 inherited_occ=0 inherited_unobs=8317 session_sup=0 session_con=0 session_samples=0 cur_verts=24951 candidate_verts=0
a,5087,EVIDENCE,5,,EVIDENCE inst=5 inherited_support=0 inherited_contradiction=0 session_support=0 session_contradiction=0 inherited_absent_flag=0 cur_verts=24951 observed_verts=0
a,5088,STATE_EVIDENCE_WINDOW,7,,STATE_EVIDENCE_WINDOW inst=7 after=48033333333 latest_measured_support=0 through=140500000000 projected=0 support=0 contradiction=0 reliable=510 reliable_in_view=0 reliable_seen_through=0 absence_llr=0 absent_samples=0 total_samples=11707 absence_coverage_sufficient=0
a,5089,STATE_SLICE,7,140500000000,STATE_SLICE inst=7 stamp=140500000000 inherited_sup=0 inherited_con=0 inherited_samples=11707 inherited_supported=0 inherited_free=0 inherited_repl_other=0 inherited_repl_bg=0 inherited_occ=0 inherited_unobs=11707 session_sup=0 session_con=0 session_samples=0 cur_verts=35121 candidate_verts=0
a,5090,EVIDENCE,7,,EVIDENCE inst=7 inherited_support=0 inherited_contradiction=0 session_support=0 session_contradiction=0 inherited_absent_flag=0 cur_verts=35121 observed_verts=0
a,5091,STATE_EVIDENCE_WINDOW,21,,STATE_EVIDENCE_WINDOW inst=21 after=113666666667 latest_measured_support=0 through=140500000000 projected=0 support=0 contradiction=0 reliable=40 reliable_in_view=0 reliable_seen_through=0 absence_llr=0 absent_samples=0 total_samples=84 absence_coverage_sufficient=0
a,5092,STATE_SLICE,21,140500000000,STATE_SLICE inst=21 stamp=140500000000 inherited_sup=0 inherited_con=0 inherited_samples=84 inherited_supported=0 inherited_free=0 inherited_repl_other=0 inherited_repl_bg=0 inherited_occ=0 inherited_unobs=84 session_sup=0 session_con=0 session_samples=0 cur_verts=252 candidate_verts=0
a,5093,EVIDENCE,21,,EVIDENCE inst=21 inherited_support=0 inherited_contradiction=0 session_support=0 session_contradiction=0 inherited_absent_flag=0 cur_verts=252 observed_verts=0
a,5094,STATE_EVIDENCE_WINDOW,48,,STATE_EVIDENCE_WINDOW inst=48 after=124500000000 latest_measured_support=133166666667 through=140500000000 projected=0 support=1187 contradiction=240 reliable=875 reliable_in_view=875 reliable_seen_through=1 absence_llr=0 absent_samples=0 total_samples=4343 absence_coverage_sufficient=0
a,5095,STATE_SLICE,48,140500000000,STATE_SLICE inst=48 stamp=140500000000 inherited_sup=1187 inherited_con=240 inherited_samples=4343 inherited_supported=48838 inherited_free=3597 inherited_repl_other=0 inherited_repl_bg=98 inherited_occ=6972 inherited_unobs=0 session_sup=0 session_con=0 session_samples=0 cur_verts=13029 candidate_verts=0
a,5096,EVIDENCE,48,,EVIDENCE inst=48 inherited_support=1187 inherited_contradiction=240 session_support=0 session_contradiction=0 inherited_absent_flag=0 cur_verts=13029 observed_verts=0
a,5097,MOBILITY_PRIOR,48,,MOBILITY_PRIOR inst=48 session=0 class=6 changes=2 continuations=0 alpha=1.90909 beta=0.0909091 q=0.977273
a,5098,TOP_ABSORB_POSTERIOR,48,,TOP_ABSORB_POSTERIOR inst=48 measurement=confirmed_current change_prior=0.977273 geometry_factor_or_bound=1 geometry_evaluated=0 candidate_vertices=0 effective_cells=0 off_share=unmeasured legacy_same_site=0 absorb=0
a,5099,MOBILITY_PRIOR,48,,MOBILITY_PRIOR inst=48 session=0 class=6 changes=2 continuations=0 alpha=1.90909 beta=0.0909091 q=0.977273
a,5100,TOP_ABSORB,48,,TOP_ABSORB inst=48 geom=0 support=1187 high_mobility=1 absorb=0
a,5101,STATE_EVIDENCE_WINDOW,49,,STATE_EVIDENCE_WINDOW inst=49 after=48266666667 latest_measured_support=0 through=140500000000 projected=0 support=0 contradiction=0 reliable=367 reliable_in_view=0 reliable_seen_through=0 absence_llr=0 absent_samples=0 total_samples=1043 absence_coverage_sufficient=0
a,5102,STATE_SLICE,49,140500000000,STATE_SLICE inst=49 stamp=140500000000 inherited_sup=0 inherited_con=0 inherited_samples=1043 inherited_supported=0 inherited_free=0 inherited_repl_other=0 inherited_repl_bg=0 inherited_occ=243 inherited_unobs=588 session_sup=0 session_con=0 session_samples=0 cur_verts=3129 candidate_verts=0
a,5103,EVIDENCE,49,,EVIDENCE inst=49 inherited_support=0 inherited_contradiction=0 session_support=0 session_contradiction=0 inherited_absent_flag=0 cur_verts=3129 observed_verts=0
a,5104,STATE_EVIDENCE_WINDOW,50,,STATE_EVIDENCE_WINDOW inst=50 after=46266666667 latest_measured_support=0 through=140500000000 projected=0 support=0 contradiction=0 reliable=411 reliable_in_view=0 reliable_seen_through=0 absence_llr=0 absent_samples=0 total_samples=1119 absence_coverage_sufficient=0
a,5105,STATE_SLICE,50,140500000000,STATE_SLICE inst=50 stamp=140500000000 inherited_sup=0 inherited_con=0 inherited_samples=1119 inherited_supported=0 inherited_free=0 inherited_repl_other=0 inherited_repl_bg=0 inherited_occ=0 inherited_unobs=1119 session_sup=0 session_con=0 session_samples=0 cur_verts=3357 candidate_verts=0
a,5106,EVIDENCE,50,,EVIDENCE inst=50 inherited_support=0 inherited_contradiction=0 session_support=0 session_contradiction=0 inherited_absent_flag=0 cur_verts=3357 observed_verts=0
a,5107,STATE_EVIDENCE_WINDOW,51,,STATE_EVIDENCE_WINDOW inst=51 after=114533333333 latest_measured_support=0 through=140500000000 projected=0 support=0 contradiction=0 reliable=303 reliable_in_view=0 reliable_seen_through=0 absence_llr=0 absent_samples=0 total_samples=12818 absence_coverage_sufficient=0
a,5108,STATE_SLICE,51,140500000000,STATE_SLICE inst=51 stamp=140500000000 inherited_sup=0 inherited_con=0 inherited_samples=12818 inherited_supported=0 inherited_free=0 inherited_repl_other=0 inherited_repl_bg=0 inherited_occ=0 inherited_unobs=12818 session_sup=0 session_con=0 session_samples=0 cur_verts=38454 candidate_verts=0
a,5109,EVIDENCE,51,,EVIDENCE inst=51 inherited_support=0 inherited_contradiction=0 session_support=0 session_contradiction=0 inherited_absent_flag=0 cur_verts=38454 observed_verts=0
a,5110,STATE_EVIDENCE_WINDOW,52,,STATE_EVIDENCE_WINDOW inst=52 after=105900000000 latest_measured_support=0 through=140500000000 projected=0 support=0 contradiction=0 reliable=460 reliable_in_view=0 reliable_seen_through=0 absence_llr=0 absent_samples=0 total_samples=22261 absence_coverage_sufficient=0
a,5111,STATE_SLICE,52,140500000000,STATE_SLICE inst=52 stamp=140500000000 inherited_sup=0 inherited_con=0 inherited_samples=22261 inherited_supported=0 inherited_free=0 inherited_repl_other=0 inherited_repl_bg=0 inherited_occ=0 inherited_unobs=22261 session_sup=0 session_con=0 session_samples=0 cur_verts=66783 candidate_verts=0
a,5112,EVIDENCE,52,,EVIDENCE inst=52 inherited_support=0 inherited_contradiction=0 session_support=0 session_contradiction=0 inherited_absent_flag=0 cur_verts=66783 observed_verts=0
a,5113,STATE_EVIDENCE_WINDOW,54,,STATE_EVIDENCE_WINDOW inst=54 after=104900000000 latest_measured_support=0 through=140500000000 projected=0 support=0 contradiction=0 reliable=787 reliable_in_view=0 reliable_seen_through=0 absence_llr=0 absent_samples=0 total_samples=2553 absence_coverage_sufficient=0
a,5114,STATE_SLICE,54,140500000000,STATE_SLICE inst=54 stamp=140500000000 inherited_sup=0 inherited_con=0 inherited_samples=2553 inherited_supported=0 inherited_free=0 inherited_repl_other=0 inherited_repl_bg=0 inherited_occ=0 inherited_unobs=2553 session_sup=0 session_con=0 session_samples=0 cur_verts=7659 candidate_verts=0
a,5115,EVIDENCE,54,,EVIDENCE inst=54 inherited_support=0 inherited_contradiction=0 session_support=0 session_contradiction=0 inherited_absent_flag=0 cur_verts=7659 observed_verts=0
a,5116,STATE_EVIDENCE_WINDOW,55,,STATE_EVIDENCE_WINDOW inst=55 after=49133333333 latest_measured_support=0 through=140500000000 projected=0 support=0 contradiction=0 reliable=523 reliable_in_view=0 reliable_seen_through=0 absence_llr=0 absent_samples=0 total_samples=2965 absence_coverage_sufficient=0
a,5117,STATE_SLICE,55,140500000000,STATE_SLICE inst=55 stamp=140500000000 inherited_sup=0 inherited_con=0 inherited_samples=2965 inherited_supported=0 inherited_free=0 inherited_repl_other=0 inherited_repl_bg=0 inherited_occ=928 inherited_unobs=1946 session_sup=0 session_con=0 session_samples=0 cur_verts=8895 candidate_verts=0
a,5118,EVIDENCE,55,,EVIDENCE inst=55 inherited_support=0 inherited_contradiction=0 session_support=0 session_contradiction=0 inherited_absent_flag=0 cur_verts=8895 observed_verts=0
a,5119,STATE_EVIDENCE_WINDOW,56,,STATE_EVIDENCE_WINDOW inst=56 after=114600000000 latest_measured_support=135333333333 through=140500000000 projected=1 support=105 contradiction=25 reliable=269 reliable_in_view=18 reliable_seen_through=2 absence_llr=0 absent_samples=13 total_samples=1527 absence_coverage_sufficient=0
a,5120,STATE_SLICE,56,140500000000,STATE_SLICE inst=56 stamp=140500000000 inherited_sup=105 inherited_con=25 inherited_samples=1527 inherited_supported=118 inherited_free=0 inherited_repl_other=0 inherited_repl_bg=28 inherited_occ=113 inherited_unobs=1420 session_sup=0 session_con=0 session_samples=0 cur_verts=82728 candidate_verts=0
a,5121,EVIDENCE,56,,EVIDENCE inst=56 inherited_support=105 inherited_contradiction=25 session_support=0 session_contradiction=0 inherited_absent_flag=0 cur_verts=82728 observed_verts=0
a,5122,MOBILITY_PRIOR,56,,MOBILITY_PRIOR inst=56 session=0 class=6 changes=0 continuations=0 alpha=3.90909 beta=0.0909091 q=0.977273
a,5123,TOP_ABSORB_POSTERIOR,56,,TOP_ABSORB_POSTERIOR inst=56 measurement=confirmed_current change_prior=0.977273 geometry_factor_or_bound=1 geometry_evaluated=0 candidate_vertices=0 effective_cells=0 off_share=unmeasured legacy_same_site=0 absorb=0
a,5124,MOBILITY_PRIOR,56,,MOBILITY_PRIOR inst=56 session=0 class=6 changes=0 continuations=0 alpha=3.90909 beta=0.0909091 q=0.977273
a,5125,TOP_ABSORB,56,,TOP_ABSORB inst=56 geom=0 support=105 high_mobility=1 absorb=0
a,5126,STATE_EVIDENCE_WINDOW,57,,STATE_EVIDENCE_WINDOW inst=57 after=113600000000 latest_measured_support=0 through=140500000000 projected=0 support=0 contradiction=0 reliable=937 reliable_in_view=0 reliable_seen_through=0 absence_llr=0 absent_samples=0 total_samples=4265 absence_coverage_sufficient=0
a,5127,STATE_SLICE,57,140500000000,STATE_SLICE inst=57 stamp=140500000000 inherited_sup=0 inherited_con=0 inherited_samples=4265 inherited_supported=0 inherited_free=0 inherited_repl_other=0 inherited_repl_bg=0 inherited_occ=0 inherited_unobs=4265 session_sup=0 session_con=0 session_samples=0 cur_verts=12795 candidate_verts=0
a,5128,EVIDENCE,57,,EVIDENCE inst=57 inherited_support=0 inherited_contradiction=0 session_support=0 session_contradiction=0 inherited_absent_flag=0 cur_verts=12795 observed_verts=0
a,5129,STATE_EVIDENCE_WINDOW,68,,STATE_EVIDENCE_WINDOW inst=68 after=124500000000 latest_measured_support=133166666667 through=140500000000 projected=0 support=1488 contradiction=755 reliable=983 reliable_in_view=671 reliable_seen_through=6 absence_llr=0 absent_samples=0 total_samples=5138 absence_coverage_sufficient=0
a,5130,STATE_SLICE,68,140500000000,STATE_SLICE inst=68 stamp=140500000000 inherited_sup=1488 inherited_con=755 inherited_samples=5138 inherited_supported=172085 inherited_free=3966 inherited_repl_other=171 inherited_repl_bg=834 inherited_occ=7885 inherited_unobs=0 session_sup=0 session_con=0 session_samples=0 cur_verts=15414 candidate_verts=0
a,5131,EVIDENCE,68,,EVIDENCE inst=68 inherited_support=1488 inherited_contradiction=755 session_support=0 session_contradiction=0 inherited_absent_flag=0 cur_verts=15414 observed_verts=0
a,5132,MOBILITY_PRIOR,68,,MOBILITY_PRIOR inst=68 session=0 class=9 changes=0 continuations=0 alpha=8.83333 beta=0.166667 q=0.981481
a,5133,TOP_ABSORB_POSTERIOR,68,,TOP_ABSORB_POSTERIOR inst=68 measurement=confirmed_current change_prior=0.981481 geometry_factor_or_bound=1 geometry_evaluated=0 candidate_vertices=0 effective_cells=0 off_share=unmeasured legacy_same_site=0 absorb=0
a,5134,MOBILITY_PRIOR,68,,MOBILITY_PRIOR inst=68 session=0 class=9 changes=0 continuations=0 alpha=8.83333 beta=0.166667 q=0.981481
a,5135,TOP_ABSORB,68,,TOP_ABSORB inst=68 geom=0 support=1488 high_mobility=1 absorb=0
a,5136,STATE_EVIDENCE_WINDOW,69,,STATE_EVIDENCE_WINDOW inst=69 after=127100000000 latest_measured_support=127966666667 through=140500000000 projected=1 support=25 contradiction=870 reliable=414 reliable_in_view=223 reliable_seen_through=223 absence_llr=198.017 absent_samples=69 total_samples=84 absence_coverage_sufficient=1
a,5137,STATE_SLICE,69,140500000000,STATE_SLICE inst=69 stamp=140500000000 inherited_sup=25 inherited_con=870 inherited_samples=84 inherited_supported=25 inherited_free=376 inherited_repl_other=58 inherited_repl_bg=450 inherited_occ=449 inherited_unobs=0 session_sup=0 session_con=0 session_samples=0 cur_verts=2952 candidate_verts=0
a,5138,EVIDENCE,69,,EVIDENCE inst=69 inherited_support=25 inherited_contradiction=870 session_support=0 session_contradiction=0 inherited_absent_flag=1 cur_verts=2952 observed_verts=0
a,5139,TOP_CLOSE,69,,TOP_CLOSE inst=69 by_new_site=0 by_observed_absence=1 support=25 contradiction=870 cur_verts=2952
a,5140,STATE_EVIDENCE_WINDOW,70,,STATE_EVIDENCE_WINDOW inst=70 after=127100000000 latest_measured_support=133166666667 through=140500000000 projected=0 support=194 contradiction=136 reliable=408 reliable_in_view=408 reliable_seen_through=1 absence_llr=0 absent_samples=0 total_samples=1017 absence_coverage_sufficient=0
a,5141,STATE_SLICE,70,140500000000,STATE_SLICE inst=70 stamp=140500000000 inherited_sup=194 inherited_con=136 inherited_samples=1017 inherited_supported=6819 inherited_free=998 inherited_repl_other=94 inherited_repl_bg=288 inherited_occ=176 inherited_unobs=0 session_sup=0 session_con=0 session_samples=0 cur_verts=3051 candidate_verts=0
a,5142,EVIDENCE,70,,EVIDENCE inst=70 inherited_support=194 inherited_contradiction=136 session_support=0 session_contradiction=0 inherited_absent_flag=0 cur_verts=3051 observed_verts=0
a,5143,MOBILITY_PRIOR,70,,MOBILITY_PRIOR inst=70 session=0 class=9 changes=2 continuations=0 alpha=7.83333 beta=0.166667 q=0.983333
a,5144,TOP_ABSORB_POSTERIOR,70,,TOP_ABSORB_POSTERIOR inst=70 measurement=confirmed_current change_prior=0.983333 geometry_factor_or_bound=1 geometry_evaluated=0 candidate_vertices=0 effective_cells=0 off_share=unmeasured legacy_same_site=0 absorb=0
a,5145,MOBILITY_PRIOR,70,,MOBILITY_PRIOR inst=70 session=0 class=9 changes=2 continuations=0 alpha=7.83333 beta=0.166667 q=0.983333
a,5146,TOP_ABSORB,70,,TOP_ABSORB inst=70 geom=0 support=194 high_mobility=1 absorb=0
a,5147,STATE_EVIDENCE_WINDOW,71,,STATE_EVIDENCE_WINDOW inst=71 after=118000000000 latest_measured_support=133166666667 through=140500000000 projected=0 support=306 contradiction=244 reliable=607 reliable_in_view=548 reliable_seen_through=4 absence_llr=0 absent_samples=0 total_samples=745 absence_coverage_sufficient=0
a,5148,STATE_SLICE,71,140500000000,STATE_SLICE inst=71 stamp=140500000000 inherited_sup=306 inherited_con=244 inherited_samples=745 inherited_supported=6911 inherited_free=506 inherited_repl_other=84 inherited_repl_bg=1072 inherited_occ=68 inherited_unobs=0 session_sup=0 session_con=0 session_samples=0 cur_verts=2235 candidate_verts=0
a,5149,EVIDENCE,71,,EVIDENCE inst=71 inherited_support=306 inherited_contradiction=244 session_support=0 session_contradiction=0 inherited_absent_flag=0 cur_verts=2235 observed_verts=0
a,5150,MOBILITY_PRIOR,71,,MOBILITY_PRIOR inst=71 session=0 class=9 changes=2 continuations=0 alpha=7.83333 beta=0.166667 q=0.983333
a,5151,TOP_ABSORB_POSTERIOR,71,,TOP_ABSORB_POSTERIOR inst=71 measurement=confirmed_current change_prior=0.983333 geometry_factor_or_bound=1 geometry_evaluated=0 candidate_vertices=0 effective_cells=0 off_share=unmeasured legacy_same_site=0 absorb=0
a,5152,MOBILITY_PRIOR,71,,MOBILITY_PRIOR inst=71 session=0 class=9 changes=2 continuations=0 alpha=7.83333 beta=0.166667 q=0.983333
a,5153,TOP_ABSORB,71,,TOP_ABSORB inst=71 geom=0 support=306 high_mobility=1 absorb=0
a,5154,STATE_EVIDENCE_WINDOW,72,,STATE_EVIDENCE_WINDOW inst=72 after=127100000000 latest_measured_support=133166666667 through=140500000000 projected=0 support=390 contradiction=312 reliable=394 reliable_in_view=361 reliable_seen_through=6 absence_llr=0 absent_samples=0 total_samples=740 absence_coverage_sufficient=0
a,5155,STATE_SLICE,72,140500000000,STATE_SLICE inst=72 stamp=140500000000 inherited_sup=390 inherited_con=312 inherited_samples=740 inherited_supported=8860 inherited_free=2348 inherited_repl_other=0 inherited_repl_bg=664 inherited_occ=64 inherited_unobs=0 session_sup=0 session_con=0 session_samples=0 cur_verts=2220 candidate_verts=0
a,5156,EVIDENCE,72,,EVIDENCE inst=72 inherited_support=390 inherited_contradiction=312 session_support=0 session_contradiction=0 inherited_absent_flag=0 cur_verts=2220 observed_verts=0
a,5157,MOBILITY_PRIOR,72,,MOBILITY_PRIOR inst=72 session=0 class=9 changes=1 continuations=0 alpha=8.83333 beta=0.166667 q=0.983333
a,5158,TOP_ABSORB_POSTERIOR,72,,TOP_ABSORB_POSTERIOR inst=72 measurement=confirmed_current change_prior=0.983333 geometry_factor_or_bound=1 geometry_evaluated=0 candidate_vertices=0 effective_cells=0 off_share=unmeasured legacy_same_site=0 absorb=0
a,5159,MOBILITY_PRIOR,72,,MOBILITY_PRIOR inst=72 session=0 class=9 changes=1 continuations=0 alpha=8.83333 beta=0.166667 q=0.983333
a,5160,TOP_ABSORB,72,,TOP_ABSORB inst=72 geom=0 support=390 high_mobility=1 absorb=0
a,5161,STATE_EVIDENCE_WINDOW,77,,STATE_EVIDENCE_WINDOW inst=77 after=101266666667 latest_measured_support=0 through=140500000000 projected=0 support=0 contradiction=0 reliable=573 reliable_in_view=0 reliable_seen_through=0 absence_llr=0 absent_samples=0 total_samples=1926 absence_coverage_sufficient=0
a,5162,STATE_SLICE,77,140500000000,STATE_SLICE inst=77 stamp=140500000000 inherited_sup=0 inherited_con=0 inherited_samples=1926 inherited_supported=0 inherited_free=0 inherited_repl_other=0 inherited_repl_bg=0 inherited_occ=0 inherited_unobs=1926 session_sup=0 session_con=0 session_samples=0 cur_verts=5778 candidate_verts=0
a,5163,EVIDENCE,77,,EVIDENCE inst=77 inherited_support=0 inherited_contradiction=0 session_support=0 session_contradiction=0 inherited_absent_flag=0 cur_verts=5778 observed_verts=0
a,5164,STATE_EVIDENCE_WINDOW,88,,STATE_EVIDENCE_WINDOW inst=88 after=100100000000 latest_measured_support=0 through=140500000000 projected=0 support=0 contradiction=0 reliable=157 reliable_in_view=0 reliable_seen_through=0 absence_llr=0 absent_samples=0 total_samples=473 absence_coverage_sufficient=0
a,5165,STATE_SLICE,88,140500000000,STATE_SLICE inst=88 stamp=140500000000 inherited_sup=0 inherited_con=0 inherited_samples=473 inherited_supported=0 inherited_free=0 inherited_repl_other=0 inherited_repl_bg=0 inherited_occ=0 inherited_unobs=473 session_sup=0 session_con=0 session_samples=0 cur_verts=1419 candidate_verts=0
a,5166,EVIDENCE,88,,EVIDENCE inst=88 inherited_support=0 inherited_contradiction=0 session_support=0 session_contradiction=0 inherited_absent_flag=0 cur_verts=1419 observed_verts=0
a,5167,STATE_EVIDENCE_WINDOW,89,,STATE_EVIDENCE_WINDOW inst=89 after=120966666667 latest_measured_support=135766666667 through=140500000000 projected=1 support=501 contradiction=219 reliable=765 reliable_in_view=479 reliable_seen_through=0 absence_llr=0 absent_samples=47 total_samples=395 absence_coverage_sufficient=0
a,5168,STATE_SLICE,89,140500000000,STATE_SLICE inst=89 stamp=140500000000 inherited_sup=501 inherited_con=219 inherited_samples=395 inherited_supported=501 inherited_free=199 inherited_repl_other=0 inherited_repl_bg=20 inherited_occ=116 inherited_unobs=179 session_sup=0 session_con=0 session_samples=0 cur_verts=14613 candidate_verts=0
a,5169,EVIDENCE,89,,EVIDENCE inst=89 inherited_support=501 inherited_contradiction=219 session_support=0 session_contradiction=0 inherited_absent_flag=0 cur_verts=14613 observed_verts=0
a,5170,MOBILITY_PRIOR,89,,MOBILITY_PRIOR inst=89 session=0 class=15 changes=1 continuations=0 alpha=1.92308 beta=0.0769231 q=0.974359
a,5171,TOP_ABSORB_POSTERIOR,89,,TOP_ABSORB_POSTERIOR inst=89 measurement=confirmed_current change_prior=0.974359 geometry_factor_or_bound=1 geometry_evaluated=0 candidate_vertices=0 effective_cells=0 off_share=unmeasured legacy_same_site=0 absorb=0
a,5172,MOBILITY_PRIOR,89,,MOBILITY_PRIOR inst=89 session=0 class=15 changes=1 continuations=0 alpha=1.92308 beta=0.0769231 q=0.974359
a,5173,TOP_ABSORB,89,,TOP_ABSORB inst=89 geom=0 support=501 high_mobility=1 absorb=0
a,5174,STATE_EVIDENCE_WINDOW,108,,STATE_EVIDENCE_WINDOW inst=108 after=125800000000 latest_measured_support=128833333333 through=140500000000 projected=1 support=225 contradiction=94 reliable=448 reliable_in_view=2 reliable_seen_through=1 absence_llr=0 absent_samples=25 total_samples=131 absence_coverage_sufficient=0
a,5175,STATE_SLICE,108,140500000000,STATE_SLICE inst=108 stamp=140500000000 inherited_sup=225 inherited_con=94 inherited_samples=131 inherited_supported=228 inherited_free=94 inherited_repl_other=0 inherited_repl_bg=0 inherited_occ=1360 inherited_unobs=0 session_sup=0 session_con=0 session_samples=0 cur_verts=4449 candidate_verts=0
a,5176,EVIDENCE,108,,EVIDENCE inst=108 inherited_support=225 inherited_contradiction=94 session_support=0 session_contradiction=0 inherited_absent_flag=0 cur_verts=4449 observed_verts=0
a,5177,MOBILITY_PRIOR,108,,MOBILITY_PRIOR inst=108 session=0 class=19 changes=0 continuations=0 alpha=1.75 beta=0.25 q=0.875
a,5178,TOP_ABSORB_POSTERIOR,108,,TOP_ABSORB_POSTERIOR inst=108 measurement=confirmed_current change_prior=0.875 geometry_factor_or_bound=1 geometry_evaluated=0 candidate_vertices=0 effective_cells=0 off_share=unmeasured legacy_same_site=0 absorb=0
a,5179,MOBILITY_PRIOR,108,,MOBILITY_PRIOR inst=108 session=0 class=19 changes=0 continuations=0 alpha=1.75 beta=0.25 q=0.875
a,5180,TOP_ABSORB,108,,TOP_ABSORB inst=108 geom=0 support=225 high_mobility=1 absorb=0
a,5181,STATE_EVIDENCE_WINDOW,109,,STATE_EVIDENCE_WINDOW inst=109 after=127100000000 latest_measured_support=133166666667 through=140500000000 projected=0 support=1637 contradiction=1407 reliable=686 reliable_in_view=609 reliable_seen_through=21 absence_llr=0 absent_samples=0 total_samples=9569 absence_coverage_sufficient=0
a,5182,STATE_SLICE,109,140500000000,STATE_SLICE inst=109 stamp=140500000000 inherited_sup=1637 inherited_con=1407 inherited_samples=9569 inherited_supported=177056 inherited_free=26481 inherited_repl_other=0 inherited_repl_bg=938 inherited_occ=20399 inherited_unobs=0 session_sup=0 session_con=0 session_samples=0 cur_verts=28707 candidate_verts=0
a,5183,EVIDENCE,109,,EVIDENCE inst=109 inherited_support=1637 inherited_contradiction=1407 session_support=0 session_contradiction=0 inherited_absent_flag=0 cur_verts=28707 observed_verts=0
a,5184,MOBILITY_PRIOR,109,,MOBILITY_PRIOR inst=109 session=0 class=19 changes=0 continuations=0 alpha=1.75 beta=0.25 q=0.875
a,5185,TOP_ABSORB_POSTERIOR,109,,TOP_ABSORB_POSTERIOR inst=109 measurement=confirmed_current change_prior=0.875 geometry_factor_or_bound=1 geometry_evaluated=0 candidate_vertices=0 effective_cells=0 off_share=unmeasured legacy_same_site=0 absorb=0
a,5186,MOBILITY_PRIOR,109,,MOBILITY_PRIOR inst=109 session=0 class=19 changes=0 continuations=0 alpha=1.75 beta=0.25 q=0.875
a,5187,TOP_ABSORB,109,,TOP_ABSORB inst=109 geom=0 support=1637 high_mobility=1 absorb=0
a,5188,STATE_EVIDENCE_WINDOW,112,,STATE_EVIDENCE_WINDOW inst=112 after=87333333333 latest_measured_support=0 through=140500000000 projected=0 support=0 contradiction=0 reliable=739 reliable_in_view=0 reliable_seen_through=0 absence_llr=0 absent_samples=0 total_samples=5750 absence_coverage_sufficient=0
a,5189,STATE_SLICE,112,140500000000,STATE_SLICE inst=112 stamp=140500000000 inherited_sup=0 inherited_con=0 inherited_samples=5750 inherited_supported=0 inherited_free=0 inherited_repl_other=0 inherited_repl_bg=0 inherited_occ=0 inherited_unobs=5750 session_sup=0 session_con=0 session_samples=0 cur_verts=17250 candidate_verts=0
a,5190,EVIDENCE,112,,EVIDENCE inst=112 inherited_support=0 inherited_contradiction=0 session_support=0 session_contradiction=0 inherited_absent_flag=0 cur_verts=17250 observed_verts=0
a,5191,STATE_EVIDENCE_WINDOW,121,,STATE_EVIDENCE_WINDOW inst=121 after=49166666667 latest_measured_support=0 through=140500000000 projected=0 support=0 contradiction=0 reliable=6 reliable_in_view=0 reliable_seen_through=0 absence_llr=0.28449 absent_samples=0 total_samples=146 absence_coverage_sufficient=0
a,5192,STATE_SLICE,121,140500000000,STATE_SLICE inst=121 stamp=140500000000 inherited_sup=0 inherited_con=0 inherited_samples=146 inherited_supported=0 inherited_free=0 inherited_repl_other=0 inherited_repl_bg=0 inherited_occ=64 inherited_unobs=3 session_sup=0 session_con=0 session_samples=0 cur_verts=438 candidate_verts=0
a,5193,EVIDENCE,121,,EVIDENCE inst=121 inherited_support=0 inherited_contradiction=0 session_support=0 session_contradiction=0 inherited_absent_flag=0 cur_verts=438 observed_verts=0
a,5194,STATE_EVIDENCE_WINDOW,126,,STATE_EVIDENCE_WINDOW inst=126 after=114600000000 latest_measured_support=0 through=140500000000 projected=0 support=0 contradiction=0 reliable=106 reliable_in_view=0 reliable_seen_through=0 absence_llr=0 absent_samples=0 total_samples=134 absence_coverage_sufficient=0
a,5195,STATE_SLICE,126,140500000000,STATE_SLICE inst=126 stamp=140500000000 inherited_sup=0 inherited_con=0 inherited_samples=134 inherited_supported=0 inherited_free=0 inherited_repl_other=0 inherited_repl_bg=0 inherited_occ=0 inherited_unobs=134 session_sup=0 session_con=0 session_samples=0 cur_verts=402 candidate_verts=0
a,5196,EVIDENCE,126,,EVIDENCE inst=126 inherited_support=0 inherited_contradiction=0 session_support=0 session_contradiction=0 inherited_absent_flag=0 cur_verts=402 observed_verts=0
a,5197,STATE_EVIDENCE_WINDOW,128,,STATE_EVIDENCE_WINDOW inst=128 after=114366666667 latest_measured_support=0 through=140500000000 projected=0 support=0 contradiction=0 reliable=40 reliable_in_view=0 reliable_seen_through=0 absence_llr=0 absent_samples=0 total_samples=79 absence_coverage_sufficient=0
a,5198,STATE_SLICE,128,140500000000,STATE_SLICE inst=128 stamp=140500000000 inherited_sup=0 inherited_con=0 inherited_samples=79 inherited_supported=0 inherited_free=0 inherited_repl_other=0 inherited_repl_bg=0 inherited_occ=0 inherited_unobs=79 session_sup=0 session_con=0 session_samples=0 cur_verts=237 candidate_verts=0
a,5199,EVIDENCE,128,,EVIDENCE inst=128 inherited_support=0 inherited_contradiction=0 session_support=0 session_contradiction=0 inherited_absent_flag=0 cur_verts=237 observed_verts=0
a,5200,STATE_EVIDENCE_WINDOW,132,,STATE_EVIDENCE_WINDOW inst=132 after=76833333333 latest_measured_support=0 through=140500000000 projected=0 support=0 contradiction=0 reliable=26 reliable_in_view=0 reliable_seen_through=0 absence_llr=0 absent_samples=0 total_samples=61 absence_coverage_sufficient=0
a,5201,STATE_SLICE,132,140500000000,STATE_SLICE inst=132 stamp=140500000000 inherited_sup=0 inherited_con=0 inherited_samples=61 inherited_supported=0 inherited_free=0 inherited_repl_other=0 inherited_repl_bg=0 inherited_occ=0 inherited_unobs=61 session_sup=0 session_con=0 session_samples=0 cur_verts=183 candidate_verts=0
a,5202,EVIDENCE,132,,EVIDENCE inst=132 inherited_support=0 inherited_contradiction=0 session_support=0 session_contradiction=0 inherited_absent_flag=0 cur_verts=183 observed_verts=0
a,5203,STATE_EVIDENCE_WINDOW,135,,STATE_EVIDENCE_WINDOW inst=135 after=44533333333 latest_measured_support=0 through=140500000000 projected=0 support=0 contradiction=0 reliable=659 reliable_in_view=0 reliable_seen_through=0 absence_llr=0 absent_samples=0 total_samples=1371 absence_coverage_sufficient=0
a,5204,STATE_SLICE,135,140500000000,STATE_SLICE inst=135 stamp=140500000000 inherited_sup=0 inherited_con=0 inherited_samples=1371 inherited_supported=0 inherited_free=0 inherited_repl_other=0 inherited_repl_bg=0 inherited_occ=0 inherited_unobs=1371 session_sup=0 session_con=0 session_samples=0 cur_verts=4113 candidate_verts=0
a,5205,EVIDENCE,135,,EVIDENCE inst=135 inherited_support=0 inherited_contradiction=0 session_support=0 session_contradiction=0 inherited_absent_flag=0 cur_verts=4113 observed_verts=0
a,5206,STATE_EVIDENCE_WINDOW,136,,STATE_EVIDENCE_WINDOW inst=136 after=114800000000 latest_measured_support=135766666667 through=140500000000 projected=1 support=706 contradiction=117 reliable=1093 reliable_in_view=1093 reliable_seen_through=0 absence_llr=0 absent_samples=24 total_samples=205 absence_coverage_sufficient=0
a,5207,STATE_SLICE,136,140500000000,STATE_SLICE inst=136 stamp=140500000000 inherited_sup=706 inherited_con=117 inherited_samples=205 inherited_supported=719 inherited_free=0 inherited_repl_other=0 inherited_repl_bg=117 inherited_occ=99 inherited_unobs=0 session_sup=0 session_con=0 session_samples=0 cur_verts=10410 candidate_verts=0
a,5208,EVIDENCE,136,,EVIDENCE inst=136 inherited_support=706 inherited_contradiction=117 session_support=0 session_contradiction=0 inherited_absent_flag=0 cur_verts=10410 observed_verts=0
a,5209,MOBILITY_PRIOR,136,,MOBILITY_PRIOR inst=136 session=0 class=26 changes=0 continuations=0 alpha=1.75 beta=0.25 q=0.875
a,5210,TOP_ABSORB_POSTERIOR,136,,TOP_ABSORB_POSTERIOR inst=136 measurement=confirmed_current change_prior=0.875 geometry_factor_or_bound=1 geometry_evaluated=0 candidate_vertices=0 effective_cells=0 off_share=unmeasured legacy_same_site=0 absorb=0
a,5211,MOBILITY_PRIOR,136,,MOBILITY_PRIOR inst=136 session=0 class=26 changes=0 continuations=0 alpha=1.75 beta=0.25 q=0.875
a,5212,TOP_ABSORB,136,,TOP_ABSORB inst=136 geom=0 support=706 high_mobility=1 absorb=0
a,5213,STATE_EVIDENCE_WINDOW,141,,STATE_EVIDENCE_WINDOW inst=141 after=47700000000 latest_measured_support=0 through=140500000000 projected=0 support=0 contradiction=0 reliable=247 reliable_in_view=0 reliable_seen_through=0 absence_llr=0 absent_samples=0 total_samples=787 absence_coverage_sufficient=0
a,5214,STATE_SLICE,141,140500000000,STATE_SLICE inst=141 stamp=140500000000 inherited_sup=0 inherited_con=0 inherited_samples=787 inherited_supported=0 inherited_free=0 inherited_repl_other=0 inherited_repl_bg=0 inherited_occ=0 inherited_unobs=787 session_sup=0 session_con=0 session_samples=0 cur_verts=2361 candidate_verts=0
a,5215,EVIDENCE,141,,EVIDENCE inst=141 inherited_support=0 inherited_contradiction=0 session_support=0 session_contradiction=0 inherited_absent_flag=0 cur_verts=2361 observed_verts=0
a,5216,STATE_EVIDENCE_WINDOW,142,,STATE_EVIDENCE_WINDOW inst=142 after=47066666667 latest_measured_support=0 through=140500000000 projected=0 support=0 contradiction=0 reliable=242 reliable_in_view=0 reliable_seen_through=0 absence_llr=0 absent_samples=0 total_samples=748 absence_coverage_sufficient=0
a,5217,STATE_SLICE,142,140500000000,STATE_SLICE inst=142 stamp=140500000000 inherited_sup=0 inherited_con=0 inherited_samples=748 inherited_supported=0 inherited_free=0 inherited_repl_other=0 inherited_repl_bg=0 inherited_occ=0 inherited_unobs=748 session_sup=0 session_con=0 session_samples=0 cur_verts=2244 candidate_verts=0
a,5218,EVIDENCE,142,,EVIDENCE inst=142 inherited_support=0 inherited_contradiction=0 session_support=0 session_contradiction=0 inherited_absent_flag=0 cur_verts=2244 observed_verts=0
a,5219,STATE_EVIDENCE_WINDOW,143,,STATE_EVIDENCE_WINDOW inst=143 after=47766666667 latest_measured_support=0 through=140500000000 projected=0 support=0 contradiction=0 reliable=256 reliable_in_view=0 reliable_seen_through=0 absence_llr=0 absent_samples=0 total_samples=733 absence_coverage_sufficient=0
a,5220,STATE_SLICE,143,140500000000,STATE_SLICE inst=143 stamp=140500000000 inherited_sup=0 inherited_con=0 inherited_samples=733 inherited_supported=0 inherited_free=0 inherited_repl_other=0 inherited_repl_bg=0 inherited_occ=0 inherited_unobs=733 session_sup=0 session_con=0 session_samples=0 cur_verts=2199 candidate_verts=0
a,5221,EVIDENCE,143,,EVIDENCE inst=143 inherited_support=0 inherited_contradiction=0 session_support=0 session_contradiction=0 inherited_absent_flag=0 cur_verts=2199 observed_verts=0
a,5222,STATE_EVIDENCE_WINDOW,144,,STATE_EVIDENCE_WINDOW inst=144 after=47133333333 latest_measured_support=0 through=140500000000 projected=0 support=0 contradiction=0 reliable=192 reliable_in_view=0 reliable_seen_through=0 absence_llr=0 absent_samples=0 total_samples=651 absence_coverage_sufficient=0
a,5223,STATE_SLICE,144,140500000000,STATE_SLICE inst=144 stamp=140500000000 inherited_sup=0 inherited_con=0 inherited_samples=651 inherited_supported=0 inherited_free=0 inherited_repl_other=0 inherited_repl_bg=0 inherited_occ=0 inherited_unobs=651 session_sup=0 session_con=0 session_samples=0 cur_verts=1953 candidate_verts=0
a,5224,EVIDENCE,144,,EVIDENCE inst=144 inherited_support=0 inherited_contradiction=0 session_support=0 session_contradiction=0 inherited_absent_flag=0 cur_verts=1953 observed_verts=0
a,5225,STATE_EVIDENCE_WINDOW,145,,STATE_EVIDENCE_WINDOW inst=145 after=47166666667 latest_measured_support=0 through=140500000000 projected=0 support=0 contradiction=0 reliable=5 reliable_in_view=0 reliable_seen_through=0 absence_llr=0 absent_samples=0 total_samples=33 absence_coverage_sufficient=0
a,5226,STATE_SLICE,145,140500000000,STATE_SLICE inst=145 stamp=140500000000 inherited_sup=0 inherited_con=0 inherited_samples=33 inherited_supported=0 inherited_free=0 inherited_repl_other=0 inherited_repl_bg=0 inherited_occ=0 inherited_unobs=33 session_sup=0 session_con=0 session_samples=0 cur_verts=99 candidate_verts=0
a,5227,EVIDENCE,145,,EVIDENCE inst=145 inherited_support=0 inherited_contradiction=0 session_support=0 session_contradiction=0 inherited_absent_flag=0 cur_verts=99 observed_verts=0
a,5228,STATE_EVIDENCE_WINDOW,146,,STATE_EVIDENCE_WINDOW inst=146 after=47800000000 latest_measured_support=0 through=140500000000 projected=0 support=0 contradiction=0 reliable=0 reliable_in_view=0 reliable_seen_through=0 absence_llr=0 absent_samples=0 total_samples=20 absence_coverage_sufficient=0
a,5229,STATE_SLICE,146,140500000000,STATE_SLICE inst=146 stamp=140500000000 inherited_sup=0 inherited_con=0 inherited_samples=20 inherited_supported=0 inherited_free=0 inherited_repl_other=0 inherited_repl_bg=0 inherited_occ=0 inherited_unobs=20 session_sup=0 session_con=0 session_samples=0 cur_verts=60 candidate_verts=0
a,5230,EVIDENCE,146,,EVIDENCE inst=146 inherited_support=0 inherited_contradiction=0 session_support=0 session_contradiction=0 inherited_absent_flag=0 cur_verts=60 observed_verts=0
a,5231,STATE_EVIDENCE_WINDOW,147,,STATE_EVIDENCE_WINDOW inst=147 after=130566666667 latest_measured_support=140500000000 through=140500000000 projected=1 support=179 contradiction=27 reliable=126 reliable_in_view=126 reliable_seen_through=1 absence_llr=0 absent_samples=3 total_samples=21 absence_coverage_sufficient=0
a,5232,STATE_SLICE,147,140500000000,STATE_SLICE inst=147 stamp=140500000000 inherited_sup=179 inherited_con=27 inherited_samples=21 inherited_supported=180 inherited_free=24 inherited_repl_other=3 inherited_repl_bg=0 inherited_occ=21 inherited_unobs=0 session_sup=0 session_con=0 session_samples=0 cur_verts=648 candidate_verts=0
a,5233,EVIDENCE,147,,EVIDENCE inst=147 inherited_support=179 inherited_contradiction=27 session_support=0 session_contradiction=0 inherited_absent_flag=0 cur_verts=648 observed_verts=0
a,5234,MOBILITY_PRIOR,147,,MOBILITY_PRIOR inst=147 session=0 class=28 changes=1 continuations=0 alpha=3.66667 beta=0.333333 q=0.933333
a,5235,TOP_ABSORB_POSTERIOR,147,,TOP_ABSORB_POSTERIOR inst=147 measurement=confirmed_current change_prior=0.933333 geometry_factor_or_bound=1 geometry_evaluated=0 candidate_vertices=0 effective_cells=0 off_share=unmeasured legacy_same_site=0 absorb=0
a,5236,MOBILITY_PRIOR,147,,MOBILITY_PRIOR inst=147 session=0 class=28 changes=1 continuations=0 alpha=3.66667 beta=0.333333 q=0.933333
a,5237,TOP_ABSORB,147,,TOP_ABSORB inst=147 geom=0 support=179 high_mobility=1 absorb=0
a,5238,STATE_EVIDENCE_WINDOW,148,,STATE_EVIDENCE_WINDOW inst=148 after=130566666667 latest_measured_support=138800000000 through=140500000000 projected=1 support=74 contradiction=8 reliable=35 reliable_in_view=32 reliable_seen_through=0 absence_llr=0 absent_samples=1 total_samples=10 absence_coverage_sufficient=0
a,5239,STATE_SLICE,148,140500000000,STATE_SLICE inst=148 stamp=140500000000 inherited_sup=74 inherited_con=8 inherited_samples=10 inherited_supported=74 inherited_free=8 inherited_repl_other=0 inherited_repl_bg=0 inherited_occ=0 inherited_unobs=0 session_sup=0 session_con=0 session_samples=0 cur_verts=261 candidate_verts=0
a,5240,EVIDENCE,148,,EVIDENCE inst=148 inherited_support=74 inherited_contradiction=8 session_support=0 session_contradiction=0 inherited_absent_flag=0 cur_verts=261 observed_verts=0
a,5241,MOBILITY_PRIOR,148,,MOBILITY_PRIOR inst=148 session=0 class=28 changes=1 continuations=0 alpha=3.66667 beta=0.333333 q=0.933333
a,5242,TOP_ABSORB_POSTERIOR,148,,TOP_ABSORB_POSTERIOR inst=148 measurement=confirmed_current change_prior=0.933333 geometry_factor_or_bound=1 geometry_evaluated=0 candidate_vertices=0 effective_cells=0 off_share=unmeasured legacy_same_site=0 absorb=0
a,5243,MOBILITY_PRIOR,148,,MOBILITY_PRIOR inst=148 session=0 class=28 changes=1 continuations=0 alpha=3.66667 beta=0.333333 q=0.933333
a,5244,TOP_ABSORB,148,,TOP_ABSORB inst=148 geom=0 support=74 high_mobility=1 absorb=0
a,5245,STATE_EVIDENCE_WINDOW,149,,STATE_EVIDENCE_WINDOW inst=149 after=130566666667 latest_measured_support=140500000000 through=140500000000 projected=1 support=278 contradiction=67 reliable=191 reliable_in_view=184 reliable_seen_through=0 absence_llr=0 absent_samples=6 total_samples=35 absence_coverage_sufficient=0
a,5246,STATE_SLICE,149,140500000000,STATE_SLICE inst=149 stamp=140500000000 inherited_sup=278 inherited_con=67 inherited_samples=35 inherited_supported=279 inherited_free=46 inherited_repl_other=22 inherited_repl_bg=0 inherited_occ=1 inherited_unobs=0 session_sup=0 session_con=0 session_samples=0 cur_verts=1149 candidate_verts=0
a,5247,EVIDENCE,149,,EVIDENCE inst=149 inherited_support=278 inherited_contradiction=67 session_support=0 session_contradiction=0 inherited_absent_flag=0 cur_verts=1149 observed_verts=0
a,5248,MOBILITY_PRIOR,149,,MOBILITY_PRIOR inst=149 session=0 class=28 changes=1 continuations=0 alpha=3.66667 beta=0.333333 q=0.933333
a,5249,TOP_ABSORB_POSTERIOR,149,,TOP_ABSORB_POSTERIOR inst=149 measurement=confirmed_current change_prior=0.933333 geometry_factor_or_bound=1 geometry_evaluated=0 candidate_vertices=0 effective_cells=0 off_share=unmeasured legacy_same_site=0 absorb=0
a,5250,MOBILITY_PRIOR,149,,MOBILITY_PRIOR inst=149 session=0 class=28 changes=1 continuations=0 alpha=3.66667 beta=0.333333 q=0.933333
a,5251,TOP_ABSORB,149,,TOP_ABSORB inst=149 geom=0 support=278 high_mobility=1 absorb=0
a,5252,STATE_EVIDENCE_WINDOW,153,,STATE_EVIDENCE_WINDOW inst=153 after=76933333333 latest_measured_support=0 through=140500000000 projected=0 support=0 contradiction=0 reliable=520 reliable_in_view=0 reliable_seen_through=0 absence_llr=0 absent_samples=0 total_samples=620 absence_coverage_sufficient=0
a,5253,STATE_SLICE,153,140500000000,STATE_SLICE inst=153 stamp=140500000000 inherited_sup=0 inherited_con=0 inherited_samples=620 inherited_supported=0 inherited_free=0 inherited_repl_other=0 inherited_repl_bg=0 inherited_occ=0 inherited_unobs=489 session_sup=0 session_con=0 session_samples=0 cur_verts=1860 candidate_verts=0
a,5254,EVIDENCE,153,,EVIDENCE inst=153 inherited_support=0 inherited_contradiction=0 session_support=0 session_contradiction=0 inherited_absent_flag=0 cur_verts=1860 observed_verts=0
a,5255,STATE_EVIDENCE_WINDOW,155,,STATE_EVIDENCE_WINDOW inst=155 after=117100000000 latest_measured_support=0 through=140500000000 projected=1 support=0 contradiction=4 reliable=1302 reliable_in_view=1302 reliable_seen_through=2 absence_llr=0 absent_samples=4 total_samples=436 absence_coverage_sufficient=0
a,5256,STATE_SLICE,155,140500000000,STATE_SLICE inst=155 stamp=140500000000 inherited_sup=0 inherited_con=4 inherited_samples=436 inherited_supported=0 inherited_free=4 inherited_repl_other=0 inherited_repl_bg=0 inherited_occ=391 inherited_unobs=330 session_sup=0 session_con=0 session_samples=0 cur_verts=8424 candidate_verts=0
a,5257,EVIDENCE,155,,EVIDENCE inst=155 inherited_support=0 inherited_contradiction=4 session_support=0 session_contradiction=0 inherited_absent_flag=0 cur_verts=8424 observed_verts=0
a,5258,STATE_EVIDENCE_WINDOW,156,,STATE_EVIDENCE_WINDOW inst=156 after=130566666667 latest_measured_support=140500000000 through=140500000000 projected=1 support=1662 contradiction=72 reliable=1033 reliable_in_view=1033 reliable_seen_through=2 absence_llr=0 absent_samples=15 total_samples=276 absence_coverage_sufficient=0
a,5259,STATE_SLICE,156,140500000000,STATE_SLICE inst=156 stamp=140500000000 inherited_sup=1662 inherited_con=72 inherited_samples=276 inherited_supported=1674 inherited_free=51 inherited_repl_other=0 inherited_repl_bg=23 inherited_occ=876 inherited_unobs=0 session_sup=0 session_con=0 session_samples=0 cur_verts=7182 candidate_verts=0
a,5260,EVIDENCE,156,,EVIDENCE inst=156 inherited_support=1662 inherited_contradiction=72 session_support=0 session_contradiction=0 inherited_absent_flag=0 cur_verts=7182 observed_verts=0
a,5261,MOBILITY_PRIOR,156,,MOBILITY_PRIOR inst=156 session=0 class=32 changes=1 continuations=0 alpha=2.7 beta=0.3 q=0.925
a,5262,TOP_ABSORB_POSTERIOR,156,,TOP_ABSORB_POSTERIOR inst=156 measurement=confirmed_current change_prior=0.925 geometry_factor_or_bound=1 geometry_evaluated=0 candidate_vertices=0 effective_cells=0 off_share=unmeasured legacy_same_site=0 absorb=0
a,5263,MOBILITY_PRIOR,156,,MOBILITY_PRIOR inst=156 session=0 class=32 changes=1 continuations=0 alpha=2.7 beta=0.3 q=0.925
a,5264,TOP_ABSORB,156,,TOP_ABSORB inst=156 geom=0 support=1662 high_mobility=1 absorb=0
a,5265,STATE_EVIDENCE_WINDOW,161,,STATE_EVIDENCE_WINDOW inst=161 after=127100000000 latest_measured_support=133166666667 through=140500000000 projected=0 support=105 contradiction=80 reliable=298 reliable_in_view=289 reliable_seen_through=0 absence_llr=0 absent_samples=0 total_samples=841 absence_coverage_sufficient=0
a,5266,STATE_SLICE,161,140500000000,STATE_SLICE inst=161 stamp=140500000000 inherited_sup=105 inherited_con=80 inherited_samples=841 inherited_supported=8247 inherited_free=1724 inherited_repl_other=96 inherited_repl_bg=0 inherited_occ=72 inherited_unobs=2 session_sup=0 session_con=0 session_samples=0 cur_verts=2523 candidate_verts=0
a,5267,EVIDENCE,161,,EVIDENCE inst=161 inherited_support=105 inherited_contradiction=80 session_support=0 session_contradiction=0 inherited_absent_flag=0 cur_verts=2523 observed_verts=0
a,5268,MOBILITY_PRIOR,161,,MOBILITY_PRIOR inst=161 session=0 class=35 changes=0 continuations=0 alpha=2.92308 beta=0.0769231 q=0.974359
a,5269,TOP_ABSORB_POSTERIOR,161,,TOP_ABSORB_POSTERIOR inst=161 measurement=confirmed_current change_prior=0.974359 geometry_factor_or_bound=1 geometry_evaluated=0 candidate_vertices=0 effective_cells=0 off_share=unmeasured legacy_same_site=0 absorb=0
a,5270,MOBILITY_PRIOR,161,,MOBILITY_PRIOR inst=161 session=0 class=35 changes=0 continuations=0 alpha=2.92308 beta=0.0769231 q=0.974359
a,5271,TOP_ABSORB,161,,TOP_ABSORB inst=161 geom=0 support=105 high_mobility=1 absorb=0
a,5272,STATE_EVIDENCE_WINDOW,162,,STATE_EVIDENCE_WINDOW inst=162 after=126666666667 latest_measured_support=133166666667 through=140500000000 projected=0 support=12 contradiction=8 reliable=267 reliable_in_view=249 reliable_seen_through=3 absence_llr=0 absent_samples=0 total_samples=705 absence_coverage_sufficient=0
a,5273,STATE_SLICE,162,140500000000,STATE_SLICE inst=162 stamp=140500000000 inherited_sup=12 inherited_con=8 inherited_samples=705 inherited_supported=596 inherited_free=54 inherited_repl_other=0 inherited_repl_bg=0 inherited_occ=82 inherited_unobs=0 session_sup=0 session_con=0 session_samples=0 cur_verts=2115 candidate_verts=0
a,5274,EVIDENCE,162,,EVIDENCE inst=162 inherited_support=12 inherited_contradiction=8 session_support=0 session_contradiction=0 inherited_absent_flag=0 cur_verts=2115 observed_verts=0
a,5275,MOBILITY_PRIOR,162,,MOBILITY_PRIOR inst=162 session=0 class=35 changes=0 continuations=0 alpha=2.92308 beta=0.0769231 q=0.974359
a,5276,TOP_ABSORB_POSTERIOR,162,,TOP_ABSORB_POSTERIOR inst=162 measurement=confirmed_current change_prior=0.974359 geometry_factor_or_bound=1 geometry_evaluated=0 candidate_vertices=0 effective_cells=0 off_share=unmeasured legacy_same_site=0 absorb=0
a,5277,MOBILITY_PRIOR,162,,MOBILITY_PRIOR inst=162 session=0 class=35 changes=0 continuations=0 alpha=2.92308 beta=0.0769231 q=0.974359
a,5278,TOP_ABSORB,162,,TOP_ABSORB inst=162 geom=0 support=12 high_mobility=1 absorb=0
a,5279,STATE_EVIDENCE_WINDOW,163,,STATE_EVIDENCE_WINDOW inst=163 after=114700000000 latest_measured_support=0 through=140500000000 projected=0 support=0 contradiction=0 reliable=654 reliable_in_view=0 reliable_seen_through=0 absence_llr=0 absent_samples=0 total_samples=931 absence_coverage_sufficient=0
a,5280,STATE_SLICE,163,140500000000,STATE_SLICE inst=163 stamp=140500000000 inherited_sup=0 inherited_con=0 inherited_samples=931 inherited_supported=0 inherited_free=0 inherited_repl_other=0 inherited_repl_bg=0 inherited_occ=0 inherited_unobs=931 session_sup=0 session_con=0 session_samples=0 cur_verts=2793 candidate_verts=0
a,5281,EVIDENCE,163,,EVIDENCE inst=163 inherited_support=0 inherited_contradiction=0 session_support=0 session_contradiction=0 inherited_absent_flag=0 cur_verts=2793 observed_verts=0
a,5282,STATE_EVIDENCE_WINDOW,164,,STATE_EVIDENCE_WINDOW inst=164 after=118000000000 latest_measured_support=118866666667 through=140500000000 projected=1 support=29 contradiction=3247 reliable=391 reliable_in_view=122 reliable_seen_through=108 absence_llr=3.92378 absent_samples=78 total_samples=88 absence_coverage_sufficient=0
a,5283,STATE_SLICE,164,140500000000,STATE_SLICE inst=164 stamp=140500000000 inherited_sup=29 inherited_con=3247 inherited_samples=88 inherited_supported=29 inherited_free=2691 inherited_repl_other=0 inherited_repl_bg=601 inherited_occ=390 inherited_unobs=0 session_sup=0 session_con=0 session_samples=0 cur_verts=5253 candidate_verts=0
a,5284,EVIDENCE,164,,EVIDENCE inst=164 inherited_support=29 inherited_contradiction=3247 session_support=0 session_contradiction=0 inherited_absent_flag=0 cur_verts=5253 observed_verts=1842
a,5285,MOBILITY_PRIOR,164,,MOBILITY_PRIOR inst=164 session=0 class=35 changes=0 continuations=0 alpha=2.92308 beta=0.0769231 q=0.974359
a,5286,EXTENT_POSTERIOR,164,,EXTENT_POSTERIOR inst=164 same_site_probability=0 change_prior=0.974359 different_site=1
a,5287,MOBILITY_PRIOR,164,,MOBILITY_PRIOR inst=164 session=0 class=35 changes=0 continuations=0 alpha=2.92308 beta=0.0769231 q=0.974359
a,5288,COPY_CORRESPONDENCE,,,COPY_CORRESPONDENCE copy_vertices=5253 reference_vertices=1842 resolution=0.1 tolerance=0.1 hard_off_share=1 soft_off_share=1
a,5289,TOP_ABSORB_POSTERIOR,164,,TOP_ABSORB_POSTERIOR inst=164 measurement=confirmed_current change_prior=0.974359 geometry_factor_or_bound=2 geometry_evaluated=1 candidate_vertices=1842 effective_cells=57.4563 off_share=1.000000 legacy_same_site=0 absorb=0
a,5290,MOBILITY_PRIOR,164,,MOBILITY_PRIOR inst=164 session=0 class=35 changes=0 continuations=0 alpha=2.92308 beta=0.0769231 q=0.974359
a,5291,TOP_ABSORB,164,,TOP_ABSORB inst=164 geom=0 support=29 high_mobility=1 absorb=0
a,5292,STATE_EVIDENCE_WINDOW,165,,STATE_EVIDENCE_WINDOW inst=165 after=48166666667 latest_measured_support=0 through=140500000000 projected=0 support=0 contradiction=0 reliable=136 reliable_in_view=0 reliable_seen_through=0 absence_llr=0 absent_samples=0 total_samples=457 absence_coverage_sufficient=0
a,5293,STATE_SLICE,165,140500000000,STATE_SLICE inst=165 stamp=140500000000 inherited_sup=0 inherited_con=0 inherited_samples=457 inherited_supported=0 inherited_free=0 inherited_repl_other=0 inherited_repl_bg=0 inherited_occ=164 inherited_unobs=251 session_sup=0 session_con=0 session_samples=0 cur_verts=1371 candidate_verts=0
a,5294,EVIDENCE,165,,EVIDENCE inst=165 inherited_support=0 inherited_contradiction=0 session_support=0 session_contradiction=0 inherited_absent_flag=0 cur_verts=1371 observed_verts=0
a,5295,STATE_EVIDENCE_WINDOW,166,,STATE_EVIDENCE_WINDOW inst=166 after=44733333333 latest_measured_support=0 through=140500000000 projected=0 support=0 contradiction=0 reliable=193 reliable_in_view=0 reliable_seen_through=0 absence_llr=0 absent_samples=0 total_samples=599 absence_coverage_sufficient=0
a,5296,STATE_SLICE,166,140500000000,STATE_SLICE inst=166 stamp=140500000000 inherited_sup=0 inherited_con=0 inherited_samples=599 inherited_supported=0 inherited_free=0 inherited_repl_other=0 inherited_repl_bg=0 inherited_occ=0 inherited_unobs=599 session_sup=0 session_con=0 session_samples=0 cur_verts=1797 candidate_verts=0
a,5297,EVIDENCE,166,,EVIDENCE inst=166 inherited_support=0 inherited_contradiction=0 session_support=0 session_contradiction=0 inherited_absent_flag=0 cur_verts=1797 observed_verts=0
a,5298,STATE_EVIDENCE_WINDOW,167,,STATE_EVIDENCE_WINDOW inst=167 after=127100000000 latest_measured_support=133166666667 through=140500000000 projected=0 support=42 contradiction=24 reliable=325 reliable_in_view=298 reliable_seen_through=0 absence_llr=0 absent_samples=0 total_samples=1217 absence_coverage_sufficient=0
a,5299,STATE_SLICE,167,140500000000,STATE_SLICE inst=167 stamp=140500000000 inherited_sup=42 inherited_con=24 inherited_samples=1217 inherited_supported=2900 inherited_free=100 inherited_repl_other=0 inherited_repl_bg=0 inherited_occ=316 inherited_unobs=0 session_sup=0 session_con=0 session_samples=0 cur_verts=3651 candidate_verts=0
a,5300,EVIDENCE,167,,EVIDENCE inst=167 inherited_support=42 inherited_contradiction=24 session_support=0 session_contradiction=0 inherited_absent_flag=0 cur_verts=3651 observed_verts=0
a,5301,MOBILITY_PRIOR,167,,MOBILITY_PRIOR inst=167 session=0 class=36 changes=0 continuations=0 alpha=1.75 beta=0.25 q=0.875
a,5302,TOP_ABSORB_POSTERIOR,167,,TOP_ABSORB_POSTERIOR inst=167 measurement=confirmed_current change_prior=0.875 geometry_factor_or_bound=1 geometry_evaluated=0 candidate_vertices=0 effective_cells=0 off_share=unmeasured legacy_same_site=0 absorb=0
a,5303,MOBILITY_PRIOR,167,,MOBILITY_PRIOR inst=167 session=0 class=36 changes=0 continuations=0 alpha=1.75 beta=0.25 q=0.875
a,5304,TOP_ABSORB,167,,TOP_ABSORB inst=167 geom=0 support=42 high_mobility=1 absorb=0
a,5305,STATE_EVIDENCE_WINDOW,171,,STATE_EVIDENCE_WINDOW inst=171 after=123833333333 latest_measured_support=133166666667 through=140500000000 projected=0 support=236 contradiction=82 reliable=1086 reliable_in_view=1040 reliable_seen_through=0 absence_llr=0 absent_samples=0 total_samples=4381 absence_coverage_sufficient=0
a,5306,STATE_SLICE,171,140500000000,STATE_SLICE inst=171 stamp=140500000000 inherited_sup=236 inherited_con=82 inherited_samples=4381 inherited_supported=14930 inherited_free=0 inherited_repl_other=0 inherited_repl_bg=1330 inherited_occ=1721 inherited_unobs=0 session_sup=0 session_con=0 session_samples=0 cur_verts=13143 candidate_verts=0
a,5307,EVIDENCE,171,,EVIDENCE inst=171 inherited_support=236 inherited_contradiction=82 session_support=0 session_contradiction=0 inherited_absent_flag=0 cur_verts=13143 observed_verts=0
a,5308,MOBILITY_PRIOR,171,,MOBILITY_PRIOR inst=171 session=0 class=39 changes=0 continuations=0 alpha=1.92857 beta=0.0714286 q=0.964286
a,5309,TOP_ABSORB_POSTERIOR,171,,TOP_ABSORB_POSTERIOR inst=171 measurement=confirmed_current change_prior=0.964286 geometry_factor_or_bound=1 geometry_evaluated=0 candidate_vertices=0 effective_cells=0 off_share=unmeasured legacy_same_site=0 absorb=0
a,5310,MOBILITY_PRIOR,171,,MOBILITY_PRIOR inst=171 session=0 class=39 changes=0 continuations=0 alpha=1.92857 beta=0.0714286 q=0.964286
a,5311,TOP_ABSORB,171,,TOP_ABSORB inst=171 geom=0 support=236 high_mobility=1 absorb=0
a,5312,STATE_EVIDENCE_WINDOW,172,,STATE_EVIDENCE_WINDOW inst=172 after=49200000000 latest_measured_support=0 through=140500000000 projected=0 support=0 contradiction=0 reliable=719 reliable_in_view=0 reliable_seen_through=0 absence_llr=0 absent_samples=0 total_samples=1554 absence_coverage_sufficient=0
a,5313,STATE_SLICE,172,140500000000,STATE_SLICE inst=172 stamp=140500000000 inherited_sup=0 inherited_con=0 inherited_samples=1554 inherited_supported=0 inherited_free=0 inherited_repl_other=0 inherited_repl_bg=0 inherited_occ=2272 inherited_unobs=0 session_sup=0 session_con=0 session_samples=0 cur_verts=4662 candidate_verts=0
a,5314,EVIDENCE,172,,EVIDENCE inst=172 inherited_support=0 inherited_contradiction=0 session_support=0 session_contradiction=0 inherited_absent_flag=0 cur_verts=4662 observed_verts=0
a,5315,STATE_EVIDENCE_WINDOW,173,,STATE_EVIDENCE_WINDOW inst=173 after=117166666667 latest_measured_support=135766666667 through=140500000000 projected=1 support=39 contradiction=27 reliable=251 reliable_in_view=251 reliable_seen_through=0 absence_llr=0 absent_samples=7 total_samples=42 absence_coverage_sufficient=0
a,5316,STATE_SLICE,173,140500000000,STATE_SLICE inst=173 stamp=140500000000 inherited_sup=39 inherited_con=27 inherited_samples=42 inherited_supported=39 inherited_free=27 inherited_repl_other=0 inherited_repl_bg=0 inherited_occ=70 inherited_unobs=0 session_sup=0 session_con=0 session_samples=0 cur_verts=951 candidate_verts=0
a,5317,EVIDENCE,173,,EVIDENCE inst=173 inherited_support=39 inherited_contradiction=27 session_support=0 session_contradiction=0 inherited_absent_flag=0 cur_verts=951 observed_verts=0
a,5318,MOBILITY_PRIOR,173,,MOBILITY_PRIOR inst=173 session=0 class=40 changes=1 continuations=0 alpha=3.66667 beta=0.333333 q=0.933333
a,5319,TOP_ABSORB_POSTERIOR,173,,TOP_ABSORB_POSTERIOR inst=173 measurement=confirmed_current change_prior=0.933333 geometry_factor_or_bound=1 geometry_evaluated=0 candidate_vertices=0 effective_cells=0 off_share=unmeasured legacy_same_site=0 absorb=0
a,5320,MOBILITY_PRIOR,173,,MOBILITY_PRIOR inst=173 session=0 class=40 changes=1 continuations=0 alpha=3.66667 beta=0.333333 q=0.933333
a,5321,TOP_ABSORB,173,,TOP_ABSORB inst=173 geom=0 support=39 high_mobility=1 absorb=0
a,5322,STATE_EVIDENCE_WINDOW,174,,STATE_EVIDENCE_WINDOW inst=174 after=114233333333 latest_measured_support=0 through=140500000000 projected=0 support=0 contradiction=0 reliable=300 reliable_in_view=0 reliable_seen_through=0 absence_llr=0 absent_samples=0 total_samples=346 absence_coverage_sufficient=0
a,5323,STATE_SLICE,174,140500000000,STATE_SLICE inst=174 stamp=140500000000 inherited_sup=0 inherited_con=0 inherited_samples=346 inherited_supported=0 inherited_free=0 inherited_repl_other=0 inherited_repl_bg=0 inherited_occ=0 inherited_unobs=346 session_sup=0 session_con=0 session_samples=0 cur_verts=1038 candidate_verts=0
a,5324,EVIDENCE,174,,EVIDENCE inst=174 inherited_support=0 inherited_contradiction=0 session_support=0 session_contradiction=0 inherited_absent_flag=0 cur_verts=1038 observed_verts=0
a,5325,STATE_EVIDENCE_WINDOW,175,,STATE_EVIDENCE_WINDOW inst=175 after=114500000000 latest_measured_support=0 through=140500000000 projected=0 support=0 contradiction=0 reliable=214 reliable_in_view=0 reliable_seen_through=0 absence_llr=0 absent_samples=0 total_samples=274 absence_coverage_sufficient=0
a,5326,STATE_SLICE,175,140500000000,STATE_SLICE inst=175 stamp=140500000000 inherited_sup=0 inherited_con=0 inherited_samples=274 inherited_supported=0 inherited_free=0 inherited_repl_other=0 inherited_repl_bg=0 inherited_occ=0 inherited_unobs=274 session_sup=0 session_con=0 session_samples=0 cur_verts=822 candidate_verts=0
a,5327,EVIDENCE,175,,EVIDENCE inst=175 inherited_support=0 inherited_contradiction=0 session_support=0 session_contradiction=0 inherited_absent_flag=0 cur_verts=822 observed_verts=0
a,5328,STATE_EVIDENCE_WINDOW,180,,STATE_EVIDENCE_WINDOW inst=180 after=80733333333 latest_measured_support=0 through=140500000000 projected=0 support=0 contradiction=0 reliable=63 reliable_in_view=0 reliable_seen_through=0 absence_llr=0 absent_samples=0 total_samples=88 absence_coverage_sufficient=0
a,5329,STATE_SLICE,180,140500000000,STATE_SLICE inst=180 stamp=140500000000 inherited_sup=0 inherited_con=0 inherited_samples=88 inherited_supported=0 inherited_free=0 inherited_repl_other=0 inherited_repl_bg=0 inherited_occ=0 inherited_unobs=88 session_sup=0 session_con=0 session_samples=0 cur_verts=264 candidate_verts=0
a,5330,EVIDENCE,180,,EVIDENCE inst=180 inherited_support=0 inherited_contradiction=0 session_support=0 session_contradiction=0 inherited_absent_flag=0 cur_verts=264 observed_verts=0
a,5331,STATE_EVIDENCE_WINDOW,205,,STATE_EVIDENCE_WINDOW inst=205 after=114166666667 latest_measured_support=0 through=140500000000 projected=0 support=0 contradiction=0 reliable=86 reliable_in_view=0 reliable_seen_through=0 absence_llr=2.19925 absent_samples=0 total_samples=360 absence_coverage_sufficient=0
a,5332,STATE_SLICE,205,140500000000,STATE_SLICE inst=205 stamp=140500000000 inherited_sup=0 inherited_con=0 inherited_samples=360 inherited_supported=0 inherited_free=0 inherited_repl_other=0 inherited_repl_bg=0 inherited_occ=0 inherited_unobs=360 session_sup=0 session_con=0 session_samples=0 cur_verts=1080 candidate_verts=0
a,5333,EVIDENCE,205,,EVIDENCE inst=205 inherited_support=0 inherited_contradiction=0 session_support=0 session_contradiction=0 inherited_absent_flag=0 cur_verts=1080 observed_verts=0
a,5334,BACKGROUND_STATE_CLOSURE,48,140500000000,BACKGROUND_STATE_CLOSURE inst=48 stamp=140500000000 last_support=67366666667 matched_vertices=405 absent_vertices=35
a,5335,BACKGROUND_STATE_CLOSURE,69,140500000000,BACKGROUND_STATE_CLOSURE inst=69 stamp=140500000000 last_support=16566666667 matched_vertices=95 absent_vertices=24
a,5336,BACKGROUND_STATE_CLOSURE,69,140500000000,BACKGROUND_STATE_CLOSURE inst=69 stamp=140500000000 last_support=85733333333 matched_vertices=710 absent_vertices=51
a,5337,BACKGROUND_STATE_CLOSURE,69,140500000000,BACKGROUND_STATE_CLOSURE inst=69 stamp=140500000000 last_support=127100000000 matched_vertices=669 absent_vertices=191
a,5338,BACKGROUND_STATE_CLOSURE,70,140500000000,BACKGROUND_STATE_CLOSURE inst=70 stamp=140500000000 last_support=36533333333 matched_vertices=87 absent_vertices=21
a,5339,BACKGROUND_STATE_CLOSURE,70,140500000000,BACKGROUND_STATE_CLOSURE inst=70 stamp=140500000000 last_support=81066666667 matched_vertices=388 absent_vertices=113
a,5340,BACKGROUND_STATE_CLOSURE,71,140500000000,BACKGROUND_STATE_CLOSURE inst=71 stamp=140500000000 last_support=16433333333 matched_vertices=87 absent_vertices=8
a,5341,BACKGROUND_STATE_CLOSURE,71,140500000000,BACKGROUND_STATE_CLOSURE inst=71 stamp=140500000000 last_support=86233333333 matched_vertices=262 absent_vertices=39
a,5342,BACKGROUND_STATE_CLOSURE,72,140500000000,BACKGROUND_STATE_CLOSURE inst=72 stamp=140500000000 last_support=86366666667 matched_vertices=313 absent_vertices=57
a,5343,BACKGROUND_STATE_CLOSURE,89,140500000000,BACKGROUND_STATE_CLOSURE inst=89 stamp=140500000000 last_support=87166666667 matched_vertices=652 absent_vertices=229
a,5344,BACKGROUND_STATE_CLOSURE,128,140500000000,BACKGROUND_STATE_CLOSURE inst=128 stamp=140500000000 last_support=17533333333 matched_vertices=155 absent_vertices=47
a,5345,BACKGROUND_STATE_CLOSURE,155,140500000000,BACKGROUND_STATE_CLOSURE inst=155 stamp=140500000000 last_support=81400000000 matched_vertices=1138 absent_vertices=316
a,5346,BACKGROUND_STATE_CLOSURE,156,140500000000,BACKGROUND_STATE_CLOSURE inst=156 stamp=140500000000 last_support=73666666667 matched_vertices=681 absent_vertices=148
a,5347,BACKGROUND_STATE_CLOSURE,163,140500000000,BACKGROUND_STATE_CLOSURE inst=163 stamp=140500000000 last_support=85633333333 matched_vertices=371 absent_vertices=86
a,5348,BACKGROUND_STATE_CLOSURE,173,140500000000,BACKGROUND_STATE_CLOSURE inst=173 stamp=140500000000 last_support=75566666667 matched_vertices=150 absent_vertices=14
a,5349,BACKGROUND_STATE_CLOSURE,175,140500000000,BACKGROUND_STATE_CLOSURE inst=175 stamp=140500000000 last_support=76000000000 matched_vertices=190 absent_vertices=14
a,5350,INGEST,48,,INGEST inst=48 first=130s seg_verts=5913 cur_verts=13029 observed_verts=0
a,5351,MOBILITY_PRIOR,48,,MOBILITY_PRIOR inst=48 session=0 class=6 changes=2 continuations=0 alpha=1.91667 beta=0.0833333 q=0.979167
a,5352,OVERLAP_POSTERIOR,48,,OVERLAP_POSTERIOR inst=48 shared_probability_lower_bound=0.994802 change_prior=0.979167 same_state=1
a,5353,EMPTY_INTERVAL_POSTERIOR,48,,EMPTY_INTERVAL_POSTERIOR inst=48 since=130566666667 support=1187 judged=875 seen_through=1 measured=1 calibrated_source=1 log_ratio=-3.91146 change_prior=0.979167 log_odds=-0.0613152 empty=0
a,5354,INGEST_DECIDE,48,,INGEST_DECIDE inst=48 same_session_overlap=1 contradicted=0
a,5355,INGEST,48,,INGEST inst=48 first=130s seg_verts=5919 cur_verts=18942 observed_verts=0
a,5356,MOBILITY_PRIOR,48,,MOBILITY_PRIOR inst=48 session=0 class=6 changes=2 continuations=0 alpha=1.91667 beta=0.0833333 q=0.979167
a,5357,OVERLAP_POSTERIOR,48,,OVERLAP_POSTERIOR inst=48 shared_probability_lower_bound=0.98158 change_prior=0.979167 same_state=1
a,5358,EMPTY_INTERVAL_POSTERIOR,48,,EMPTY_INTERVAL_POSTERIOR inst=48 since=130666666667 support=1187 judged=875 seen_through=1 measured=1 calibrated_source=1 log_ratio=-3.91146 change_prior=0.979167 log_odds=-0.0613152 empty=0
a,5359,INGEST_DECIDE,48,,INGEST_DECIDE inst=48 same_session_overlap=1 contradicted=0
a,5360,INGEST,56,,INGEST inst=56 first=134s seg_verts=1059 cur_verts=82728 observed_verts=0
a,5361,MOBILITY_PRIOR,56,,MOBILITY_PRIOR inst=56 session=0 class=6 changes=0 continuations=0 alpha=3.91667 beta=0.0833333 q=0.979167
a,5362,OVERLAP_POSTERIOR,56,,OVERLAP_POSTERIOR inst=56 shared_probability_lower_bound=0.997839 change_prior=0.979167 same_state=1
a,5363,EMPTY_INTERVAL_POSTERIOR,56,,EMPTY_INTERVAL_POSTERIOR inst=56 since=134466666667 support=105 judged=18 seen_through=2 measured=0 calibrated_source=1 log_ratio=0 change_prior=0.979167 log_odds=3.85015 empty=0
a,5364,INGEST_DECIDE,56,,INGEST_DECIDE inst=56 same_session_overlap=1 contradicted=0
a,5365,INGEST,68,,INGEST inst=68 first=126s seg_verts=4686 cur_verts=15414 observed_verts=0
a,5366,MOBILITY_PRIOR,68,,MOBILITY_PRIOR inst=68 session=0 class=9 changes=0 continuations=0 alpha=9.83333 beta=0.166667 q=0.983333
a,5367,OVERLAP_POSTERIOR,68,,OVERLAP_POSTERIOR inst=68 shared_probability_lower_bound=0.992021 change_prior=0.983333 same_state=1
a,5368,EMPTY_INTERVAL_POSTERIOR,68,,EMPTY_INTERVAL_POSTERIOR inst=68 since=126766666667 support=2364 judged=1544 seen_through=8 measured=1 calibrated_source=1 log_ratio=-6.07081 change_prior=0.983333 log_odds=-1.99327 empty=0
a,5369,INGEST_DECIDE,68,,INGEST_DECIDE inst=68 same_session_overlap=1 contradicted=0
a,5370,INGEST,68,,INGEST inst=68 first=130s seg_verts=2424 cur_verts=20100 observed_verts=0
a,5371,MOBILITY_PRIOR,68,,MOBILITY_PRIOR inst=68 session=0 class=9 changes=0 continuations=0 alpha=9.83333 beta=0.166667 q=0.983333
a,5372,OVERLAP_POSTERIOR,68,,OVERLAP_POSTERIOR inst=68 shared_probability_lower_bound=0.995775 change_prior=0.983333 same_state=1
a,5373,EMPTY_INTERVAL_POSTERIOR,68,,EMPTY_INTERVAL_POSTERIOR inst=68 since=130766666667 support=1488 judged=671 seen_through=6 measured=1 calibrated_source=1 log_ratio=-2.39006 change_prior=0.983333 log_odds=1.68748 empty=0
a,5374,INGEST_DECIDE,68,,INGEST_DECIDE inst=68 same_session_overlap=1 contradicted=0
a,5375,INGEST,69,,INGEST inst=69 first=121s seg_verts=1284 cur_verts=0 observed_verts=0
a,5376,INGEST,69,,INGEST inst=69 first=131s seg_verts=2289 cur_verts=1284 observed_verts=0
a,5377,MOBILITY_PRIOR,69,,MOBILITY_PRIOR inst=69 session=0 class=9 changes=3 continuations=0 alpha=6.83333 beta=0.166667 q=0.983333
a,5378,OVERLAP_POSTERIOR,69,,OVERLAP_POSTERIOR inst=69 shared_probability_lower_bound=-0 change_prior=0.983333 same_state=0
a,5379,INGEST_DECIDE,69,,INGEST_DECIDE inst=69 same_session_overlap=0 contradicted=0
a,5380,INGEST,70,,INGEST inst=70 first=121s seg_verts=1287 cur_verts=3051 observed_verts=0
a,5381,MOBILITY_PRIOR,70,,MOBILITY_PRIOR inst=70 session=0 class=9 changes=2 continuations=0 alpha=7.83333 beta=0.166667 q=0.983333
a,5382,OVERLAP_POSTERIOR,70,,OVERLAP_POSTERIOR inst=70 shared_probability_lower_bound=0.999156 change_prior=0.983333 same_state=1
a,5383,EMPTY_INTERVAL_POSTERIOR,70,,EMPTY_INTERVAL_POSTERIOR inst=70 since=121666666667 support=194 judged=408 seen_through=1 measured=1 calibrated_source=1 log_ratio=-4.1431 change_prior=0.983333 log_odds=-0.0655643 empty=0
a,5384,INGEST_DECIDE,70,,INGEST_DECIDE inst=70 same_session_overlap=1 contradicted=0
a,5385,INGEST,70,,INGEST inst=70 first=132s seg_verts=1209 cur_verts=4338 observed_verts=0
a,5386,MOBILITY_PRIOR,70,,MOBILITY_PRIOR inst=70 session=0 class=9 changes=2 continuations=0 alpha=7.83333 beta=0.166667 q=0.983333
a,5387,OVERLAP_POSTERIOR,70,,OVERLAP_POSTERIOR inst=70 shared_probability_lower_bound=0.985917 change_prior=0.983333 same_state=1
a,5388,EMPTY_INTERVAL_POSTERIOR,70,,EMPTY_INTERVAL_POSTERIOR inst=70 since=132166666667 support=194 judged=408 seen_through=1 measured=1 calibrated_source=1 log_ratio=-4.1431 change_prior=0.983333 log_odds=-0.0655643 empty=0
a,5389,INGEST_DECIDE,70,,INGEST_DECIDE inst=70 same_session_overlap=1 contradicted=0
a,5390,INGEST,71,,INGEST inst=71 first=121s seg_verts=1329 cur_verts=2235 observed_verts=0
a,5391,MOBILITY_PRIOR,71,,MOBILITY_PRIOR inst=71 session=0 class=9 changes=2 continuations=0 alpha=7.83333 beta=0.166667 q=0.983333
a,5392,OVERLAP_POSTERIOR,71,,OVERLAP_POSTERIOR inst=71 shared_probability_lower_bound=0.990076 change_prior=0.983333 same_state=1
a,5393,EMPTY_INTERVAL_POSTERIOR,71,,EMPTY_INTERVAL_POSTERIOR inst=71 since=121766666667 support=335 judged=1173 seen_through=16 measured=1 calibrated_source=1 log_ratio=-6.04547 change_prior=0.983333 log_odds=-1.96793 empty=0
a,5394,INGEST_DECIDE,71,,INGEST_DECIDE inst=71 same_session_overlap=1 contradicted=0
a,5395,INGEST,71,,INGEST inst=71 first=132s seg_verts=1842 cur_verts=3564 observed_verts=0
a,5396,MOBILITY_PRIOR,71,,MOBILITY_PRIOR inst=71 session=0 class=9 changes=2 continuations=0 alpha=7.83333 beta=0.166667 q=0.983333
a,5397,OVERLAP_POSTERIOR,71,,OVERLAP_POSTERIOR inst=71 shared_probability_lower_bound=0.998089 change_prior=0.983333 same_state=1
a,5398,EMPTY_INTERVAL_POSTERIOR,71,,EMPTY_INTERVAL_POSTERIOR inst=71 since=132766666667 support=306 judged=548 seen_through=4 measured=1 calibrated_source=1 log_ratio=-3.23443 change_prior=0.983333 log_odds=0.843106 empty=0
a,5399,INGEST_DECIDE,71,,INGEST_DECIDE inst=71 same_session_overlap=1 contradicted=0
a,5400,INGEST,72,,INGEST inst=72 first=121s seg_verts=753 cur_verts=2220 observed_verts=0
a,5401,MOBILITY_PRIOR,72,,MOBILITY_PRIOR inst=72 session=0 class=9 changes=1 continuations=0 alpha=8.83333 beta=0.166667 q=0.983333
a,5402,OVERLAP_POSTERIOR,72,,OVERLAP_POSTERIOR inst=72 shared_probability_lower_bound=0.997855 change_prior=0.983333 same_state=1
a,5403,EMPTY_INTERVAL_POSTERIOR,72,,EMPTY_INTERVAL_POSTERIOR inst=72 since=121566666667 support=603 judged=714 seen_through=8 measured=1 calibrated_source=1 log_ratio=-6.05834 change_prior=0.983333 log_odds=-1.9808 empty=0
a,5404,INGEST_DECIDE,72,,INGEST_DECIDE inst=72 same_session_overlap=1 contradicted=0
a,5405,INGEST,72,,INGEST inst=72 first=131s seg_verts=1632 cur_verts=2973 observed_verts=0
a,5406,MOBILITY_PRIOR,72,,MOBILITY_PRIOR inst=72 session=0 class=9 changes=1 continuations=0 alpha=8.83333 beta=0.166667 q=0.983333
a,5407,OVERLAP_POSTERIOR,72,,OVERLAP_POSTERIOR inst=72 shared_probability_lower_bound=0.988149 change_prior=0.983333 same_state=1
a,5408,EMPTY_INTERVAL_POSTERIOR,72,,EMPTY_INTERVAL_POSTERIOR inst=72 since=131966666667 support=390 judged=361 seen_through=6 measured=1 calibrated_source=1 log_ratio=-2.32407 change_prior=0.983333 log_odds=1.75346 empty=0
a,5409,INGEST_DECIDE,72,,INGEST_DECIDE inst=72 same_session_overlap=1 contradicted=0
a,5410,INGEST,89,,INGEST inst=89 first=125s seg_verts=93 cur_verts=14613 observed_verts=0
a,5411,MOBILITY_PRIOR,89,,MOBILITY_PRIOR inst=89 session=0 class=15 changes=1 continuations=0 alpha=1.92308 beta=0.0769231 q=0.974359
a,5412,OVERLAP_POSTERIOR,89,,OVERLAP_POSTERIOR inst=89 shared_probability_lower_bound=0.983784 change_prior=0.974359 same_state=1
a,5413,EMPTY_INTERVAL_POSTERIOR,89,,EMPTY_INTERVAL_POSTERIOR inst=89 since=125466666667 support=753 judged=1512 seen_through=3 measured=1 calibrated_source=1 log_ratio=-7.3906 change_prior=0.974359 log_odds=-3.75301 empty=0
a,5414,INGEST_DECIDE,89,,INGEST_DECIDE inst=89 same_session_overlap=1 contradicted=0
a,5415,INGEST,89,,INGEST inst=89 first=133s seg_verts=3342 cur_verts=14706 observed_verts=0
a,5416,MOBILITY_PRIOR,89,,MOBILITY_PRIOR inst=89 session=0 class=15 changes=1 continuations=0 alpha=1.92308 beta=0.0769231 q=0.974359
a,5417,OVERLAP_POSTERIOR,89,,OVERLAP_POSTERIOR inst=89 shared_probability_lower_bound=0.99576 change_prior=0.974359 same_state=1
a,5418,EMPTY_INTERVAL_POSTERIOR,89,,EMPTY_INTERVAL_POSTERIOR inst=89 since=133266666667 support=501 judged=479 seen_through=0 measured=1 calibrated_source=1 log_ratio=-3.51386 change_prior=0.974359 log_odds=0.12373 empty=0
a,5419,INGEST_DECIDE,89,,INGEST_DECIDE inst=89 same_session_overlap=1 contradicted=0
a,5420,INGEST,108,,INGEST inst=108 first=124s seg_verts=1656 cur_verts=4449 observed_verts=0
a,5421,MOBILITY_PRIOR,108,,MOBILITY_PRIOR inst=108 session=0 class=19 changes=0 continuations=0 alpha=1.75 beta=0.25 q=0.875
a,5422,OVERLAP_POSTERIOR,108,,OVERLAP_POSTERIOR inst=108 shared_probability_lower_bound=0.950483 change_prior=0.875 same_state=1
a,5423,EMPTY_INTERVAL_POSTERIOR,108,,EMPTY_INTERVAL_POSTERIOR inst=108 since=124166666667 support=272 judged=258 seen_through=6 measured=1 calibrated_source=1 log_ratio=-1.54108 change_prior=0.875 log_odds=0.404829 empty=0
a,5424,INGEST_DECIDE,108,,INGEST_DECIDE inst=108 same_session_overlap=1 contradicted=0
a,5425,INGEST,109,,INGEST inst=109 first=121s seg_verts=4647 cur_verts=28707 observed_verts=0
a,5426,MOBILITY_PRIOR,109,,MOBILITY_PRIOR inst=109 session=0 class=19 changes=0 continuations=0 alpha=1.75 beta=0.25 q=0.875
a,5427,OVERLAP_POSTERIOR,109,,OVERLAP_POSTERIOR inst=109 shared_probability_lower_bound=0.993988 change_prior=0.875 same_state=1
a,5428,EMPTY_INTERVAL_POSTERIOR,109,,EMPTY_INTERVAL_POSTERIOR inst=109 since=121566666667 support=2367 judged=1140 seen_through=29 measured=1 calibrated_source=1 log_ratio=-3.58078 change_prior=0.875 log_odds=-1.63487 empty=0
a,5429,INGEST_DECIDE,109,,INGEST_DECIDE inst=109 same_session_overlap=1 contradicted=0
a,5430,INGEST,109,,INGEST inst=109 first=131s seg_verts=6477 cur_verts=33354 observed_verts=0
a,5431,MOBILITY_PRIOR,109,,MOBILITY_PRIOR inst=109 session=0 class=19 changes=0 continuations=0 alpha=1.75 beta=0.25 q=0.875
a,5432,OVERLAP_POSTERIOR,109,,OVERLAP_POSTERIOR inst=109 shared_probability_lower_bound=0.929427 change_prior=0.875 same_state=1
a,5433,EMPTY_INTERVAL_POSTERIOR,109,,EMPTY_INTERVAL_POSTERIOR inst=109 since=131766666667 support=1637 judged=609 seen_through=21 measured=1 calibrated_source=1 log_ratio=-1.62723 change_prior=0.875 log_odds=0.318678 empty=0
a,5434,INGEST_DECIDE,109,,INGEST_DECIDE inst=109 same_session_overlap=1 contradicted=0
a,5435,INGEST,136,,INGEST inst=136 first=133s seg_verts=3690 cur_verts=10410 observed_verts=0
a,5436,MOBILITY_PRIOR,136,,MOBILITY_PRIOR inst=136 session=0 class=26 changes=0 continuations=0 alpha=1.75 beta=0.25 q=0.875
a,5437,OVERLAP_POSTERIOR,136,,OVERLAP_POSTERIOR inst=136 shared_probability_lower_bound=0.931422 change_prior=0.875 same_state=1
a,5438,EMPTY_INTERVAL_POSTERIOR,136,,EMPTY_INTERVAL_POSTERIOR inst=136 since=133666666667 support=706 judged=1093 seen_through=0 measured=1 calibrated_source=1 log_ratio=-6.56937 change_prior=0.875 log_odds=-4.62346 empty=0
a,5439,INGEST_DECIDE,136,,INGEST_DECIDE inst=136 same_session_overlap=1 contradicted=0
a,5440,INGEST,147,,INGEST inst=147 first=121s seg_verts=600 cur_verts=648 observed_verts=0
a,5441,MOBILITY_PRIOR,147,,MOBILITY_PRIOR inst=147 session=0 class=28 changes=1 continuations=0 alpha=3.66667 beta=0.333333 q=0.933333
a,5442,OVERLAP_POSTERIOR,147,,OVERLAP_POSTERIOR inst=147 shared_probability_lower_bound=0.933935 change_prior=0.933333 same_state=1
a,5443,EMPTY_INTERVAL_POSTERIOR,147,,EMPTY_INTERVAL_POSTERIOR inst=147 since=121566666667 support=525 judged=244 seen_through=1 measured=1 calibrated_source=1 log_ratio=-7.07689 change_prior=0.933333 log_odds=-4.43783 empty=0
a,5444,INGEST_DECIDE,147,,INGEST_DECIDE inst=147 same_session_overlap=1 contradicted=0
a,5445,INGEST,147,,INGEST inst=147 first=126s seg_verts=609 cur_verts=1248 observed_verts=0
a,5446,MOBILITY_PRIOR,147,,MOBILITY_PRIOR inst=147 session=0 class=28 changes=1 continuations=0 alpha=3.66667 beta=0.333333 q=0.933333
a,5447,OVERLAP_POSTERIOR,147,,OVERLAP_POSTERIOR inst=147 shared_probability_lower_bound=0.988246 change_prior=0.933333 same_state=1
a,5448,EMPTY_INTERVAL_POSTERIOR,147,,EMPTY_INTERVAL_POSTERIOR inst=147 since=126366666667 support=525 judged=244 seen_through=1 measured=1 calibrated_source=1 log_ratio=-7.07689 change_prior=0.933333 log_odds=-4.43783 empty=0
a,5449,INGEST_DECIDE,147,,INGEST_DECIDE inst=147 same_session_overlap=1 contradicted=0
a,5450,INGEST,147,,INGEST inst=147 first=136s seg_verts=207 cur_verts=1857 observed_verts=0
a,5451,MOBILITY_PRIOR,147,,MOBILITY_PRIOR inst=147 session=0 class=28 changes=1 continuations=0 alpha=3.66667 beta=0.333333 q=0.933333
a,5452,OVERLAP_POSTERIOR,147,,OVERLAP_POSTERIOR inst=147 shared_probability_lower_bound=0.95909 change_prior=0.933333 same_state=1
a,5453,EMPTY_INTERVAL_POSTERIOR,147,,EMPTY_INTERVAL_POSTERIOR inst=147 since=136766666667 support=179 judged=126 seen_through=1 measured=1 calibrated_source=1 log_ratio=-3.2016 change_prior=0.933333 log_odds=-0.562538 empty=0
a,5454,INGEST_DECIDE,147,,INGEST_DECIDE inst=147 same_session_overlap=1 contradicted=0
a,5455,INGEST,148,,INGEST inst=148 first=121s seg_verts=498 cur_verts=261 observed_verts=0
a,5456,MOBILITY_PRIOR,148,,MOBILITY_PRIOR inst=148 session=0 class=28 changes=1 continuations=0 alpha=3.66667 beta=0.333333 q=0.933333
a,5457,OVERLAP_POSTERIOR,148,,OVERLAP_POSTERIOR inst=148 shared_probability_lower_bound=0.998761 change_prior=0.933333 same_state=1
a,5458,EMPTY_INTERVAL_POSTERIOR,148,,EMPTY_INTERVAL_POSTERIOR inst=148 since=121966666667 support=229 judged=68 seen_through=0 measured=1 calibrated_source=1 log_ratio=-6.22156 change_prior=0.933333 log_odds=-3.58251 empty=0
a,5459,INGEST_DECIDE,148,,INGEST_DECIDE inst=148 same_session_overlap=1 contradicted=0
a,5460,INGEST,148,,INGEST inst=148 first=125s seg_verts=507 cur_verts=759 observed_verts=0
a,5461,MOBILITY_PRIOR,148,,MOBILITY_PRIOR inst=148 session=0 class=28 changes=1 continuations=0 alpha=3.66667 beta=0.333333 q=0.933333
a,5462,OVERLAP_POSTERIOR,148,,OVERLAP_POSTERIOR inst=148 shared_probability_lower_bound=0.965367 change_prior=0.933333 same_state=1
a,5463,EMPTY_INTERVAL_POSTERIOR,148,,EMPTY_INTERVAL_POSTERIOR inst=148 since=125866666667 support=229 judged=68 seen_through=0 measured=1 calibrated_source=1 log_ratio=-6.22156 change_prior=0.933333 log_odds=-3.58251 empty=0
a,5464,INGEST_DECIDE,148,,INGEST_DECIDE inst=148 same_session_overlap=1 contradicted=0
a,5465,INGEST,148,,INGEST inst=148 first=136s seg_verts=123 cur_verts=1266 observed_verts=0
a,5466,MOBILITY_PRIOR,148,,MOBILITY_PRIOR inst=148 session=0 class=28 changes=1 continuations=0 alpha=3.66667 beta=0.333333 q=0.933333
a,5467,OVERLAP_POSTERIOR,148,,OVERLAP_POSTERIOR inst=148 shared_probability_lower_bound=0.950402 change_prior=0.933333 same_state=1
a,5468,EMPTY_INTERVAL_POSTERIOR,148,,EMPTY_INTERVAL_POSTERIOR inst=148 since=136966666667 support=74 judged=32 seen_through=0 measured=1 calibrated_source=1 log_ratio=-2.95474 change_prior=0.933333 log_odds=-0.315683 empty=0
a,5469,INGEST_DECIDE,148,,INGEST_DECIDE inst=148 same_session_overlap=1 contradicted=0
a,5470,INGEST,149,,INGEST inst=149 first=124s seg_verts=1026 cur_verts=1149 observed_verts=0
a,5471,MOBILITY_PRIOR,149,,MOBILITY_PRIOR inst=149 session=0 class=28 changes=1 continuations=0 alpha=3.66667 beta=0.333333 q=0.933333
a,5472,OVERLAP_POSTERIOR,149,,OVERLAP_POSTERIOR inst=149 shared_probability_lower_bound=0.986639 change_prior=0.933333 same_state=1
a,5473,EMPTY_INTERVAL_POSTERIOR,149,,EMPTY_INTERVAL_POSTERIOR inst=149 since=124266666667 support=824 judged=354 seen_through=1 measured=1 calibrated_source=1 log_ratio=-8.20081 change_prior=0.933333 log_odds=-5.56175 empty=0
a,5474,INGEST_DECIDE,149,,INGEST_DECIDE inst=149 same_session_overlap=1 contradicted=0
a,5475,INGEST,149,,INGEST inst=149 first=126s seg_verts=1026 cur_verts=2175 observed_verts=0
a,5476,MOBILITY_PRIOR,149,,MOBILITY_PRIOR inst=149 session=0 class=28 changes=1 continuations=0 alpha=3.66667 beta=0.333333 q=0.933333
a,5477,OVERLAP_POSTERIOR,149,,OVERLAP_POSTERIOR inst=149 shared_probability_lower_bound=0.993947 change_prior=0.933333 same_state=1
a,5478,EMPTY_INTERVAL_POSTERIOR,149,,EMPTY_INTERVAL_POSTERIOR inst=149 since=126366666667 support=824 judged=354 seen_through=1 measured=1 calibrated_source=1 log_ratio=-8.20081 change_prior=0.933333 log_odds=-5.56175 empty=0
a,5479,INGEST_DECIDE,149,,INGEST_DECIDE inst=149 same_session_overlap=1 contradicted=0
a,5480,INGEST,149,,INGEST inst=149 first=136s seg_verts=603 cur_verts=3201 observed_verts=0
a,5481,MOBILITY_PRIOR,149,,MOBILITY_PRIOR inst=149 session=0 class=28 changes=1 continuations=0 alpha=3.66667 beta=0.333333 q=0.933333
a,5482,OVERLAP_POSTERIOR,149,,OVERLAP_POSTERIOR inst=149 shared_probability_lower_bound=0.979009 change_prior=0.933333 same_state=1
a,5483,EMPTY_INTERVAL_POSTERIOR,149,,EMPTY_INTERVAL_POSTERIOR inst=149 since=136766666667 support=278 judged=184 seen_through=0 measured=1 calibrated_source=1 log_ratio=-4.50225 change_prior=0.933333 log_odds=-1.8632 empty=0
a,5484,INGEST_DECIDE,149,,INGEST_DECIDE inst=149 same_session_overlap=1 contradicted=0
a,5485,INGEST,156,,INGEST inst=156 first=130s seg_verts=3672 cur_verts=7182 observed_verts=0
a,5486,MOBILITY_PRIOR,156,,MOBILITY_PRIOR inst=156 session=0 class=32 changes=1 continuations=0 alpha=2.7 beta=0.3 q=0.925
a,5487,OVERLAP_POSTERIOR,156,,OVERLAP_POSTERIOR inst=156 shared_probability_lower_bound=0.974578 change_prior=0.925 same_state=1
a,5488,EMPTY_INTERVAL_POSTERIOR,156,,EMPTY_INTERVAL_POSTERIOR inst=156 since=130666666667 support=1662 judged=1033 seen_through=2 measured=1 calibrated_source=1 log_ratio=-4.34581 change_prior=0.925 log_odds=-1.8335 empty=0
a,5489,INGEST_DECIDE,156,,INGEST_DECIDE inst=156 same_session_overlap=1 contradicted=0
a,5490,INGEST,161,,INGEST inst=161 first=131s seg_verts=696 cur_verts=2523 observed_verts=0
a,5491,MOBILITY_PRIOR,161,,MOBILITY_PRIOR inst=161 session=0 class=35 changes=0 continuations=0 alpha=2.92308 beta=0.0769231 q=0.974359
a,5492,OVERLAP_POSTERIOR,161,,OVERLAP_POSTERIOR inst=161 shared_probability_lower_bound=0.998422 change_prior=0.974359 same_state=1
a,5493,EMPTY_INTERVAL_POSTERIOR,161,,EMPTY_INTERVAL_POSTERIOR inst=161 since=131366666667 support=105 judged=289 seen_through=0 measured=1 calibrated_source=1 log_ratio=-4.55884 change_prior=0.974359 log_odds=-0.921254 empty=0
a,5494,INGEST_DECIDE,161,,INGEST_DECIDE inst=161 same_session_overlap=1 contradicted=0
a,5495,INGEST,162,,INGEST inst=162 first=131s seg_verts=600 cur_verts=2115 observed_verts=0
a,5496,MOBILITY_PRIOR,162,,MOBILITY_PRIOR inst=162 session=0 class=35 changes=0 continuations=0 alpha=2.92308 beta=0.0769231 q=0.974359
a,5497,OVERLAP_POSTERIOR,162,,OVERLAP_POSTERIOR inst=162 shared_probability_lower_bound=0.987744 change_prior=0.974359 same_state=1
a,5498,EMPTY_INTERVAL_POSTERIOR,162,,EMPTY_INTERVAL_POSTERIOR inst=162 since=131366666667 support=12 judged=249 seen_through=3 measured=1 calibrated_source=1 log_ratio=-1.90166 change_prior=0.974359 log_odds=1.73593 empty=0
a,5499,INGEST_DECIDE,162,,INGEST_DECIDE inst=162 same_session_overlap=1 contradicted=0
a,5500,INGEST,164,,INGEST inst=164 first=126s seg_verts=2592 cur_verts=5253 observed_verts=1842
a,5501,MOBILITY_PRIOR,164,,MOBILITY_PRIOR inst=164 session=0 class=35 changes=0 continuations=0 alpha=2.92308 beta=0.0769231 q=0.974359
a,5502,OVERLAP_POSTERIOR,164,,OVERLAP_POSTERIOR inst=164 shared_probability_lower_bound=-0 change_prior=0.974359 same_state=0
a,5503,INGEST_DECIDE,164,,INGEST_DECIDE inst=164 same_session_overlap=0 contradicted=0
a,5504,INGEST,164,,INGEST inst=164 first=130s seg_verts=2199 cur_verts=5253 observed_verts=4434
a,5505,MOBILITY_PRIOR,164,,MOBILITY_PRIOR inst=164 session=0 class=35 changes=0 continuations=0 alpha=2.92308 beta=0.0769231 q=0.974359
a,5506,OVERLAP_POSTERIOR,164,,OVERLAP_POSTERIOR inst=164 shared_probability_lower_bound=-0 change_prior=0.974359 same_state=0
a,5507,INGEST_DECIDE,164,,INGEST_DECIDE inst=164 same_session_overlap=0 contradicted=0
a,5508,INGEST,167,,INGEST inst=167 first=121s seg_verts=621 cur_verts=3651 observed_verts=0
a,5509,MOBILITY_PRIOR,167,,MOBILITY_PRIOR inst=167 session=0 class=36 changes=0 continuations=0 alpha=1.75 beta=0.25 q=0.875
a,5510,OVERLAP_POSTERIOR,167,,OVERLAP_POSTERIOR inst=167 shared_probability_lower_bound=0.886438 change_prior=0.875 same_state=1
a,5511,EMPTY_INTERVAL_POSTERIOR,167,,EMPTY_INTERVAL_POSTERIOR inst=167 since=121466666667 support=145 judged=564 seen_through=0 measured=1 calibrated_source=1 log_ratio=-8.39621 change_prior=0.875 log_odds=-6.4503 empty=0
a,5512,INGEST_DECIDE,167,,INGEST_DECIDE inst=167 same_session_overlap=1 contradicted=0
a,5513,INGEST,167,,INGEST inst=167 first=131s seg_verts=726 cur_verts=4272 observed_verts=0
a,5514,MOBILITY_PRIOR,167,,MOBILITY_PRIOR inst=167 session=0 class=36 changes=0 continuations=0 alpha=1.75 beta=0.25 q=0.875
a,5515,OVERLAP_POSTERIOR,167,,OVERLAP_POSTERIOR inst=167 shared_probability_lower_bound=0.913751 change_prior=0.875 same_state=1
a,5516,EMPTY_INTERVAL_POSTERIOR,167,,EMPTY_INTERVAL_POSTERIOR inst=167 since=131366666667 support=42 judged=298 seen_through=0 measured=1 calibrated_source=1 log_ratio=-4.36591 change_prior=0.875 log_odds=-2.42 empty=0
a,5517,INGEST_DECIDE,167,,INGEST_DECIDE inst=167 same_session_overlap=1 contradicted=0
a,5518,INGEST,171,,INGEST inst=171 first=132s seg_verts=2751 cur_verts=13143 observed_verts=0
a,5519,MOBILITY_PRIOR,171,,MOBILITY_PRIOR inst=171 session=0 class=39 changes=0 continuations=0 alpha=1.92857 beta=0.0714286 q=0.964286
a,5520,OVERLAP_POSTERIOR,171,,OVERLAP_POSTERIOR inst=171 shared_probability_lower_bound=0.969044 change_prior=0.964286 same_state=1
a,5521,EMPTY_INTERVAL_POSTERIOR,171,,EMPTY_INTERVAL_POSTERIOR inst=171 since=132766666667 support=236 judged=1040 seen_through=0 measured=1 calibrated_source=1 log_ratio=-6.05553 change_prior=0.964286 log_odds=-2.7597 empty=0
a,5522,INGEST_DECIDE,171,,INGEST_DECIDE inst=171 same_session_overlap=1 contradicted=0
a,5523,INGEST,173,,INGEST inst=173 first=134s seg_verts=264 cur_verts=951 observed_verts=0
a,5524,MOBILITY_PRIOR,173,,MOBILITY_PRIOR inst=173 session=0 class=40 changes=1 continuations=0 alpha=3.66667 beta=0.333333 q=0.933333
a,5525,OVERLAP_POSTERIOR,173,,OVERLAP_POSTERIOR inst=173 shared_probability_lower_bound=0.943695 change_prior=0.933333 same_state=1
a,5526,EMPTY_INTERVAL_POSTERIOR,173,,EMPTY_INTERVAL_POSTERIOR inst=173 since=134066666667 support=39 judged=251 seen_through=0 measured=1 calibrated_source=1 log_ratio=-4.29489 change_prior=0.933333 log_odds=-1.65583 empty=0
a,5527,INGEST_DECIDE,173,,INGEST_DECIDE inst=173 same_session_overlap=1 contradicted=0
a,5528,STATE_EVIDENCE_WINDOW,2,,STATE_EVIDENCE_WINDOW inst=2 after=104900000000 latest_measured_support=0 through=140500000000 projected=0 support=0 contradiction=0 reliable=464 reliable_in_view=0 reliable_seen_through=0 absence_llr=0 absent_samples=0 total_samples=1288 absence_coverage_sufficient=0
a,5529,STATE_SLICE,2,140500000000,STATE_SLICE inst=2 stamp=140500000000 inherited_sup=0 inherited_con=0 inherited_samples=1288 inherited_supported=0 inherited_free=0 inherited_repl_other=0 inherited_repl_bg=0 inherited_occ=0 inherited_unobs=1288 session_sup=0 session_con=0 session_samples=0 cur_verts=3864 candidate_verts=0
a,5530,EVIDENCE,2,,EVIDENCE inst=2 inherited_support=0 inherited_contradiction=0 session_support=0 session_contradiction=0 inherited_absent_flag=0 cur_verts=3864 observed_verts=0
a,5531,STATE_EVIDENCE_WINDOW,3,,STATE_EVIDENCE_WINDOW inst=3 after=86066666667 latest_measured_support=0 through=140500000000 projected=0 support=0 contradiction=0 reliable=26 reliable_in_view=0 reliable_seen_through=0 absence_llr=0 absent_samples=0 total_samples=189 absence_coverage_sufficient=0
a,5532,STATE_SLICE,3,140500000000,STATE_SLICE inst=3 stamp=140500000000 inherited_sup=0 inherited_con=0 inherited_samples=189 inherited_supported=0 inherited_free=0 inherited_repl_other=0 inherited_repl_bg=0 inherited_occ=0 inherited_unobs=189 session_sup=0 session_con=0 session_samples=0 cur_verts=567 candidate_verts=0
a,5533,EVIDENCE,3,,EVIDENCE inst=3 inherited_support=0 inherited_contradiction=0 session_support=0 session_contradiction=0 inherited_absent_flag=0 cur_verts=567 observed_verts=0
a,5534,STATE_EVIDENCE_WINDOW,5,,STATE_EVIDENCE_WINDOW inst=5 after=100300000000 latest_measured_support=0 through=140500000000 projected=0 support=0 contradiction=0 reliable=920 reliable_in_view=0 reliable_seen_through=0 absence_llr=0 absent_samples=0 total_samples=8317 absence_coverage_sufficient=0
a,5535,STATE_SLICE,5,140500000000,STATE_SLICE inst=5 stamp=140500000000 inherited_sup=0 inherited_con=0 inherited_samples=8317 inherited_supported=0 inherited_free=0 inherited_repl_other=0 inherited_repl_bg=0 inherited_occ=0 inherited_unobs=8317 session_sup=0 session_con=0 session_samples=0 cur_verts=24951 candidate_verts=0
a,5536,EVIDENCE,5,,EVIDENCE inst=5 inherited_support=0 inherited_contradiction=0 session_support=0 session_contradiction=0 inherited_absent_flag=0 cur_verts=24951 observed_verts=0
a,5537,STATE_EVIDENCE_WINDOW,7,,STATE_EVIDENCE_WINDOW inst=7 after=48033333333 latest_measured_support=0 through=140500000000 projected=0 support=0 contradiction=0 reliable=510 reliable_in_view=0 reliable_seen_through=0 absence_llr=0 absent_samples=0 total_samples=11707 absence_coverage_sufficient=0
a,5538,STATE_SLICE,7,140500000000,STATE_SLICE inst=7 stamp=140500000000 inherited_sup=0 inherited_con=0 inherited_samples=11707 inherited_supported=0 inherited_free=0 inherited_repl_other=0 inherited_repl_bg=0 inherited_occ=0 inherited_unobs=11707 session_sup=0 session_con=0 session_samples=0 cur_verts=35121 candidate_verts=0
a,5539,EVIDENCE,7,,EVIDENCE inst=7 inherited_support=0 inherited_contradiction=0 session_support=0 session_contradiction=0 inherited_absent_flag=0 cur_verts=35121 observed_verts=0
a,5540,STATE_EVIDENCE_WINDOW,21,,STATE_EVIDENCE_WINDOW inst=21 after=113666666667 latest_measured_support=0 through=140500000000 projected=0 support=0 contradiction=0 reliable=40 reliable_in_view=0 reliable_seen_through=0 absence_llr=0 absent_samples=0 total_samples=84 absence_coverage_sufficient=0
a,5541,STATE_SLICE,21,140500000000,STATE_SLICE inst=21 stamp=140500000000 inherited_sup=0 inherited_con=0 inherited_samples=84 inherited_supported=0 inherited_free=0 inherited_repl_other=0 inherited_repl_bg=0 inherited_occ=0 inherited_unobs=84 session_sup=0 session_con=0 session_samples=0 cur_verts=252 candidate_verts=0
a,5542,EVIDENCE,21,,EVIDENCE inst=21 inherited_support=0 inherited_contradiction=0 session_support=0 session_contradiction=0 inherited_absent_flag=0 cur_verts=252 observed_verts=0
a,5543,STATE_EVIDENCE_WINDOW,48,,STATE_EVIDENCE_WINDOW inst=48 after=140500000000 latest_measured_support=0 through=140500000000 projected=0 support=0 contradiction=0 reliable=518 reliable_in_view=0 reliable_seen_through=0 absence_llr=0 absent_samples=0 total_samples=0 absence_coverage_sufficient=0
a,5544,STATE_SLICE,48,140500000000,STATE_SLICE inst=48 stamp=140500000000 inherited_sup=0 inherited_con=0 inherited_samples=0 inherited_supported=0 inherited_free=0 inherited_repl_other=0 inherited_repl_bg=0 inherited_occ=0 inherited_unobs=0 session_sup=0 session_con=0 session_samples=0 cur_verts=24861 candidate_verts=0
a,5545,EVIDENCE,48,,EVIDENCE inst=48 inherited_support=0 inherited_contradiction=0 session_support=0 session_contradiction=0 inherited_absent_flag=0 cur_verts=24861 observed_verts=0
a,5546,STATE_EVIDENCE_WINDOW,49,,STATE_EVIDENCE_WINDOW inst=49 after=48266666667 latest_measured_support=0 through=140500000000 projected=0 support=0 contradiction=0 reliable=367 reliable_in_view=0 reliable_seen_through=0 absence_llr=0 absent_samples=0 total_samples=1043 absence_coverage_sufficient=0
a,5547,STATE_SLICE,49,140500000000,STATE_SLICE inst=49 stamp=140500000000 inherited_sup=0 inherited_con=0 inherited_samples=1043 inherited_supported=0 inherited_free=0 inherited_repl_other=0 inherited_repl_bg=0 inherited_occ=243 inherited_unobs=588 session_sup=0 session_con=0 session_samples=0 cur_verts=3129 candidate_verts=0
a,5548,EVIDENCE,49,,EVIDENCE inst=49 inherited_support=0 inherited_contradiction=0 session_support=0 session_contradiction=0 inherited_absent_flag=0 cur_verts=3129 observed_verts=0
a,5549,STATE_EVIDENCE_WINDOW,50,,STATE_EVIDENCE_WINDOW inst=50 after=46266666667 latest_measured_support=0 through=140500000000 projected=0 support=0 contradiction=0 reliable=411 reliable_in_view=0 reliable_seen_through=0 absence_llr=0 absent_samples=0 total_samples=1119 absence_coverage_sufficient=0
a,5550,STATE_SLICE,50,140500000000,STATE_SLICE inst=50 stamp=140500000000 inherited_sup=0 inherited_con=0 inherited_samples=1119 inherited_supported=0 inherited_free=0 inherited_repl_other=0 inherited_repl_bg=0 inherited_occ=0 inherited_unobs=1119 session_sup=0 session_con=0 session_samples=0 cur_verts=3357 candidate_verts=0
a,5551,EVIDENCE,50,,EVIDENCE inst=50 inherited_support=0 inherited_contradiction=0 session_support=0 session_contradiction=0 inherited_absent_flag=0 cur_verts=3357 observed_verts=0
a,5552,STATE_EVIDENCE_WINDOW,51,,STATE_EVIDENCE_WINDOW inst=51 after=114533333333 latest_measured_support=0 through=140500000000 projected=0 support=0 contradiction=0 reliable=303 reliable_in_view=0 reliable_seen_through=0 absence_llr=0 absent_samples=0 total_samples=12818 absence_coverage_sufficient=0
a,5553,STATE_SLICE,51,140500000000,STATE_SLICE inst=51 stamp=140500000000 inherited_sup=0 inherited_con=0 inherited_samples=12818 inherited_supported=0 inherited_free=0 inherited_repl_other=0 inherited_repl_bg=0 inherited_occ=0 inherited_unobs=12818 session_sup=0 session_con=0 session_samples=0 cur_verts=38454 candidate_verts=0
a,5554,EVIDENCE,51,,EVIDENCE inst=51 inherited_support=0 inherited_contradiction=0 session_support=0 session_contradiction=0 inherited_absent_flag=0 cur_verts=38454 observed_verts=0
a,5555,STATE_EVIDENCE_WINDOW,52,,STATE_EVIDENCE_WINDOW inst=52 after=105900000000 latest_measured_support=0 through=140500000000 projected=0 support=0 contradiction=0 reliable=460 reliable_in_view=0 reliable_seen_through=0 absence_llr=0 absent_samples=0 total_samples=22261 absence_coverage_sufficient=0
a,5556,STATE_SLICE,52,140500000000,STATE_SLICE inst=52 stamp=140500000000 inherited_sup=0 inherited_con=0 inherited_samples=22261 inherited_supported=0 inherited_free=0 inherited_repl_other=0 inherited_repl_bg=0 inherited_occ=0 inherited_unobs=22261 session_sup=0 session_con=0 session_samples=0 cur_verts=66783 candidate_verts=0
a,5557,EVIDENCE,52,,EVIDENCE inst=52 inherited_support=0 inherited_contradiction=0 session_support=0 session_contradiction=0 inherited_absent_flag=0 cur_verts=66783 observed_verts=0
a,5558,STATE_EVIDENCE_WINDOW,54,,STATE_EVIDENCE_WINDOW inst=54 after=104900000000 latest_measured_support=0 through=140500000000 projected=0 support=0 contradiction=0 reliable=787 reliable_in_view=0 reliable_seen_through=0 absence_llr=0 absent_samples=0 total_samples=2553 absence_coverage_sufficient=0
a,5559,STATE_SLICE,54,140500000000,STATE_SLICE inst=54 stamp=140500000000 inherited_sup=0 inherited_con=0 inherited_samples=2553 inherited_supported=0 inherited_free=0 inherited_repl_other=0 inherited_repl_bg=0 inherited_occ=0 inherited_unobs=2553 session_sup=0 session_con=0 session_samples=0 cur_verts=7659 candidate_verts=0
a,5560,EVIDENCE,54,,EVIDENCE inst=54 inherited_support=0 inherited_contradiction=0 session_support=0 session_contradiction=0 inherited_absent_flag=0 cur_verts=7659 observed_verts=0
a,5561,STATE_EVIDENCE_WINDOW,55,,STATE_EVIDENCE_WINDOW inst=55 after=49133333333 latest_measured_support=0 through=140500000000 projected=0 support=0 contradiction=0 reliable=523 reliable_in_view=0 reliable_seen_through=0 absence_llr=0 absent_samples=0 total_samples=2965 absence_coverage_sufficient=0
a,5562,STATE_SLICE,55,140500000000,STATE_SLICE inst=55 stamp=140500000000 inherited_sup=0 inherited_con=0 inherited_samples=2965 inherited_supported=0 inherited_free=0 inherited_repl_other=0 inherited_repl_bg=0 inherited_occ=928 inherited_unobs=1946 session_sup=0 session_con=0 session_samples=0 cur_verts=8895 candidate_verts=0
a,5563,EVIDENCE,55,,EVIDENCE inst=55 inherited_support=0 inherited_contradiction=0 session_support=0 session_contradiction=0 inherited_absent_flag=0 cur_verts=8895 observed_verts=0
a,5564,STATE_EVIDENCE_WINDOW,56,,STATE_EVIDENCE_WINDOW inst=56 after=135700000000 latest_measured_support=0 through=140500000000 projected=0 support=0 contradiction=0 reliable=253 reliable_in_view=0 reliable_seen_through=0 absence_llr=0 absent_samples=0 total_samples=27929 absence_coverage_sufficient=0
a,5565,STATE_SLICE,56,140500000000,STATE_SLICE inst=56 stamp=140500000000 inherited_sup=0 inherited_con=0 inherited_samples=27929 inherited_supported=0 inherited_free=0 inherited_repl_other=0 inherited_repl_bg=0 inherited_occ=0 inherited_unobs=27929 session_sup=0 session_con=0 session_samples=0 cur_verts=83787 candidate_verts=0
a,5566,EVIDENCE,56,,EVIDENCE inst=56 inherited_support=0 inherited_contradiction=0 session_support=0 session_contradiction=0 inherited_absent_flag=0 cur_verts=83787 observed_verts=0
a,5567,STATE_EVIDENCE_WINDOW,57,,STATE_EVIDENCE_WINDOW inst=57 after=113600000000 latest_measured_support=0 through=140500000000 projected=0 support=0 contradiction=0 reliable=937 reliable_in_view=0 reliable_seen_through=0 absence_llr=0 absent_samples=0 total_samples=4265 absence_coverage_sufficient=0
a,5568,STATE_SLICE,57,140500000000,STATE_SLICE inst=57 stamp=140500000000 inherited_sup=0 inherited_con=0 inherited_samples=4265 inherited_supported=0 inherited_free=0 inherited_repl_other=0 inherited_repl_bg=0 inherited_occ=0 inherited_unobs=4265 session_sup=0 session_con=0 session_samples=0 cur_verts=12795 candidate_verts=0
a,5569,EVIDENCE,57,,EVIDENCE inst=57 inherited_support=0 inherited_contradiction=0 session_support=0 session_contradiction=0 inherited_absent_flag=0 cur_verts=12795 observed_verts=0
a,5570,STATE_EVIDENCE_WINDOW,68,,STATE_EVIDENCE_WINDOW inst=68 after=140500000000 latest_measured_support=0 through=140500000000 projected=0 support=0 contradiction=0 reliable=821 reliable_in_view=0 reliable_seen_through=0 absence_llr=0 absent_samples=0 total_samples=0 absence_coverage_sufficient=0
a,5571,STATE_SLICE,68,140500000000,STATE_SLICE inst=68 stamp=140500000000 inherited_sup=0 inherited_con=0 inherited_samples=0 inherited_supported=0 inherited_free=0 inherited_repl_other=0 inherited_repl_bg=0 inherited_occ=0 inherited_unobs=0 session_sup=0 session_con=0 session_samples=0 cur_verts=22524 candidate_verts=0
a,5572,EVIDENCE,68,,EVIDENCE inst=68 inherited_support=0 inherited_contradiction=0 session_support=0 session_contradiction=0 inherited_absent_flag=0 cur_verts=22524 observed_verts=0
a,5573,STATE_EVIDENCE_WINDOW,69,,STATE_EVIDENCE_WINDOW inst=69 after=128033333333 latest_measured_support=0 through=140500000000 projected=1 support=0 contradiction=630 reliable=187 reliable_in_view=0 reliable_seen_through=0 absence_llr=0 absent_samples=51 total_samples=63 absence_coverage_sufficient=0
a,5574,STATE_SLICE,69,140500000000,STATE_SLICE inst=69 stamp=140500000000 inherited_sup=0 inherited_con=630 inherited_samples=63 inherited_supported=0 inherited_free=308 inherited_repl_other=44 inherited_repl_bg=278 inherited_occ=364 inherited_unobs=0 session_sup=0 session_con=0 session_samples=0 cur_verts=1284 candidate_verts=0
a,5575,EVIDENCE,69,,EVIDENCE inst=69 inherited_support=0 inherited_contradiction=630 session_support=0 session_contradiction=0 inherited_absent_flag=0 cur_verts=1284 observed_verts=2289
a,5576,MOBILITY_PRIOR,69,,MOBILITY_PRIOR inst=69 session=0 class=9 changes=3 continuations=0 alpha=6.83333 beta=0.166667 q=0.983333
a,5577,EXTENT_POSTERIOR,69,,EXTENT_POSTERIOR inst=69 same_site_probability=0 change_prior=0.983333 different_site=1
a,5578,TOP_CLOSE,69,,TOP_CLOSE inst=69 by_new_site=1 by_observed_absence=0 support=0 contradiction=0 cur_verts=1284
a,5579,STATE_EVIDENCE_WINDOW,70,,STATE_EVIDENCE_WINDOW inst=70 after=140500000000 latest_measured_support=0 through=140500000000 projected=0 support=0 contradiction=0 reliable=405 reliable_in_view=0 reliable_seen_through=0 absence_llr=0 absent_samples=0 total_samples=0 absence_coverage_sufficient=0
a,5580,STATE_SLICE,70,140500000000,STATE_SLICE inst=70 stamp=140500000000 inherited_sup=0 inherited_con=0 inherited_samples=0 inherited_supported=0 inherited_free=0 inherited_repl_other=0 inherited_repl_bg=0 inherited_occ=0 inherited_unobs=0 session_sup=0 session_con=0 session_samples=0 cur_verts=5547 candidate_verts=0
a,5581,EVIDENCE,70,,EVIDENCE inst=70 inherited_support=0 inherited_contradiction=0 session_support=0 session_contradiction=0 inherited_absent_flag=0 cur_verts=5547 observed_verts=0
a,5582,STATE_EVIDENCE_WINDOW,71,,STATE_EVIDENCE_WINDOW inst=71 after=140500000000 latest_measured_support=0 through=140500000000 projected=0 support=0 contradiction=0 reliable=599 reliable_in_view=0 reliable_seen_through=0 absence_llr=0 absent_samples=0 total_samples=0 absence_coverage_sufficient=0
a,5583,STATE_SLICE,71,140500000000,STATE_SLICE inst=71 stamp=140500000000 inherited_sup=0 inherited_con=0 inherited_samples=0 inherited_supported=0 inherited_free=0 inherited_repl_other=0 inherited_repl_bg=0 inherited_occ=0 inherited_unobs=0 session_sup=0 session_con=0 session_samples=0 cur_verts=5406 candidate_verts=0
a,5584,EVIDENCE,71,,EVIDENCE inst=71 inherited_support=0 inherited_contradiction=0 session_support=0 session_contradiction=0 inherited_absent_flag=0 cur_verts=5406 observed_verts=0
a,5585,STATE_EVIDENCE_WINDOW,72,,STATE_EVIDENCE_WINDOW inst=72 after=140500000000 latest_measured_support=0 through=140500000000 projected=0 support=0 contradiction=0 reliable=374 reliable_in_view=0 reliable_seen_through=0 absence_llr=0 absent_samples=0 total_samples=0 absence_coverage_sufficient=0
a,5586,STATE_SLICE,72,140500000000,STATE_SLICE inst=72 stamp=140500000000 inherited_sup=0 inherited_con=0 inherited_samples=0 inherited_supported=0 inherited_free=0 inherited_repl_other=0 inherited_repl_bg=0 inherited_occ=0 inherited_unobs=0 session_sup=0 session_con=0 session_samples=0 cur_verts=4605 candidate_verts=0
a,5587,EVIDENCE,72,,EVIDENCE inst=72 inherited_support=0 inherited_contradiction=0 session_support=0 session_contradiction=0 inherited_absent_flag=0 cur_verts=4605 observed_verts=0
a,5588,STATE_EVIDENCE_WINDOW,77,,STATE_EVIDENCE_WINDOW inst=77 after=101266666667 latest_measured_support=0 through=140500000000 projected=0 support=0 contradiction=0 reliable=573 reliable_in_view=0 reliable_seen_through=0 absence_llr=0 absent_samples=0 total_samples=1926 absence_coverage_sufficient=0
a,5589,STATE_SLICE,77,140500000000,STATE_SLICE inst=77 stamp=140500000000 inherited_sup=0 inherited_con=0 inherited_samples=1926 inherited_supported=0 inherited_free=0 inherited_repl_other=0 inherited_repl_bg=0 inherited_occ=0 inherited_unobs=1926 session_sup=0 session_con=0 session_samples=0 cur_verts=5778 candidate_verts=0
a,5590,EVIDENCE,77,,EVIDENCE inst=77 inherited_support=0 inherited_contradiction=0 session_support=0 session_contradiction=0 inherited_absent_flag=0 cur_verts=5778 observed_verts=0
a,5591,STATE_EVIDENCE_WINDOW,88,,STATE_EVIDENCE_WINDOW inst=88 after=100100000000 latest_measured_support=0 through=140500000000 projected=0 support=0 contradiction=0 reliable=157 reliable_in_view=0 reliable_seen_through=0 absence_llr=0 absent_samples=0 total_samples=473 absence_coverage_sufficient=0
a,5592,STATE_SLICE,88,140500000000,STATE_SLICE inst=88 stamp=140500000000 inherited_sup=0 inherited_con=0 inherited_samples=473 inherited_supported=0 inherited_free=0 inherited_repl_other=0 inherited_repl_bg=0 inherited_occ=0 inherited_unobs=473 session_sup=0 session_con=0 session_samples=0 cur_verts=1419 candidate_verts=0
a,5593,EVIDENCE,88,,EVIDENCE inst=88 inherited_support=0 inherited_contradiction=0 session_support=0 session_contradiction=0 inherited_absent_flag=0 cur_verts=1419 observed_verts=0
a,5594,STATE_EVIDENCE_WINDOW,89,,STATE_EVIDENCE_WINDOW inst=89 after=136233333333 latest_measured_support=0 through=140500000000 projected=0 support=0 contradiction=0 reliable=632 reliable_in_view=0 reliable_seen_through=0 absence_llr=0 absent_samples=0 total_samples=6016 absence_coverage_sufficient=0
a,5595,STATE_SLICE,89,140500000000,STATE_SLICE inst=89 stamp=140500000000 inherited_sup=0 inherited_con=0 inherited_samples=6016 inherited_supported=0 inherited_free=0 inherited_repl_other=0 inherited_repl_bg=0 inherited_occ=0 inherited_unobs=6016 session_sup=0 session_con=0 session_samples=0 cur_verts=18048 candidate_verts=0
a,5596,EVIDENCE,89,,EVIDENCE inst=89 inherited_support=0 inherited_contradiction=0 session_support=0 session_contradiction=0 inherited_absent_flag=0 cur_verts=18048 observed_verts=0
a,5597,STATE_EVIDENCE_WINDOW,108,,STATE_EVIDENCE_WINDOW inst=108 after=131000000000 latest_measured_support=0 through=140500000000 projected=1 support=0 contradiction=1 reliable=448 reliable_in_view=0 reliable_seen_through=0 absence_llr=0 absent_samples=1 total_samples=136 absence_coverage_sufficient=0
a,5598,STATE_SLICE,108,140500000000,STATE_SLICE inst=108 stamp=140500000000 inherited_sup=0 inherited_con=1 inherited_samples=136 inherited_supported=0 inherited_free=1 inherited_repl_other=0 inherited_repl_bg=0 inherited_occ=857 inherited_unobs=0 session_sup=0 session_con=0 session_samples=0 cur_verts=6105 candidate_verts=0
a,5599,EVIDENCE,108,,EVIDENCE inst=108 inherited_support=0 inherited_contradiction=1 session_support=0 session_contradiction=0 inherited_absent_flag=0 cur_verts=6105 observed_verts=0
a,5600,STATE_EVIDENCE_WINDOW,109,,STATE_EVIDENCE_WINDOW inst=109 after=140500000000 latest_measured_support=0 through=140500000000 projected=0 support=0 contradiction=0 reliable=402 reliable_in_view=0 reliable_seen_through=0 absence_llr=0 absent_samples=0 total_samples=0 absence_coverage_sufficient=0
a,5601,STATE_SLICE,109,140500000000,STATE_SLICE inst=109 stamp=140500000000 inherited_sup=0 inherited_con=0 inherited_samples=0 inherited_supported=0 inherited_free=0 inherited_repl_other=0 inherited_repl_bg=0 inherited_occ=0 inherited_unobs=0 session_sup=0 session_con=0 session_samples=0 cur_verts=39831 candidate_verts=0
a,5602,EVIDENCE,109,,EVIDENCE inst=109 inherited_support=0 inherited_contradiction=0 session_support=0 session_contradiction=0 inherited_absent_flag=0 cur_verts=39831 observed_verts=0
a,5603,STATE_EVIDENCE_WINDOW,112,,STATE_EVIDENCE_WINDOW inst=112 after=87333333333 latest_measured_support=0 through=140500000000 projected=0 support=0 contradiction=0 reliable=739 reliable_in_view=0 reliable_seen_through=0 absence_llr=0 absent_samples=0 total_samples=5750 absence_coverage_sufficient=0
a,5604,STATE_SLICE,112,140500000000,STATE_SLICE inst=112 stamp=140500000000 inherited_sup=0 inherited_con=0 inherited_samples=5750 inherited_supported=0 inherited_free=0 inherited_repl_other=0 inherited_repl_bg=0 inherited_occ=0 inherited_unobs=5750 session_sup=0 session_con=0 session_samples=0 cur_verts=17250 candidate_verts=0
a,5605,EVIDENCE,112,,EVIDENCE inst=112 inherited_support=0 inherited_contradiction=0 session_support=0 session_contradiction=0 inherited_absent_flag=0 cur_verts=17250 observed_verts=0
a,5606,STATE_EVIDENCE_WINDOW,121,,STATE_EVIDENCE_WINDOW inst=121 after=49166666667 latest_measured_support=0 through=140500000000 projected=0 support=0 contradiction=0 reliable=6 reliable_in_view=0 reliable_seen_through=0 absence_llr=0.28449 absent_samples=0 total_samples=146 absence_coverage_sufficient=0
a,5607,STATE_SLICE,121,140500000000,STATE_SLICE inst=121 stamp=140500000000 inherited_sup=0 inherited_con=0 inherited_samples=146 inherited_supported=0 inherited_free=0 inherited_repl_other=0 inherited_repl_bg=0 inherited_occ=64 inherited_unobs=3 session_sup=0 session_con=0 session_samples=0 cur_verts=438 candidate_verts=0
a,5608,EVIDENCE,121,,EVIDENCE inst=121 inherited_support=0 inherited_contradiction=0 session_support=0 session_contradiction=0 inherited_absent_flag=0 cur_verts=438 observed_verts=0
a,5609,STATE_EVIDENCE_WINDOW,126,,STATE_EVIDENCE_WINDOW inst=126 after=114600000000 latest_measured_support=0 through=140500000000 projected=0 support=0 contradiction=0 reliable=106 reliable_in_view=0 reliable_seen_through=0 absence_llr=0 absent_samples=0 total_samples=134 absence_coverage_sufficient=0
a,5610,STATE_SLICE,126,140500000000,STATE_SLICE inst=126 stamp=140500000000 inherited_sup=0 inherited_con=0 inherited_samples=134 inherited_supported=0 inherited_free=0 inherited_repl_other=0 inherited_repl_bg=0 inherited_occ=0 inherited_unobs=134 session_sup=0 session_con=0 session_samples=0 cur_verts=402 candidate_verts=0
a,5611,EVIDENCE,126,,EVIDENCE inst=126 inherited_support=0 inherited_contradiction=0 session_support=0 session_contradiction=0 inherited_absent_flag=0 cur_verts=402 observed_verts=0
a,5612,STATE_EVIDENCE_WINDOW,128,,STATE_EVIDENCE_WINDOW inst=128 after=114366666667 latest_measured_support=0 through=140500000000 projected=0 support=0 contradiction=0 reliable=40 reliable_in_view=0 reliable_seen_through=0 absence_llr=0 absent_samples=0 total_samples=79 absence_coverage_sufficient=0
a,5613,STATE_SLICE,128,140500000000,STATE_SLICE inst=128 stamp=140500000000 inherited_sup=0 inherited_con=0 inherited_samples=79 inherited_supported=0 inherited_free=0 inherited_repl_other=0 inherited_repl_bg=0 inherited_occ=0 inherited_unobs=79 session_sup=0 session_con=0 session_samples=0 cur_verts=237 candidate_verts=0
a,5614,EVIDENCE,128,,EVIDENCE inst=128 inherited_support=0 inherited_contradiction=0 session_support=0 session_contradiction=0 inherited_absent_flag=0 cur_verts=237 observed_verts=0
a,5615,STATE_EVIDENCE_WINDOW,132,,STATE_EVIDENCE_WINDOW inst=132 after=76833333333 latest_measured_support=0 through=140500000000 projected=0 support=0 contradiction=0 reliable=26 reliable_in_view=0 reliable_seen_through=0 absence_llr=0 absent_samples=0 total_samples=61 absence_coverage_sufficient=0
a,5616,STATE_SLICE,132,140500000000,STATE_SLICE inst=132 stamp=140500000000 inherited_sup=0 inherited_con=0 inherited_samples=61 inherited_supported=0 inherited_free=0 inherited_repl_other=0 inherited_repl_bg=0 inherited_occ=0 inherited_unobs=61 session_sup=0 session_con=0 session_samples=0 cur_verts=183 candidate_verts=0
a,5617,EVIDENCE,132,,EVIDENCE inst=132 inherited_support=0 inherited_contradiction=0 session_support=0 session_contradiction=0 inherited_absent_flag=0 cur_verts=183 observed_verts=0
a,5618,STATE_EVIDENCE_WINDOW,135,,STATE_EVIDENCE_WINDOW inst=135 after=44533333333 latest_measured_support=0 through=140500000000 projected=0 support=0 contradiction=0 reliable=659 reliable_in_view=0 reliable_seen_through=0 absence_llr=0 absent_samples=0 total_samples=1371 absence_coverage_sufficient=0
a,5619,STATE_SLICE,135,140500000000,STATE_SLICE inst=135 stamp=140500000000 inherited_sup=0 inherited_con=0 inherited_samples=1371 inherited_supported=0 inherited_free=0 inherited_repl_other=0 inherited_repl_bg=0 inherited_occ=0 inherited_unobs=1371 session_sup=0 session_con=0 session_samples=0 cur_verts=4113 candidate_verts=0
a,5620,EVIDENCE,135,,EVIDENCE inst=135 inherited_support=0 inherited_contradiction=0 session_support=0 session_contradiction=0 inherited_absent_flag=0 cur_verts=4113 observed_verts=0
a,5621,STATE_EVIDENCE_WINDOW,136,,STATE_EVIDENCE_WINDOW inst=136 after=136166666667 latest_measured_support=0 through=140500000000 projected=1 support=0 contradiction=2 reliable=1045 reliable_in_view=0 reliable_seen_through=0 absence_llr=0 absent_samples=2 total_samples=205 absence_coverage_sufficient=0
a,5622,STATE_SLICE,136,140500000000,STATE_SLICE inst=136 stamp=140500000000 inherited_sup=0 inherited_con=2 inherited_samples=205 inherited_supported=0 inherited_free=0 inherited_repl_other=0 inherited_repl_bg=2 inherited_occ=0 inherited_unobs=203 session_sup=0 session_con=0 session_samples=0 cur_verts=14100 candidate_verts=0
a,5623,EVIDENCE,136,,EVIDENCE inst=136 inherited_support=0 inherited_contradiction=2 session_support=0 session_contradiction=0 inherited_absent_flag=0 cur_verts=14100 observed_verts=0
a,5624,STATE_EVIDENCE_WINDOW,141,,STATE_EVIDENCE_WINDOW inst=141 after=47700000000 latest_measured_support=0 through=140500000000 projected=0 support=0 contradiction=0 reliable=247 reliable_in_view=0 reliable_seen_through=0 absence_llr=0 absent_samples=0 total_samples=787 absence_coverage_sufficient=0
a,5625,STATE_SLICE,141,140500000000,STATE_SLICE inst=141 stamp=140500000000 inherited_sup=0 inherited_con=0 inherited_samples=787 inherited_supported=0 inherited_free=0 inherited_repl_other=0 inherited_repl_bg=0 inherited_occ=0 inherited_unobs=787 session_sup=0 session_con=0 session_samples=0 cur_verts=2361 candidate_verts=0
a,5626,EVIDENCE,141,,EVIDENCE inst=141 inherited_support=0 inherited_contradiction=0 session_support=0 session_contradiction=0 inherited_absent_flag=0 cur_verts=2361 observed_verts=0
a,5627,STATE_EVIDENCE_WINDOW,142,,STATE_EVIDENCE_WINDOW inst=142 after=47066666667 latest_measured_support=0 through=140500000000 projected=0 support=0 contradiction=0 reliable=242 reliable_in_view=0 reliable_seen_through=0 absence_llr=0 absent_samples=0 total_samples=748 absence_coverage_sufficient=0
a,5628,STATE_SLICE,142,140500000000,STATE_SLICE inst=142 stamp=140500000000 inherited_sup=0 inherited_con=0 inherited_samples=748 inherited_supported=0 inherited_free=0 inherited_repl_other=0 inherited_repl_bg=0 inherited_occ=0 inherited_unobs=748 session_sup=0 session_con=0 session_samples=0 cur_verts=2244 candidate_verts=0
a,5629,EVIDENCE,142,,EVIDENCE inst=142 inherited_support=0 inherited_contradiction=0 session_support=0 session_contradiction=0 inherited_absent_flag=0 cur_verts=2244 observed_verts=0
a,5630,STATE_EVIDENCE_WINDOW,143,,STATE_EVIDENCE_WINDOW inst=143 after=47766666667 latest_measured_support=0 through=140500000000 projected=0 support=0 contradiction=0 reliable=256 reliable_in_view=0 reliable_seen_through=0 absence_llr=0 absent_samples=0 total_samples=733 absence_coverage_sufficient=0
a,5631,STATE_SLICE,143,140500000000,STATE_SLICE inst=143 stamp=140500000000 inherited_sup=0 inherited_con=0 inherited_samples=733 inherited_supported=0 inherited_free=0 inherited_repl_other=0 inherited_repl_bg=0 inherited_occ=0 inherited_unobs=733 session_sup=0 session_con=0 session_samples=0 cur_verts=2199 candidate_verts=0
a,5632,EVIDENCE,143,,EVIDENCE inst=143 inherited_support=0 inherited_contradiction=0 session_support=0 session_contradiction=0 inherited_absent_flag=0 cur_verts=2199 observed_verts=0
a,5633,STATE_EVIDENCE_WINDOW,144,,STATE_EVIDENCE_WINDOW inst=144 after=47133333333 latest_measured_support=0 through=140500000000 projected=0 support=0 contradiction=0 reliable=192 reliable_in_view=0 reliable_seen_through=0 absence_llr=0 absent_samples=0 total_samples=651 absence_coverage_sufficient=0
a,5634,STATE_SLICE,144,140500000000,STATE_SLICE inst=144 stamp=140500000000 inherited_sup=0 inherited_con=0 inherited_samples=651 inherited_supported=0 inherited_free=0 inherited_repl_other=0 inherited_repl_bg=0 inherited_occ=0 inherited_unobs=651 session_sup=0 session_con=0 session_samples=0 cur_verts=1953 candidate_verts=0
a,5635,EVIDENCE,144,,EVIDENCE inst=144 inherited_support=0 inherited_contradiction=0 session_support=0 session_contradiction=0 inherited_absent_flag=0 cur_verts=1953 observed_verts=0
a,5636,STATE_EVIDENCE_WINDOW,145,,STATE_EVIDENCE_WINDOW inst=145 after=47166666667 latest_measured_support=0 through=140500000000 projected=0 support=0 contradiction=0 reliable=5 reliable_in_view=0 reliable_seen_through=0 absence_llr=0 absent_samples=0 total_samples=33 absence_coverage_sufficient=0
a,5637,STATE_SLICE,145,140500000000,STATE_SLICE inst=145 stamp=140500000000 inherited_sup=0 inherited_con=0 inherited_samples=33 inherited_supported=0 inherited_free=0 inherited_repl_other=0 inherited_repl_bg=0 inherited_occ=0 inherited_unobs=33 session_sup=0 session_con=0 session_samples=0 cur_verts=99 candidate_verts=0
a,5638,EVIDENCE,145,,EVIDENCE inst=145 inherited_support=0 inherited_contradiction=0 session_support=0 session_contradiction=0 inherited_absent_flag=0 cur_verts=99 observed_verts=0
a,5639,STATE_EVIDENCE_WINDOW,146,,STATE_EVIDENCE_WINDOW inst=146 after=47800000000 latest_measured_support=0 through=140500000000 projected=0 support=0 contradiction=0 reliable=0 reliable_in_view=0 reliable_seen_through=0 absence_llr=0 absent_samples=0 total_samples=20 absence_coverage_sufficient=0
a,5640,STATE_SLICE,146,140500000000,STATE_SLICE inst=146 stamp=140500000000 inherited_sup=0 inherited_con=0 inherited_samples=20 inherited_supported=0 inherited_free=0 inherited_repl_other=0 inherited_repl_bg=0 inherited_occ=0 inherited_unobs=20 session_sup=0 session_con=0 session_samples=0 cur_verts=60 candidate_verts=0
a,5641,EVIDENCE,146,,EVIDENCE inst=146 inherited_support=0 inherited_contradiction=0 session_support=0 session_contradiction=0 inherited_absent_flag=0 cur_verts=60 observed_verts=0
a,5642,STATE_EVIDENCE_WINDOW,147,,STATE_EVIDENCE_WINDOW inst=147 after=140500000000 latest_measured_support=0 through=140500000000 projected=0 support=0 contradiction=0 reliable=125 reliable_in_view=0 reliable_seen_through=0 absence_llr=0 absent_samples=0 total_samples=0 absence_coverage_sufficient=0
a,5643,STATE_SLICE,147,140500000000,STATE_SLICE inst=147 stamp=140500000000 inherited_sup=0 inherited_con=0 inherited_samples=0 inherited_supported=0 inherited_free=0 inherited_repl_other=0 inherited_repl_bg=0 inherited_occ=0 inherited_unobs=0 session_sup=0 session_con=0 session_samples=0 cur_verts=2064 candidate_verts=0
a,5644,EVIDENCE,147,,EVIDENCE inst=147 inherited_support=0 inherited_contradiction=0 session_support=0 session_contradiction=0 inherited_absent_flag=0 cur_verts=2064 observed_verts=0
a,5645,STATE_EVIDENCE_WINDOW,148,,STATE_EVIDENCE_WINDOW inst=148 after=138866666667 latest_measured_support=0 through=140500000000 projected=0 support=0 contradiction=0 reliable=35 reliable_in_view=0 reliable_seen_through=0 absence_llr=0 absent_samples=0 total_samples=463 absence_coverage_sufficient=0
a,5646,STATE_SLICE,148,140500000000,STATE_SLICE inst=148 stamp=140500000000 inherited_sup=0 inherited_con=0 inherited_samples=463 inherited_supported=0 inherited_free=0 inherited_repl_other=0 inherited_repl_bg=0 inherited_occ=0 inherited_unobs=463 session_sup=0 session_con=0 session_samples=0 cur_verts=1389 candidate_verts=0
a,5647,EVIDENCE,148,,EVIDENCE inst=148 inherited_support=0 inherited_contradiction=0 session_support=0 session_contradiction=0 inherited_absent_flag=0 cur_verts=1389 observed_verts=0
a,5648,STATE_EVIDENCE_WINDOW,149,,STATE_EVIDENCE_WINDOW inst=149 after=140500000000 latest_measured_support=0 through=140500000000 projected=0 support=0 contradiction=0 reliable=191 reliable_in_view=0 reliable_seen_through=0 absence_llr=0 absent_samples=0 total_samples=0 absence_coverage_sufficient=0
a,5649,STATE_SLICE,149,140500000000,STATE_SLICE inst=149 stamp=140500000000 inherited_sup=0 inherited_con=0 inherited_samples=0 inherited_supported=0 inherited_free=0 inherited_repl_other=0 inherited_repl_bg=0 inherited_occ=0 inherited_unobs=0 session_sup=0 session_con=0 session_samples=0 cur_verts=3804 candidate_verts=0
a,5650,EVIDENCE,149,,EVIDENCE inst=149 inherited_support=0 inherited_contradiction=0 session_support=0 session_contradiction=0 inherited_absent_flag=0 cur_verts=3804 observed_verts=0
a,5651,STATE_EVIDENCE_WINDOW,153,,STATE_EVIDENCE_WINDOW inst=153 after=76933333333 latest_measured_support=0 through=140500000000 projected=0 support=0 contradiction=0 reliable=520 reliable_in_view=0 reliable_seen_through=0 absence_llr=0 absent_samples=0 total_samples=620 absence_coverage_sufficient=0
a,5652,STATE_SLICE,153,140500000000,STATE_SLICE inst=153 stamp=140500000000 inherited_sup=0 inherited_con=0 inherited_samples=620 inherited_supported=0 inherited_free=0 inherited_repl_other=0 inherited_repl_bg=0 inherited_occ=0 inherited_unobs=489 session_sup=0 session_con=0 session_samples=0 cur_verts=1860 candidate_verts=0
a,5653,EVIDENCE,153,,EVIDENCE inst=153 inherited_support=0 inherited_contradiction=0 session_support=0 session_contradiction=0 inherited_absent_flag=0 cur_verts=1860 observed_verts=0
a,5654,STATE_EVIDENCE_WINDOW,155,,STATE_EVIDENCE_WINDOW inst=155 after=117100000000 latest_measured_support=0 through=140500000000 projected=1 support=0 contradiction=4 reliable=1292 reliable_in_view=0 reliable_seen_through=0 absence_llr=0 absent_samples=4 total_samples=436 absence_coverage_sufficient=0
a,5655,STATE_SLICE,155,140500000000,STATE_SLICE inst=155 stamp=140500000000 inherited_sup=0 inherited_con=4 inherited_samples=436 inherited_supported=0 inherited_free=4 inherited_repl_other=0 inherited_repl_bg=0 inherited_occ=391 inherited_unobs=330 session_sup=0 session_con=0 session_samples=0 cur_verts=8424 candidate_verts=0
a,5656,EVIDENCE,155,,EVIDENCE inst=155 inherited_support=0 inherited_contradiction=4 session_support=0 session_contradiction=0 inherited_absent_flag=0 cur_verts=8424 observed_verts=0
a,5657,STATE_EVIDENCE_WINDOW,156,,STATE_EVIDENCE_WINDOW inst=156 after=140500000000 latest_measured_support=0 through=140500000000 projected=0 support=0 contradiction=0 reliable=847 reliable_in_view=0 reliable_seen_through=0 absence_llr=0 absent_samples=0 total_samples=0 absence_coverage_sufficient=0
a,5658,STATE_SLICE,156,140500000000,STATE_SLICE inst=156 stamp=140500000000 inherited_sup=0 inherited_con=0 inherited_samples=0 inherited_supported=0 inherited_free=0 inherited_repl_other=0 inherited_repl_bg=0 inherited_occ=0 inherited_unobs=0 session_sup=0 session_con=0 session_samples=0 cur_verts=10854 candidate_verts=0
a,5659,EVIDENCE,156,,EVIDENCE inst=156 inherited_support=0 inherited_contradiction=0 session_support=0 session_contradiction=0 inherited_absent_flag=0 cur_verts=10854 observed_verts=0
a,5660,STATE_EVIDENCE_WINDOW,161,,STATE_EVIDENCE_WINDOW inst=161 after=140500000000 latest_measured_support=0 through=140500000000 projected=0 support=0 contradiction=0 reliable=294 reliable_in_view=0 reliable_seen_through=0 absence_llr=0 absent_samples=0 total_samples=0 absence_coverage_sufficient=0
a,5661,STATE_SLICE,161,140500000000,STATE_SLICE inst=161 stamp=140500000000 inherited_sup=0 inherited_con=0 inherited_samples=0 inherited_supported=0 inherited_free=0 inherited_repl_other=0 inherited_repl_bg=0 inherited_occ=0 inherited_unobs=0 session_sup=0 session_con=0 session_samples=0 cur_verts=3219 candidate_verts=0
a,5662,EVIDENCE,161,,EVIDENCE inst=161 inherited_support=0 inherited_contradiction=0 session_support=0 session_contradiction=0 inherited_absent_flag=0 cur_verts=3219 observed_verts=0
a,5663,STATE_EVIDENCE_WINDOW,162,,STATE_EVIDENCE_WINDOW inst=162 after=140500000000 latest_measured_support=0 through=140500000000 projected=0 support=0 contradiction=0 reliable=263 reliable_in_view=0 reliable_seen_through=0 absence_llr=0 absent_samples=0 total_samples=0 absence_coverage_sufficient=0
a,5664,STATE_SLICE,162,140500000000,STATE_SLICE inst=162 stamp=140500000000 inherited_sup=0 inherited_con=0 inherited_samples=0 inherited_supported=0 inherited_free=0 inherited_repl_other=0 inherited_repl_bg=0 inherited_occ=0 inherited_unobs=0 session_sup=0 session_con=0 session_samples=0 cur_verts=2715 candidate_verts=0
a,5665,EVIDENCE,162,,EVIDENCE inst=162 inherited_support=0 inherited_contradiction=0 session_support=0 session_contradiction=0 inherited_absent_flag=0 cur_verts=2715 observed_verts=0
a,5666,STATE_EVIDENCE_WINDOW,163,,STATE_EVIDENCE_WINDOW inst=163 after=114700000000 latest_measured_support=0 through=140500000000 projected=0 support=0 contradiction=0 reliable=654 reliable_in_view=0 reliable_seen_through=0 absence_llr=0 absent_samples=0 total_samples=931 absence_coverage_sufficient=0
a,5667,STATE_SLICE,163,140500000000,STATE_SLICE inst=163 stamp=140500000000 inherited_sup=0 inherited_con=0 inherited_samples=931 inherited_supported=0 inherited_free=0 inherited_repl_other=0 inherited_repl_bg=0 inherited_occ=0 inherited_unobs=931 session_sup=0 session_con=0 session_samples=0 cur_verts=2793 candidate_verts=0
a,5668,EVIDENCE,163,,EVIDENCE inst=163 inherited_support=0 inherited_contradiction=0 session_support=0 session_contradiction=0 inherited_absent_flag=0 cur_verts=2793 observed_verts=0
a,5669,STATE_EVIDENCE_WINDOW,164,,STATE_EVIDENCE_WINDOW inst=164 after=118866666667 latest_measured_support=0 through=140500000000 projected=1 support=0 contradiction=3118 reliable=391 reliable_in_view=0 reliable_seen_through=0 absence_llr=3.92378 absent_samples=78 total_samples=88 absence_coverage_sufficient=0
a,5670,STATE_SLICE,164,140500000000,STATE_SLICE inst=164 stamp=140500000000 inherited_sup=0 inherited_con=3118 inherited_samples=88 inherited_supported=0 inherited_free=2595 inherited_repl_other=0 inherited_repl_bg=568 inherited_occ=372 inherited_unobs=0 session_sup=0 session_con=0 session_samples=0 cur_verts=5253 candidate_verts=0
a,5671,EVIDENCE,164,,EVIDENCE inst=164 inherited_support=0 inherited_contradiction=3118 session_support=0 session_contradiction=0 inherited_absent_flag=0 cur_verts=5253 observed_verts=6633
a,5672,MOBILITY_PRIOR,164,,MOBILITY_PRIOR inst=164 session=0 class=35 changes=0 continuations=0 alpha=2.92857 beta=0.0714286 q=0.97619
a,5673,EXTENT_POSTERIOR,164,,EXTENT_POSTERIOR inst=164 same_site_probability=0 change_prior=0.97619 different_site=1
a,5674,TOP_CLOSE,164,,TOP_CLOSE inst=164 by_new_site=1 by_observed_absence=0 support=0 contradiction=0 cur_verts=5253
a,5675,STATE_EVIDENCE_WINDOW,165,,STATE_EVIDENCE_WINDOW inst=165 after=48166666667 latest_measured_support=0 through=140500000000 projected=0 support=0 contradiction=0 reliable=136 reliable_in_view=0 reliable_seen_through=0 absence_llr=0 absent_samples=0 total_samples=457 absence_coverage_sufficient=0
a,5676,STATE_SLICE,165,140500000000,STATE_SLICE inst=165 stamp=140500000000 inherited_sup=0 inherited_con=0 inherited_samples=457 inherited_supported=0 inherited_free=0 inherited_repl_other=0 inherited_repl_bg=0 inherited_occ=164 inherited_unobs=251 session_sup=0 session_con=0 session_samples=0 cur_verts=1371 candidate_verts=0
a,5677,EVIDENCE,165,,EVIDENCE inst=165 inherited_support=0 inherited_contradiction=0 session_support=0 session_contradiction=0 inherited_absent_flag=0 cur_verts=1371 observed_verts=0
a,5678,STATE_EVIDENCE_WINDOW,166,,STATE_EVIDENCE_WINDOW inst=166 after=44733333333 latest_measured_support=0 through=140500000000 projected=0 support=0 contradiction=0 reliable=193 reliable_in_view=0 reliable_seen_through=0 absence_llr=0 absent_samples=0 total_samples=599 absence_coverage_sufficient=0
a,5679,STATE_SLICE,166,140500000000,STATE_SLICE inst=166 stamp=140500000000 inherited_sup=0 inherited_con=0 inherited_samples=599 inherited_supported=0 inherited_free=0 inherited_repl_other=0 inherited_repl_bg=0 inherited_occ=0 inherited_unobs=599 session_sup=0 session_con=0 session_samples=0 cur_verts=1797 candidate_verts=0
a,5680,EVIDENCE,166,,EVIDENCE inst=166 inherited_support=0 inherited_contradiction=0 session_support=0 session_contradiction=0 inherited_absent_flag=0 cur_verts=1797 observed_verts=0
a,5681,STATE_EVIDENCE_WINDOW,167,,STATE_EVIDENCE_WINDOW inst=167 after=140500000000 latest_measured_support=0 through=140500000000 projected=0 support=0 contradiction=0 reliable=321 reliable_in_view=0 reliable_seen_through=0 absence_llr=0 absent_samples=0 total_samples=0 absence_coverage_sufficient=0
a,5682,STATE_SLICE,167,140500000000,STATE_SLICE inst=167 stamp=140500000000 inherited_sup=0 inherited_con=0 inherited_samples=0 inherited_supported=0 inherited_free=0 inherited_repl_other=0 inherited_repl_bg=0 inherited_occ=0 inherited_unobs=0 session_sup=0 session_con=0 session_samples=0 cur_verts=4998 candidate_verts=0
a,5683,EVIDENCE,167,,EVIDENCE inst=167 inherited_support=0 inherited_contradiction=0 session_support=0 session_contradiction=0 inherited_absent_flag=0 cur_verts=4998 observed_verts=0
a,5684,STATE_EVIDENCE_WINDOW,171,,STATE_EVIDENCE_WINDOW inst=171 after=140500000000 latest_measured_support=0 through=140500000000 projected=0 support=0 contradiction=0 reliable=1011 reliable_in_view=0 reliable_seen_through=0 absence_llr=0 absent_samples=0 total_samples=0 absence_coverage_sufficient=0
a,5685,STATE_SLICE,171,140500000000,STATE_SLICE inst=171 stamp=140500000000 inherited_sup=0 inherited_con=0 inherited_samples=0 inherited_supported=0 inherited_free=0 inherited_repl_other=0 inherited_repl_bg=0 inherited_occ=0 inherited_unobs=0 session_sup=0 session_con=0 session_samples=0 cur_verts=15894 candidate_verts=0
a,5686,EVIDENCE,171,,EVIDENCE inst=171 inherited_support=0 inherited_contradiction=0 session_support=0 session_contradiction=0 inherited_absent_flag=0 cur_verts=15894 observed_verts=0
a,5687,STATE_EVIDENCE_WINDOW,172,,STATE_EVIDENCE_WINDOW inst=172 after=49200000000 latest_measured_support=0 through=140500000000 projected=0 support=0 contradiction=0 reliable=719 reliable_in_view=0 reliable_seen_through=0 absence_llr=0 absent_samples=0 total_samples=1554 absence_coverage_sufficient=0
a,5688,STATE_SLICE,172,140500000000,STATE_SLICE inst=172 stamp=140500000000 inherited_sup=0 inherited_con=0 inherited_samples=1554 inherited_supported=0 inherited_free=0 inherited_repl_other=0 inherited_repl_bg=0 inherited_occ=2272 inherited_unobs=0 session_sup=0 session_con=0 session_samples=0 cur_verts=4662 candidate_verts=0
a,5689,EVIDENCE,172,,EVIDENCE inst=172 inherited_support=0 inherited_contradiction=0 session_support=0 session_contradiction=0 inherited_absent_flag=0 cur_verts=4662 observed_verts=0
a,5690,STATE_EVIDENCE_WINDOW,173,,STATE_EVIDENCE_WINDOW inst=173 after=135900000000 latest_measured_support=0 through=140500000000 projected=0 support=0 contradiction=0 reliable=249 reliable_in_view=0 reliable_seen_through=0 absence_llr=0 absent_samples=0 total_samples=405 absence_coverage_sufficient=0
a,5691,STATE_SLICE,173,140500000000,STATE_SLICE inst=173 stamp=140500000000 inherited_sup=0 inherited_con=0 inherited_samples=405 inherited_supported=0 inherited_free=0 inherited_repl_other=0 inherited_repl_bg=0 inherited_occ=0 inherited_unobs=405 session_sup=0 session_con=0 session_samples=0 cur_verts=1215 candidate_verts=0
a,5692,EVIDENCE,173,,EVIDENCE inst=173 inherited_support=0 inherited_contradiction=0 session_support=0 session_contradiction=0 inherited_absent_flag=0 cur_verts=1215 observed_verts=0
a,5693,STATE_EVIDENCE_WINDOW,174,,STATE_EVIDENCE_WINDOW inst=174 after=114233333333 latest_measured_support=0 through=140500000000 projected=0 support=0 contradiction=0 reliable=300 reliable_in_view=0 reliable_seen_through=0 absence_llr=0 absent_samples=0 total_samples=346 absence_coverage_sufficient=0
a,5694,STATE_SLICE,174,140500000000,STATE_SLICE inst=174 stamp=140500000000 inherited_sup=0 inherited_con=0 inherited_samples=346 inherited_supported=0 inherited_free=0 inherited_repl_other=0 inherited_repl_bg=0 inherited_occ=0 inherited_unobs=346 session_sup=0 session_con=0 session_samples=0 cur_verts=1038 candidate_verts=0
a,5695,EVIDENCE,174,,EVIDENCE inst=174 inherited_support=0 inherited_contradiction=0 session_support=0 session_contradiction=0 inherited_absent_flag=0 cur_verts=1038 observed_verts=0
a,5696,STATE_EVIDENCE_WINDOW,175,,STATE_EVIDENCE_WINDOW inst=175 after=114500000000 latest_measured_support=0 through=140500000000 projected=0 support=0 contradiction=0 reliable=214 reliable_in_view=0 reliable_seen_through=0 absence_llr=0 absent_samples=0 total_samples=274 absence_coverage_sufficient=0
a,5697,STATE_SLICE,175,140500000000,STATE_SLICE inst=175 stamp=140500000000 inherited_sup=0 inherited_con=0 inherited_samples=274 inherited_supported=0 inherited_free=0 inherited_repl_other=0 inherited_repl_bg=0 inherited_occ=0 inherited_unobs=274 session_sup=0 session_con=0 session_samples=0 cur_verts=822 candidate_verts=0
a,5698,EVIDENCE,175,,EVIDENCE inst=175 inherited_support=0 inherited_contradiction=0 session_support=0 session_contradiction=0 inherited_absent_flag=0 cur_verts=822 observed_verts=0
a,5699,STATE_EVIDENCE_WINDOW,180,,STATE_EVIDENCE_WINDOW inst=180 after=80733333333 latest_measured_support=0 through=140500000000 projected=0 support=0 contradiction=0 reliable=63 reliable_in_view=0 reliable_seen_through=0 absence_llr=0 absent_samples=0 total_samples=88 absence_coverage_sufficient=0
a,5700,STATE_SLICE,180,140500000000,STATE_SLICE inst=180 stamp=140500000000 inherited_sup=0 inherited_con=0 inherited_samples=88 inherited_supported=0 inherited_free=0 inherited_repl_other=0 inherited_repl_bg=0 inherited_occ=0 inherited_unobs=88 session_sup=0 session_con=0 session_samples=0 cur_verts=264 candidate_verts=0
a,5701,EVIDENCE,180,,EVIDENCE inst=180 inherited_support=0 inherited_contradiction=0 session_support=0 session_contradiction=0 inherited_absent_flag=0 cur_verts=264 observed_verts=0
a,5702,STATE_EVIDENCE_WINDOW,205,,STATE_EVIDENCE_WINDOW inst=205 after=114166666667 latest_measured_support=0 through=140500000000 projected=0 support=0 contradiction=0 reliable=86 reliable_in_view=0 reliable_seen_through=0 absence_llr=2.19925 absent_samples=0 total_samples=360 absence_coverage_sufficient=0
a,5703,STATE_SLICE,205,140500000000,STATE_SLICE inst=205 stamp=140500000000 inherited_sup=0 inherited_con=0 inherited_samples=360 inherited_supported=0 inherited_free=0 inherited_repl_other=0 inherited_repl_bg=0 inherited_occ=0 inherited_unobs=360 session_sup=0 session_con=0 session_samples=0 cur_verts=1080 candidate_verts=0
a,5704,EVIDENCE,205,,EVIDENCE inst=205 inherited_support=0 inherited_contradiction=0 session_support=0 session_contradiction=0 inherited_absent_flag=0 cur_verts=1080 observed_verts=0
a,5705,BACKGROUND_STATE_CLOSURE,164,140500000000,BACKGROUND_STATE_CLOSURE inst=164 stamp=140500000000 last_support=109533333333 matched_vertices=318 absent_vertices=119
a,5706,TERMINAL_STATE_DRAIN,,140500000000,TERMINAL_STATE_DRAIN stamp=140500000000 closed=2
