Name,Accuracy@0.05,Accuracy@0.1,Accuracy@0.2,Accuracy@0.5,Completeness@0.05,Completeness@0.1,Completeness@0.2,Completeness@0.5,RMSE@0.05,RMSE@0.1,RMSE@0.2,RMSE@0.5,MAD@0.05,MAD@0.1,MAD@0.2,MAD@0.5,Chamfer@0.05,Chamfer@0.1,Chamfer@0.2,Chamfer@0.5,GTInliers@0.05,GTInliers@0.1,GTInliers@0.2,GTInliers@0.5,GTOutliers@0.05,GTOutliers@0.1,GTOutliers@0.2,GTOutliers@0.5,DSGInliers@0.05,DSGInliers@0.1,DSGInliers@0.2,DSGInliers@0.5,DSGOutliers@0.05,DSGOutliers@0.1,DSGOutliers@0.2,DSGOutliers@0.5,NumGTFailed,NumDSGFailed
0,0.809568,0.972108,0.996424,0.999837,0.647187,0.936346,0.981114,0.998306,0.0281911,0.0371835,0.0427697,0.0453527,0.0256127,0.0321223,0.0346921,0.0354381,0.0592485,0.0745232,0.0812458,0.0863003,1954636,2827955,2963163,3015087,1065567,192248,57040,5116,1771496,2127166,2180374,2187844,416704,61034,7826,356,0,0