frame,session,phase,session_checkpoint,session_time_s,source_time_s,ply,overlay,dynamic_history,dynamic_tracks,display_object_meshes,initial_vertices,removed_vertices,injected_vertices,final_vertices,prior_matched_objects,prior_restored_objects,prior_absent_objects,prior_unobserved_objects,cross_session_prior_vertices,cross_session_current_vertices,cross_session_prior_absent_vertices,cross_session_prior_persistent_vertices,cross_session_prior_unobserved_vertices,cross_session_current_injected_vertices
0,A,within_session,0,3.620000001,2.620000001,frames/frame_000_A_00.ply,frames/frame_000_A_00.json,diagnostics/A_dynamic_history.json,1,True,4289,0,0,4289,0,0,0,0,0,0,0,0,0,0
0,A,within_session,0,3.720000001,2.720000001,frames/frame_000_A_00.ply,frames/frame_000_A_00.json,diagnostics/A_dynamic_history.json,1,True,4289,0,0,4289,0,0,0,0,0,0,0,0,0,0
0,A,within_session,0,3.820000001,2.820000001,frames/frame_000_A_00.ply,frames/frame_000_A_00.json,diagnostics/A_dynamic_history.json,1,True,4289,0,0,4289,0,0,0,0,0,0,0,0,0,0
0,A,within_session,0,3.920000001,2.920000001,frames/frame_000_A_00.ply,frames/frame_000_A_00.json,diagnostics/A_dynamic_history.json,1,True,4289,0,0,4289,0,0,0,0,0,0,0,0,0,0
0,A,within_session,0,4.020000001,3.020000001,frames/frame_000_A_00.ply,frames/frame_000_A_00.json,diagnostics/A_dynamic_history.json,1,True,4289,0,0,4289,0,0,0,0,0,0,0,0,0,0
0,A,within_session,0,4.120000001,3.120000001,frames/frame_000_A_00.ply,frames/frame_000_A_00.json,diagnostics/A_dynamic_history.json,1,True,4289,0,0,4289,0,0,0,0,0,0,0,0,0,0
0,A,within_session,0,4.220000001,3.220000001,frames/frame_000_A_00.ply,frames/frame_000_A_00.json,diagnostics/A_dynamic_history.json,1,True,4289,0,0,4289,0,0,0,0,0,0,0,0,0,0
0,A,within_session,0,4.320000001,3.320000001,frames/frame_000_A_00.ply,frames/frame_000_A_00.json,diagnostics/A_dynamic_history.json,1,True,4289,0,0,4289,0,0,0,0,0,0,0,0,0,0
0,A,within_session,0,4.420000001,3.420000001,frames/frame_000_A_00.ply,frames/frame_000_A_00.json,diagnostics/A_dynamic_history.json,1,True,4289,0,0,4289,0,0,0,0,0,0,0,0,0,0
0,A,within_session,0,4.520000001,3.520000001,frames/frame_000_A_00.ply,frames/frame_000_A_00.json,diagnostics/A_dynamic_history.json,1,True,4289,0,0,4289,0,0,0,0,0,0,0,0,0,0
0,A,within_session,0,4.620000001,3.620000001,frames/frame_000_A_00.ply,frames/frame_000_A_00.json,diagnostics/A_dynamic_history.json,1,True,4289,0,0,4289,0,0,0,0,0,0,0,0,0,0
0,A,within_session,0,4.720000001,3.720000001,frames/frame_000_A_00.ply,frames/frame_000_A_00.json,diagnostics/A_dynamic_history.json,1,True,4289,0,0,4289,0,0,0,0,0,0,0,0,0,0
0,A,within_session,0,4.820000001,3.820000001,frames/frame_000_A_00.ply,frames/frame_000_A_00.json,diagnostics/A_dynamic_history.json,1,True,4289,0,0,4289,0,0,0,0,0,0,0,0,0,0
0,A,within_session,0,4.920000001,3.920000001,frames/frame_000_A_00.ply,frames/frame_000_A_00.json,diagnostics/A_dynamic_history.json,1,True,4289,0,0,4289,0,0,0,0,0,0,0,0,0,0
0,A,within_session,0,5.020000001,4.020000001,frames/frame_000_A_00.ply,frames/frame_000_A_00.json,diagnostics/A_dynamic_history.json,1,True,4289,0,0,4289,0,0,0,0,0,0,0,0,0,0
0,A,within_session,0,5.120000001,4.120000001,frames/frame_000_A_00.ply,frames/frame_000_A_00.json,diagnostics/A_dynamic_history.json,1,True,4289,0,0,4289,0,0,0,0,0,0,0,0,0,0
0,A,within_session,0,5.220000001,4.220000001,frames/frame_000_A_00.ply,frames/frame_000_A_00.json,diagnostics/A_dynamic_history.json,1,True,4289,0,0,4289,0,0,0,0,0,0,0,0,0,0
0,A,within_session,0,5.320000001,4.320000001,frames/frame_000_A_00.ply,frames/frame_000_A_00.json,diagnostics/A_dynamic_history.json,1,True,4289,0,0,4289,0,0,0,0,0,0,0,0,0,0
0,A,within_session,0,5.420000001,4.420000001,frames/frame_000_A_00.ply,frames/frame_000_A_00.json,diagnostics/A_dynamic_history.json,1,True,4289,0,0,4289,0,0,0,0,0,0,0,0,0,0
0,A,within_session,0,5.520000001,4.520000001,frames/frame_000_A_00.ply,frames/frame_000_A_00.json,diagnostics/A_dynamic_history.json,1,True,4289,0,0,4289,0,0,0,0,0,0,0,0,0,0
0,A,within_session,0,5.620000001,4.620000001,frames/frame_000_A_00.ply,frames/frame_000_A_00.json,diagnostics/A_dynamic_history.json,1,True,4289,0,0,4289,0,0,0,0,0,0,0,0,0,0
0,A,within_session,0,5.720000001,4.720000001,frames/frame_000_A_00.ply,frames/frame_000_A_00.json,diagnostics/A_dynamic_history.json,1,True,4289,0,0,4289,0,0,0,0,0,0,0,0,0,0
0,A,within_session,0,5.820000001,4.820000001,frames/frame_000_A_00.ply,frames/frame_000_A_00.json,diagnostics/A_dynamic_history.json,1,True,4289,0,0,4289,0,0,0,0,0,0,0,0,0,0
1,A,within_session,1,5.820002001,4.820002001,frames/frame_001_A_01.ply,frames/frame_001_A_01.json,diagnostics/A_dynamic_history.json,0,True,5188,0,0,5188,0,0,0,0,0,0,0,0,0,0
1,A,within_session,1,5.920002001,4.920002001,frames/frame_001_A_01.ply,frames/frame_001_A_01.json,diagnostics/A_dynamic_history.json,0,True,5188,0,0,5188,0,0,0,0,0,0,0,0,0,0
1,A,within_session,1,6.020002001,5.020002001,frames/frame_001_A_01.ply,frames/frame_001_A_01.json,diagnostics/A_dynamic_history.json,0,True,5188,0,0,5188,0,0,0,0,0,0,0,0,0,0
1,A,within_session,1,6.120002001,5.120002001,frames/frame_001_A_01.ply,frames/frame_001_A_01.json,diagnostics/A_dynamic_history.json,0,True,5188,0,0,5188,0,0,0,0,0,0,0,0,0,0
1,A,within_session,1,6.220002001,5.220002001,frames/frame_001_A_01.ply,frames/frame_001_A_01.json,diagnostics/A_dynamic_history.json,0,True,5188,0,0,5188,0,0,0,0,0,0,0,0,0,0
1,A,within_session,1,6.320002001,5.320002001,frames/frame_001_A_01.ply,frames/frame_001_A_01.json,diagnostics/A_dynamic_history.json,0,True,5188,0,0,5188,0,0,0,0,0,0,0,0,0,0
1,A,within_session,1,6.420002001,5.420002001,frames/frame_001_A_01.ply,frames/frame_001_A_01.json,diagnostics/A_dynamic_history.json,0,True,5188,0,0,5188,0,0,0,0,0,0,0,0,0,0
1,A,within_session,1,6.520002001,5.520002001,frames/frame_001_A_01.ply,frames/frame_001_A_01.json,diagnostics/A_dynamic_history.json,0,True,5188,0,0,5188,0,0,0,0,0,0,0,0,0,0
1,A,within_session,1,6.620002001,5.620002001,frames/frame_001_A_01.ply,frames/frame_001_A_01.json,diagnostics/A_dynamic_history.json,0,True,5188,0,0,5188,0,0,0,0,0,0,0,0,0,0
1,A,within_session,1,6.720002001,5.720002001,frames/frame_001_A_01.ply,frames/frame_001_A_01.json,diagnostics/A_dynamic_history.json,0,True,5188,0,0,5188,0,0,0,0,0,0,0,0,0,0
1,A,within_session,1,6.820002001,5.820002001,frames/frame_001_A_01.ply,frames/frame_001_A_01.json,diagnostics/A_dynamic_history.json,0,True,5188,0,0,5188,0,0,0,0,0,0,0,0,0,0
1,A,within_session,1,6.920002001,5.920002001,frames/frame_001_A_01.ply,frames/frame_001_A_01.json,diagnostics/A_dynamic_history.json,0,True,5188,0,0,5188,0,0,0,0,0,0,0,0,0,0
1,A,within_session,1,7.020002001,6.020002001,frames/frame_001_A_01.ply,frames/frame_001_A_01.json,diagnostics/A_dynamic_history.json,0,True,5188,0,0,5188,0,0,0,0,0,0,0,0,0,0
1,A,within_session,1,7.120002001,6.120002001,frames/frame_001_A_01.ply,frames/frame_001_A_01.json,diagnostics/A_dynamic_history.json,0,True,5188,0,0,5188,0,0,0,0,0,0,0,0,0,0
1,A,within_session,1,7.220002001,6.220002001,frames/frame_001_A_01.ply,frames/frame_001_A_01.json,diagnostics/A_dynamic_history.json,0,True,5188,0,0,5188,0,0,0,0,0,0,0,0,0,0
1,A,within_session,1,7.320002001,6.320002001,frames/frame_001_A_01.ply,frames/frame_001_A_01.json,diagnostics/A_dynamic_history.json,0,True,5188,0,0,5188,0,0,0,0,0,0,0,0,0,0
1,A,within_session,1,7.420002001,6.420002001,frames/frame_001_A_01.ply,frames/frame_001_A_01.json,diagnostics/A_dynamic_history.json,0,True,5188,0,0,5188,0,0,0,0,0,0,0,0,0,0
1,A,within_session,1,7.520002001,6.520002001,frames/frame_001_A_01.ply,frames/frame_001_A_01.json,diagnostics/A_dynamic_history.json,0,True,5188,0,0,5188,0,0,0,0,0,0,0,0,0,0
1,A,within_session,1,7.620002001,6.620002001,frames/frame_001_A_01.ply,frames/frame_001_A_01.json,diagnostics/A_dynamic_history.json,0,True,5188,0,0,5188,0,0,0,0,0,0,0,0,0,0
1,A,within_session,1,7.720002001,6.720002001,frames/frame_001_A_01.ply,frames/frame_001_A_01.json,diagnostics/A_dynamic_history.json,0,True,5188,0,0,5188,0,0,0,0,0,0,0,0,0,0
1,A,within_session,1,7.820002001,6.820002001,frames/frame_001_A_01.ply,frames/frame_001_A_01.json,diagnostics/A_dynamic_history.json,0,True,5188,0,0,5188,0,0,0,0,0,0,0,0,0,0
1,A,within_session,1,7.920002001,6.920002001,frames/frame_001_A_01.ply,frames/frame_001_A_01.json,diagnostics/A_dynamic_history.json,0,True,5188,0,0,5188,0,0,0,0,0,0,0,0,0,0
1,A,within_session,1,8.020002001,7.020002001,frames/frame_001_A_01.ply,frames/frame_001_A_01.json,diagnostics/A_dynamic_history.json,0,True,5188,0,0,5188,0,0,0,0,0,0,0,0,0,0
2,A,within_session,2,8.070002001,7.070002001,frames/frame_002_A_02.ply,frames/frame_002_A_02.json,diagnostics/A_dynamic_history.json,1,True,5199,0,0,5199,0,0,0,0,0,0,0,0,0,0
2,A,within_session,2,8.170002001,7.170002001,frames/frame_002_A_02.ply,frames/frame_002_A_02.json,diagnostics/A_dynamic_history.json,1,True,5199,0,0,5199,0,0,0,0,0,0,0,0,0,0
2,A,within_session,2,8.270002001,7.270002001,frames/frame_002_A_02.ply,frames/frame_002_A_02.json,diagnostics/A_dynamic_history.json,1,True,5199,0,0,5199,0,0,0,0,0,0,0,0,0,0
2,A,within_session,2,8.370002001,7.370002001,frames/frame_002_A_02.ply,frames/frame_002_A_02.json,diagnostics/A_dynamic_history.json,1,True,5199,0,0,5199,0,0,0,0,0,0,0,0,0,0
2,A,within_session,2,8.470002001,7.470002001,frames/frame_002_A_02.ply,frames/frame_002_A_02.json,diagnostics/A_dynamic_history.json,1,True,5199,0,0,5199,0,0,0,0,0,0,0,0,0,0
2,A,within_session,2,8.570002001,7.570002001,frames/frame_002_A_02.ply,frames/frame_002_A_02.json,diagnostics/A_dynamic_history.json,1,True,5199,0,0,5199,0,0,0,0,0,0,0,0,0,0
2,A,within_session,2,8.670002001,7.670002001,frames/frame_002_A_02.ply,frames/frame_002_A_02.json,diagnostics/A_dynamic_history.json,1,True,5199,0,0,5199,0,0,0,0,0,0,0,0,0,0
2,A,within_session,2,8.770002001,7.770002001,frames/frame_002_A_02.ply,frames/frame_002_A_02.json,diagnostics/A_dynamic_history.json,1,True,5199,0,0,5199,0,0,0,0,0,0,0,0,0,0
2,A,within_session,2,8.870002001,7.870002001,frames/frame_002_A_02.ply,frames/frame_002_A_02.json,diagnostics/A_dynamic_history.json,1,True,5199,0,0,5199,0,0,0,0,0,0,0,0,0,0
2,A,within_session,2,8.970002001,7.970002001,frames/frame_002_A_02.ply,frames/frame_002_A_02.json,diagnostics/A_dynamic_history.json,1,True,5199,0,0,5199,0,0,0,0,0,0,0,0,0,0
2,A,within_session,2,9.070002001,8.070002001,frames/frame_002_A_02.ply,frames/frame_002_A_02.json,diagnostics/A_dynamic_history.json,1,True,5199,0,0,5199,0,0,0,0,0,0,0,0,0,0
2,A,within_session,2,9.170002001,8.170002001,frames/frame_002_A_02.ply,frames/frame_002_A_02.json,diagnostics/A_dynamic_history.json,1,True,5199,0,0,5199,0,0,0,0,0,0,0,0,0,0
2,A,within_session,2,9.270002001,8.270002001,frames/frame_002_A_02.ply,frames/frame_002_A_02.json,diagnostics/A_dynamic_history.json,1,True,5199,0,0,5199,0,0,0,0,0,0,0,0,0,0
2,A,within_session,2,9.370002001,8.370002001,frames/frame_002_A_02.ply,frames/frame_002_A_02.json,diagnostics/A_dynamic_history.json,1,True,5199,0,0,5199,0,0,0,0,0,0,0,0,0,0
2,A,within_session,2,9.470002001,8.470002001,frames/frame_002_A_02.ply,frames/frame_002_A_02.json,diagnostics/A_dynamic_history.json,1,True,5199,0,0,5199,0,0,0,0,0,0,0,0,0,0
2,A,within_session,2,9.570002001,8.570002001,frames/frame_002_A_02.ply,frames/frame_002_A_02.json,diagnostics/A_dynamic_history.json,1,True,5199,0,0,5199,0,0,0,0,0,0,0,0,0,0
2,A,within_session,2,9.670002001,8.670002001,frames/frame_002_A_02.ply,frames/frame_002_A_02.json,diagnostics/A_dynamic_history.json,1,True,5199,0,0,5199,0,0,0,0,0,0,0,0,0,0
2,A,within_session,2,9.770002001,8.770002001,frames/frame_002_A_02.ply,frames/frame_002_A_02.json,diagnostics/A_dynamic_history.json,1,True,5199,0,0,5199,0,0,0,0,0,0,0,0,0,0
2,A,within_session,2,9.870002001,8.870002001,frames/frame_002_A_02.ply,frames/frame_002_A_02.json,diagnostics/A_dynamic_history.json,1,True,5199,0,0,5199,0,0,0,0,0,0,0,0,0,0
2,A,within_session,2,9.970002001,8.970002001,frames/frame_002_A_02.ply,frames/frame_002_A_02.json,diagnostics/A_dynamic_history.json,1,True,5199,0,0,5199,0,0,0,0,0,0,0,0,0,0
2,A,within_session,2,10.070002001,9.070002001,frames/frame_002_A_02.ply,frames/frame_002_A_02.json,diagnostics/A_dynamic_history.json,1,True,5199,0,0,5199,0,0,0,0,0,0,0,0,0,0
2,A,within_session,2,10.170002001,9.170002001,frames/frame_002_A_02.ply,frames/frame_002_A_02.json,diagnostics/A_dynamic_history.json,1,True,5199,0,0,5199,0,0,0,0,0,0,0,0,0,0
2,A,within_session,2,10.270002001,9.270002001,frames/frame_002_A_02.ply,frames/frame_002_A_02.json,diagnostics/A_dynamic_history.json,1,True,5199,0,0,5199,0,0,0,0,0,0,0,0,0,0
3,A,within_session,3,10.320002000,9.320002000,frames/frame_003_A_03.ply,frames/frame_003_A_03.json,diagnostics/A_dynamic_history.json,1,True,5859,0,0,5859,0,0,0,0,0,0,0,0,0,0
3,A,within_session,3,10.420002000,9.420002000,frames/frame_003_A_03.ply,frames/frame_003_A_03.json,diagnostics/A_dynamic_history.json,1,True,5859,0,0,5859,0,0,0,0,0,0,0,0,0,0
3,A,within_session,3,10.520002000,9.520002000,frames/frame_003_A_03.ply,frames/frame_003_A_03.json,diagnostics/A_dynamic_history.json,1,True,5859,0,0,5859,0,0,0,0,0,0,0,0,0,0
3,A,within_session,3,10.620002000,9.620002000,frames/frame_003_A_03.ply,frames/frame_003_A_03.json,diagnostics/A_dynamic_history.json,1,True,5859,0,0,5859,0,0,0,0,0,0,0,0,0,0
3,A,within_session,3,10.720002000,9.720002000,frames/frame_003_A_03.ply,frames/frame_003_A_03.json,diagnostics/A_dynamic_history.json,1,True,5859,0,0,5859,0,0,0,0,0,0,0,0,0,0
3,A,within_session,3,10.820002000,9.820002000,frames/frame_003_A_03.ply,frames/frame_003_A_03.json,diagnostics/A_dynamic_history.json,1,True,5859,0,0,5859,0,0,0,0,0,0,0,0,0,0
3,A,within_session,3,10.920002000,9.920002000,frames/frame_003_A_03.ply,frames/frame_003_A_03.json,diagnostics/A_dynamic_history.json,1,True,5859,0,0,5859,0,0,0,0,0,0,0,0,0,0
3,A,within_session,3,11.020002000,10.020002000,frames/frame_003_A_03.ply,frames/frame_003_A_03.json,diagnostics/A_dynamic_history.json,1,True,5859,0,0,5859,0,0,0,0,0,0,0,0,0,0
3,A,within_session,3,11.120002000,10.120002000,frames/frame_003_A_03.ply,frames/frame_003_A_03.json,diagnostics/A_dynamic_history.json,1,True,5859,0,0,5859,0,0,0,0,0,0,0,0,0,0
3,A,within_session,3,11.220002000,10.220002000,frames/frame_003_A_03.ply,frames/frame_003_A_03.json,diagnostics/A_dynamic_history.json,1,True,5859,0,0,5859,0,0,0,0,0,0,0,0,0,0
3,A,within_session,3,11.320002000,10.320002000,frames/frame_003_A_03.ply,frames/frame_003_A_03.json,diagnostics/A_dynamic_history.json,1,True,5859,0,0,5859,0,0,0,0,0,0,0,0,0,0
3,A,within_session,3,11.420002000,10.420002000,frames/frame_003_A_03.ply,frames/frame_003_A_03.json,diagnostics/A_dynamic_history.json,1,True,5859,0,0,5859,0,0,0,0,0,0,0,0,0,0
3,A,within_session,3,11.520002000,10.520002000,frames/frame_003_A_03.ply,frames/frame_003_A_03.json,diagnostics/A_dynamic_history.json,1,True,5859,0,0,5859,0,0,0,0,0,0,0,0,0,0
3,A,within_session,3,11.620002000,10.620002000,frames/frame_003_A_03.ply,frames/frame_003_A_03.json,diagnostics/A_dynamic_history.json,1,True,5859,0,0,5859,0,0,0,0,0,0,0,0,0,0
3,A,within_session,3,11.720002000,10.720002000,frames/frame_003_A_03.ply,frames/frame_003_A_03.json,diagnostics/A_dynamic_history.json,1,True,5859,0,0,5859,0,0,0,0,0,0,0,0,0,0
3,A,within_session,3,11.820002000,10.820002000,frames/frame_003_A_03.ply,frames/frame_003_A_03.json,diagnostics/A_dynamic_history.json,1,True,5859,0,0,5859,0,0,0,0,0,0,0,0,0,0
3,A,within_session,3,11.920002000,10.920002000,frames/frame_003_A_03.ply,frames/frame_003_A_03.json,diagnostics/A_dynamic_history.json,1,True,5859,0,0,5859,0,0,0,0,0,0,0,0,0,0
3,A,within_session,3,12.020002000,11.020002000,frames/frame_003_A_03.ply,frames/frame_003_A_03.json,diagnostics/A_dynamic_history.json,1,True,5859,0,0,5859,0,0,0,0,0,0,0,0,0,0
3,A,within_session,3,12.120002000,11.120002000,frames/frame_003_A_03.ply,frames/frame_003_A_03.json,diagnostics/A_dynamic_history.json,1,True,5859,0,0,5859,0,0,0,0,0,0,0,0,0,0
3,A,within_session,3,12.220002000,11.220002000,frames/frame_003_A_03.ply,frames/frame_003_A_03.json,diagnostics/A_dynamic_history.json,1,True,5859,0,0,5859,0,0,0,0,0,0,0,0,0,0
3,A,within_session,3,12.320002000,11.320002000,frames/frame_003_A_03.ply,frames/frame_003_A_03.json,diagnostics/A_dynamic_history.json,1,True,5859,0,0,5859,0,0,0,0,0,0,0,0,0,0
3,A,within_session,3,12.420002000,11.420002000,frames/frame_003_A_03.ply,frames/frame_003_A_03.json,diagnostics/A_dynamic_history.json,1,True,5859,0,0,5859,0,0,0,0,0,0,0,0,0,0
3,A,within_session,3,12.520002000,11.520002000,frames/frame_003_A_03.ply,frames/frame_003_A_03.json,diagnostics/A_dynamic_history.json,1,True,5859,0,0,5859,0,0,0,0,0,0,0,0,0,0
4,A,within_session,4,12.570002000,11.570002000,frames/frame_004_A_04.ply,frames/frame_004_A_04.json,diagnostics/A_dynamic_history.json,1,True,9246,0,0,9246,0,0,0,0,0,0,0,0,0,0
4,A,within_session,4,12.670002000,11.670002000,frames/frame_004_A_04.ply,frames/frame_004_A_04.json,diagnostics/A_dynamic_history.json,1,True,9246,0,0,9246,0,0,0,0,0,0,0,0,0,0
4,A,within_session,4,12.770002000,11.770002000,frames/frame_004_A_04.ply,frames/frame_004_A_04.json,diagnostics/A_dynamic_history.json,1,True,9246,0,0,9246,0,0,0,0,0,0,0,0,0,0
4,A,within_session,4,12.870002000,11.870002000,frames/frame_004_A_04.ply,frames/frame_004_A_04.json,diagnostics/A_dynamic_history.json,1,True,9246,0,0,9246,0,0,0,0,0,0,0,0,0,0
4,A,within_session,4,12.970002000,11.970002000,frames/frame_004_A_04.ply,frames/frame_004_A_04.json,diagnostics/A_dynamic_history.json,1,True,9246,0,0,9246,0,0,0,0,0,0,0,0,0,0
4,A,within_session,4,13.070002000,12.070002000,frames/frame_004_A_04.ply,frames/frame_004_A_04.json,diagnostics/A_dynamic_history.json,1,True,9246,0,0,9246,0,0,0,0,0,0,0,0,0,0
4,A,within_session,4,13.170002000,12.170002000,frames/frame_004_A_04.ply,frames/frame_004_A_04.json,diagnostics/A_dynamic_history.json,1,True,9246,0,0,9246,0,0,0,0,0,0,0,0,0,0
4,A,within_session,4,13.270002000,12.270002000,frames/frame_004_A_04.ply,frames/frame_004_A_04.json,diagnostics/A_dynamic_history.json,1,True,9246,0,0,9246,0,0,0,0,0,0,0,0,0,0
4,A,within_session,4,13.370002000,12.370002000,frames/frame_004_A_04.ply,frames/frame_004_A_04.json,diagnostics/A_dynamic_history.json,1,True,9246,0,0,9246,0,0,0,0,0,0,0,0,0,0
4,A,within_session,4,13.470002000,12.470002000,frames/frame_004_A_04.ply,frames/frame_004_A_04.json,diagnostics/A_dynamic_history.json,1,True,9246,0,0,9246,0,0,0,0,0,0,0,0,0,0
4,A,within_session,4,13.570002000,12.570002000,frames/frame_004_A_04.ply,frames/frame_004_A_04.json,diagnostics/A_dynamic_history.json,1,True,9246,0,0,9246,0,0,0,0,0,0,0,0,0,0
4,A,within_session,4,13.670002000,12.670002000,frames/frame_004_A_04.ply,frames/frame_004_A_04.json,diagnostics/A_dynamic_history.json,1,True,9246,0,0,9246,0,0,0,0,0,0,0,0,0,0
4,A,within_session,4,13.770002000,12.770002000,frames/frame_004_A_04.ply,frames/frame_004_A_04.json,diagnostics/A_dynamic_history.json,1,True,9246,0,0,9246,0,0,0,0,0,0,0,0,0,0
4,A,within_session,4,13.870002000,12.870002000,frames/frame_004_A_04.ply,frames/frame_004_A_04.json,diagnostics/A_dynamic_history.json,1,True,9246,0,0,9246,0,0,0,0,0,0,0,0,0,0
4,A,within_session,4,13.970002000,12.970002000,frames/frame_004_A_04.ply,frames/frame_004_A_04.json,diagnostics/A_dynamic_history.json,1,True,9246,0,0,9246,0,0,0,0,0,0,0,0,0,0
4,A,within_session,4,14.070002000,13.070002000,frames/frame_004_A_04.ply,frames/frame_004_A_04.json,diagnostics/A_dynamic_history.json,1,True,9246,0,0,9246,0,0,0,0,0,0,0,0,0,0
4,A,within_session,4,14.170002000,13.170002000,frames/frame_004_A_04.ply,frames/frame_004_A_04.json,diagnostics/A_dynamic_history.json,1,True,9246,0,0,9246,0,0,0,0,0,0,0,0,0,0
4,A,within_session,4,14.270002000,13.270002000,frames/frame_004_A_04.ply,frames/frame_004_A_04.json,diagnostics/A_dynamic_history.json,1,True,9246,0,0,9246,0,0,0,0,0,0,0,0,0,0
4,A,within_session,4,14.370002000,13.370002000,frames/frame_004_A_04.ply,frames/frame_004_A_04.json,diagnostics/A_dynamic_history.json,1,True,9246,0,0,9246,0,0,0,0,0,0,0,0,0,0
4,A,within_session,4,14.470002000,13.470002000,frames/frame_004_A_04.ply,frames/frame_004_A_04.json,diagnostics/A_dynamic_history.json,1,True,9246,0,0,9246,0,0,0,0,0,0,0,0,0,0
4,A,within_session,4,14.570002000,13.570002000,frames/frame_004_A_04.ply,frames/frame_004_A_04.json,diagnostics/A_dynamic_history.json,1,True,9246,0,0,9246,0,0,0,0,0,0,0,0,0,0
4,A,within_session,4,14.670002000,13.670002000,frames/frame_004_A_04.ply,frames/frame_004_A_04.json,diagnostics/A_dynamic_history.json,1,True,9246,0,0,9246,0,0,0,0,0,0,0,0,0,0
4,A,within_session,4,14.770002000,13.770002000,frames/frame_004_A_04.ply,frames/frame_004_A_04.json,diagnostics/A_dynamic_history.json,1,True,9246,0,0,9246,0,0,0,0,0,0,0,0,0,0
5,A,within_session,5,14.820002000,13.820002000,frames/frame_005_A_05.ply,frames/frame_005_A_05.json,diagnostics/A_dynamic_history.json,1,True,12964,0,0,12964,0,0,0,0,0,0,0,0,0,0
5,A,within_session,5,14.920002000,13.920002000,frames/frame_005_A_05.ply,frames/frame_005_A_05.json,diagnostics/A_dynamic_history.json,1,True,12964,0,0,12964,0,0,0,0,0,0,0,0,0,0
5,A,within_session,5,15.020002000,14.020002000,frames/frame_005_A_05.ply,frames/frame_005_A_05.json,diagnostics/A_dynamic_history.json,1,True,12964,0,0,12964,0,0,0,0,0,0,0,0,0,0
5,A,within_session,5,15.120002000,14.120002000,frames/frame_005_A_05.ply,frames/frame_005_A_05.json,diagnostics/A_dynamic_history.json,1,True,12964,0,0,12964,0,0,0,0,0,0,0,0,0,0
5,A,within_session,5,15.220002000,14.220002000,frames/frame_005_A_05.ply,frames/frame_005_A_05.json,diagnostics/A_dynamic_history.json,1,True,12964,0,0,12964,0,0,0,0,0,0,0,0,0,0
5,A,within_session,5,15.320002000,14.320002000,frames/frame_005_A_05.ply,frames/frame_005_A_05.json,diagnostics/A_dynamic_history.json,1,True,12964,0,0,12964,0,0,0,0,0,0,0,0,0,0
5,A,within_session,5,15.420002000,14.420002000,frames/frame_005_A_05.ply,frames/frame_005_A_05.json,diagnostics/A_dynamic_history.json,1,True,12964,0,0,12964,0,0,0,0,0,0,0,0,0,0
5,A,within_session,5,15.520002000,14.520002000,frames/frame_005_A_05.ply,frames/frame_005_A_05.json,diagnostics/A_dynamic_history.json,1,True,12964,0,0,12964,0,0,0,0,0,0,0,0,0,0
5,A,within_session,5,15.620002000,14.620002000,frames/frame_005_A_05.ply,frames/frame_005_A_05.json,diagnostics/A_dynamic_history.json,1,True,12964,0,0,12964,0,0,0,0,0,0,0,0,0,0
5,A,within_session,5,15.720002000,14.720002000,frames/frame_005_A_05.ply,frames/frame_005_A_05.json,diagnostics/A_dynamic_history.json,1,True,12964,0,0,12964,0,0,0,0,0,0,0,0,0,0
5,A,within_session,5,15.820002000,14.820002000,frames/frame_005_A_05.ply,frames/frame_005_A_05.json,diagnostics/A_dynamic_history.json,1,True,12964,0,0,12964,0,0,0,0,0,0,0,0,0,0
5,A,within_session,5,15.920002000,14.920002000,frames/frame_005_A_05.ply,frames/frame_005_A_05.json,diagnostics/A_dynamic_history.json,1,True,12964,0,0,12964,0,0,0,0,0,0,0,0,0,0
5,A,within_session,5,16.020002000,15.020002000,frames/frame_005_A_05.ply,frames/frame_005_A_05.json,diagnostics/A_dynamic_history.json,1,True,12964,0,0,12964,0,0,0,0,0,0,0,0,0,0
5,A,within_session,5,16.120002000,15.120002000,frames/frame_005_A_05.ply,frames/frame_005_A_05.json,diagnostics/A_dynamic_history.json,1,True,12964,0,0,12964,0,0,0,0,0,0,0,0,0,0
5,A,within_session,5,16.220002000,15.220002000,frames/frame_005_A_05.ply,frames/frame_005_A_05.json,diagnostics/A_dynamic_history.json,1,True,12964,0,0,12964,0,0,0,0,0,0,0,0,0,0
5,A,within_session,5,16.320002000,15.320002000,frames/frame_005_A_05.ply,frames/frame_005_A_05.json,diagnostics/A_dynamic_history.json,1,True,12964,0,0,12964,0,0,0,0,0,0,0,0,0,0
5,A,within_session,5,16.420002000,15.420002000,frames/frame_005_A_05.ply,frames/frame_005_A_05.json,diagnostics/A_dynamic_history.json,1,True,12964,0,0,12964,0,0,0,0,0,0,0,0,0,0
5,A,within_session,5,16.520002000,15.520002000,frames/frame_005_A_05.ply,frames/frame_005_A_05.json,diagnostics/A_dynamic_history.json,1,True,12964,0,0,12964,0,0,0,0,0,0,0,0,0,0
5,A,within_session,5,16.620002000,15.620002000,frames/frame_005_A_05.ply,frames/frame_005_A_05.json,diagnostics/A_dynamic_history.json,1,True,12964,0,0,12964,0,0,0,0,0,0,0,0,0,0
5,A,within_session,5,16.720002000,15.720002000,frames/frame_005_A_05.ply,frames/frame_005_A_05.json,diagnostics/A_dynamic_history.json,1,True,12964,0,0,12964,0,0,0,0,0,0,0,0,0,0
5,A,within_session,5,16.820002000,15.820002000,frames/frame_005_A_05.ply,frames/frame_005_A_05.json,diagnostics/A_dynamic_history.json,1,True,12964,0,0,12964,0,0,0,0,0,0,0,0,0,0
5,A,within_session,5,16.920002000,15.920002000,frames/frame_005_A_05.ply,frames/frame_005_A_05.json,diagnostics/A_dynamic_history.json,1,True,12964,0,0,12964,0,0,0,0,0,0,0,0,0,0
5,A,within_session,5,17.020002000,16.020002000,frames/frame_005_A_05.ply,frames/frame_005_A_05.json,diagnostics/A_dynamic_history.json,1,True,12964,0,0,12964,0,0,0,0,0,0,0,0,0,0
6,A,within_session,6,17.120002000,16.120002000,frames/frame_006_A_06.ply,frames/frame_006_A_06.json,diagnostics/A_dynamic_history.json,0,True,14360,0,0,14360,0,0,0,0,0,0,0,0,0,0
6,A,within_session,6,17.220002000,16.220002000,frames/frame_006_A_06.ply,frames/frame_006_A_06.json,diagnostics/A_dynamic_history.json,0,True,14360,0,0,14360,0,0,0,0,0,0,0,0,0,0
6,A,within_session,6,17.320002000,16.320002000,frames/frame_006_A_06.ply,frames/frame_006_A_06.json,diagnostics/A_dynamic_history.json,0,True,14360,0,0,14360,0,0,0,0,0,0,0,0,0,0
6,A,within_session,6,17.420002000,16.420002000,frames/frame_006_A_06.ply,frames/frame_006_A_06.json,diagnostics/A_dynamic_history.json,0,True,14360,0,0,14360,0,0,0,0,0,0,0,0,0,0
6,A,within_session,6,17.520002000,16.520002000,frames/frame_006_A_06.ply,frames/frame_006_A_06.json,diagnostics/A_dynamic_history.json,0,True,14360,0,0,14360,0,0,0,0,0,0,0,0,0,0
6,A,within_session,6,17.620002000,16.620002000,frames/frame_006_A_06.ply,frames/frame_006_A_06.json,diagnostics/A_dynamic_history.json,0,True,14360,0,0,14360,0,0,0,0,0,0,0,0,0,0
6,A,within_session,6,17.720002000,16.720002000,frames/frame_006_A_06.ply,frames/frame_006_A_06.json,diagnostics/A_dynamic_history.json,0,True,14360,0,0,14360,0,0,0,0,0,0,0,0,0,0
6,A,within_session,6,17.820002000,16.820002000,frames/frame_006_A_06.ply,frames/frame_006_A_06.json,diagnostics/A_dynamic_history.json,0,True,14360,0,0,14360,0,0,0,0,0,0,0,0,0,0
6,A,within_session,6,17.920002000,16.920002000,frames/frame_006_A_06.ply,frames/frame_006_A_06.json,diagnostics/A_dynamic_history.json,0,True,14360,0,0,14360,0,0,0,0,0,0,0,0,0,0
6,A,within_session,6,18.020002000,17.020002000,frames/frame_006_A_06.ply,frames/frame_006_A_06.json,diagnostics/A_dynamic_history.json,0,True,14360,0,0,14360,0,0,0,0,0,0,0,0,0,0
6,A,within_session,6,18.120002000,17.120002000,frames/frame_006_A_06.ply,frames/frame_006_A_06.json,diagnostics/A_dynamic_history.json,0,True,14360,0,0,14360,0,0,0,0,0,0,0,0,0,0
6,A,within_session,6,18.220002000,17.220002000,frames/frame_006_A_06.ply,frames/frame_006_A_06.json,diagnostics/A_dynamic_history.json,0,True,14360,0,0,14360,0,0,0,0,0,0,0,0,0,0
6,A,within_session,6,18.320002000,17.320002000,frames/frame_006_A_06.ply,frames/frame_006_A_06.json,diagnostics/A_dynamic_history.json,0,True,14360,0,0,14360,0,0,0,0,0,0,0,0,0,0
6,A,within_session,6,18.420002000,17.420002000,frames/frame_006_A_06.ply,frames/frame_006_A_06.json,diagnostics/A_dynamic_history.json,0,True,14360,0,0,14360,0,0,0,0,0,0,0,0,0,0
6,A,within_session,6,18.520002000,17.520002000,frames/frame_006_A_06.ply,frames/frame_006_A_06.json,diagnostics/A_dynamic_history.json,0,True,14360,0,0,14360,0,0,0,0,0,0,0,0,0,0
6,A,within_session,6,18.620002000,17.620002000,frames/frame_006_A_06.ply,frames/frame_006_A_06.json,diagnostics/A_dynamic_history.json,0,True,14360,0,0,14360,0,0,0,0,0,0,0,0,0,0
6,A,within_session,6,18.720002000,17.720002000,frames/frame_006_A_06.ply,frames/frame_006_A_06.json,diagnostics/A_dynamic_history.json,0,True,14360,0,0,14360,0,0,0,0,0,0,0,0,0,0
6,A,within_session,6,18.820002000,17.820002000,frames/frame_006_A_06.ply,frames/frame_006_A_06.json,diagnostics/A_dynamic_history.json,0,True,14360,0,0,14360,0,0,0,0,0,0,0,0,0,0
6,A,within_session,6,18.920002000,17.920002000,frames/frame_006_A_06.ply,frames/frame_006_A_06.json,diagnostics/A_dynamic_history.json,0,True,14360,0,0,14360,0,0,0,0,0,0,0,0,0,0
6,A,within_session,6,19.020002000,18.020002000,frames/frame_006_A_06.ply,frames/frame_006_A_06.json,diagnostics/A_dynamic_history.json,0,True,14360,0,0,14360,0,0,0,0,0,0,0,0,0,0
6,A,within_session,6,19.120002000,18.120002000,frames/frame_006_A_06.ply,frames/frame_006_A_06.json,diagnostics/A_dynamic_history.json,0,True,14360,0,0,14360,0,0,0,0,0,0,0,0,0,0
6,A,within_session,6,19.220002000,18.220002000,frames/frame_006_A_06.ply,frames/frame_006_A_06.json,diagnostics/A_dynamic_history.json,0,True,14360,0,0,14360,0,0,0,0,0,0,0,0,0,0
6,A,within_session,6,19.320002000,18.320002000,frames/frame_006_A_06.ply,frames/frame_006_A_06.json,diagnostics/A_dynamic_history.json,0,True,14360,0,0,14360,0,0,0,0,0,0,0,0,0,0
7,A,within_session,7,19.370002000,18.370002000,frames/frame_007_A_07.ply,frames/frame_007_A_07.json,diagnostics/A_dynamic_history.json,0,True,17258,0,0,17258,0,0,0,0,0,0,0,0,0,0
7,A,within_session,7,19.470002000,18.470002000,frames/frame_007_A_07.ply,frames/frame_007_A_07.json,diagnostics/A_dynamic_history.json,0,True,17258,0,0,17258,0,0,0,0,0,0,0,0,0,0
7,A,within_session,7,19.570002000,18.570002000,frames/frame_007_A_07.ply,frames/frame_007_A_07.json,diagnostics/A_dynamic_history.json,0,True,17258,0,0,17258,0,0,0,0,0,0,0,0,0,0
7,A,within_session,7,19.670002000,18.670002000,frames/frame_007_A_07.ply,frames/frame_007_A_07.json,diagnostics/A_dynamic_history.json,0,True,17258,0,0,17258,0,0,0,0,0,0,0,0,0,0
7,A,within_session,7,19.770002000,18.770002000,frames/frame_007_A_07.ply,frames/frame_007_A_07.json,diagnostics/A_dynamic_history.json,0,True,17258,0,0,17258,0,0,0,0,0,0,0,0,0,0
7,A,within_session,7,19.870002000,18.870002000,frames/frame_007_A_07.ply,frames/frame_007_A_07.json,diagnostics/A_dynamic_history.json,0,True,17258,0,0,17258,0,0,0,0,0,0,0,0,0,0
7,A,within_session,7,19.970002000,18.970002000,frames/frame_007_A_07.ply,frames/frame_007_A_07.json,diagnostics/A_dynamic_history.json,0,True,17258,0,0,17258,0,0,0,0,0,0,0,0,0,0
7,A,within_session,7,20.070002000,19.070002000,frames/frame_007_A_07.ply,frames/frame_007_A_07.json,diagnostics/A_dynamic_history.json,0,True,17258,0,0,17258,0,0,0,0,0,0,0,0,0,0
7,A,within_session,7,20.170002000,19.170002000,frames/frame_007_A_07.ply,frames/frame_007_A_07.json,diagnostics/A_dynamic_history.json,0,True,17258,0,0,17258,0,0,0,0,0,0,0,0,0,0
7,A,within_session,7,20.270002000,19.270002000,frames/frame_007_A_07.ply,frames/frame_007_A_07.json,diagnostics/A_dynamic_history.json,0,True,17258,0,0,17258,0,0,0,0,0,0,0,0,0,0
7,A,within_session,7,20.370002000,19.370002000,frames/frame_007_A_07.ply,frames/frame_007_A_07.json,diagnostics/A_dynamic_history.json,0,True,17258,0,0,17258,0,0,0,0,0,0,0,0,0,0
7,A,within_session,7,20.470002000,19.470002000,frames/frame_007_A_07.ply,frames/frame_007_A_07.json,diagnostics/A_dynamic_history.json,0,True,17258,0,0,17258,0,0,0,0,0,0,0,0,0,0
7,A,within_session,7,20.570002000,19.570002000,frames/frame_007_A_07.ply,frames/frame_007_A_07.json,diagnostics/A_dynamic_history.json,0,True,17258,0,0,17258,0,0,0,0,0,0,0,0,0,0
7,A,within_session,7,20.670002000,19.670002000,frames/frame_007_A_07.ply,frames/frame_007_A_07.json,diagnostics/A_dynamic_history.json,0,True,17258,0,0,17258,0,0,0,0,0,0,0,0,0,0
7,A,within_session,7,20.770002000,19.770002000,frames/frame_007_A_07.ply,frames/frame_007_A_07.json,diagnostics/A_dynamic_history.json,0,True,17258,0,0,17258,0,0,0,0,0,0,0,0,0,0
7,A,within_session,7,20.870002000,19.870002000,frames/frame_007_A_07.ply,frames/frame_007_A_07.json,diagnostics/A_dynamic_history.json,0,True,17258,0,0,17258,0,0,0,0,0,0,0,0,0,0
7,A,within_session,7,20.970002000,19.970002000,frames/frame_007_A_07.ply,frames/frame_007_A_07.json,diagnostics/A_dynamic_history.json,0,True,17258,0,0,17258,0,0,0,0,0,0,0,0,0,0
7,A,within_session,7,21.070002000,20.070002000,frames/frame_007_A_07.ply,frames/frame_007_A_07.json,diagnostics/A_dynamic_history.json,0,True,17258,0,0,17258,0,0,0,0,0,0,0,0,0,0
7,A,within_session,7,21.170002000,20.170002000,frames/frame_007_A_07.ply,frames/frame_007_A_07.json,diagnostics/A_dynamic_history.json,0,True,17258,0,0,17258,0,0,0,0,0,0,0,0,0,0
7,A,within_session,7,21.270002000,20.270002000,frames/frame_007_A_07.ply,frames/frame_007_A_07.json,diagnostics/A_dynamic_history.json,0,True,17258,0,0,17258,0,0,0,0,0,0,0,0,0,0
7,A,within_session,7,21.370002000,20.370002000,frames/frame_007_A_07.ply,frames/frame_007_A_07.json,diagnostics/A_dynamic_history.json,0,True,17258,0,0,17258,0,0,0,0,0,0,0,0,0,0
7,A,within_session,7,21.470002000,20.470002000,frames/frame_007_A_07.ply,frames/frame_007_A_07.json,diagnostics/A_dynamic_history.json,0,True,17258,0,0,17258,0,0,0,0,0,0,0,0,0,0
7,A,within_session,7,21.570002000,20.570002000,frames/frame_007_A_07.ply,frames/frame_007_A_07.json,diagnostics/A_dynamic_history.json,0,True,17258,0,0,17258,0,0,0,0,0,0,0,0,0,0
8,A,within_session,8,21.620002000,20.620002000,frames/frame_008_A_08.ply,frames/frame_008_A_08.json,diagnostics/A_dynamic_history.json,0,True,20603,82,3169,23690,0,0,0,0,0,0,0,0,0,0
8,A,within_session,8,21.720002000,20.720002000,frames/frame_008_A_08.ply,frames/frame_008_A_08.json,diagnostics/A_dynamic_history.json,0,True,20603,82,3169,23690,0,0,0,0,0,0,0,0,0,0
8,A,within_session,8,21.820002000,20.820002000,frames/frame_008_A_08.ply,frames/frame_008_A_08.json,diagnostics/A_dynamic_history.json,0,True,20603,82,3169,23690,0,0,0,0,0,0,0,0,0,0
8,A,within_session,8,21.920002000,20.920002000,frames/frame_008_A_08.ply,frames/frame_008_A_08.json,diagnostics/A_dynamic_history.json,0,True,20603,82,3169,23690,0,0,0,0,0,0,0,0,0,0
8,A,within_session,8,22.020002000,21.020002000,frames/frame_008_A_08.ply,frames/frame_008_A_08.json,diagnostics/A_dynamic_history.json,0,True,20603,82,3169,23690,0,0,0,0,0,0,0,0,0,0
8,A,within_session,8,22.120002000,21.120002000,frames/frame_008_A_08.ply,frames/frame_008_A_08.json,diagnostics/A_dynamic_history.json,0,True,20603,82,3169,23690,0,0,0,0,0,0,0,0,0,0
8,A,within_session,8,22.220002000,21.220002000,frames/frame_008_A_08.ply,frames/frame_008_A_08.json,diagnostics/A_dynamic_history.json,0,True,20603,82,3169,23690,0,0,0,0,0,0,0,0,0,0
8,A,within_session,8,22.320002000,21.320002000,frames/frame_008_A_08.ply,frames/frame_008_A_08.json,diagnostics/A_dynamic_history.json,0,True,20603,82,3169,23690,0,0,0,0,0,0,0,0,0,0
8,A,within_session,8,22.420002000,21.420002000,frames/frame_008_A_08.ply,frames/frame_008_A_08.json,diagnostics/A_dynamic_history.json,0,True,20603,82,3169,23690,0,0,0,0,0,0,0,0,0,0
8,A,within_session,8,22.520002000,21.520002000,frames/frame_008_A_08.ply,frames/frame_008_A_08.json,diagnostics/A_dynamic_history.json,0,True,20603,82,3169,23690,0,0,0,0,0,0,0,0,0,0
8,A,within_session,8,22.620002000,21.620002000,frames/frame_008_A_08.ply,frames/frame_008_A_08.json,diagnostics/A_dynamic_history.json,0,True,20603,82,3169,23690,0,0,0,0,0,0,0,0,0,0
8,A,within_session,8,22.720002000,21.720002000,frames/frame_008_A_08.ply,frames/frame_008_A_08.json,diagnostics/A_dynamic_history.json,0,True,20603,82,3169,23690,0,0,0,0,0,0,0,0,0,0
8,A,within_session,8,22.820002000,21.820002000,frames/frame_008_A_08.ply,frames/frame_008_A_08.json,diagnostics/A_dynamic_history.json,0,True,20603,82,3169,23690,0,0,0,0,0,0,0,0,0,0
8,A,within_session,8,22.920002000,21.920002000,frames/frame_008_A_08.ply,frames/frame_008_A_08.json,diagnostics/A_dynamic_history.json,0,True,20603,82,3169,23690,0,0,0,0,0,0,0,0,0,0
8,A,within_session,8,23.020002000,22.020002000,frames/frame_008_A_08.ply,frames/frame_008_A_08.json,diagnostics/A_dynamic_history.json,0,True,20603,82,3169,23690,0,0,0,0,0,0,0,0,0,0
8,A,within_session,8,23.120002000,22.120002000,frames/frame_008_A_08.ply,frames/frame_008_A_08.json,diagnostics/A_dynamic_history.json,0,True,20603,82,3169,23690,0,0,0,0,0,0,0,0,0,0
8,A,within_session,8,23.220002000,22.220002000,frames/frame_008_A_08.ply,frames/frame_008_A_08.json,diagnostics/A_dynamic_history.json,0,True,20603,82,3169,23690,0,0,0,0,0,0,0,0,0,0
8,A,within_session,8,23.320002000,22.320002000,frames/frame_008_A_08.ply,frames/frame_008_A_08.json,diagnostics/A_dynamic_history.json,0,True,20603,82,3169,23690,0,0,0,0,0,0,0,0,0,0
8,A,within_session,8,23.420002000,22.420002000,frames/frame_008_A_08.ply,frames/frame_008_A_08.json,diagnostics/A_dynamic_history.json,0,True,20603,82,3169,23690,0,0,0,0,0,0,0,0,0,0
8,A,within_session,8,23.520002000,22.520002000,frames/frame_008_A_08.ply,frames/frame_008_A_08.json,diagnostics/A_dynamic_history.json,0,True,20603,82,3169,23690,0,0,0,0,0,0,0,0,0,0
8,A,within_session,8,23.620002000,22.620002000,frames/frame_008_A_08.ply,frames/frame_008_A_08.json,diagnostics/A_dynamic_history.json,0,True,20603,82,3169,23690,0,0,0,0,0,0,0,0,0,0
8,A,within_session,8,23.720002000,22.720002000,frames/frame_008_A_08.ply,frames/frame_008_A_08.json,diagnostics/A_dynamic_history.json,0,True,20603,82,3169,23690,0,0,0,0,0,0,0,0,0,0
8,A,within_session,8,23.820002000,22.820002000,frames/frame_008_A_08.ply,frames/frame_008_A_08.json,diagnostics/A_dynamic_history.json,0,True,20603,82,3169,23690,0,0,0,0,0,0,0,0,0,0
9,A,within_session,9,23.870002000,22.870002000,frames/frame_009_A_09.ply,frames/frame_009_A_09.json,diagnostics/A_dynamic_history.json,0,True,22513,85,3400,25828,0,0,0,0,0,0,0,0,0,0
9,A,within_session,9,23.970002000,22.970002000,frames/frame_009_A_09.ply,frames/frame_009_A_09.json,diagnostics/A_dynamic_history.json,0,True,22513,85,3400,25828,0,0,0,0,0,0,0,0,0,0
9,A,within_session,9,24.070002000,23.070002000,frames/frame_009_A_09.ply,frames/frame_009_A_09.json,diagnostics/A_dynamic_history.json,0,True,22513,85,3400,25828,0,0,0,0,0,0,0,0,0,0
9,A,within_session,9,24.170002000,23.170002000,frames/frame_009_A_09.ply,frames/frame_009_A_09.json,diagnostics/A_dynamic_history.json,0,True,22513,85,3400,25828,0,0,0,0,0,0,0,0,0,0
9,A,within_session,9,24.270002000,23.270002000,frames/frame_009_A_09.ply,frames/frame_009_A_09.json,diagnostics/A_dynamic_history.json,0,True,22513,85,3400,25828,0,0,0,0,0,0,0,0,0,0
9,A,within_session,9,24.370002000,23.370002000,frames/frame_009_A_09.ply,frames/frame_009_A_09.json,diagnostics/A_dynamic_history.json,0,True,22513,85,3400,25828,0,0,0,0,0,0,0,0,0,0
9,A,within_session,9,24.470002000,23.470002000,frames/frame_009_A_09.ply,frames/frame_009_A_09.json,diagnostics/A_dynamic_history.json,0,True,22513,85,3400,25828,0,0,0,0,0,0,0,0,0,0
9,A,within_session,9,24.570002000,23.570002000,frames/frame_009_A_09.ply,frames/frame_009_A_09.json,diagnostics/A_dynamic_history.json,0,True,22513,85,3400,25828,0,0,0,0,0,0,0,0,0,0
9,A,within_session,9,24.670002000,23.670002000,frames/frame_009_A_09.ply,frames/frame_009_A_09.json,diagnostics/A_dynamic_history.json,0,True,22513,85,3400,25828,0,0,0,0,0,0,0,0,0,0
9,A,within_session,9,24.770002000,23.770002000,frames/frame_009_A_09.ply,frames/frame_009_A_09.json,diagnostics/A_dynamic_history.json,0,True,22513,85,3400,25828,0,0,0,0,0,0,0,0,0,0
9,A,within_session,9,24.870002000,23.870002000,frames/frame_009_A_09.ply,frames/frame_009_A_09.json,diagnostics/A_dynamic_history.json,0,True,22513,85,3400,25828,0,0,0,0,0,0,0,0,0,0
9,A,within_session,9,24.970002000,23.970002000,frames/frame_009_A_09.ply,frames/frame_009_A_09.json,diagnostics/A_dynamic_history.json,0,True,22513,85,3400,25828,0,0,0,0,0,0,0,0,0,0
9,A,within_session,9,25.070002000,24.070002000,frames/frame_009_A_09.ply,frames/frame_009_A_09.json,diagnostics/A_dynamic_history.json,0,True,22513,85,3400,25828,0,0,0,0,0,0,0,0,0,0
9,A,within_session,9,25.170002000,24.170002000,frames/frame_009_A_09.ply,frames/frame_009_A_09.json,diagnostics/A_dynamic_history.json,0,True,22513,85,3400,25828,0,0,0,0,0,0,0,0,0,0
9,A,within_session,9,25.270002000,24.270002000,frames/frame_009_A_09.ply,frames/frame_009_A_09.json,diagnostics/A_dynamic_history.json,0,True,22513,85,3400,25828,0,0,0,0,0,0,0,0,0,0
9,A,within_session,9,25.370002000,24.370002000,frames/frame_009_A_09.ply,frames/frame_009_A_09.json,diagnostics/A_dynamic_history.json,0,True,22513,85,3400,25828,0,0,0,0,0,0,0,0,0,0
9,A,within_session,9,25.470002000,24.470002000,frames/frame_009_A_09.ply,frames/frame_009_A_09.json,diagnostics/A_dynamic_history.json,0,True,22513,85,3400,25828,0,0,0,0,0,0,0,0,0,0
9,A,within_session,9,25.570002000,24.570002000,frames/frame_009_A_09.ply,frames/frame_009_A_09.json,diagnostics/A_dynamic_history.json,0,True,22513,85,3400,25828,0,0,0,0,0,0,0,0,0,0
9,A,within_session,9,25.670002000,24.670002000,frames/frame_009_A_09.ply,frames/frame_009_A_09.json,diagnostics/A_dynamic_history.json,0,True,22513,85,3400,25828,0,0,0,0,0,0,0,0,0,0
9,A,within_session,9,25.770002000,24.770002000,frames/frame_009_A_09.ply,frames/frame_009_A_09.json,diagnostics/A_dynamic_history.json,0,True,22513,85,3400,25828,0,0,0,0,0,0,0,0,0,0
9,A,within_session,9,25.870002000,24.870002000,frames/frame_009_A_09.ply,frames/frame_009_A_09.json,diagnostics/A_dynamic_history.json,0,True,22513,85,3400,25828,0,0,0,0,0,0,0,0,0,0
9,A,within_session,9,25.970002000,24.970002000,frames/frame_009_A_09.ply,frames/frame_009_A_09.json,diagnostics/A_dynamic_history.json,0,True,22513,85,3400,25828,0,0,0,0,0,0,0,0,0,0
9,A,within_session,9,26.070002000,25.070002000,frames/frame_009_A_09.ply,frames/frame_009_A_09.json,diagnostics/A_dynamic_history.json,0,True,22513,85,3400,25828,0,0,0,0,0,0,0,0,0,0
10,A,within_session,10,26.120002001,25.120002001,frames/frame_010_A_10.ply,frames/frame_010_A_10.json,diagnostics/A_dynamic_history.json,0,True,26878,85,6684,33477,0,0,0,0,0,0,0,0,0,0
10,A,within_session,10,26.220002001,25.220002001,frames/frame_010_A_10.ply,frames/frame_010_A_10.json,diagnostics/A_dynamic_history.json,0,True,26878,85,6684,33477,0,0,0,0,0,0,0,0,0,0
10,A,within_session,10,26.320002001,25.320002001,frames/frame_010_A_10.ply,frames/frame_010_A_10.json,diagnostics/A_dynamic_history.json,0,True,26878,85,6684,33477,0,0,0,0,0,0,0,0,0,0
10,A,within_session,10,26.420002001,25.420002001,frames/frame_010_A_10.ply,frames/frame_010_A_10.json,diagnostics/A_dynamic_history.json,0,True,26878,85,6684,33477,0,0,0,0,0,0,0,0,0,0
10,A,within_session,10,26.520002001,25.520002001,frames/frame_010_A_10.ply,frames/frame_010_A_10.json,diagnostics/A_dynamic_history.json,0,True,26878,85,6684,33477,0,0,0,0,0,0,0,0,0,0
10,A,within_session,10,26.620002001,25.620002001,frames/frame_010_A_10.ply,frames/frame_010_A_10.json,diagnostics/A_dynamic_history.json,0,True,26878,85,6684,33477,0,0,0,0,0,0,0,0,0,0
10,A,within_session,10,26.720002001,25.720002001,frames/frame_010_A_10.ply,frames/frame_010_A_10.json,diagnostics/A_dynamic_history.json,0,True,26878,85,6684,33477,0,0,0,0,0,0,0,0,0,0
10,A,within_session,10,26.820002001,25.820002001,frames/frame_010_A_10.ply,frames/frame_010_A_10.json,diagnostics/A_dynamic_history.json,0,True,26878,85,6684,33477,0,0,0,0,0,0,0,0,0,0
10,A,within_session,10,26.920002001,25.920002001,frames/frame_010_A_10.ply,frames/frame_010_A_10.json,diagnostics/A_dynamic_history.json,0,True,26878,85,6684,33477,0,0,0,0,0,0,0,0,0,0
10,A,within_session,10,27.020002001,26.020002001,frames/frame_010_A_10.ply,frames/frame_010_A_10.json,diagnostics/A_dynamic_history.json,0,True,26878,85,6684,33477,0,0,0,0,0,0,0,0,0,0
10,A,within_session,10,27.120002001,26.120002001,frames/frame_010_A_10.ply,frames/frame_010_A_10.json,diagnostics/A_dynamic_history.json,0,True,26878,85,6684,33477,0,0,0,0,0,0,0,0,0,0
10,A,within_session,10,27.220002001,26.220002001,frames/frame_010_A_10.ply,frames/frame_010_A_10.json,diagnostics/A_dynamic_history.json,0,True,26878,85,6684,33477,0,0,0,0,0,0,0,0,0,0
10,A,within_session,10,27.320002001,26.320002001,frames/frame_010_A_10.ply,frames/frame_010_A_10.json,diagnostics/A_dynamic_history.json,0,True,26878,85,6684,33477,0,0,0,0,0,0,0,0,0,0
10,A,within_session,10,27.420002001,26.420002001,frames/frame_010_A_10.ply,frames/frame_010_A_10.json,diagnostics/A_dynamic_history.json,0,True,26878,85,6684,33477,0,0,0,0,0,0,0,0,0,0
10,A,within_session,10,27.520002001,26.520002001,frames/frame_010_A_10.ply,frames/frame_010_A_10.json,diagnostics/A_dynamic_history.json,0,True,26878,85,6684,33477,0,0,0,0,0,0,0,0,0,0
10,A,within_session,10,27.620002001,26.620002001,frames/frame_010_A_10.ply,frames/frame_010_A_10.json,diagnostics/A_dynamic_history.json,0,True,26878,85,6684,33477,0,0,0,0,0,0,0,0,0,0
10,A,within_session,10,27.720002001,26.720002001,frames/frame_010_A_10.ply,frames/frame_010_A_10.json,diagnostics/A_dynamic_history.json,0,True,26878,85,6684,33477,0,0,0,0,0,0,0,0,0,0
10,A,within_session,10,27.820002001,26.820002001,frames/frame_010_A_10.ply,frames/frame_010_A_10.json,diagnostics/A_dynamic_history.json,0,True,26878,85,6684,33477,0,0,0,0,0,0,0,0,0,0
10,A,within_session,10,27.920002001,26.920002001,frames/frame_010_A_10.ply,frames/frame_010_A_10.json,diagnostics/A_dynamic_history.json,0,True,26878,85,6684,33477,0,0,0,0,0,0,0,0,0,0
10,A,within_session,10,28.020002001,27.020002001,frames/frame_010_A_10.ply,frames/frame_010_A_10.json,diagnostics/A_dynamic_history.json,0,True,26878,85,6684,33477,0,0,0,0,0,0,0,0,0,0
10,A,within_session,10,28.120002001,27.120002001,frames/frame_010_A_10.ply,frames/frame_010_A_10.json,diagnostics/A_dynamic_history.json,0,True,26878,85,6684,33477,0,0,0,0,0,0,0,0,0,0
10,A,within_session,10,28.220002001,27.220002001,frames/frame_010_A_10.ply,frames/frame_010_A_10.json,diagnostics/A_dynamic_history.json,0,True,26878,85,6684,33477,0,0,0,0,0,0,0,0,0,0
10,A,within_session,10,28.320002001,27.320002001,frames/frame_010_A_10.ply,frames/frame_010_A_10.json,diagnostics/A_dynamic_history.json,0,True,26878,85,6684,33477,0,0,0,0,0,0,0,0,0,0
11,A,within_session,11,28.370002001,27.370002001,frames/frame_011_A_11.ply,frames/frame_011_A_11.json,diagnostics/A_dynamic_history.json,0,True,27971,85,6684,34570,0,0,0,0,0,0,0,0,0,0
11,A,within_session,11,28.470002001,27.470002001,frames/frame_011_A_11.ply,frames/frame_011_A_11.json,diagnostics/A_dynamic_history.json,0,True,27971,85,6684,34570,0,0,0,0,0,0,0,0,0,0
11,A,within_session,11,28.570002001,27.570002001,frames/frame_011_A_11.ply,frames/frame_011_A_11.json,diagnostics/A_dynamic_history.json,0,True,27971,85,6684,34570,0,0,0,0,0,0,0,0,0,0
11,A,within_session,11,28.670002001,27.670002001,frames/frame_011_A_11.ply,frames/frame_011_A_11.json,diagnostics/A_dynamic_history.json,0,True,27971,85,6684,34570,0,0,0,0,0,0,0,0,0,0
11,A,within_session,11,28.770002001,27.770002001,frames/frame_011_A_11.ply,frames/frame_011_A_11.json,diagnostics/A_dynamic_history.json,0,True,27971,85,6684,34570,0,0,0,0,0,0,0,0,0,0
11,A,within_session,11,28.870002001,27.870002001,frames/frame_011_A_11.ply,frames/frame_011_A_11.json,diagnostics/A_dynamic_history.json,0,True,27971,85,6684,34570,0,0,0,0,0,0,0,0,0,0
11,A,within_session,11,28.970002001,27.970002001,frames/frame_011_A_11.ply,frames/frame_011_A_11.json,diagnostics/A_dynamic_history.json,0,True,27971,85,6684,34570,0,0,0,0,0,0,0,0,0,0
11,A,within_session,11,29.070002001,28.070002001,frames/frame_011_A_11.ply,frames/frame_011_A_11.json,diagnostics/A_dynamic_history.json,0,True,27971,85,6684,34570,0,0,0,0,0,0,0,0,0,0
11,A,within_session,11,29.170002001,28.170002001,frames/frame_011_A_11.ply,frames/frame_011_A_11.json,diagnostics/A_dynamic_history.json,0,True,27971,85,6684,34570,0,0,0,0,0,0,0,0,0,0
11,A,within_session,11,29.270002001,28.270002001,frames/frame_011_A_11.ply,frames/frame_011_A_11.json,diagnostics/A_dynamic_history.json,0,True,27971,85,6684,34570,0,0,0,0,0,0,0,0,0,0
11,A,within_session,11,29.370002001,28.370002001,frames/frame_011_A_11.ply,frames/frame_011_A_11.json,diagnostics/A_dynamic_history.json,0,True,27971,85,6684,34570,0,0,0,0,0,0,0,0,0,0
11,A,within_session,11,29.470002001,28.470002001,frames/frame_011_A_11.ply,frames/frame_011_A_11.json,diagnostics/A_dynamic_history.json,0,True,27971,85,6684,34570,0,0,0,0,0,0,0,0,0,0
11,A,within_session,11,29.570002001,28.570002001,frames/frame_011_A_11.ply,frames/frame_011_A_11.json,diagnostics/A_dynamic_history.json,0,True,27971,85,6684,34570,0,0,0,0,0,0,0,0,0,0
11,A,within_session,11,29.670002001,28.670002001,frames/frame_011_A_11.ply,frames/frame_011_A_11.json,diagnostics/A_dynamic_history.json,0,True,27971,85,6684,34570,0,0,0,0,0,0,0,0,0,0
11,A,within_session,11,29.770002001,28.770002001,frames/frame_011_A_11.ply,frames/frame_011_A_11.json,diagnostics/A_dynamic_history.json,0,True,27971,85,6684,34570,0,0,0,0,0,0,0,0,0,0
11,A,within_session,11,29.870002001,28.870002001,frames/frame_011_A_11.ply,frames/frame_011_A_11.json,diagnostics/A_dynamic_history.json,0,True,27971,85,6684,34570,0,0,0,0,0,0,0,0,0,0
11,A,within_session,11,29.970002001,28.970002001,frames/frame_011_A_11.ply,frames/frame_011_A_11.json,diagnostics/A_dynamic_history.json,0,True,27971,85,6684,34570,0,0,0,0,0,0,0,0,0,0
11,A,within_session,11,30.070002001,29.070002001,frames/frame_011_A_11.ply,frames/frame_011_A_11.json,diagnostics/A_dynamic_history.json,0,True,27971,85,6684,34570,0,0,0,0,0,0,0,0,0,0
11,A,within_session,11,30.170002001,29.170002001,frames/frame_011_A_11.ply,frames/frame_011_A_11.json,diagnostics/A_dynamic_history.json,0,True,27971,85,6684,34570,0,0,0,0,0,0,0,0,0,0
11,A,within_session,11,30.270002001,29.270002001,frames/frame_011_A_11.ply,frames/frame_011_A_11.json,diagnostics/A_dynamic_history.json,0,True,27971,85,6684,34570,0,0,0,0,0,0,0,0,0,0
11,A,within_session,11,30.370002001,29.370002001,frames/frame_011_A_11.ply,frames/frame_011_A_11.json,diagnostics/A_dynamic_history.json,0,True,27971,85,6684,34570,0,0,0,0,0,0,0,0,0,0
11,A,within_session,11,30.470002001,29.470002001,frames/frame_011_A_11.ply,frames/frame_011_A_11.json,diagnostics/A_dynamic_history.json,0,True,27971,85,6684,34570,0,0,0,0,0,0,0,0,0,0
11,A,within_session,11,30.570002001,29.570002001,frames/frame_011_A_11.ply,frames/frame_011_A_11.json,diagnostics/A_dynamic_history.json,0,True,27971,85,6684,34570,0,0,0,0,0,0,0,0,0,0
12,A,within_session,12,30.620002001,29.620002001,frames/frame_012_A_12.ply,frames/frame_012_A_12.json,diagnostics/A_dynamic_history.json,0,True,28169,205,11646,39610,0,0,0,0,0,0,0,0,0,0
13,B,cross_session_with_A_memory,0,3.500000000,214.769982000,frames/frame_013_B_00.ply,frames/frame_013_B_00.json,diagnostics/B_dynamic_history.json,0,True,39610,0,0,39180,0,10,1,10,39610,5156,600,10443,28567,170
13,B,cross_session_with_A_memory,0,3.600000000,214.669982000,frames/frame_013_B_00.ply,frames/frame_013_B_00.json,diagnostics/B_dynamic_history.json,0,True,39610,0,0,39180,0,10,1,10,39610,5156,600,10443,28567,170
13,B,cross_session_with_A_memory,0,3.700000000,214.569982000,frames/frame_013_B_00.ply,frames/frame_013_B_00.json,diagnostics/B_dynamic_history.json,0,True,39610,0,0,39180,0,10,1,10,39610,5156,600,10443,28567,170
13,B,cross_session_with_A_memory,0,3.800000000,214.469982000,frames/frame_013_B_00.ply,frames/frame_013_B_00.json,diagnostics/B_dynamic_history.json,0,True,39610,0,0,39180,0,10,1,10,39610,5156,600,10443,28567,170
13,B,cross_session_with_A_memory,0,3.900000000,214.369982000,frames/frame_013_B_00.ply,frames/frame_013_B_00.json,diagnostics/B_dynamic_history.json,0,True,39610,0,0,39180,0,10,1,10,39610,5156,600,10443,28567,170
13,B,cross_session_with_A_memory,0,4.000000000,214.269982000,frames/frame_013_B_00.ply,frames/frame_013_B_00.json,diagnostics/B_dynamic_history.json,0,True,39610,0,0,39180,0,10,1,10,39610,5156,600,10443,28567,170
13,B,cross_session_with_A_memory,0,4.100000000,214.169982000,frames/frame_013_B_00.ply,frames/frame_013_B_00.json,diagnostics/B_dynamic_history.json,0,True,39610,0,0,39180,0,10,1,10,39610,5156,600,10443,28567,170
13,B,cross_session_with_A_memory,0,4.200000000,214.069982000,frames/frame_013_B_00.ply,frames/frame_013_B_00.json,diagnostics/B_dynamic_history.json,0,True,39610,0,0,39180,0,10,1,10,39610,5156,600,10443,28567,170
13,B,cross_session_with_A_memory,0,4.300000000,213.969982000,frames/frame_013_B_00.ply,frames/frame_013_B_00.json,diagnostics/B_dynamic_history.json,0,True,39610,0,0,39180,0,10,1,10,39610,5156,600,10443,28567,170
13,B,cross_session_with_A_memory,0,4.400000000,213.869982000,frames/frame_013_B_00.ply,frames/frame_013_B_00.json,diagnostics/B_dynamic_history.json,0,True,39610,0,0,39180,0,10,1,10,39610,5156,600,10443,28567,170
13,B,cross_session_with_A_memory,0,4.500000000,213.769982000,frames/frame_013_B_00.ply,frames/frame_013_B_00.json,diagnostics/B_dynamic_history.json,0,True,39610,0,0,39180,0,10,1,10,39610,5156,600,10443,28567,170
13,B,cross_session_with_A_memory,0,4.600000000,213.669982000,frames/frame_013_B_00.ply,frames/frame_013_B_00.json,diagnostics/B_dynamic_history.json,0,True,39610,0,0,39180,0,10,1,10,39610,5156,600,10443,28567,170
13,B,cross_session_with_A_memory,0,4.700000000,213.569982000,frames/frame_013_B_00.ply,frames/frame_013_B_00.json,diagnostics/B_dynamic_history.json,0,True,39610,0,0,39180,0,10,1,10,39610,5156,600,10443,28567,170
13,B,cross_session_with_A_memory,0,4.800000000,213.469982000,frames/frame_013_B_00.ply,frames/frame_013_B_00.json,diagnostics/B_dynamic_history.json,0,True,39610,0,0,39180,0,10,1,10,39610,5156,600,10443,28567,170
13,B,cross_session_with_A_memory,0,4.900000000,213.369982000,frames/frame_013_B_00.ply,frames/frame_013_B_00.json,diagnostics/B_dynamic_history.json,0,True,39610,0,0,39180,0,10,1,10,39610,5156,600,10443,28567,170
13,B,cross_session_with_A_memory,0,5.000000000,213.269982000,frames/frame_013_B_00.ply,frames/frame_013_B_00.json,diagnostics/B_dynamic_history.json,0,True,39610,0,0,39180,0,10,1,10,39610,5156,600,10443,28567,170
13,B,cross_session_with_A_memory,0,5.100000000,213.169982000,frames/frame_013_B_00.ply,frames/frame_013_B_00.json,diagnostics/B_dynamic_history.json,0,True,39610,0,0,39180,0,10,1,10,39610,5156,600,10443,28567,170
13,B,cross_session_with_A_memory,0,5.200000000,213.069982000,frames/frame_013_B_00.ply,frames/frame_013_B_00.json,diagnostics/B_dynamic_history.json,0,True,39610,0,0,39180,0,10,1,10,39610,5156,600,10443,28567,170
13,B,cross_session_with_A_memory,0,5.300000000,212.969982000,frames/frame_013_B_00.ply,frames/frame_013_B_00.json,diagnostics/B_dynamic_history.json,0,True,39610,0,0,39180,0,10,1,10,39610,5156,600,10443,28567,170
13,B,cross_session_with_A_memory,0,5.400000000,212.869982000,frames/frame_013_B_00.ply,frames/frame_013_B_00.json,diagnostics/B_dynamic_history.json,0,True,39610,0,0,39180,0,10,1,10,39610,5156,600,10443,28567,170
13,B,cross_session_with_A_memory,0,5.500000000,212.769982000,frames/frame_013_B_00.ply,frames/frame_013_B_00.json,diagnostics/B_dynamic_history.json,0,True,39610,0,0,39180,0,10,1,10,39610,5156,600,10443,28567,170
13,B,cross_session_with_A_memory,0,5.600000000,212.669982000,frames/frame_013_B_00.ply,frames/frame_013_B_00.json,diagnostics/B_dynamic_history.json,0,True,39610,0,0,39180,0,10,1,10,39610,5156,600,10443,28567,170
13,B,cross_session_with_A_memory,0,5.700000000,212.569982000,frames/frame_013_B_00.ply,frames/frame_013_B_00.json,diagnostics/B_dynamic_history.json,0,True,39610,0,0,39180,0,10,1,10,39610,5156,600,10443,28567,170
14,B,cross_session_with_A_memory,1,5.750000000,212.519982000,frames/frame_014_B_01.ply,frames/frame_014_B_01.json,diagnostics/B_dynamic_history.json,0,True,39610,0,0,37052,0,10,1,10,39610,8905,2914,14536,22160,356
14,B,cross_session_with_A_memory,1,5.850000000,212.419982000,frames/frame_014_B_01.ply,frames/frame_014_B_01.json,diagnostics/B_dynamic_history.json,0,True,39610,0,0,37052,0,10,1,10,39610,8905,2914,14536,22160,356
14,B,cross_session_with_A_memory,1,5.950000000,212.319982000,frames/frame_014_B_01.ply,frames/frame_014_B_01.json,diagnostics/B_dynamic_history.json,0,True,39610,0,0,37052,0,10,1,10,39610,8905,2914,14536,22160,356
14,B,cross_session_with_A_memory,1,6.050000000,212.219982000,frames/frame_014_B_01.ply,frames/frame_014_B_01.json,diagnostics/B_dynamic_history.json,0,True,39610,0,0,37052,0,10,1,10,39610,8905,2914,14536,22160,356
14,B,cross_session_with_A_memory,1,6.150000000,212.119982000,frames/frame_014_B_01.ply,frames/frame_014_B_01.json,diagnostics/B_dynamic_history.json,0,True,39610,0,0,37052,0,10,1,10,39610,8905,2914,14536,22160,356
14,B,cross_session_with_A_memory,1,6.250000000,212.019982000,frames/frame_014_B_01.ply,frames/frame_014_B_01.json,diagnostics/B_dynamic_history.json,0,True,39610,0,0,37052,0,10,1,10,39610,8905,2914,14536,22160,356
14,B,cross_session_with_A_memory,1,6.350000000,211.919982000,frames/frame_014_B_01.ply,frames/frame_014_B_01.json,diagnostics/B_dynamic_history.json,0,True,39610,0,0,37052,0,10,1,10,39610,8905,2914,14536,22160,356
14,B,cross_session_with_A_memory,1,6.450000000,211.819982000,frames/frame_014_B_01.ply,frames/frame_014_B_01.json,diagnostics/B_dynamic_history.json,0,True,39610,0,0,37052,0,10,1,10,39610,8905,2914,14536,22160,356
14,B,cross_session_with_A_memory,1,6.550000000,211.719982000,frames/frame_014_B_01.ply,frames/frame_014_B_01.json,diagnostics/B_dynamic_history.json,0,True,39610,0,0,37052,0,10,1,10,39610,8905,2914,14536,22160,356
14,B,cross_session_with_A_memory,1,6.650000000,211.619982000,frames/frame_014_B_01.ply,frames/frame_014_B_01.json,diagnostics/B_dynamic_history.json,0,True,39610,0,0,37052,0,10,1,10,39610,8905,2914,14536,22160,356
14,B,cross_session_with_A_memory,1,6.750000000,211.519982000,frames/frame_014_B_01.ply,frames/frame_014_B_01.json,diagnostics/B_dynamic_history.json,0,True,39610,0,0,37052,0,10,1,10,39610,8905,2914,14536,22160,356
14,B,cross_session_with_A_memory,1,6.850000000,211.419982000,frames/frame_014_B_01.ply,frames/frame_014_B_01.json,diagnostics/B_dynamic_history.json,0,True,39610,0,0,37052,0,10,1,10,39610,8905,2914,14536,22160,356
14,B,cross_session_with_A_memory,1,6.950000000,211.319982000,frames/frame_014_B_01.ply,frames/frame_014_B_01.json,diagnostics/B_dynamic_history.json,0,True,39610,0,0,37052,0,10,1,10,39610,8905,2914,14536,22160,356
14,B,cross_session_with_A_memory,1,7.050000000,211.219982000,frames/frame_014_B_01.ply,frames/frame_014_B_01.json,diagnostics/B_dynamic_history.json,0,True,39610,0,0,37052,0,10,1,10,39610,8905,2914,14536,22160,356
14,B,cross_session_with_A_memory,1,7.150000000,211.119982000,frames/frame_014_B_01.ply,frames/frame_014_B_01.json,diagnostics/B_dynamic_history.json,0,True,39610,0,0,37052,0,10,1,10,39610,8905,2914,14536,22160,356
14,B,cross_session_with_A_memory,1,7.250000000,211.019982000,frames/frame_014_B_01.ply,frames/frame_014_B_01.json,diagnostics/B_dynamic_history.json,0,True,39610,0,0,37052,0,10,1,10,39610,8905,2914,14536,22160,356
14,B,cross_session_with_A_memory,1,7.350000000,210.919982000,frames/frame_014_B_01.ply,frames/frame_014_B_01.json,diagnostics/B_dynamic_history.json,0,True,39610,0,0,37052,0,10,1,10,39610,8905,2914,14536,22160,356
14,B,cross_session_with_A_memory,1,7.450000000,210.819982000,frames/frame_014_B_01.ply,frames/frame_014_B_01.json,diagnostics/B_dynamic_history.json,0,True,39610,0,0,37052,0,10,1,10,39610,8905,2914,14536,22160,356
14,B,cross_session_with_A_memory,1,7.550000000,210.719982000,frames/frame_014_B_01.ply,frames/frame_014_B_01.json,diagnostics/B_dynamic_history.json,0,True,39610,0,0,37052,0,10,1,10,39610,8905,2914,14536,22160,356
14,B,cross_session_with_A_memory,1,7.650000000,210.619982000,frames/frame_014_B_01.ply,frames/frame_014_B_01.json,diagnostics/B_dynamic_history.json,0,True,39610,0,0,37052,0,10,1,10,39610,8905,2914,14536,22160,356
14,B,cross_session_with_A_memory,1,7.750000000,210.519982000,frames/frame_014_B_01.ply,frames/frame_014_B_01.json,diagnostics/B_dynamic_history.json,0,True,39610,0,0,37052,0,10,1,10,39610,8905,2914,14536,22160,356
14,B,cross_session_with_A_memory,1,7.850000000,210.419982000,frames/frame_014_B_01.ply,frames/frame_014_B_01.json,diagnostics/B_dynamic_history.json,0,True,39610,0,0,37052,0,10,1,10,39610,8905,2914,14536,22160,356
14,B,cross_session_with_A_memory,1,7.950000000,210.319982000,frames/frame_014_B_01.ply,frames/frame_014_B_01.json,diagnostics/B_dynamic_history.json,0,True,39610,0,0,37052,0,10,1,10,39610,8905,2914,14536,22160,356
15,B,cross_session_with_A_memory,2,8.000000000,210.269982000,frames/frame_015_B_02.ply,frames/frame_015_B_02.json,diagnostics/B_dynamic_history.json,0,True,39610,0,0,38320,0,10,1,10,39610,14145,3063,18592,17955,1773
15,B,cross_session_with_A_memory,2,8.100000000,210.169982000,frames/frame_015_B_02.ply,frames/frame_015_B_02.json,diagnostics/B_dynamic_history.json,0,True,39610,0,0,38320,0,10,1,10,39610,14145,3063,18592,17955,1773
15,B,cross_session_with_A_memory,2,8.200000000,210.069982000,frames/frame_015_B_02.ply,frames/frame_015_B_02.json,diagnostics/B_dynamic_history.json,0,True,39610,0,0,38320,0,10,1,10,39610,14145,3063,18592,17955,1773
15,B,cross_session_with_A_memory,2,8.300000000,209.969982000,frames/frame_015_B_02.ply,frames/frame_015_B_02.json,diagnostics/B_dynamic_history.json,0,True,39610,0,0,38320,0,10,1,10,39610,14145,3063,18592,17955,1773
15,B,cross_session_with_A_memory,2,8.400000000,209.869982000,frames/frame_015_B_02.ply,frames/frame_015_B_02.json,diagnostics/B_dynamic_history.json,0,True,39610,0,0,38320,0,10,1,10,39610,14145,3063,18592,17955,1773
15,B,cross_session_with_A_memory,2,8.500000000,209.769982000,frames/frame_015_B_02.ply,frames/frame_015_B_02.json,diagnostics/B_dynamic_history.json,0,True,39610,0,0,38320,0,10,1,10,39610,14145,3063,18592,17955,1773
15,B,cross_session_with_A_memory,2,8.600000000,209.669982000,frames/frame_015_B_02.ply,frames/frame_015_B_02.json,diagnostics/B_dynamic_history.json,0,True,39610,0,0,38320,0,10,1,10,39610,14145,3063,18592,17955,1773
15,B,cross_session_with_A_memory,2,8.700000000,209.569982000,frames/frame_015_B_02.ply,frames/frame_015_B_02.json,diagnostics/B_dynamic_history.json,0,True,39610,0,0,38320,0,10,1,10,39610,14145,3063,18592,17955,1773
15,B,cross_session_with_A_memory,2,8.800000000,209.469982000,frames/frame_015_B_02.ply,frames/frame_015_B_02.json,diagnostics/B_dynamic_history.json,0,True,39610,0,0,38320,0,10,1,10,39610,14145,3063,18592,17955,1773
15,B,cross_session_with_A_memory,2,8.900000000,209.369982000,frames/frame_015_B_02.ply,frames/frame_015_B_02.json,diagnostics/B_dynamic_history.json,0,True,39610,0,0,38320,0,10,1,10,39610,14145,3063,18592,17955,1773
15,B,cross_session_with_A_memory,2,9.000000000,209.269982000,frames/frame_015_B_02.ply,frames/frame_015_B_02.json,diagnostics/B_dynamic_history.json,0,True,39610,0,0,38320,0,10,1,10,39610,14145,3063,18592,17955,1773
15,B,cross_session_with_A_memory,2,9.100000000,209.169982000,frames/frame_015_B_02.ply,frames/frame_015_B_02.json,diagnostics/B_dynamic_history.json,0,True,39610,0,0,38320,0,10,1,10,39610,14145,3063,18592,17955,1773
15,B,cross_session_with_A_memory,2,9.200000000,209.069982000,frames/frame_015_B_02.ply,frames/frame_015_B_02.json,diagnostics/B_dynamic_history.json,0,True,39610,0,0,38320,0,10,1,10,39610,14145,3063,18592,17955,1773
15,B,cross_session_with_A_memory,2,9.300000000,208.969982000,frames/frame_015_B_02.ply,frames/frame_015_B_02.json,diagnostics/B_dynamic_history.json,0,True,39610,0,0,38320,0,10,1,10,39610,14145,3063,18592,17955,1773
15,B,cross_session_with_A_memory,2,9.400000000,208.869982000,frames/frame_015_B_02.ply,frames/frame_015_B_02.json,diagnostics/B_dynamic_history.json,0,True,39610,0,0,38320,0,10,1,10,39610,14145,3063,18592,17955,1773
15,B,cross_session_with_A_memory,2,9.500000000,208.769982000,frames/frame_015_B_02.ply,frames/frame_015_B_02.json,diagnostics/B_dynamic_history.json,0,True,39610,0,0,38320,0,10,1,10,39610,14145,3063,18592,17955,1773
15,B,cross_session_with_A_memory,2,9.600000000,208.669982000,frames/frame_015_B_02.ply,frames/frame_015_B_02.json,diagnostics/B_dynamic_history.json,0,True,39610,0,0,38320,0,10,1,10,39610,14145,3063,18592,17955,1773
15,B,cross_session_with_A_memory,2,9.700000000,208.569982000,frames/frame_015_B_02.ply,frames/frame_015_B_02.json,diagnostics/B_dynamic_history.json,0,True,39610,0,0,38320,0,10,1,10,39610,14145,3063,18592,17955,1773
15,B,cross_session_with_A_memory,2,9.800000000,208.469982000,frames/frame_015_B_02.ply,frames/frame_015_B_02.json,diagnostics/B_dynamic_history.json,0,True,39610,0,0,38320,0,10,1,10,39610,14145,3063,18592,17955,1773
15,B,cross_session_with_A_memory,2,9.900000000,208.369982000,frames/frame_015_B_02.ply,frames/frame_015_B_02.json,diagnostics/B_dynamic_history.json,0,True,39610,0,0,38320,0,10,1,10,39610,14145,3063,18592,17955,1773
15,B,cross_session_with_A_memory,2,10.000000000,208.269982000,frames/frame_015_B_02.ply,frames/frame_015_B_02.json,diagnostics/B_dynamic_history.json,0,True,39610,0,0,38320,0,10,1,10,39610,14145,3063,18592,17955,1773
15,B,cross_session_with_A_memory,2,10.100000000,208.169982000,frames/frame_015_B_02.ply,frames/frame_015_B_02.json,diagnostics/B_dynamic_history.json,0,True,39610,0,0,38320,0,10,1,10,39610,14145,3063,18592,17955,1773
15,B,cross_session_with_A_memory,2,10.200000000,208.069982000,frames/frame_015_B_02.ply,frames/frame_015_B_02.json,diagnostics/B_dynamic_history.json,0,True,39610,0,0,38320,0,10,1,10,39610,14145,3063,18592,17955,1773
16,B,cross_session_with_A_memory,3,10.250000000,208.019982000,frames/frame_016_B_03.ply,frames/frame_016_B_03.json,diagnostics/B_dynamic_history.json,0,True,39610,0,12,38817,4,6,1,6,39610,15453,2786,19358,17466,1981
16,B,cross_session_with_A_memory,3,10.350000000,207.919982000,frames/frame_016_B_03.ply,frames/frame_016_B_03.json,diagnostics/B_dynamic_history.json,0,True,39610,0,12,38817,4,6,1,6,39610,15453,2786,19358,17466,1981
16,B,cross_session_with_A_memory,3,10.450000000,207.819982000,frames/frame_016_B_03.ply,frames/frame_016_B_03.json,diagnostics/B_dynamic_history.json,0,True,39610,0,12,38817,4,6,1,6,39610,15453,2786,19358,17466,1981
16,B,cross_session_with_A_memory,3,10.550000000,207.719982000,frames/frame_016_B_03.ply,frames/frame_016_B_03.json,diagnostics/B_dynamic_history.json,0,True,39610,0,12,38817,4,6,1,6,39610,15453,2786,19358,17466,1981
16,B,cross_session_with_A_memory,3,10.650000000,207.619982000,frames/frame_016_B_03.ply,frames/frame_016_B_03.json,diagnostics/B_dynamic_history.json,0,True,39610,0,12,38817,4,6,1,6,39610,15453,2786,19358,17466,1981
16,B,cross_session_with_A_memory,3,10.750000000,207.519982000,frames/frame_016_B_03.ply,frames/frame_016_B_03.json,diagnostics/B_dynamic_history.json,0,True,39610,0,12,38817,4,6,1,6,39610,15453,2786,19358,17466,1981
16,B,cross_session_with_A_memory,3,10.850000000,207.419982000,frames/frame_016_B_03.ply,frames/frame_016_B_03.json,diagnostics/B_dynamic_history.json,0,True,39610,0,12,38817,4,6,1,6,39610,15453,2786,19358,17466,1981
16,B,cross_session_with_A_memory,3,10.950000000,207.319982000,frames/frame_016_B_03.ply,frames/frame_016_B_03.json,diagnostics/B_dynamic_history.json,0,True,39610,0,12,38817,4,6,1,6,39610,15453,2786,19358,17466,1981
16,B,cross_session_with_A_memory,3,11.050000000,207.219982000,frames/frame_016_B_03.ply,frames/frame_016_B_03.json,diagnostics/B_dynamic_history.json,0,True,39610,0,12,38817,4,6,1,6,39610,15453,2786,19358,17466,1981
16,B,cross_session_with_A_memory,3,11.150000000,207.119982000,frames/frame_016_B_03.ply,frames/frame_016_B_03.json,diagnostics/B_dynamic_history.json,0,True,39610,0,12,38817,4,6,1,6,39610,15453,2786,19358,17466,1981
16,B,cross_session_with_A_memory,3,11.250000000,207.019982000,frames/frame_016_B_03.ply,frames/frame_016_B_03.json,diagnostics/B_dynamic_history.json,0,True,39610,0,12,38817,4,6,1,6,39610,15453,2786,19358,17466,1981
16,B,cross_session_with_A_memory,3,11.350000000,206.919982000,frames/frame_016_B_03.ply,frames/frame_016_B_03.json,diagnostics/B_dynamic_history.json,0,True,39610,0,12,38817,4,6,1,6,39610,15453,2786,19358,17466,1981
16,B,cross_session_with_A_memory,3,11.450000000,206.819982000,frames/frame_016_B_03.ply,frames/frame_016_B_03.json,diagnostics/B_dynamic_history.json,0,True,39610,0,12,38817,4,6,1,6,39610,15453,2786,19358,17466,1981
16,B,cross_session_with_A_memory,3,11.550000000,206.719982000,frames/frame_016_B_03.ply,frames/frame_016_B_03.json,diagnostics/B_dynamic_history.json,0,True,39610,0,12,38817,4,6,1,6,39610,15453,2786,19358,17466,1981
16,B,cross_session_with_A_memory,3,11.650000000,206.619982000,frames/frame_016_B_03.ply,frames/frame_016_B_03.json,diagnostics/B_dynamic_history.json,0,True,39610,0,12,38817,4,6,1,6,39610,15453,2786,19358,17466,1981
16,B,cross_session_with_A_memory,3,11.750000000,206.519982000,frames/frame_016_B_03.ply,frames/frame_016_B_03.json,diagnostics/B_dynamic_history.json,0,True,39610,0,12,38817,4,6,1,6,39610,15453,2786,19358,17466,1981
16,B,cross_session_with_A_memory,3,11.850000000,206.419982000,frames/frame_016_B_03.ply,frames/frame_016_B_03.json,diagnostics/B_dynamic_history.json,0,True,39610,0,12,38817,4,6,1,6,39610,15453,2786,19358,17466,1981
16,B,cross_session_with_A_memory,3,11.950000000,206.319982000,frames/frame_016_B_03.ply,frames/frame_016_B_03.json,diagnostics/B_dynamic_history.json,0,True,39610,0,12,38817,4,6,1,6,39610,15453,2786,19358,17466,1981
16,B,cross_session_with_A_memory,3,12.050000000,206.219982000,frames/frame_016_B_03.ply,frames/frame_016_B_03.json,diagnostics/B_dynamic_history.json,0,True,39610,0,12,38817,4,6,1,6,39610,15453,2786,19358,17466,1981
16,B,cross_session_with_A_memory,3,12.150000000,206.119982000,frames/frame_016_B_03.ply,frames/frame_016_B_03.json,diagnostics/B_dynamic_history.json,0,True,39610,0,12,38817,4,6,1,6,39610,15453,2786,19358,17466,1981
16,B,cross_session_with_A_memory,3,12.250000000,206.019982000,frames/frame_016_B_03.ply,frames/frame_016_B_03.json,diagnostics/B_dynamic_history.json,0,True,39610,0,12,38817,4,6,1,6,39610,15453,2786,19358,17466,1981
16,B,cross_session_with_A_memory,3,12.350000000,205.919982000,frames/frame_016_B_03.ply,frames/frame_016_B_03.json,diagnostics/B_dynamic_history.json,0,True,39610,0,12,38817,4,6,1,6,39610,15453,2786,19358,17466,1981
16,B,cross_session_with_A_memory,3,12.450000000,205.819982000,frames/frame_016_B_03.ply,frames/frame_016_B_03.json,diagnostics/B_dynamic_history.json,0,True,39610,0,12,38817,4,6,1,6,39610,15453,2786,19358,17466,1981
17,B,cross_session_with_A_memory,4,12.500000000,205.769982000,frames/frame_017_B_04.ply,frames/frame_017_B_04.json,diagnostics/B_dynamic_history.json,0,True,39610,0,12,39332,5,5,1,5,39610,16308,2842,19875,16893,2552
17,B,cross_session_with_A_memory,4,12.600000000,205.669982000,frames/frame_017_B_04.ply,frames/frame_017_B_04.json,diagnostics/B_dynamic_history.json,0,True,39610,0,12,39332,5,5,1,5,39610,16308,2842,19875,16893,2552
17,B,cross_session_with_A_memory,4,12.700000000,205.569982000,frames/frame_017_B_04.ply,frames/frame_017_B_04.json,diagnostics/B_dynamic_history.json,0,True,39610,0,12,39332,5,5,1,5,39610,16308,2842,19875,16893,2552
17,B,cross_session_with_A_memory,4,12.800000000,205.469982000,frames/frame_017_B_04.ply,frames/frame_017_B_04.json,diagnostics/B_dynamic_history.json,0,True,39610,0,12,39332,5,5,1,5,39610,16308,2842,19875,16893,2552
17,B,cross_session_with_A_memory,4,12.900000000,205.369982000,frames/frame_017_B_04.ply,frames/frame_017_B_04.json,diagnostics/B_dynamic_history.json,0,True,39610,0,12,39332,5,5,1,5,39610,16308,2842,19875,16893,2552
17,B,cross_session_with_A_memory,4,13.000000000,205.269982000,frames/frame_017_B_04.ply,frames/frame_017_B_04.json,diagnostics/B_dynamic_history.json,0,True,39610,0,12,39332,5,5,1,5,39610,16308,2842,19875,16893,2552
17,B,cross_session_with_A_memory,4,13.100000000,205.169982000,frames/frame_017_B_04.ply,frames/frame_017_B_04.json,diagnostics/B_dynamic_history.json,0,True,39610,0,12,39332,5,5,1,5,39610,16308,2842,19875,16893,2552
17,B,cross_session_with_A_memory,4,13.200000000,205.069982000,frames/frame_017_B_04.ply,frames/frame_017_B_04.json,diagnostics/B_dynamic_history.json,0,True,39610,0,12,39332,5,5,1,5,39610,16308,2842,19875,16893,2552
17,B,cross_session_with_A_memory,4,13.300000000,204.969982000,frames/frame_017_B_04.ply,frames/frame_017_B_04.json,diagnostics/B_dynamic_history.json,0,True,39610,0,12,39332,5,5,1,5,39610,16308,2842,19875,16893,2552
17,B,cross_session_with_A_memory,4,13.400000000,204.869982000,frames/frame_017_B_04.ply,frames/frame_017_B_04.json,diagnostics/B_dynamic_history.json,0,True,39610,0,12,39332,5,5,1,5,39610,16308,2842,19875,16893,2552
17,B,cross_session_with_A_memory,4,13.500000000,204.769982000,frames/frame_017_B_04.ply,frames/frame_017_B_04.json,diagnostics/B_dynamic_history.json,0,True,39610,0,12,39332,5,5,1,5,39610,16308,2842,19875,16893,2552
17,B,cross_session_with_A_memory,4,13.600000000,204.669982000,frames/frame_017_B_04.ply,frames/frame_017_B_04.json,diagnostics/B_dynamic_history.json,0,True,39610,0,12,39332,5,5,1,5,39610,16308,2842,19875,16893,2552
17,B,cross_session_with_A_memory,4,13.700000000,204.569982000,frames/frame_017_B_04.ply,frames/frame_017_B_04.json,diagnostics/B_dynamic_history.json,0,True,39610,0,12,39332,5,5,1,5,39610,16308,2842,19875,16893,2552
17,B,cross_session_with_A_memory,4,13.800000000,204.469982000,frames/frame_017_B_04.ply,frames/frame_017_B_04.json,diagnostics/B_dynamic_history.json,0,True,39610,0,12,39332,5,5,1,5,39610,16308,2842,19875,16893,2552
17,B,cross_session_with_A_memory,4,13.900000000,204.369982000,frames/frame_017_B_04.ply,frames/frame_017_B_04.json,diagnostics/B_dynamic_history.json,0,True,39610,0,12,39332,5,5,1,5,39610,16308,2842,19875,16893,2552
17,B,cross_session_with_A_memory,4,14.000000000,204.269982000,frames/frame_017_B_04.ply,frames/frame_017_B_04.json,diagnostics/B_dynamic_history.json,0,True,39610,0,12,39332,5,5,1,5,39610,16308,2842,19875,16893,2552
17,B,cross_session_with_A_memory,4,14.100000000,204.169982000,frames/frame_017_B_04.ply,frames/frame_017_B_04.json,diagnostics/B_dynamic_history.json,0,True,39610,0,12,39332,5,5,1,5,39610,16308,2842,19875,16893,2552
17,B,cross_session_with_A_memory,4,14.200000000,204.069982000,frames/frame_017_B_04.ply,frames/frame_017_B_04.json,diagnostics/B_dynamic_history.json,0,True,39610,0,12,39332,5,5,1,5,39610,16308,2842,19875,16893,2552
17,B,cross_session_with_A_memory,4,14.300000000,203.969982000,frames/frame_017_B_04.ply,frames/frame_017_B_04.json,diagnostics/B_dynamic_history.json,0,True,39610,0,12,39332,5,5,1,5,39610,16308,2842,19875,16893,2552
17,B,cross_session_with_A_memory,4,14.400000000,203.869982000,frames/frame_017_B_04.ply,frames/frame_017_B_04.json,diagnostics/B_dynamic_history.json,0,True,39610,0,12,39332,5,5,1,5,39610,16308,2842,19875,16893,2552
17,B,cross_session_with_A_memory,4,14.500000000,203.769982000,frames/frame_017_B_04.ply,frames/frame_017_B_04.json,diagnostics/B_dynamic_history.json,0,True,39610,0,12,39332,5,5,1,5,39610,16308,2842,19875,16893,2552
17,B,cross_session_with_A_memory,4,14.600000000,203.669982000,frames/frame_017_B_04.ply,frames/frame_017_B_04.json,diagnostics/B_dynamic_history.json,0,True,39610,0,12,39332,5,5,1,5,39610,16308,2842,19875,16893,2552
17,B,cross_session_with_A_memory,4,14.700000000,203.569982000,frames/frame_017_B_04.ply,frames/frame_017_B_04.json,diagnostics/B_dynamic_history.json,0,True,39610,0,12,39332,5,5,1,5,39610,16308,2842,19875,16893,2552
18,B,cross_session_with_A_memory,5,14.750000000,203.519982000,frames/frame_018_B_05.ply,frames/frame_018_B_05.json,diagnostics/B_dynamic_history.json,0,True,39610,0,12,40517,5,5,1,5,39610,19387,3317,23891,12402,4212
18,B,cross_session_with_A_memory,5,14.850000000,203.419982000,frames/frame_018_B_05.ply,frames/frame_018_B_05.json,diagnostics/B_dynamic_history.json,0,True,39610,0,12,40517,5,5,1,5,39610,19387,3317,23891,12402,4212
18,B,cross_session_with_A_memory,5,14.950000000,203.319982000,frames/frame_018_B_05.ply,frames/frame_018_B_05.json,diagnostics/B_dynamic_history.json,0,True,39610,0,12,40517,5,5,1,5,39610,19387,3317,23891,12402,4212
18,B,cross_session_with_A_memory,5,15.050000000,203.219982000,frames/frame_018_B_05.ply,frames/frame_018_B_05.json,diagnostics/B_dynamic_history.json,0,True,39610,0,12,40517,5,5,1,5,39610,19387,3317,23891,12402,4212
18,B,cross_session_with_A_memory,5,15.150000000,203.119982000,frames/frame_018_B_05.ply,frames/frame_018_B_05.json,diagnostics/B_dynamic_history.json,0,True,39610,0,12,40517,5,5,1,5,39610,19387,3317,23891,12402,4212
18,B,cross_session_with_A_memory,5,15.250000000,203.019982000,frames/frame_018_B_05.ply,frames/frame_018_B_05.json,diagnostics/B_dynamic_history.json,0,True,39610,0,12,40517,5,5,1,5,39610,19387,3317,23891,12402,4212
18,B,cross_session_with_A_memory,5,15.350000000,202.919982000,frames/frame_018_B_05.ply,frames/frame_018_B_05.json,diagnostics/B_dynamic_history.json,0,True,39610,0,12,40517,5,5,1,5,39610,19387,3317,23891,12402,4212
18,B,cross_session_with_A_memory,5,15.450000000,202.819982000,frames/frame_018_B_05.ply,frames/frame_018_B_05.json,diagnostics/B_dynamic_history.json,0,True,39610,0,12,40517,5,5,1,5,39610,19387,3317,23891,12402,4212
18,B,cross_session_with_A_memory,5,15.550000000,202.719982000,frames/frame_018_B_05.ply,frames/frame_018_B_05.json,diagnostics/B_dynamic_history.json,0,True,39610,0,12,40517,5,5,1,5,39610,19387,3317,23891,12402,4212
18,B,cross_session_with_A_memory,5,15.650000000,202.619982000,frames/frame_018_B_05.ply,frames/frame_018_B_05.json,diagnostics/B_dynamic_history.json,0,True,39610,0,12,40517,5,5,1,5,39610,19387,3317,23891,12402,4212
18,B,cross_session_with_A_memory,5,15.750000000,202.519982000,frames/frame_018_B_05.ply,frames/frame_018_B_05.json,diagnostics/B_dynamic_history.json,0,True,39610,0,12,40517,5,5,1,5,39610,19387,3317,23891,12402,4212
18,B,cross_session_with_A_memory,5,15.850000000,202.419982000,frames/frame_018_B_05.ply,frames/frame_018_B_05.json,diagnostics/B_dynamic_history.json,0,True,39610,0,12,40517,5,5,1,5,39610,19387,3317,23891,12402,4212
18,B,cross_session_with_A_memory,5,15.950000000,202.319982000,frames/frame_018_B_05.ply,frames/frame_018_B_05.json,diagnostics/B_dynamic_history.json,0,True,39610,0,12,40517,5,5,1,5,39610,19387,3317,23891,12402,4212
18,B,cross_session_with_A_memory,5,16.050000000,202.219982000,frames/frame_018_B_05.ply,frames/frame_018_B_05.json,diagnostics/B_dynamic_history.json,0,True,39610,0,12,40517,5,5,1,5,39610,19387,3317,23891,12402,4212
18,B,cross_session_with_A_memory,5,16.150000000,202.119982000,frames/frame_018_B_05.ply,frames/frame_018_B_05.json,diagnostics/B_dynamic_history.json,0,True,39610,0,12,40517,5,5,1,5,39610,19387,3317,23891,12402,4212
18,B,cross_session_with_A_memory,5,16.250000000,202.019982000,frames/frame_018_B_05.ply,frames/frame_018_B_05.json,diagnostics/B_dynamic_history.json,0,True,39610,0,12,40517,5,5,1,5,39610,19387,3317,23891,12402,4212
18,B,cross_session_with_A_memory,5,16.350000000,201.919982000,frames/frame_018_B_05.ply,frames/frame_018_B_05.json,diagnostics/B_dynamic_history.json,0,True,39610,0,12,40517,5,5,1,5,39610,19387,3317,23891,12402,4212
18,B,cross_session_with_A_memory,5,16.450000000,201.819982000,frames/frame_018_B_05.ply,frames/frame_018_B_05.json,diagnostics/B_dynamic_history.json,0,True,39610,0,12,40517,5,5,1,5,39610,19387,3317,23891,12402,4212
18,B,cross_session_with_A_memory,5,16.550000000,201.719982000,frames/frame_018_B_05.ply,frames/frame_018_B_05.json,diagnostics/B_dynamic_history.json,0,True,39610,0,12,40517,5,5,1,5,39610,19387,3317,23891,12402,4212
18,B,cross_session_with_A_memory,5,16.650000000,201.619982000,frames/frame_018_B_05.ply,frames/frame_018_B_05.json,diagnostics/B_dynamic_history.json,0,True,39610,0,12,40517,5,5,1,5,39610,19387,3317,23891,12402,4212
18,B,cross_session_with_A_memory,5,16.750000000,201.519982000,frames/frame_018_B_05.ply,frames/frame_018_B_05.json,diagnostics/B_dynamic_history.json,0,True,39610,0,12,40517,5,5,1,5,39610,19387,3317,23891,12402,4212
18,B,cross_session_with_A_memory,5,16.850000000,201.419982000,frames/frame_018_B_05.ply,frames/frame_018_B_05.json,diagnostics/B_dynamic_history.json,0,True,39610,0,12,40517,5,5,1,5,39610,19387,3317,23891,12402,4212
18,B,cross_session_with_A_memory,5,16.950000000,201.319982000,frames/frame_018_B_05.ply,frames/frame_018_B_05.json,diagnostics/B_dynamic_history.json,0,True,39610,0,12,40517,5,5,1,5,39610,19387,3317,23891,12402,4212
19,B,cross_session_with_A_memory,6,17.049999999,201.219982001,frames/frame_019_B_06.ply,frames/frame_019_B_06.json,diagnostics/B_dynamic_history.json,0,True,39610,0,182,44205,5,5,1,5,39610,23342,3385,24298,11927,7798
19,B,cross_session_with_A_memory,6,17.149999999,201.119982001,frames/frame_019_B_06.ply,frames/frame_019_B_06.json,diagnostics/B_dynamic_history.json,0,True,39610,0,182,44205,5,5,1,5,39610,23342,3385,24298,11927,7798
19,B,cross_session_with_A_memory,6,17.249999999,201.019982001,frames/frame_019_B_06.ply,frames/frame_019_B_06.json,diagnostics/B_dynamic_history.json,0,True,39610,0,182,44205,5,5,1,5,39610,23342,3385,24298,11927,7798
19,B,cross_session_with_A_memory,6,17.349999999,200.919982001,frames/frame_019_B_06.ply,frames/frame_019_B_06.json,diagnostics/B_dynamic_history.json,0,True,39610,0,182,44205,5,5,1,5,39610,23342,3385,24298,11927,7798
19,B,cross_session_with_A_memory,6,17.449999999,200.819982001,frames/frame_019_B_06.ply,frames/frame_019_B_06.json,diagnostics/B_dynamic_history.json,0,True,39610,0,182,44205,5,5,1,5,39610,23342,3385,24298,11927,7798
19,B,cross_session_with_A_memory,6,17.549999999,200.719982001,frames/frame_019_B_06.ply,frames/frame_019_B_06.json,diagnostics/B_dynamic_history.json,0,True,39610,0,182,44205,5,5,1,5,39610,23342,3385,24298,11927,7798
19,B,cross_session_with_A_memory,6,17.649999999,200.619982001,frames/frame_019_B_06.ply,frames/frame_019_B_06.json,diagnostics/B_dynamic_history.json,0,True,39610,0,182,44205,5,5,1,5,39610,23342,3385,24298,11927,7798
19,B,cross_session_with_A_memory,6,17.749999999,200.519982001,frames/frame_019_B_06.ply,frames/frame_019_B_06.json,diagnostics/B_dynamic_history.json,0,True,39610,0,182,44205,5,5,1,5,39610,23342,3385,24298,11927,7798
19,B,cross_session_with_A_memory,6,17.849999999,200.419982001,frames/frame_019_B_06.ply,frames/frame_019_B_06.json,diagnostics/B_dynamic_history.json,0,True,39610,0,182,44205,5,5,1,5,39610,23342,3385,24298,11927,7798
19,B,cross_session_with_A_memory,6,17.949999999,200.319982001,frames/frame_019_B_06.ply,frames/frame_019_B_06.json,diagnostics/B_dynamic_history.json,0,True,39610,0,182,44205,5,5,1,5,39610,23342,3385,24298,11927,7798
19,B,cross_session_with_A_memory,6,18.049999999,200.219982001,frames/frame_019_B_06.ply,frames/frame_019_B_06.json,diagnostics/B_dynamic_history.json,0,True,39610,0,182,44205,5,5,1,5,39610,23342,3385,24298,11927,7798
19,B,cross_session_with_A_memory,6,18.149999999,200.119982001,frames/frame_019_B_06.ply,frames/frame_019_B_06.json,diagnostics/B_dynamic_history.json,0,True,39610,0,182,44205,5,5,1,5,39610,23342,3385,24298,11927,7798
19,B,cross_session_with_A_memory,6,18.249999999,200.019982001,frames/frame_019_B_06.ply,frames/frame_019_B_06.json,diagnostics/B_dynamic_history.json,0,True,39610,0,182,44205,5,5,1,5,39610,23342,3385,24298,11927,7798
19,B,cross_session_with_A_memory,6,18.349999999,199.919982001,frames/frame_019_B_06.ply,frames/frame_019_B_06.json,diagnostics/B_dynamic_history.json,0,True,39610,0,182,44205,5,5,1,5,39610,23342,3385,24298,11927,7798
19,B,cross_session_with_A_memory,6,18.449999999,199.819982001,frames/frame_019_B_06.ply,frames/frame_019_B_06.json,diagnostics/B_dynamic_history.json,0,True,39610,0,182,44205,5,5,1,5,39610,23342,3385,24298,11927,7798
19,B,cross_session_with_A_memory,6,18.549999999,199.719982001,frames/frame_019_B_06.ply,frames/frame_019_B_06.json,diagnostics/B_dynamic_history.json,0,True,39610,0,182,44205,5,5,1,5,39610,23342,3385,24298,11927,7798
19,B,cross_session_with_A_memory,6,18.649999999,199.619982001,frames/frame_019_B_06.ply,frames/frame_019_B_06.json,diagnostics/B_dynamic_history.json,0,True,39610,0,182,44205,5,5,1,5,39610,23342,3385,24298,11927,7798
19,B,cross_session_with_A_memory,6,18.749999999,199.519982001,frames/frame_019_B_06.ply,frames/frame_019_B_06.json,diagnostics/B_dynamic_history.json,0,True,39610,0,182,44205,5,5,1,5,39610,23342,3385,24298,11927,7798
19,B,cross_session_with_A_memory,6,18.849999999,199.419982001,frames/frame_019_B_06.ply,frames/frame_019_B_06.json,diagnostics/B_dynamic_history.json,0,True,39610,0,182,44205,5,5,1,5,39610,23342,3385,24298,11927,7798
19,B,cross_session_with_A_memory,6,18.949999999,199.319982001,frames/frame_019_B_06.ply,frames/frame_019_B_06.json,diagnostics/B_dynamic_history.json,0,True,39610,0,182,44205,5,5,1,5,39610,23342,3385,24298,11927,7798
19,B,cross_session_with_A_memory,6,19.049999999,199.219982001,frames/frame_019_B_06.ply,frames/frame_019_B_06.json,diagnostics/B_dynamic_history.json,0,True,39610,0,182,44205,5,5,1,5,39610,23342,3385,24298,11927,7798
19,B,cross_session_with_A_memory,6,19.149999999,199.119982001,frames/frame_019_B_06.ply,frames/frame_019_B_06.json,diagnostics/B_dynamic_history.json,0,True,39610,0,182,44205,5,5,1,5,39610,23342,3385,24298,11927,7798
19,B,cross_session_with_A_memory,6,19.249999999,199.019982001,frames/frame_019_B_06.ply,frames/frame_019_B_06.json,diagnostics/B_dynamic_history.json,0,True,39610,0,182,44205,5,5,1,5,39610,23342,3385,24298,11927,7798
20,B,cross_session_with_A_memory,7,19.299999999,198.969982001,frames/frame_020_B_07.ply,frames/frame_020_B_07.json,diagnostics/B_dynamic_history.json,0,True,39610,0,300,46605,5,5,1,5,39610,25624,3385,24298,11927,10080
20,B,cross_session_with_A_memory,7,19.399999999,198.869982001,frames/frame_020_B_07.ply,frames/frame_020_B_07.json,diagnostics/B_dynamic_history.json,0,True,39610,0,300,46605,5,5,1,5,39610,25624,3385,24298,11927,10080
20,B,cross_session_with_A_memory,7,19.499999999,198.769982001,frames/frame_020_B_07.ply,frames/frame_020_B_07.json,diagnostics/B_dynamic_history.json,0,True,39610,0,300,46605,5,5,1,5,39610,25624,3385,24298,11927,10080
20,B,cross_session_with_A_memory,7,19.599999999,198.669982001,frames/frame_020_B_07.ply,frames/frame_020_B_07.json,diagnostics/B_dynamic_history.json,0,True,39610,0,300,46605,5,5,1,5,39610,25624,3385,24298,11927,10080
20,B,cross_session_with_A_memory,7,19.699999999,198.569982001,frames/frame_020_B_07.ply,frames/frame_020_B_07.json,diagnostics/B_dynamic_history.json,0,True,39610,0,300,46605,5,5,1,5,39610,25624,3385,24298,11927,10080
20,B,cross_session_with_A_memory,7,19.799999999,198.469982001,frames/frame_020_B_07.ply,frames/frame_020_B_07.json,diagnostics/B_dynamic_history.json,0,True,39610,0,300,46605,5,5,1,5,39610,25624,3385,24298,11927,10080
20,B,cross_session_with_A_memory,7,19.899999999,198.369982001,frames/frame_020_B_07.ply,frames/frame_020_B_07.json,diagnostics/B_dynamic_history.json,0,True,39610,0,300,46605,5,5,1,5,39610,25624,3385,24298,11927,10080
20,B,cross_session_with_A_memory,7,19.999999999,198.269982001,frames/frame_020_B_07.ply,frames/frame_020_B_07.json,diagnostics/B_dynamic_history.json,0,True,39610,0,300,46605,5,5,1,5,39610,25624,3385,24298,11927,10080
20,B,cross_session_with_A_memory,7,20.099999999,198.169982001,frames/frame_020_B_07.ply,frames/frame_020_B_07.json,diagnostics/B_dynamic_history.json,0,True,39610,0,300,46605,5,5,1,5,39610,25624,3385,24298,11927,10080
20,B,cross_session_with_A_memory,7,20.199999999,198.069982001,frames/frame_020_B_07.ply,frames/frame_020_B_07.json,diagnostics/B_dynamic_history.json,0,True,39610,0,300,46605,5,5,1,5,39610,25624,3385,24298,11927,10080
20,B,cross_session_with_A_memory,7,20.299999999,197.969982001,frames/frame_020_B_07.ply,frames/frame_020_B_07.json,diagnostics/B_dynamic_history.json,0,True,39610,0,300,46605,5,5,1,5,39610,25624,3385,24298,11927,10080
20,B,cross_session_with_A_memory,7,20.399999999,197.869982001,frames/frame_020_B_07.ply,frames/frame_020_B_07.json,diagnostics/B_dynamic_history.json,0,True,39610,0,300,46605,5,5,1,5,39610,25624,3385,24298,11927,10080
20,B,cross_session_with_A_memory,7,20.499999999,197.769982001,frames/frame_020_B_07.ply,frames/frame_020_B_07.json,diagnostics/B_dynamic_history.json,0,True,39610,0,300,46605,5,5,1,5,39610,25624,3385,24298,11927,10080
20,B,cross_session_with_A_memory,7,20.599999999,197.669982001,frames/frame_020_B_07.ply,frames/frame_020_B_07.json,diagnostics/B_dynamic_history.json,0,True,39610,0,300,46605,5,5,1,5,39610,25624,3385,24298,11927,10080
20,B,cross_session_with_A_memory,7,20.699999999,197.569982001,frames/frame_020_B_07.ply,frames/frame_020_B_07.json,diagnostics/B_dynamic_history.json,0,True,39610,0,300,46605,5,5,1,5,39610,25624,3385,24298,11927,10080
20,B,cross_session_with_A_memory,7,20.799999999,197.469982001,frames/frame_020_B_07.ply,frames/frame_020_B_07.json,diagnostics/B_dynamic_history.json,0,True,39610,0,300,46605,5,5,1,5,39610,25624,3385,24298,11927,10080
20,B,cross_session_with_A_memory,7,20.899999999,197.369982001,frames/frame_020_B_07.ply,frames/frame_020_B_07.json,diagnostics/B_dynamic_history.json,0,True,39610,0,300,46605,5,5,1,5,39610,25624,3385,24298,11927,10080
20,B,cross_session_with_A_memory,7,20.999999999,197.269982001,frames/frame_020_B_07.ply,frames/frame_020_B_07.json,diagnostics/B_dynamic_history.json,0,True,39610,0,300,46605,5,5,1,5,39610,25624,3385,24298,11927,10080
20,B,cross_session_with_A_memory,7,21.099999999,197.169982001,frames/frame_020_B_07.ply,frames/frame_020_B_07.json,diagnostics/B_dynamic_history.json,0,True,39610,0,300,46605,5,5,1,5,39610,25624,3385,24298,11927,10080
20,B,cross_session_with_A_memory,7,21.199999999,197.069982001,frames/frame_020_B_07.ply,frames/frame_020_B_07.json,diagnostics/B_dynamic_history.json,0,True,39610,0,300,46605,5,5,1,5,39610,25624,3385,24298,11927,10080
20,B,cross_session_with_A_memory,7,21.299999999,196.969982001,frames/frame_020_B_07.ply,frames/frame_020_B_07.json,diagnostics/B_dynamic_history.json,0,True,39610,0,300,46605,5,5,1,5,39610,25624,3385,24298,11927,10080
20,B,cross_session_with_A_memory,7,21.399999999,196.869982001,frames/frame_020_B_07.ply,frames/frame_020_B_07.json,diagnostics/B_dynamic_history.json,0,True,39610,0,300,46605,5,5,1,5,39610,25624,3385,24298,11927,10080
20,B,cross_session_with_A_memory,7,21.499999999,196.769982001,frames/frame_020_B_07.ply,frames/frame_020_B_07.json,diagnostics/B_dynamic_history.json,0,True,39610,0,300,46605,5,5,1,5,39610,25624,3385,24298,11927,10080
21,B,cross_session_with_A_memory,8,21.549999999,196.719982001,frames/frame_021_B_08.ply,frames/frame_021_B_08.json,diagnostics/B_dynamic_history.json,0,True,39610,0,300,48483,6,4,1,4,39610,27507,3385,24296,11929,11958
21,B,cross_session_with_A_memory,8,21.649999999,196.619982001,frames/frame_021_B_08.ply,frames/frame_021_B_08.json,diagnostics/B_dynamic_history.json,0,True,39610,0,300,48483,6,4,1,4,39610,27507,3385,24296,11929,11958
21,B,cross_session_with_A_memory,8,21.749999999,196.519982001,frames/frame_021_B_08.ply,frames/frame_021_B_08.json,diagnostics/B_dynamic_history.json,0,True,39610,0,300,48483,6,4,1,4,39610,27507,3385,24296,11929,11958
21,B,cross_session_with_A_memory,8,21.849999999,196.419982001,frames/frame_021_B_08.ply,frames/frame_021_B_08.json,diagnostics/B_dynamic_history.json,0,True,39610,0,300,48483,6,4,1,4,39610,27507,3385,24296,11929,11958
21,B,cross_session_with_A_memory,8,21.949999999,196.319982001,frames/frame_021_B_08.ply,frames/frame_021_B_08.json,diagnostics/B_dynamic_history.json,0,True,39610,0,300,48483,6,4,1,4,39610,27507,3385,24296,11929,11958
21,B,cross_session_with_A_memory,8,22.049999999,196.219982001,frames/frame_021_B_08.ply,frames/frame_021_B_08.json,diagnostics/B_dynamic_history.json,0,True,39610,0,300,48483,6,4,1,4,39610,27507,3385,24296,11929,11958
21,B,cross_session_with_A_memory,8,22.149999999,196.119982001,frames/frame_021_B_08.ply,frames/frame_021_B_08.json,diagnostics/B_dynamic_history.json,0,True,39610,0,300,48483,6,4,1,4,39610,27507,3385,24296,11929,11958
21,B,cross_session_with_A_memory,8,22.249999999,196.019982001,frames/frame_021_B_08.ply,frames/frame_021_B_08.json,diagnostics/B_dynamic_history.json,0,True,39610,0,300,48483,6,4,1,4,39610,27507,3385,24296,11929,11958
21,B,cross_session_with_A_memory,8,22.349999999,195.919982001,frames/frame_021_B_08.ply,frames/frame_021_B_08.json,diagnostics/B_dynamic_history.json,0,True,39610,0,300,48483,6,4,1,4,39610,27507,3385,24296,11929,11958
21,B,cross_session_with_A_memory,8,22.449999999,195.819982001,frames/frame_021_B_08.ply,frames/frame_021_B_08.json,diagnostics/B_dynamic_history.json,0,True,39610,0,300,48483,6,4,1,4,39610,27507,3385,24296,11929,11958
21,B,cross_session_with_A_memory,8,22.549999999,195.719982001,frames/frame_021_B_08.ply,frames/frame_021_B_08.json,diagnostics/B_dynamic_history.json,0,True,39610,0,300,48483,6,4,1,4,39610,27507,3385,24296,11929,11958
21,B,cross_session_with_A_memory,8,22.649999999,195.619982001,frames/frame_021_B_08.ply,frames/frame_021_B_08.json,diagnostics/B_dynamic_history.json,0,True,39610,0,300,48483,6,4,1,4,39610,27507,3385,24296,11929,11958
21,B,cross_session_with_A_memory,8,22.749999999,195.519982001,frames/frame_021_B_08.ply,frames/frame_021_B_08.json,diagnostics/B_dynamic_history.json,0,True,39610,0,300,48483,6,4,1,4,39610,27507,3385,24296,11929,11958
21,B,cross_session_with_A_memory,8,22.849999999,195.419982001,frames/frame_021_B_08.ply,frames/frame_021_B_08.json,diagnostics/B_dynamic_history.json,0,True,39610,0,300,48483,6,4,1,4,39610,27507,3385,24296,11929,11958
21,B,cross_session_with_A_memory,8,22.949999999,195.319982001,frames/frame_021_B_08.ply,frames/frame_021_B_08.json,diagnostics/B_dynamic_history.json,0,True,39610,0,300,48483,6,4,1,4,39610,27507,3385,24296,11929,11958
21,B,cross_session_with_A_memory,8,23.049999999,195.219982001,frames/frame_021_B_08.ply,frames/frame_021_B_08.json,diagnostics/B_dynamic_history.json,0,True,39610,0,300,48483,6,4,1,4,39610,27507,3385,24296,11929,11958
21,B,cross_session_with_A_memory,8,23.149999999,195.119982001,frames/frame_021_B_08.ply,frames/frame_021_B_08.json,diagnostics/B_dynamic_history.json,0,True,39610,0,300,48483,6,4,1,4,39610,27507,3385,24296,11929,11958
21,B,cross_session_with_A_memory,8,23.249999999,195.019982001,frames/frame_021_B_08.ply,frames/frame_021_B_08.json,diagnostics/B_dynamic_history.json,0,True,39610,0,300,48483,6,4,1,4,39610,27507,3385,24296,11929,11958
21,B,cross_session_with_A_memory,8,23.349999999,194.919982001,frames/frame_021_B_08.ply,frames/frame_021_B_08.json,diagnostics/B_dynamic_history.json,0,True,39610,0,300,48483,6,4,1,4,39610,27507,3385,24296,11929,11958
21,B,cross_session_with_A_memory,8,23.449999999,194.819982001,frames/frame_021_B_08.ply,frames/frame_021_B_08.json,diagnostics/B_dynamic_history.json,0,True,39610,0,300,48483,6,4,1,4,39610,27507,3385,24296,11929,11958
21,B,cross_session_with_A_memory,8,23.549999999,194.719982001,frames/frame_021_B_08.ply,frames/frame_021_B_08.json,diagnostics/B_dynamic_history.json,0,True,39610,0,300,48483,6,4,1,4,39610,27507,3385,24296,11929,11958
21,B,cross_session_with_A_memory,8,23.649999999,194.619982001,frames/frame_021_B_08.ply,frames/frame_021_B_08.json,diagnostics/B_dynamic_history.json,0,True,39610,0,300,48483,6,4,1,4,39610,27507,3385,24296,11929,11958
21,B,cross_session_with_A_memory,8,23.749999999,194.519982001,frames/frame_021_B_08.ply,frames/frame_021_B_08.json,diagnostics/B_dynamic_history.json,0,True,39610,0,300,48483,6,4,1,4,39610,27507,3385,24296,11929,11958
22,B,cross_session_with_A_memory,9,23.799999999,194.469982001,frames/frame_022_B_09.ply,frames/frame_022_B_09.json,diagnostics/B_dynamic_history.json,0,True,39610,0,300,50929,6,4,1,4,39610,30426,3403,24728,11479,14422
22,B,cross_session_with_A_memory,9,23.899999999,194.369982001,frames/frame_022_B_09.ply,frames/frame_022_B_09.json,diagnostics/B_dynamic_history.json,0,True,39610,0,300,50929,6,4,1,4,39610,30426,3403,24728,11479,14422
22,B,cross_session_with_A_memory,9,23.999999999,194.269982001,frames/frame_022_B_09.ply,frames/frame_022_B_09.json,diagnostics/B_dynamic_history.json,0,True,39610,0,300,50929,6,4,1,4,39610,30426,3403,24728,11479,14422
22,B,cross_session_with_A_memory,9,24.099999999,194.169982001,frames/frame_022_B_09.ply,frames/frame_022_B_09.json,diagnostics/B_dynamic_history.json,0,True,39610,0,300,50929,6,4,1,4,39610,30426,3403,24728,11479,14422
22,B,cross_session_with_A_memory,9,24.199999999,194.069982001,frames/frame_022_B_09.ply,frames/frame_022_B_09.json,diagnostics/B_dynamic_history.json,0,True,39610,0,300,50929,6,4,1,4,39610,30426,3403,24728,11479,14422
22,B,cross_session_with_A_memory,9,24.299999999,193.969982001,frames/frame_022_B_09.ply,frames/frame_022_B_09.json,diagnostics/B_dynamic_history.json,0,True,39610,0,300,50929,6,4,1,4,39610,30426,3403,24728,11479,14422
22,B,cross_session_with_A_memory,9,24.399999999,193.869982001,frames/frame_022_B_09.ply,frames/frame_022_B_09.json,diagnostics/B_dynamic_history.json,0,True,39610,0,300,50929,6,4,1,4,39610,30426,3403,24728,11479,14422
22,B,cross_session_with_A_memory,9,24.499999999,193.769982001,frames/frame_022_B_09.ply,frames/frame_022_B_09.json,diagnostics/B_dynamic_history.json,0,True,39610,0,300,50929,6,4,1,4,39610,30426,3403,24728,11479,14422
22,B,cross_session_with_A_memory,9,24.599999999,193.669982001,frames/frame_022_B_09.ply,frames/frame_022_B_09.json,diagnostics/B_dynamic_history.json,0,True,39610,0,300,50929,6,4,1,4,39610,30426,3403,24728,11479,14422
22,B,cross_session_with_A_memory,9,24.699999999,193.569982001,frames/frame_022_B_09.ply,frames/frame_022_B_09.json,diagnostics/B_dynamic_history.json,0,True,39610,0,300,50929,6,4,1,4,39610,30426,3403,24728,11479,14422
22,B,cross_session_with_A_memory,9,24.799999999,193.469982001,frames/frame_022_B_09.ply,frames/frame_022_B_09.json,diagnostics/B_dynamic_history.json,0,True,39610,0,300,50929,6,4,1,4,39610,30426,3403,24728,11479,14422
22,B,cross_session_with_A_memory,9,24.899999999,193.369982001,frames/frame_022_B_09.ply,frames/frame_022_B_09.json,diagnostics/B_dynamic_history.json,0,True,39610,0,300,50929,6,4,1,4,39610,30426,3403,24728,11479,14422
22,B,cross_session_with_A_memory,9,24.999999999,193.269982001,frames/frame_022_B_09.ply,frames/frame_022_B_09.json,diagnostics/B_dynamic_history.json,0,True,39610,0,300,50929,6,4,1,4,39610,30426,3403,24728,11479,14422
22,B,cross_session_with_A_memory,9,25.099999999,193.169982001,frames/frame_022_B_09.ply,frames/frame_022_B_09.json,diagnostics/B_dynamic_history.json,0,True,39610,0,300,50929,6,4,1,4,39610,30426,3403,24728,11479,14422
22,B,cross_session_with_A_memory,9,25.199999999,193.069982001,frames/frame_022_B_09.ply,frames/frame_022_B_09.json,diagnostics/B_dynamic_history.json,0,True,39610,0,300,50929,6,4,1,4,39610,30426,3403,24728,11479,14422
22,B,cross_session_with_A_memory,9,25.299999999,192.969982001,frames/frame_022_B_09.ply,frames/frame_022_B_09.json,diagnostics/B_dynamic_history.json,0,True,39610,0,300,50929,6,4,1,4,39610,30426,3403,24728,11479,14422
22,B,cross_session_with_A_memory,9,25.399999999,192.869982001,frames/frame_022_B_09.ply,frames/frame_022_B_09.json,diagnostics/B_dynamic_history.json,0,True,39610,0,300,50929,6,4,1,4,39610,30426,3403,24728,11479,14422
22,B,cross_session_with_A_memory,9,25.499999999,192.769982001,frames/frame_022_B_09.ply,frames/frame_022_B_09.json,diagnostics/B_dynamic_history.json,0,True,39610,0,300,50929,6,4,1,4,39610,30426,3403,24728,11479,14422
22,B,cross_session_with_A_memory,9,25.599999999,192.669982001,frames/frame_022_B_09.ply,frames/frame_022_B_09.json,diagnostics/B_dynamic_history.json,0,True,39610,0,300,50929,6,4,1,4,39610,30426,3403,24728,11479,14422
22,B,cross_session_with_A_memory,9,25.699999999,192.569982001,frames/frame_022_B_09.ply,frames/frame_022_B_09.json,diagnostics/B_dynamic_history.json,0,True,39610,0,300,50929,6,4,1,4,39610,30426,3403,24728,11479,14422
22,B,cross_session_with_A_memory,9,25.799999999,192.469982001,frames/frame_022_B_09.ply,frames/frame_022_B_09.json,diagnostics/B_dynamic_history.json,0,True,39610,0,300,50929,6,4,1,4,39610,30426,3403,24728,11479,14422
22,B,cross_session_with_A_memory,9,25.899999999,192.369982001,frames/frame_022_B_09.ply,frames/frame_022_B_09.json,diagnostics/B_dynamic_history.json,0,True,39610,0,300,50929,6,4,1,4,39610,30426,3403,24728,11479,14422
22,B,cross_session_with_A_memory,9,25.999999999,192.269982001,frames/frame_022_B_09.ply,frames/frame_022_B_09.json,diagnostics/B_dynamic_history.json,0,True,39610,0,300,50929,6,4,1,4,39610,30426,3403,24728,11479,14422
23,B,cross_session_with_A_memory,10,26.049999999,192.219982001,frames/frame_023_B_10.ply,frames/frame_023_B_10.json,diagnostics/B_dynamic_history.json,0,True,39610,0,4170,54733,6,4,1,4,39610,30821,3389,25027,11194,14342
23,B,cross_session_with_A_memory,10,26.149999999,192.119982001,frames/frame_023_B_10.ply,frames/frame_023_B_10.json,diagnostics/B_dynamic_history.json,0,True,39610,0,4170,54733,6,4,1,4,39610,30821,3389,25027,11194,14342
23,B,cross_session_with_A_memory,10,26.249999999,192.019982001,frames/frame_023_B_10.ply,frames/frame_023_B_10.json,diagnostics/B_dynamic_history.json,0,True,39610,0,4170,54733,6,4,1,4,39610,30821,3389,25027,11194,14342
23,B,cross_session_with_A_memory,10,26.349999999,191.919982001,frames/frame_023_B_10.ply,frames/frame_023_B_10.json,diagnostics/B_dynamic_history.json,0,True,39610,0,4170,54733,6,4,1,4,39610,30821,3389,25027,11194,14342
23,B,cross_session_with_A_memory,10,26.449999999,191.819982001,frames/frame_023_B_10.ply,frames/frame_023_B_10.json,diagnostics/B_dynamic_history.json,0,True,39610,0,4170,54733,6,4,1,4,39610,30821,3389,25027,11194,14342
23,B,cross_session_with_A_memory,10,26.549999999,191.719982001,frames/frame_023_B_10.ply,frames/frame_023_B_10.json,diagnostics/B_dynamic_history.json,0,True,39610,0,4170,54733,6,4,1,4,39610,30821,3389,25027,11194,14342
23,B,cross_session_with_A_memory,10,26.649999999,191.619982001,frames/frame_023_B_10.ply,frames/frame_023_B_10.json,diagnostics/B_dynamic_history.json,0,True,39610,0,4170,54733,6,4,1,4,39610,30821,3389,25027,11194,14342
23,B,cross_session_with_A_memory,10,26.749999999,191.519982001,frames/frame_023_B_10.ply,frames/frame_023_B_10.json,diagnostics/B_dynamic_history.json,0,True,39610,0,4170,54733,6,4,1,4,39610,30821,3389,25027,11194,14342
23,B,cross_session_with_A_memory,10,26.849999999,191.419982001,frames/frame_023_B_10.ply,frames/frame_023_B_10.json,diagnostics/B_dynamic_history.json,0,True,39610,0,4170,54733,6,4,1,4,39610,30821,3389,25027,11194,14342
23,B,cross_session_with_A_memory,10,26.949999999,191.319982001,frames/frame_023_B_10.ply,frames/frame_023_B_10.json,diagnostics/B_dynamic_history.json,0,True,39610,0,4170,54733,6,4,1,4,39610,30821,3389,25027,11194,14342
23,B,cross_session_with_A_memory,10,27.049999999,191.219982001,frames/frame_023_B_10.ply,frames/frame_023_B_10.json,diagnostics/B_dynamic_history.json,0,True,39610,0,4170,54733,6,4,1,4,39610,30821,3389,25027,11194,14342
23,B,cross_session_with_A_memory,10,27.149999999,191.119982001,frames/frame_023_B_10.ply,frames/frame_023_B_10.json,diagnostics/B_dynamic_history.json,0,True,39610,0,4170,54733,6,4,1,4,39610,30821,3389,25027,11194,14342
23,B,cross_session_with_A_memory,10,27.249999999,191.019982001,frames/frame_023_B_10.ply,frames/frame_023_B_10.json,diagnostics/B_dynamic_history.json,0,True,39610,0,4170,54733,6,4,1,4,39610,30821,3389,25027,11194,14342
23,B,cross_session_with_A_memory,10,27.349999999,190.919982001,frames/frame_023_B_10.ply,frames/frame_023_B_10.json,diagnostics/B_dynamic_history.json,0,True,39610,0,4170,54733,6,4,1,4,39610,30821,3389,25027,11194,14342
23,B,cross_session_with_A_memory,10,27.449999999,190.819982001,frames/frame_023_B_10.ply,frames/frame_023_B_10.json,diagnostics/B_dynamic_history.json,0,True,39610,0,4170,54733,6,4,1,4,39610,30821,3389,25027,11194,14342
23,B,cross_session_with_A_memory,10,27.549999999,190.719982001,frames/frame_023_B_10.ply,frames/frame_023_B_10.json,diagnostics/B_dynamic_history.json,0,True,39610,0,4170,54733,6,4,1,4,39610,30821,3389,25027,11194,14342
23,B,cross_session_with_A_memory,10,27.649999999,190.619982001,frames/frame_023_B_10.ply,frames/frame_023_B_10.json,diagnostics/B_dynamic_history.json,0,True,39610,0,4170,54733,6,4,1,4,39610,30821,3389,25027,11194,14342
23,B,cross_session_with_A_memory,10,27.749999999,190.519982001,frames/frame_023_B_10.ply,frames/frame_023_B_10.json,diagnostics/B_dynamic_history.json,0,True,39610,0,4170,54733,6,4,1,4,39610,30821,3389,25027,11194,14342
23,B,cross_session_with_A_memory,10,27.849999999,190.419982001,frames/frame_023_B_10.ply,frames/frame_023_B_10.json,diagnostics/B_dynamic_history.json,0,True,39610,0,4170,54733,6,4,1,4,39610,30821,3389,25027,11194,14342
23,B,cross_session_with_A_memory,10,27.949999999,190.319982001,frames/frame_023_B_10.ply,frames/frame_023_B_10.json,diagnostics/B_dynamic_history.json,0,True,39610,0,4170,54733,6,4,1,4,39610,30821,3389,25027,11194,14342
23,B,cross_session_with_A_memory,10,28.049999999,190.219982001,frames/frame_023_B_10.ply,frames/frame_023_B_10.json,diagnostics/B_dynamic_history.json,0,True,39610,0,4170,54733,6,4,1,4,39610,30821,3389,25027,11194,14342
23,B,cross_session_with_A_memory,10,28.149999999,190.119982001,frames/frame_023_B_10.ply,frames/frame_023_B_10.json,diagnostics/B_dynamic_history.json,0,True,39610,0,4170,54733,6,4,1,4,39610,30821,3389,25027,11194,14342
23,B,cross_session_with_A_memory,10,28.249999999,190.019982001,frames/frame_023_B_10.ply,frames/frame_023_B_10.json,diagnostics/B_dynamic_history.json,0,True,39610,0,4170,54733,6,4,1,4,39610,30821,3389,25027,11194,14342
24,B,cross_session_with_A_memory,11,28.299999999,189.969982001,frames/frame_024_B_11.ply,frames/frame_024_B_11.json,diagnostics/B_dynamic_history.json,0,True,39610,0,6915,57631,6,4,1,4,39610,31586,3387,25640,10583,14493
24,B,cross_session_with_A_memory,11,28.399999999,189.869982001,frames/frame_024_B_11.ply,frames/frame_024_B_11.json,diagnostics/B_dynamic_history.json,0,True,39610,0,6915,57631,6,4,1,4,39610,31586,3387,25640,10583,14493
24,B,cross_session_with_A_memory,11,28.499999999,189.769982001,frames/frame_024_B_11.ply,frames/frame_024_B_11.json,diagnostics/B_dynamic_history.json,0,True,39610,0,6915,57631,6,4,1,4,39610,31586,3387,25640,10583,14493
24,B,cross_session_with_A_memory,11,28.599999999,189.669982001,frames/frame_024_B_11.ply,frames/frame_024_B_11.json,diagnostics/B_dynamic_history.json,0,True,39610,0,6915,57631,6,4,1,4,39610,31586,3387,25640,10583,14493
24,B,cross_session_with_A_memory,11,28.699999999,189.569982001,frames/frame_024_B_11.ply,frames/frame_024_B_11.json,diagnostics/B_dynamic_history.json,0,True,39610,0,6915,57631,6,4,1,4,39610,31586,3387,25640,10583,14493
24,B,cross_session_with_A_memory,11,28.799999999,189.469982001,frames/frame_024_B_11.ply,frames/frame_024_B_11.json,diagnostics/B_dynamic_history.json,0,True,39610,0,6915,57631,6,4,1,4,39610,31586,3387,25640,10583,14493
24,B,cross_session_with_A_memory,11,28.899999999,189.369982001,frames/frame_024_B_11.ply,frames/frame_024_B_11.json,diagnostics/B_dynamic_history.json,0,True,39610,0,6915,57631,6,4,1,4,39610,31586,3387,25640,10583,14493
24,B,cross_session_with_A_memory,11,28.999999999,189.269982001,frames/frame_024_B_11.ply,frames/frame_024_B_11.json,diagnostics/B_dynamic_history.json,0,True,39610,0,6915,57631,6,4,1,4,39610,31586,3387,25640,10583,14493
24,B,cross_session_with_A_memory,11,29.099999999,189.169982001,frames/frame_024_B_11.ply,frames/frame_024_B_11.json,diagnostics/B_dynamic_history.json,0,True,39610,0,6915,57631,6,4,1,4,39610,31586,3387,25640,10583,14493
24,B,cross_session_with_A_memory,11,29.199999999,189.069982001,frames/frame_024_B_11.ply,frames/frame_024_B_11.json,diagnostics/B_dynamic_history.json,0,True,39610,0,6915,57631,6,4,1,4,39610,31586,3387,25640,10583,14493
24,B,cross_session_with_A_memory,11,29.299999999,188.969982001,frames/frame_024_B_11.ply,frames/frame_024_B_11.json,diagnostics/B_dynamic_history.json,0,True,39610,0,6915,57631,6,4,1,4,39610,31586,3387,25640,10583,14493
24,B,cross_session_with_A_memory,11,29.399999999,188.869982001,frames/frame_024_B_11.ply,frames/frame_024_B_11.json,diagnostics/B_dynamic_history.json,0,True,39610,0,6915,57631,6,4,1,4,39610,31586,3387,25640,10583,14493
24,B,cross_session_with_A_memory,11,29.499999999,188.769982001,frames/frame_024_B_11.ply,frames/frame_024_B_11.json,diagnostics/B_dynamic_history.json,0,True,39610,0,6915,57631,6,4,1,4,39610,31586,3387,25640,10583,14493
24,B,cross_session_with_A_memory,11,29.599999999,188.669982001,frames/frame_024_B_11.ply,frames/frame_024_B_11.json,diagnostics/B_dynamic_history.json,0,True,39610,0,6915,57631,6,4,1,4,39610,31586,3387,25640,10583,14493
24,B,cross_session_with_A_memory,11,29.699999999,188.569982001,frames/frame_024_B_11.ply,frames/frame_024_B_11.json,diagnostics/B_dynamic_history.json,0,True,39610,0,6915,57631,6,4,1,4,39610,31586,3387,25640,10583,14493
24,B,cross_session_with_A_memory,11,29.799999999,188.469982001,frames/frame_024_B_11.ply,frames/frame_024_B_11.json,diagnostics/B_dynamic_history.json,0,True,39610,0,6915,57631,6,4,1,4,39610,31586,3387,25640,10583,14493
24,B,cross_session_with_A_memory,11,29.899999999,188.369982001,frames/frame_024_B_11.ply,frames/frame_024_B_11.json,diagnostics/B_dynamic_history.json,0,True,39610,0,6915,57631,6,4,1,4,39610,31586,3387,25640,10583,14493
24,B,cross_session_with_A_memory,11,29.999999999,188.269982001,frames/frame_024_B_11.ply,frames/frame_024_B_11.json,diagnostics/B_dynamic_history.json,0,True,39610,0,6915,57631,6,4,1,4,39610,31586,3387,25640,10583,14493
24,B,cross_session_with_A_memory,11,30.099999999,188.169982001,frames/frame_024_B_11.ply,frames/frame_024_B_11.json,diagnostics/B_dynamic_history.json,0,True,39610,0,6915,57631,6,4,1,4,39610,31586,3387,25640,10583,14493
24,B,cross_session_with_A_memory,11,30.199999999,188.069982001,frames/frame_024_B_11.ply,frames/frame_024_B_11.json,diagnostics/B_dynamic_history.json,0,True,39610,0,6915,57631,6,4,1,4,39610,31586,3387,25640,10583,14493
24,B,cross_session_with_A_memory,11,30.299999999,187.969982001,frames/frame_024_B_11.ply,frames/frame_024_B_11.json,diagnostics/B_dynamic_history.json,0,True,39610,0,6915,57631,6,4,1,4,39610,31586,3387,25640,10583,14493
24,B,cross_session_with_A_memory,11,30.399999999,187.869982001,frames/frame_024_B_11.ply,frames/frame_024_B_11.json,diagnostics/B_dynamic_history.json,0,True,39610,0,6915,57631,6,4,1,4,39610,31586,3387,25640,10583,14493
24,B,cross_session_with_A_memory,11,30.499999999,187.769982001,frames/frame_024_B_11.ply,frames/frame_024_B_11.json,diagnostics/B_dynamic_history.json,0,True,39610,0,6915,57631,6,4,1,4,39610,31586,3387,25640,10583,14493
25,B,cross_session_with_A_memory,12,30.549999999,187.719982001,frames/frame_025_B_12.ply,frames/frame_025_B_12.json,diagnostics/B_dynamic_history.json,0,True,39610,0,7499,58424,6,4,1,4,39610,31904,3387,25816,10407,14702
