Name,Accuracy@0.05,Accuracy@0.1,Accuracy@0.2,Accuracy@0.5,Completeness@0.05,Completeness@0.1,Completeness@0.2,Completeness@0.5,RMSE@0.05,RMSE@0.1,RMSE@0.2,RMSE@0.5,MAD@0.05,MAD@0.1,MAD@0.2,MAD@0.5,Chamfer@0.05,Chamfer@0.1,Chamfer@0.2,Chamfer@0.5,GTInliers@0.05,GTInliers@0.1,GTInliers@0.2,GTInliers@0.5,GTOutliers@0.05,GTOutliers@0.1,GTOutliers@0.2,GTOutliers@0.5,DSGInliers@0.05,DSGInliers@0.1,DSGInliers@0.2,DSGInliers@0.5,DSGOutliers@0.05,DSGOutliers@0.1,DSGOutliers@0.2,DSGOutliers@0.5,NumGTFailed,NumDSGFailed
0,0.805104,0.971529,0.996428,0.999827,0.646998,0.936326,0.981113,0.998306,0.0281624,0.0374142,0.0430545,0.0456637,0.0255636,0.0322712,0.0348887,0.0356392,0.0592095,0.0746841,0.0814554,0.0865144,1954064,2827895,2963159,3015087,1066139,192308,57044,5116,1655943,1998248,2049460,2056451,400864,58559,7347,356,0,0