Name,Accuracy@0.05,Accuracy@0.1,Accuracy@0.2,Accuracy@0.5,Completeness@0.05,Completeness@0.1,Completeness@0.2,Completeness@0.5,RMSE@0.05,RMSE@0.1,RMSE@0.2,RMSE@0.5,MAD@0.05,MAD@0.1,MAD@0.2,MAD@0.5,Chamfer@0.05,Chamfer@0.1,Chamfer@0.2,Chamfer@0.5,GTInliers@0.05,GTInliers@0.1,GTInliers@0.2,GTInliers@0.5,GTOutliers@0.05,GTOutliers@0.1,GTOutliers@0.2,GTOutliers@0.5,DSGInliers@0.05,DSGInliers@0.1,DSGInliers@0.2,DSGInliers@0.5,DSGOutliers@0.05,DSGOutliers@0.1,DSGOutliers@0.2,DSGOutliers@0.5,NumGTFailed,NumDSGFailed
0,0.80801,0.969173,0.991096,0.996417,0.719144,0.956683,0.988034,0.999359,0.0278488,0.0368437,0.0417654,0.0471461,0.0252015,0.0316971,0.033973,0.0353443,0.0575477,0.071271,0.0765029,0.0805628,2171962,2889377,2984064,3018266,848241,130826,36139,1937,1685789,2022033,2067771,2078872,400559,64315,18577,7476,0,0