Name,Accuracy@0.05,Accuracy@0.1,Accuracy@0.2,Accuracy@0.5,Completeness@0.05,Completeness@0.1,Completeness@0.2,Completeness@0.5,RMSE@0.05,RMSE@0.1,RMSE@0.2,RMSE@0.5,MAD@0.05,MAD@0.1,MAD@0.2,MAD@0.5,Chamfer@0.05,Chamfer@0.1,Chamfer@0.2,Chamfer@0.5,GTInliers@0.05,GTInliers@0.1,GTInliers@0.2,GTInliers@0.5,GTOutliers@0.05,GTOutliers@0.1,GTOutliers@0.2,GTOutliers@0.5,DSGInliers@0.05,DSGInliers@0.1,DSGInliers@0.2,DSGInliers@0.5,DSGOutliers@0.05,DSGOutliers@0.1,DSGOutliers@0.2,DSGOutliers@0.5,NumGTFailed,NumDSGFailed
0,0.809938,0.970028,0.991823,0.99639,0.662148,0.953758,0.987738,0.99935,0.0280347,0.036992,0.0418185,0.0466143,0.0254366,0.0318972,0.0341413,0.0353382,0.0591361,0.0740232,0.0793569,0.0833417,1999822,2880544,2983170,3018239,1020381,139659,37033,1964,1653171,1979931,2024416,2033739,387936,61176,16691,7368,0,0