Name,Accuracy@0.05,Accuracy@0.1,Accuracy@0.2,Accuracy@0.5,Completeness@0.05,Completeness@0.1,Completeness@0.2,Completeness@0.5,RMSE@0.05,RMSE@0.1,RMSE@0.2,RMSE@0.5,MAD@0.05,MAD@0.1,MAD@0.2,MAD@0.5,Chamfer@0.05,Chamfer@0.1,Chamfer@0.2,Chamfer@0.5,GTInliers@0.05,GTInliers@0.1,GTInliers@0.2,GTInliers@0.5,GTOutliers@0.05,GTOutliers@0.1,GTOutliers@0.2,GTOutliers@0.5,DSGInliers@0.05,DSGInliers@0.1,DSGInliers@0.2,DSGInliers@0.5,DSGOutliers@0.05,DSGOutliers@0.1,DSGOutliers@0.2,DSGOutliers@0.5,NumGTFailed,NumDSGFailed
0,0.793986,0.966468,0.995896,0.999757,0.646468,0.936287,0.981112,0.998306,0.027585,0.0376053,0.044107,0.0471924,0.0248695,0.0320914,0.0351766,0.0360599,0.0585803,0.0745632,0.0818022,0.0869935,1952465,2827776,2963157,3015087,1067738,192427,57046,5116,1164682,1417692,1460860,1466524,302198,49188,6020,356,0,0