Name,Accuracy@0.05,Accuracy@0.1,Accuracy@0.2,Accuracy@0.5,Completeness@0.05,Completeness@0.1,Completeness@0.2,Completeness@0.5,RMSE@0.05,RMSE@0.1,RMSE@0.2,RMSE@0.5,MAD@0.05,MAD@0.1,MAD@0.2,MAD@0.5,Chamfer@0.05,Chamfer@0.1,Chamfer@0.2,Chamfer@0.5,GTInliers@0.05,GTInliers@0.1,GTInliers@0.2,GTInliers@0.5,GTOutliers@0.05,GTOutliers@0.1,GTOutliers@0.2,GTOutliers@0.5,DSGInliers@0.05,DSGInliers@0.1,DSGInliers@0.2,DSGInliers@0.5,DSGOutliers@0.05,DSGOutliers@0.1,DSGOutliers@0.2,DSGOutliers@0.5,NumGTFailed,NumDSGFailed
0,0.767803,0.883386,0.950472,0.997971,0.134739,0.205313,0.227896,0.257983,0.0202632,0.0310207,0.048988,0.0847115,0.0174709,0.0238683,0.0323018,0.0455591,0.0516861,0.0680814,0.0863986,0.131682,406940,620088,688293,779161,2613263,2400115,2331910,2241042,43903,50512,54348,57064,13277,6668,2832,116,0,0
1,0.808646,0.909416,0.963759,0.998405,0.264303,0.406497,0.449445,0.495241,0.0199557,0.0294136,0.0445667,0.0730506,0.0172676,0.0226944,0.0293862,0.0389384,0.051521,0.0671123,0.083108,0.117867,798248,1227702,1357414,1495729,2221955,1792501,1662789,1524474,83673,94100,99723,103308,19800,9373,3750,165,0,0
2,0.820713,0.918483,0.966543,0.998143,0.376812,0.571884,0.625308,0.674444,0.0197645,0.0290649,0.0427257,0.0702617,0.0170311,0.0223061,0.0281918,0.0370218,0.0511886,0.0663422,0.0804821,0.109083,1138048,1727205,1888557,2036959,1882155,1292998,1131646,983244,129937,145416,153025,158028,28385,12906,5297,294,0,0
3,0.822367,0.916784,0.967356,0.996844,0.48525,0.738337,0.804716,0.85704,0.0196583,0.0288745,0.0430743,0.0688925,0.0169643,0.0221359,0.0283034,0.0365116,0.0511529,0.0662486,0.0802695,0.104736,1465553,2229929,2430405,2588434,1554650,790274,589798,431769,174077,194063,204768,211010,37601,17615,6910,668,0,0
4,0.836156,0.925612,0.972417,0.997349,0.593289,0.886505,0.953104,0.991743,0.0195182,0.0282272,0.0416809,0.06457,0.0168133,0.0216502,0.0273483,0.0342839,0.0509382,0.0651977,0.0775208,0.0946168,1791852,2677425,2878569,2995266,1228351,342778,141634,24937,210657,233194,244986,251267,41278,18741,6949,668,0,0