Name,Accuracy@0.05,Accuracy@0.1,Accuracy@0.2,Accuracy@0.5,Completeness@0.05,Completeness@0.1,Completeness@0.2,Completeness@0.5,RMSE@0.05,RMSE@0.1,RMSE@0.2,RMSE@0.5,MAD@0.05,MAD@0.1,MAD@0.2,MAD@0.5,Chamfer@0.05,Chamfer@0.1,Chamfer@0.2,Chamfer@0.5,GTInliers@0.05,GTInliers@0.1,GTInliers@0.2,GTInliers@0.5,GTOutliers@0.05,GTOutliers@0.1,GTOutliers@0.2,GTOutliers@0.5,DSGInliers@0.05,DSGInliers@0.1,DSGInliers@0.2,DSGInliers@0.5,DSGOutliers@0.05,DSGOutliers@0.1,DSGOutliers@0.2,DSGOutliers@0.5,NumGTFailed,NumDSGFailed
0,0.826699,0.972634,0.996383,0.999866,0.654227,0.944687,0.987344,0.998407,0.0279401,0.0361741,0.0414978,0.0439724,0.0253754,0.0312327,0.0336753,0.034408,0.0589277,0.0735796,0.0798834,0.083355,1975899,2853148,2981979,3015392,1044304,167055,38224,4811,1860785,2189265,2242721,2250561,390077,61597,8141,301,0,0