run,inst,slot,stamp,line,slice_line,vertices,after,latest_measured_support,support,contradiction,reliable,reliable_in_view,reliable_seen_through,absent_samples,total_samples,absence_llr,absence_coverage_sufficient
real_rejected,1,0,1786302304319989000,569,570,134766,1786279305400966000,1786302304319989000,231,23,1500,10,3,5,3204,0.0,0
real_rejected,2,0,1786302304319989000,572,573,49434,1786279343600966000,0,0,0,1500,0,0,0,16478,0.0,0
real_rejected,3,0,1786302304319989000,575,576,93492,1786279343500966000,0,0,0,1500,0,0,0,31164,0.0,0
real_rejected,4,0,1786302304319989000,578,579,251820,1786279340800966000,0,0,0,1500,0,0,0,83940,0.0,0
real_rejected,5,0,1786302304319989000,581,582,21714,1786279340934300000,0,0,0,1500,0,0,0,7238,0.0,0
real_rejected,6,0,1786302304319989000,584,585,172254,1786279343600966000,0,0,0,1500,0,0,0,57418,0.0,0
real_rejected,7,0,1786302304319989000,587,588,44148,1786279341134300000,0,0,0,1500,0,0,0,14716,0.0,0
real_rejected,10,0,1786302304319989000,590,591,29301,1786279326700977000,0,0,0,1500,0,0,0,9767,0.0,0
real_rejected,11,0,1786302304319989000,593,594,99537,1786279343600966000,0,0,0,1500,0,0,0,33179,0.0,0
real_rejected,13,0,1786302304319989000,596,597,27720,1786279343600966000,0,0,0,1500,0,0,0,9240,0.0,0
real_rejected,14,0,1786302304319989000,599,600,13311,1786279343600966000,0,0,0,838,0,0,0,4437,0.0,0
real_rejected,16,0,1786302304319989000,602,603,29925,1786279343600966000,0,0,0,1500,0,0,0,9975,0.0,0
real_rejected,17,0,1786302304319989000,605,606,44151,1786279343600966000,0,0,0,1500,0,0,0,14717,0.0,0
real_rejected,18,0,1786302304319989000,608,609,36093,1786279334634322000,0,0,0,1500,0,0,0,12031,0.0,0
real_rejected,19,0,1786302304319989000,611,612,25914,1786279333734300000,0,0,0,1500,0,0,0,8638,0.0,0
real_rejected,20,0,1786302304319989000,614,615,5268,1786279301400977000,0,0,0,526,0,0,0,1756,0.0,0
real_rejected,1,0,1786302306453334000,622,623,134766,1786302304319989000,1786302306453334000,233,24,1497,7,0,5,3204,0.0,0
real_rejected,2,0,1786302306453334000,625,626,49434,1786279343600966000,0,0,0,1500,0,0,0,16478,0.0,0
real_rejected,3,0,1786302306453334000,628,629,93492,1786279343500966000,0,0,0,1500,0,0,0,31164,0.0,0
real_rejected,4,0,1786302306453334000,631,632,251820,1786279340800966000,0,0,0,1500,0,0,0,83940,0.0,0
real_rejected,5,0,1786302306453334000,634,635,21714,1786279340934300000,0,0,0,1500,0,0,0,7238,0.0,0
real_rejected,6,0,1786302306453334000,637,638,172254,1786279343600966000,0,0,0,1500,0,0,0,57418,0.0,0
real_rejected,7,0,1786302306453334000,640,641,44148,1786279341134300000,0,0,0,1500,0,0,0,14716,0.0,0
real_rejected,10,0,1786302306453334000,643,644,29301,1786279326700977000,0,0,0,1500,0,0,0,9767,0.0,0
real_rejected,11,0,1786302306453334000,646,647,99537,1786279343600966000,0,0,0,1500,0,0,0,33179,0.0,0
real_rejected,13,0,1786302306453334000,649,650,27720,1786279343600966000,0,0,0,1500,0,0,0,9240,0.0,0
real_rejected,14,0,1786302306453334000,652,653,13311,1786279343600966000,0,0,0,838,0,0,0,4437,0.0,0
real_rejected,16,0,1786302306453334000,655,656,29925,1786279343600966000,0,0,0,1500,0,0,0,9975,0.0,0
real_rejected,17,0,1786302306453334000,658,659,44151,1786279343600966000,0,0,0,1500,0,0,0,14717,0.0,0
real_rejected,18,0,1786302306453334000,661,662,36093,1786279334634322000,0,0,0,1500,0,0,0,12031,0.0,0
real_rejected,19,0,1786302306453334000,664,665,25914,1786279333734300000,0,0,0,1500,0,0,0,8638,0.0,0
real_rejected,20,0,1786302306453334000,667,668,5268,1786279301400977000,0,0,0,526,0,0,0,1756,0.0,0
real_rejected,1,0,1786302308586667000,671,672,134766,1786302306453334000,1786302308586667000,455,148,1497,57,24,108,3204,0.125151,0
real_rejected,2,0,1786302308586667000,674,675,49434,1786279343600966000,0,0,354,1500,271,145,194,856,1.14478,0
real_rejected,3,0,1786302308586667000,677,678,93492,1786279343500966000,1786302308586667000,60,1121,1500,278,109,583,2096,0.487186,0
real_rejected,4,0,1786302308586667000,680,681,251820,1786279340800966000,1786302307320011000,140,61,1500,72,32,61,3390,0.184799,0
real_rejected,5,0,1786302308586667000,683,684,21714,1786279340934300000,1786302308586667000,21,63,1500,81,36,33,646,0.207899,0
real_rejected,6,0,1786302308586667000,686,687,172254,1786279343600966000,1786302308586667000,1766,191,1500,310,1,144,2737,0.0,0
real_rejected,7,0,1786302308586667000,689,690,44148,1786279341134300000,1786302308586667000,1,950,1500,665,491,386,844,6.51068,1
real_rejected,10,0,1786302308586667000,692,693,29301,1786279326700977000,1786302308586667000,5,1015,1500,590,243,439,871,1.20892,0
real_rejected,11,0,1786302308586667000,695,696,99537,1786279343600966000,0,0,6,1500,2,0,5,1489,0.0,0
real_rejected,13,0,1786302308586667000,698,699,27720,1786279343600966000,0,0,24,1500,18,13,16,528,0.0,0
real_rejected,14,0,1786302308586667000,701,702,13311,1786279343600966000,1786302308586667000,151,17,838,220,8,16,248,0.0,0
real_rejected,16,0,1786302308586667000,704,705,29925,1786279343600966000,1786302308586667000,347,120,1500,581,118,49,423,0.0,0
real_rejected,17,0,1786302308586667000,707,708,44151,1786279343600966000,1786302308586667000,243,55,1500,448,26,48,537,0.0,0
real_rejected,18,0,1786302308586667000,710,711,36093,1786279334634322000,0,0,0,1500,0,0,0,12031,0.0,0
real_rejected,19,0,1786302308586667000,713,714,25914,1786279333734300000,0,0,0,1500,0,0,0,8638,0.0,0
real_rejected,20,0,1786302308586667000,716,717,5268,1786279301400977000,0,0,23,526,121,2,10,206,0.0,0
real_rejected,1,0,1786302310719989000,728,729,134766,1786302308586667000,1786302310719989000,55,125,1481,14,12,39,3204,0.125151,0
real_rejected,2,0,1786302310719989000,731,732,49434,1786279343600966000,1786302310719989000,27,1777,1500,601,368,449,856,3.51614,0
real_rejected,3,0,1786302310719989000,734,735,93492,1786302308586667000,1786302310719989000,365,956,1500,216,98,407,2096,0.693961,0
real_rejected,4,0,1786302310719989000,737,738,251820,1786302307320011000,0,0,34,1468,0,0,33,3390,0.184799,0
real_rejected,5,0,1786302310719989000,740,741,21714,1786302308586667000,1786302310719989000,42,27,1500,61,8,16,646,0.173416,0
real_rejected,6,0,1786302310719989000,743,744,172254,1786302308586667000,1786302310719989000,3656,967,1493,346,0,301,2737,0.0,0
real_rejected,10,0,1786302310719989000,746,747,29301,1786302308586667000,0,0,1263,1500,536,201,370,871,1.2978,0
real_rejected,11,0,1786302310719989000,749,750,99537,1786279343600966000,0,0,2776,1500,855,818,1046,1489,23.7616,1
real_rejected,13,0,1786302310719989000,752,753,27720,1786279343600966000,0,0,106,1500,26,26,33,528,0.0,0
real_rejected,14,0,1786302310719989000,755,756,13311,1786302308586667000,1786302310719989000,392,41,816,324,7,22,248,0.0,0
real_rejected,16,0,1786302310719989000,758,759,29925,1786302308586667000,1786302310719989000,463,95,1362,637,28,43,423,0.0,0
real_rejected,17,0,1786302310719989000,761,762,44151,1786302308586667000,1786302310719989000,1117,154,1457,684,16,53,537,0.0,0
real_rejected,18,0,1786302310719989000,764,765,36093,1786279334634322000,0,0,62,1500,128,24,33,576,0.0,0
real_rejected,19,0,1786302310719989000,767,768,25914,1786279333734300000,0,0,30,1500,26,26,21,614,0.0,0
real_rejected,20,0,1786302310719989000,770,771,5268,1786279301400977000,0,0,58,526,114,5,12,206,0.0,0
real_rejected,1,0,1786302312853334000,785,786,134766,1786302310719989000,1786302312853334000,109,108,1481,20,12,38,3204,0.125151,0
real_rejected,2,0,1786302312853334000,788,789,49434,1786302310719989000,1786302312853334000,53,1254,1500,428,253,303,856,3.61963,0
real_rejected,3,0,1786302312853334000,791,792,93492,1786302310719989000,1786302312853334000,395,1024,1500,228,95,421,2096,0.78525,0
real_rejected,4,0,1786302312853334000,794,795,251820,1786302307320011000,0,0,36,1468,0,0,33,3390,0.184799,0
real_rejected,5,0,1786302312853334000,797,798,21714,1786302310719989000,1786302312853334000,9,9,1495,58,0,5,646,0.134191,0
real_rejected,6,0,1786302312853334000,800,801,172254,1786302310719989000,1786302312853334000,1944,99,1485,193,0,48,2737,0.0,0
real_rejected,10,0,1786302312853334000,803,804,29301,1786302308586667000,0,0,2324,1500,473,166,386,871,1.30768,0
real_rejected,13,0,1786302312853334000,806,807,27720,1786279343600966000,0,0,185,1500,15,15,33,528,0.0,0
real_rejected,14,0,1786302312853334000,809,810,13311,1786302310719989000,1786302312853334000,410,23,771,240,1,13,248,0.0,0
real_rejected,16,0,1786302312853334000,812,813,29925,1786302310719989000,1786302312853334000,924,78,1299,574,5,30,423,0.0,0
real_rejected,17,0,1786302312853334000,815,816,44151,1786302310719989000,1786302312853334000,1333,170,1432,694,0,49,537,0.0,0
real_rejected,18,0,1786302312853334000,818,819,36093,1786279334634322000,0,0,160,1500,122,17,33,576,0.0,0
real_rejected,19,0,1786302312853334000,821,822,25914,1786279333734300000,0,0,155,1500,101,100,82,614,15.0709,1
real_rejected,20,0,1786302312853334000,824,825,5268,1786279301400977000,0,0,111,526,104,7,18,206,0.0,0
real_rejected,1,0,1786302314953334000,844,845,134766,1786302312853334000,1786302314953334000,264,156,1481,29,14,41,3204,0.125151,0
real_rejected,2,0,1786302314953334000,847,848,49434,1786302312853334000,1786302314553323000,37,1286,1500,455,264,321,856,3.98744,0
real_rejected,3,0,1786302314953334000,850,851,93492,1786302312853334000,1786302314953334000,412,1837,1500,279,105,503,2096,0.916352,0
real_rejected,4,0,1786302314953334000,853,855,251820,1786302307320011000,1786302314953334000,51,90,1468,25,4,58,3390,0.184799,0
real_rejected,4,1,1786302314953334000,854,855,10077,1786302307720000000,0,0,0,0,0,0,0,3359,0.0,0
real_rejected,5,0,1786302314953334000,858,859,21714,1786302312853334000,1786302314953334000,44,15,1487,79,0,8,646,0.0984283,0
real_rejected,6,0,1786302314953334000,861,862,172254,1786302312853334000,1786302314953334000,4106,934,1484,278,0,269,2737,0.0,0
real_rejected,10,0,1786302314953334000,864,865,29301,1786302308586667000,0,0,3574,1500,490,166,418,871,1.61861,0
real_rejected,13,0,1786302314953334000,867,868,27720,1786279343600966000,0,0,258,1500,15,15,33,528,0.0,0
real_rejected,14,0,1786302314953334000,870,871,13311,1786302312853334000,1786302314953334000,452,33,764,242,2,12,248,0.0,0
real_rejected,16,0,1786302314953334000,873,874,29925,1786302312853334000,1786302314953334000,529,76,1282,506,2,26,423,0.0,0
real_rejected,17,0,1786302314953334000,876,877,44151,1786302312853334000,1786302314953334000,657,115,1426,567,0,57,537,0.0,0
real_rejected,18,0,1786302314953334000,879,880,36093,1786279334634322000,0,0,178,1500,17,3,33,576,0.0,0
real_rejected,20,0,1786302314953334000,882,883,5268,1786279301400977000,0,0,158,526,72,6,19,206,0.0,0
real_rejected,1,0,1786302317086656000,910,912,134766,1786302314953334000,0,0,0,1469,0,0,0,44922,0.125151,0
real_rejected,1,1,1786302317086656000,911,912,1779,1786302313286656000,1786302314953334000,141,2,157,157,0,1,78,0.0,0
real_rejected,2,0,1786302317086656000,924,925,49434,1786302314553323000,0,0,915,1500,320,164,336,856,4.31995,0
real_rejected,3,0,1786302317086656000,927,928,93492,1786302314953334000,1786302317086656000,481,2109,1500,407,149,630,2096,2.37081,0
real_rejected,4,0,1786302317086656000,930,932,251820,1786302314953334000,1786302315386667000,100,63,1464,61,5,48,3390,0.0766411,0
real_rejected,4,1,1786302317086656000,931,932,10077,1786302307720000000,0,0,0,0,0,0,0,3359,0.0,0
real_rejected,5,0,1786302317086656000,935,936,21714,1786302314953334000,1786302317086656000,33,35,1465,131,0,21,646,0.0188655,0
real_rejected,6,0,1786302317086656000,938,939,172254,1786302314953334000,1786302317086656000,3741,938,1484,382,3,318,2737,0.0,0
real_rejected,10,0,1786302317086656000,941,942,29301,1786302308586667000,1786302315820011000,1,4905,1500,562,189,490,871,3.06142,0
real_rejected,13,0,1786302317086656000,944,945,27720,1786279343600966000,0,0,304,1500,16,16,33,528,0.0,0
real_rejected,14,0,1786302317086656000,947,948,13311,1786302314953334000,1786302317086656000,494,71,760,288,3,24,248,0.0,0
real_rejected,16,0,1786302317086656000,950,951,29925,1786302314953334000,1786302317086656000,923,105,1278,608,22,25,423,0.0,0
real_rejected,17,0,1786302317086656000,953,954,44151,1786302314953334000,1786302317086656000,323,69,1424,848,0,49,537,0.0,0
real_rejected,18,0,1786302317086656000,956,957,36093,1786279334634322000,0,0,178,1500,0,0,33,576,0.0,0
real_rejected,20,0,1786302317086656000,959,960,5268,1786279301400977000,0,0,202,526,117,5,21,206,0.0,0
real_rejected,1,0,1786302319220000000,1012,1014,134766,1786302314953334000,0,0,0,1469,0,0,0,44922,0.125151,0
real_rejected,1,1,1786302319220000000,1013,1014,1779,1786302314953334000,0,0,0,155,0,0,0,593,0.0,0
real_rejected,2,0,1786302319220000000,1022,1023,49434,1786302314553323000,0,0,915,1500,1,0,336,856,4.31995,0
real_rejected,3,0,1786302319220000000,1025,1026,93492,1786302317086656000,1786302319220000000,146,1739,1500,406,152,652,2096,3.43616,0
real_rejected,4,0,1786302319220000000,1028,1030,251820,1786302315386667000,1786302319220000000,2250,437,1459,277,63,102,3390,1.00966,0
real_rejected,4,1,1786302319220000000,1029,1030,10077,1786302307720000000,1786302319220000000,140,0,35,35,0,0,364,0.0,0
real_rejected,5,0,1786302319220000000,1042,1043,21714,1786302317086656000,1786302319220000000,13,27,1452,49,1,19,646,0.00846859,0
real_rejected,6,0,1786302319220000000,1045,1046,172254,1786302317086656000,1786302318353323000,554,298,1480,225,1,213,2737,0.0,0
real_rejected,10,0,1786302319220000000,1048,1050,29301,1786302315820011000,1786302319220000000,10,1669,1500,563,184,445,871,3.17743,0
real_rejected,10,1,1786302319220000000,1049,1050,7923,1786302314953334000,1786302319220000000,101,451,114,114,0,117,503,0.0,0
real_rejected,13,0,1786302319220000000,1062,1063,27720,1786279343600966000,0,0,304,1500,0,0,33,528,0.0,0
real_rejected,14,0,1786302319220000000,1065,1066,13311,1786302317086656000,0,0,0,754,6,0,0,4437,0.0,0
real_rejected,16,0,1786302319220000000,1068,1069,29925,1786302317086656000,1786302319220000000,872,102,1251,596,33,31,423,0.0,0
real_rejected,17,0,1786302319220000000,1071,1073,44151,1786302317086656000,1786302319220000000,1517,248,1419,983,8,66,537,0.0,0
real_rejected,17,1,1786302319220000000,1072,1073,7161,1786302315386667000,1786302319220000000,995,46,651,651,8,17,225,0.0,0
real_rejected,18,0,1786302319220000000,1085,1086,36093,1786279334634322000,0,0,178,1500,0,0,33,576,0.0,0
real_rejected,20,0,1786302319220000000,1088,1089,5268,1786279301400977000,0,0,294,526,116,40,47,206,0.601997,0
real_rejected,1,0,1786302321320000000,1143,1145,134766,1786302314953334000,0,0,0,1469,0,0,0,44922,0.125151,0
real_rejected,1,1,1786302321320000000,1144,1145,3984,1786302315053334000,0,0,0,155,0,0,0,1328,0.0,0
real_rejected,2,0,1786302321320000000,1153,1154,49434,1786302314553323000,0,0,2025,1500,553,320,423,856,5.30943,1
real_rejected,3,0,1786302321320000000,1156,1158,93492,1786302319220000000,1786302320053345000,123,130,1500,118,53,117,2096,3.46347,0
real_rejected,3,1,1786302321320000000,1157,1158,15666,1786302317520000000,1786302320919989000,672,134,903,903,2,49,701,0.0,0
real_rejected,4,0,1786302321320000000,1170,1172,251820,1786302319220000000,1786302319653334000,1,17,1380,8,0,18,3390,1.00966,0
real_rejected,4,1,1786302321320000000,1171,1172,10077,1786302319220000000,0,0,0,35,0,0,0,3359,0.0,0
real_rejected,5,0,1786302321320000000,1180,1181,21714,1786302319220000000,0,0,29,1445,60,5,22,646,0.0,0
real_rejected,6,0,1786302321320000000,1183,1184,172254,1786302318353323000,1786302321320000000,3589,700,1480,449,0,200,2737,0.0,0
real_rejected,7,0,1786302321320000000,1186,1187,5340,1786302317520000000,1786302320053345000,61,46,411,411,1,48,204,0.0,0
real_rejected,10,0,1786302321320000000,1193,1194,7923,1786302319220000000,0,0,0,1065,82,0,0,2641,3.03772,0
real_rejected,13,0,1786302321320000000,1196,1197,27720,1786279343600966000,0,0,408,1500,76,59,59,528,1.18183,0
real_rejected,14,0,1786302321320000000,1199,1200,13311,1786302317086656000,1786302321320000000,389,77,754,337,1,28,248,0.0,0
real_rejected,16,0,1786302321320000000,1202,1204,29925,1786302319220000000,1786302321320000000,922,124,1212,665,7,41,423,0.0,0
real_rejected,16,1,1786302321320000000,1203,1204,5403,1786302317920011000,1786302321320000000,855,23,502,502,39,8,189,0.0,0
real_rejected,17,0,1786302321320000000,1216,1218,44151,1786302319220000000,1786302321320000000,1327,298,1341,1001,33,85,537,0.0,0
real_rejected,17,1,1786302321320000000,1217,1218,7161,1786302319220000000,1786302321320000000,847,67,599,589,2,23,225,0.0,0
real_rejected,18,0,1786302321320000000,1230,1231,36093,1786279334634322000,0,0,178,1500,0,0,33,576,0.0,0
real_rejected,20,0,1786302321320000000,1233,1234,5268,1786279301400977000,0,0,307,526,81,6,53,206,0.539906,0
real_rejected,1,0,1786302323453323000,1312,1314,134766,1786302314953334000,0,0,0,1469,0,0,0,44922,0.125151,0
real_rejected,1,1,1786302323453323000,1313,1314,3984,1786302315053334000,0,0,0,155,0,0,0,1328,0.0,0
real_rejected,2,0,1786302323453323000,1324,1325,9153,1786302315053334000,1786302323453323000,355,280,236,236,0,48,309,0.0,0
real_rejected,3,0,1786302323453323000,1331,1332,15666,1786302320919989000,0,0,2,1500,0,0,2,701,3.46347,0
real_rejected,4,0,1786302323453323000,1334,1336,251820,1786302319653334000,0,0,0,1380,0,0,0,83940,1.00966,0
real_rejected,4,1,1786302323453323000,1335,1336,10077,1786302319220000000,0,0,0,35,0,0,0,3359,0.0,0
real_rejected,5,0,1786302323453323000,1344,1346,21714,1786302319220000000,0,0,29,1445,0,0,22,646,0.0,0
real_rejected,5,1,1786302323453323000,1345,1346,528,1786302319619989000,1786302320053345000,4,3,38,38,0,3,26,0.0,0
real_rejected,6,0,1786302323453323000,1358,1360,172254,1786302321320000000,1786302322619989000,1310,182,1472,331,3,181,2737,0.0,0
real_rejected,6,1,1786302323453323000,1359,1360,25599,1786302317920011000,1786302322619989000,2206,238,1232,1232,37,60,798,0.0,0
real_rejected,7,0,1786302323453323000,1372,1373,5340,1786302320053345000,0,0,0,370,0,0,0,1780,0.0,0
real_rejected,10,0,1786302323453323000,1375,1376,7923,1786302319220000000,0,0,0,1065,0,0,0,2641,3.03772,0
real_rejected,11,0,1786302323453323000,1378,1379,14109,1786302320053345000,1786302323020011000,1996,8,1270,1270,35,3,397,0.0,0
real_rejected,13,0,1786302323453323000,1385,1387,27720,1786279343600966000,0,0,599,1500,137,94,87,528,1.92486,0
real_rejected,13,1,1786302323453323000,1386,1387,3531,1786302320919989000,1786302322619989000,291,11,320,320,10,11,123,0.0,0
real_rejected,14,0,1786302323453323000,1399,1401,13311,1786302321320000000,1786302322186656000,160,5,744,284,0,6,248,0.0,0
real_rejected,14,1,1786302323453323000,1400,1401,3264,1786302320486656000,1786302322186656000,200,9,257,257,2,5,127,0.0,0
real_rejected,16,0,1786302323453323000,1413,1415,29925,1786302321320000000,1786302321753334000,30,13,1189,197,1,14,423,0.0,0
real_rejected,16,1,1786302323453323000,1414,1415,5403,1786302321320000000,1786302321753334000,22,3,418,61,0,4,189,0.0,0
real_rejected,17,0,1786302323453323000,1427,1429,44151,1786302321320000000,0,0,0,1277,9,0,0,14717,0.0,0
real_rejected,17,1,1786302323453323000,1428,1429,7161,1786302321320000000,0,0,0,570,0,0,0,2387,0.0,0
real_rejected,18,0,1786302323453323000,1437,1439,36093,1786279334634322000,0,0,178,1500,0,0,33,576,0.0,0
real_rejected,18,1,1786302323453323000,1438,1439,5769,1786302320919989000,1786302323020011000,554,53,569,569,14,16,220,0.0,0
real_rejected,19,0,1786302323453323000,1451,1452,3741,1786302318353323000,1786302321320000000,221,46,225,225,0,21,158,0.0,0
real_rejected,20,0,1786302323453323000,1458,1459,5268,1786279301400977000,0,0,307,526,0,0,53,206,0.539906,0
real_rejected,1,0,1786302325586656000,1518,1520,134766,1786302314953334000,0,0,0,1469,0,0,0,44922,0.125151,0
real_rejected,1,1,1786302325586656000,1519,1520,3984,1786302315053334000,0,0,0,155,0,0,0,1328,0.0,0
real_rejected,2,0,1786302325586656000,1528,1529,9153,1786302323453323000,1786302325586656000,534,90,422,404,0,44,309,0.0,0
real_rejected,3,0,1786302325586656000,1535,1536,15666,1786302320919989000,0,0,2,1500,0,0,2,701,3.46347,0
real_rejected,4,0,1786302325586656000,1538,1540,251820,1786302319653334000,0,0,0,1380,0,0,0,83940,1.00966,0
real_rejected,4,1,1786302325586656000,1539,1540,22377,1786302319619989000,0,0,0,24,0,0,0,7459,0.0,0
real_rejected,5,0,1786302325586656000,1548,1550,21714,1786302319220000000,0,0,29,1445,0,0,22,646,0.0,0
real_rejected,5,1,1786302325586656000,1549,1550,528,1786302320053345000,0,0,0,34,0,0,0,176,0.0,0
real_rejected,6,0,1786302325586656000,1558,1560,172254,1786302322619989000,0,0,0,1465,0,0,0,57418,0.0,0
real_rejected,6,1,1786302325586656000,1559,1560,25599,1786302322619989000,0,0,0,1059,0,0,0,8533,0.0,0
real_rejected,7,0,1786302325586656000,1568,1569,5340,1786302320053345000,0,0,0,370,0,0,0,1780,0.0,0
real_rejected,10,0,1786302325586656000,1571,1572,7923,1786302319220000000,0,0,0,1065,0,0,0,2641,3.03772,0
real_rejected,11,0,1786302325586656000,1574,1575,14109,1786302323020011000,0,0,0,931,0,0,0,4703,0.0,0
real_rejected,13,0,1786302325586656000,1577,1578,3531,1786302322619989000,0,0,0,345,0,0,0,1177,1.92486,0
real_rejected,14,0,1786302325586656000,1581,1583,13311,1786302322186656000,0,0,0,734,0,0,0,4437,0.0,0
real_rejected,14,1,1786302325586656000,1582,1583,3264,1786302322186656000,0,0,0,218,0,0,0,1088,0.0,0
real_rejected,16,0,1786302325586656000,1592,1594,29925,1786302321753334000,0,0,0,1188,0,0,0,9975,0.0,0
real_rejected,16,1,1786302325586656000,1593,1594,5403,1786302321753334000,0,0,0,418,0,0,0,1801,0.0,0
real_rejected,17,0,1786302325586656000,1607,1609,44151,1786302321320000000,0,0,0,1277,0,0,0,14717,0.0,0
real_rejected,17,1,1786302325586656000,1608,1609,7161,1786302321320000000,0,0,0,570,0,0,0,2387,0.0,0
real_rejected,18,0,1786302325586656000,1617,1618,5769,1786302323020011000,0,0,0,619,2,0,0,1923,0.0,0
real_rejected,19,0,1786302325586656000,1620,1621,3741,1786302321320000000,0,0,0,192,0,0,0,1247,0.0,0
real_rejected,20,0,1786302325586656000,1623,1624,5268,1786279301400977000,0,0,307,526,0,0,53,206,0.539906,0
real_rejected,1,0,1786302327720000000,1714,1716,134766,1786302314953334000,0,0,0,1469,0,0,0,44922,0.125151,0
real_rejected,1,1,1786302327720000000,1715,1716,3984,1786302315053334000,0,0,0,155,0,0,0,1328,0.0,0
real_rejected,2,0,1786302327720000000,1724,1725,9153,1786302325586656000,1786302327720000000,765,132,550,511,5,38,309,0.0,0
real_rejected,3,0,1786302327720000000,1731,1732,29094,1786302321053334000,0,0,2,1500,0,0,2,889,3.46347,0
real_rejected,4,0,1786302327720000000,1734,1736,251820,1786302319653334000,0,0,0,1380,0,0,0,83940,1.00966,0
real_rejected,4,1,1786302327720000000,1735,1736,22377,1786302319619989000,0,0,0,24,0,0,0,7459,0.0,0
real_rejected,5,0,1786302327720000000,1744,1746,21714,1786302319220000000,0,0,29,1445,0,0,22,646,0.0,0
real_rejected,5,1,1786302327720000000,1745,1746,1977,1786302320053345000,0,0,0,34,0,0,0,659,0.0,0
real_rejected,6,0,1786302327720000000,1754,1756,172254,1786302322619989000,0,0,0,1465,0,0,0,57418,0.0,0
real_rejected,6,1,1786302327720000000,1755,1756,25599,1786302322619989000,0,0,0,1059,0,0,0,8533,0.0,0
real_rejected,7,0,1786302327720000000,1764,1765,10272,1786302320286689000,0,0,0,370,0,0,0,3424,0.0,0
real_rejected,10,0,1786302327720000000,1767,1768,11730,1786302319686667000,0,0,0,1442,0,0,0,3910,3.03772,0
real_rejected,11,0,1786302327720000000,1770,1771,14109,1786302323020011000,0,0,0,931,0,0,0,4703,0.0,0
real_rejected,13,0,1786302327720000000,1773,1774,3531,1786302322619989000,0,0,0,345,0,0,0,1177,1.92486,0
real_rejected,14,0,1786302327720000000,1776,1778,13311,1786302322186656000,0,0,0,734,0,0,0,4437,0.0,0
real_rejected,14,1,1786302327720000000,1777,1778,3264,1786302322186656000,0,0,0,218,0,0,0,1088,0.0,0
real_rejected,16,0,1786302327720000000,1786,1788,29925,1786302321753334000,0,0,0,1188,0,0,0,9975,0.0,0
real_rejected,16,1,1786302327720000000,1787,1788,10683,1786302321819989000,0,0,0,418,0,0,0,3561,0.0,0
real_rejected,17,0,1786302327720000000,1796,1798,44151,1786302321320000000,0,0,0,1277,0,0,0,14717,0.0,0
real_rejected,17,1,1786302327720000000,1797,1798,15192,1786302321686656000,0,0,0,570,0,0,0,5064,0.0,0
real_rejected,18,0,1786302327720000000,1806,1807,5769,1786302323020011000,0,0,4,619,1,0,1,220,0.0,0
real_rejected,19,0,1786302327720000000,1809,1810,7038,1786302321320000000,0,0,0,192,0,0,0,2346,0.0,0
real_rejected,20,0,1786302327720000000,1812,1813,5268,1786279301400977000,0,0,307,526,0,0,53,206,0.539906,0
real_rejected,1,0,1786302329853323000,1888,1890,134766,1786302314953334000,0,0,0,1469,0,0,0,44922,0.125151,0
real_rejected,1,1,1786302329853323000,1889,1890,3984,1786302315053334000,0,0,0,155,0,0,0,1328,0.0,0
real_rejected,2,0,1786302329853323000,1898,1899,9153,1786302327720000000,1786302329853323000,508,197,541,389,12,49,309,0.0,0
real_rejected,3,0,1786302329853323000,1905,1906,29094,1786302321053334000,0,0,2,1500,0,0,2,889,3.46347,0
real_rejected,4,0,1786302329853323000,1908,1910,251820,1786302319653334000,0,0,0,1380,0,0,0,83940,1.00966,0
real_rejected,4,1,1786302329853323000,1909,1910,22377,1786302319619989000,0,0,0,24,0,0,0,7459,0.0,0
real_rejected,5,0,1786302329853323000,1918,1920,21714,1786302319220000000,0,0,29,1445,0,0,22,646,0.0,0
real_rejected,5,1,1786302329853323000,1919,1920,1977,1786302320053345000,0,0,0,34,0,0,0,659,0.0,0
real_rejected,6,0,1786302329853323000,1928,1930,172254,1786302322619989000,0,0,0,1465,0,0,0,57418,0.0,0
real_rejected,6,1,1786302329853323000,1929,1930,47058,1786302322820000000,0,0,0,488,0,0,0,15686,0.0,0
real_rejected,7,0,1786302329853323000,1938,1939,10272,1786302320286689000,0,0,0,370,0,0,0,3424,0.0,0
real_rejected,10,0,1786302329853323000,1941,1942,11730,1786302319686667000,0,0,0,1442,0,0,0,3910,3.03772,0
real_rejected,11,0,1786302329853323000,1944,1945,20433,1786302323420000000,0,0,1,862,0,0,1,450,0.0,0
real_rejected,13,0,1786302329853323000,1947,1948,6591,1786302322986667000,0,0,0,518,0,0,0,2197,1.92486,0
real_rejected,14,0,1786302329853323000,1950,1952,13311,1786302322186656000,0,0,0,734,0,0,0,4437,0.0,0
real_rejected,14,1,1786302329853323000,1951,1952,6213,1786302322286656000,0,0,0,218,0,0,0,2071,0.0,0
real_rejected,16,0,1786302329853323000,1960,1962,29925,1786302321753334000,0,0,0,1188,0,0,0,9975,0.0,0
real_rejected,16,1,1786302329853323000,1961,1962,10683,1786302321819989000,0,0,0,418,0,0,0,3561,0.0,0
real_rejected,17,0,1786302329853323000,1970,1972,44151,1786302321320000000,0,0,0,1277,0,0,0,14717,0.0,0
real_rejected,17,1,1786302329853323000,1971,1972,15192,1786302321686656000,0,0,0,570,0,0,0,5064,0.0,0
real_rejected,18,0,1786302329853323000,1980,1981,11889,1786302324053323000,0,0,9,842,1,0,1,285,0.0,0
real_rejected,19,0,1786302329853323000,1983,1984,7038,1786302321320000000,0,0,0,192,0,0,0,2346,0.0,0
real_rejected,20,0,1786302329853323000,1986,1987,5268,1786279301400977000,0,0,307,526,0,0,53,206,0.539906,0
real_rejected,1,0,1786302331986667000,2030,2032,134766,1786302314953334000,0,0,0,1469,0,0,0,44922,0.125151,0
real_rejected,1,1,1786302331986667000,2031,2032,3984,1786302315053334000,0,0,0,155,0,0,0,1328,0.0,0
real_rejected,2,0,1786302331986667000,2040,2041,9153,1786302329853323000,1786302331986667000,604,226,552,380,21,57,309,0.0,0
real_rejected,3,0,1786302331986667000,2047,2048,29094,1786302321053334000,0,0,2,1500,0,0,2,889,3.46347,0
real_rejected,4,0,1786302331986667000,2050,2052,251820,1786302319653334000,0,0,0,1380,0,0,0,83940,1.00966,0
real_rejected,4,1,1786302331986667000,2051,2052,22377,1786302319619989000,0,0,0,24,0,0,0,7459,0.0,0
real_rejected,5,0,1786302331986667000,2060,2062,21714,1786302319220000000,0,0,29,1445,0,0,22,646,0.0,0
real_rejected,5,1,1786302331986667000,2061,2062,1977,1786302320053345000,0,0,0,34,0,0,0,659,0.0,0
real_rejected,6,0,1786302331986667000,2070,2072,172254,1786302322619989000,0,0,0,1465,0,0,0,57418,0.0,0
real_rejected,6,1,1786302331986667000,2071,2072,47058,1786302322820000000,0,0,0,488,0,0,0,15686,0.0,0
real_rejected,7,0,1786302331986667000,2080,2081,10272,1786302320286689000,0,0,0,370,0,0,0,3424,0.0,0
real_rejected,10,0,1786302331986667000,2083,2084,11730,1786302319686667000,0,0,0,1442,0,0,0,3910,3.03772,0
real_rejected,11,0,1786302331986667000,2086,2087,20433,1786302323420000000,0,0,1,862,0,0,1,450,0.0,0
real_rejected,13,0,1786302331986667000,2089,2090,6591,1786302322986667000,0,0,0,518,0,0,0,2197,1.92486,0
real_rejected,14,0,1786302331986667000,2092,2094,13311,1786302322186656000,0,0,0,734,0,0,0,4437,0.0,0
real_rejected,14,1,1786302331986667000,2093,2094,6213,1786302322286656000,0,0,0,218,0,0,0,2071,0.0,0
real_rejected,16,0,1786302331986667000,2102,2104,29925,1786302321753334000,0,0,0,1188,0,0,0,9975,0.0,0
real_rejected,16,1,1786302331986667000,2103,2104,10683,1786302321819989000,0,0,0,418,0,0,0,3561,0.0,0
real_rejected,17,0,1786302331986667000,2112,2114,44151,1786302321320000000,0,0,0,1277,0,0,0,14717,0.0,0
real_rejected,17,1,1786302331986667000,2113,2114,15192,1786302321686656000,0,0,0,570,0,0,0,5064,0.0,0
real_rejected,18,0,1786302331986667000,2122,2123,11889,1786302324053323000,0,0,14,842,1,1,1,285,0.0,0
real_rejected,19,0,1786302331986667000,2125,2126,7038,1786302321320000000,0,0,0,192,0,0,0,2346,0.0,0
real_rejected,20,0,1786302331986667000,2128,2129,5268,1786279301400977000,0,0,307,526,0,0,53,206,0.539906,0
real_rejected,1,0,1786302334153323000,2175,2177,134766,1786302314953334000,0,0,0,1469,0,0,0,44922,0.125151,0
real_rejected,1,1,1786302334153323000,2176,2177,3984,1786302315053334000,0,0,0,155,0,0,0,1328,0.0,0
real_rejected,2,0,1786302334153323000,2185,2186,9153,1786302331986667000,1786302334153323000,546,238,586,431,2,54,309,0.0,0
real_rejected,3,0,1786302334153323000,2192,2193,29094,1786302321053334000,0,0,2,1500,0,0,2,889,3.46347,0
real_rejected,4,0,1786302334153323000,2195,2197,251820,1786302319653334000,0,0,0,1380,0,0,0,83940,1.00966,0
real_rejected,4,1,1786302334153323000,2196,2197,22377,1786302319619989000,0,0,0,24,0,0,0,7459,0.0,0
real_rejected,5,0,1786302334153323000,2205,2207,21714,1786302319220000000,0,0,29,1445,0,0,22,646,0.0,0
real_rejected,5,1,1786302334153323000,2206,2207,1977,1786302320053345000,0,0,0,34,0,0,0,659,0.0,0
real_rejected,6,0,1786302334153323000,2215,2217,172254,1786302322619989000,0,0,0,1465,0,0,0,57418,0.0,0
real_rejected,6,1,1786302334153323000,2216,2217,47058,1786302322820000000,0,0,1,488,0,0,1,954,0.0,0
real_rejected,7,0,1786302334153323000,2225,2226,10272,1786302320286689000,0,0,0,370,0,0,0,3424,0.0,0
real_rejected,10,0,1786302334153323000,2228,2229,11730,1786302319686667000,0,0,0,1442,0,0,0,3910,3.03772,0
real_rejected,11,0,1786302334153323000,2231,2232,20433,1786302323420000000,1786302334153323000,117,145,862,143,30,65,450,0.202564,0
real_rejected,13,0,1786302334153323000,2238,2239,6591,1786302322986667000,0,0,29,518,3,3,6,155,1.92486,0
real_rejected,14,0,1786302334153323000,2241,2243,13311,1786302322186656000,0,0,0,734,0,0,0,4437,0.0,0
real_rejected,14,1,1786302334153323000,2242,2243,6213,1786302322286656000,0,0,0,218,0,0,0,2071,0.0,0
real_rejected,16,0,1786302334153323000,2251,2253,29925,1786302321753334000,0,0,0,1188,0,0,0,9975,0.0,0
real_rejected,16,1,1786302334153323000,2252,2253,10683,1786302321819989000,0,0,0,418,0,0,0,3561,0.0,0
real_rejected,17,0,1786302334153323000,2261,2263,44151,1786302321320000000,0,0,0,1277,0,0,0,14717,0.0,0
real_rejected,17,1,1786302334153323000,2262,2263,15192,1786302321686656000,0,0,0,570,0,0,0,5064,0.0,0
real_rejected,18,0,1786302334153323000,2271,2272,11889,1786302324053323000,1786302334153323000,264,59,62,62,3,21,285,0.0,0
real_rejected,19,0,1786302334153323000,2278,2279,7038,1786302321320000000,0,0,0,192,0,0,0,2346,0.0,0
real_rejected,20,0,1786302334153323000,2281,2282,5268,1786279301400977000,0,0,307,526,0,0,53,206,0.539906,0
real_rejected,1,0,1786302336220011000,2335,2337,134766,1786302314953334000,0,0,0,1469,0,0,0,44922,0.125151,0
real_rejected,1,1,1786302336220011000,2336,2337,3984,1786302315053334000,0,0,0,155,0,0,0,1328,0.0,0
real_rejected,2,0,1786302336220011000,2345,2346,22263,1786302334153323000,1786302336220011000,634,199,653,443,0,47,600,0.0,0
real_rejected,3,0,1786302336220011000,2352,2353,29094,1786302321053334000,0,0,2,1500,0,0,2,889,3.46347,0
real_rejected,4,0,1786302336220011000,2355,2357,251820,1786302319653334000,0,0,0,1380,0,0,0,83940,1.00966,0
real_rejected,4,1,1786302336220011000,2356,2357,22377,1786302319619989000,0,0,0,24,0,0,0,7459,0.0,0
real_rejected,5,0,1786302336220011000,2365,2367,21714,1786302319220000000,0,0,29,1445,0,0,22,646,0.0,0
real_rejected,5,1,1786302336220011000,2366,2367,1977,1786302320053345000,0,0,0,34,0,0,0,659,0.0,0
real_rejected,6,0,1786302336220011000,2377,2379,172254,1786302322619989000,1786302336220011000,637,28,1465,239,7,4,2737,0.0,0
real_rejected,6,1,1786302336220011000,2378,2379,47058,1786302322820000000,1786302336220011000,194,140,498,101,33,57,954,1.74128,0
real_rejected,7,0,1786302336220011000,2391,2392,10272,1786302320286689000,0,0,0,370,0,0,0,3424,0.0,0
real_rejected,10,0,1786302336220011000,2394,2395,11730,1786302319686667000,0,0,0,1442,0,0,0,3910,3.03772,0
real_rejected,11,0,1786302336220011000,2397,2398,20433,1786302334153323000,1786302336220011000,1127,336,894,396,16,72,450,0.0,0
real_rejected,13,0,1786302336220011000,2404,2405,6591,1786302322986667000,1786302336220011000,245,155,167,167,0,42,155,0.114327,0
real_rejected,14,0,1786302336220011000,2411,2413,13311,1786302322186656000,0,0,0,734,0,0,0,4437,0.0,0
real_rejected,14,1,1786302336220011000,2412,2413,6213,1786302322286656000,0,0,0,218,0,0,0,2071,0.0,0
real_rejected,16,0,1786302336220011000,2421,2423,29925,1786302321753334000,0,0,0,1188,0,0,0,9975,0.0,0
real_rejected,16,1,1786302336220011000,2422,2423,10683,1786302321819989000,0,0,0,418,0,0,0,3561,0.0,0
real_rejected,17,0,1786302336220011000,2431,2433,44151,1786302321320000000,0,0,0,1277,0,0,0,14717,0.0,0
real_rejected,17,1,1786302336220011000,2432,2433,15192,1786302321686656000,0,0,0,570,0,0,0,5064,0.0,0
real_rejected,18,0,1786302336220011000,2441,2442,11889,1786302334153323000,1786302336220011000,412,137,221,217,2,52,285,0.0,0
real_rejected,19,0,1786302336220011000,2448,2449,7038,1786302321320000000,0,0,0,192,0,0,0,2346,0.0,0
real_rejected,20,0,1786302336220011000,2451,2452,5268,1786279301400977000,0,0,307,526,0,0,53,206,0.539906,0
real_rejected,1,0,1786302338353323000,2493,2495,134766,1786302314953334000,0,0,0,1469,0,0,0,44922,0.125151,0
real_rejected,1,1,1786302338353323000,2494,2495,3984,1786302315053334000,0,0,0,155,0,0,0,1328,0.0,0
real_rejected,2,0,1786302338353323000,2503,2504,22263,1786302336220011000,1786302336653323000,1,103,654,33,0,38,600,0.0,0
real_rejected,3,0,1786302338353323000,2510,2511,29094,1786302321053334000,0,0,2,1500,0,0,2,889,3.46347,0
real_rejected,4,0,1786302338353323000,2513,2515,251820,1786302319653334000,0,0,0,1380,0,0,0,83940,1.00966,0
real_rejected,4,1,1786302338353323000,2514,2515,22377,1786302319619989000,0,0,0,24,0,0,0,7459,0.0,0
real_rejected,5,0,1786302338353323000,2523,2525,21714,1786302319220000000,0,0,29,1445,0,0,22,646,0.0,0
real_rejected,5,1,1786302338353323000,2524,2525,1977,1786302320053345000,0,0,0,34,0,0,0,659,0.0,0
real_rejected,6,0,1786302338353323000,2533,2535,172254,1786302336220011000,1786302338353323000,8014,316,1439,879,131,117,2737,0.327281,0
real_rejected,6,1,1786302338353323000,2534,2535,47058,1786302336220011000,1786302338353323000,2714,465,795,701,291,146,954,5.56905,1
real_rejected,7,0,1786302338353323000,2547,2548,10272,1786302320286689000,0,0,0,370,0,0,0,3424,0.0,0
real_rejected,10,0,1786302338353323000,2550,2551,11730,1786302319686667000,0,0,0,1442,0,0,0,3910,3.03772,0
real_rejected,11,0,1786302338353323000,2553,2554,20433,1786302336220011000,1786302338353323000,1553,272,929,454,75,82,450,0.0,0
real_rejected,13,0,1786302338353323000,2560,2561,6591,1786302336220011000,1786302338353323000,428,206,291,291,16,37,155,0.0,0
real_rejected,14,0,1786302338353323000,2567,2569,13311,1786302322186656000,1786302338353323000,92,37,734,149,28,20,248,0.132654,0
real_rejected,14,1,1786302338353323000,2568,2569,6213,1786302322286656000,1786302338353323000,42,24,218,51,31,13,148,2.89226,0
real_rejected,16,0,1786302338353323000,2581,2583,29925,1786302321753334000,1786302338353323000,188,73,1188,501,55,54,423,0.0,0
real_rejected,16,1,1786302338353323000,2582,2583,10683,1786302321819989000,1786302338353323000,147,12,418,234,62,12,234,0.426055,0
real_rejected,17,0,1786302338353323000,2595,2597,44151,1786302321320000000,1786302338353323000,63,48,1277,212,30,48,537,0.0505744,0
real_rejected,17,1,1786302338353323000,2596,2597,15192,1786302321686656000,1786302338353323000,46,13,570,125,67,13,294,0.778131,0
real_rejected,18,0,1786302338353323000,2609,2610,11889,1786302336220011000,1786302338353323000,375,187,236,205,7,52,285,0.0,0
real_rejected,19,0,1786302338353323000,2616,2617,7038,1786302321320000000,0,0,0,192,0,0,0,2346,0.0,0
real_rejected,20,0,1786302338353323000,2619,2620,5268,1786279301400977000,0,0,307,526,0,0,53,206,0.539906,0
real_rejected,1,0,1786302340453323000,2674,2676,134766,1786302314953334000,0,0,0,1469,0,0,0,44922,0.125151,0
real_rejected,1,1,1786302340453323000,2675,2676,3984,1786302315053334000,0,0,0,155,0,0,0,1328,0.0,0
real_rejected,2,0,1786302340453323000,2684,2685,22263,1786302336653323000,0,0,66,654,0,0,30,600,0.0,0
real_rejected,3,0,1786302340453323000,2687,2688,29094,1786302321053334000,0,0,9,1500,2,1,5,889,3.46347,0
real_rejected,4,0,1786302340453323000,2690,2692,251820,1786302319653334000,0,0,0,1380,0,0,0,83940,1.00966,0
real_rejected,4,1,1786302340453323000,2691,2692,22377,1786302319619989000,0,0,0,24,0,0,0,7459,0.0,0
real_rejected,5,0,1786302340453323000,2700,2702,21714,1786302319220000000,0,0,29,1445,0,0,22,646,0.0,0
real_rejected,5,1,1786302340453323000,2701,2702,1977,1786302320053345000,0,0,0,34,0,0,0,659,0.0,0
real_rejected,6,0,1786302340453323000,2710,2712,172254,1786302338353323000,1786302340453323000,7586,687,1270,629,7,175,2737,0.301474,0
real_rejected,6,1,1786302340453323000,2711,2712,47058,1786302338353323000,1786302340453323000,2795,346,582,466,46,126,954,0.0,0
real_rejected,7,0,1786302340453323000,2724,2725,10272,1786302320286689000,0,0,0,370,0,0,0,3424,0.0,0
real_rejected,10,0,1786302340453323000,2727,2728,11730,1786302319686667000,0,0,0,1442,0,0,0,3910,3.03772,0
real_rejected,11,0,1786302340453323000,2730,2731,20433,1786302338353323000,1786302339619989000,502,50,856,317,5,34,450,0.0,0
real_rejected,12,0,1786302340453323000,2737,2738,6090,1786302336653323000,1786302337053334000,54,0,556,556,1,0,184,0.0,0
real_rejected,13,0,1786302340453323000,2744,2745,6591,1786302338353323000,1786302340453323000,278,122,283,279,1,37,155,0.0,0
real_rejected,14,0,1786302340453323000,2751,2753,13311,1786302338353323000,1786302340453323000,442,185,697,296,20,47,248,0.0,0
real_rejected,14,1,1786302340453323000,2752,2753,6213,1786302338353323000,1786302340453323000,217,123,250,149,37,36,148,3.07161,0
real_rejected,16,0,1786302340453323000,2765,2767,29925,1786302338353323000,1786302340453323000,935,261,1133,596,23,67,423,0.0,0
real_rejected,16,1,1786302340453323000,2766,2767,10683,1786302338353323000,1786302340453323000,726,51,488,397,16,16,234,0.056255,0
real_rejected,17,0,1786302340453323000,2779,2781,44151,1786302338353323000,1786302340453323000,994,440,1232,951,167,139,537,0.246294,0
real_rejected,17,1,1786302340453323000,2780,2781,15192,1786302338353323000,1786302340453323000,701,163,562,511,281,59,294,1.7183,0
real_rejected,18,0,1786302340453323000,2793,2794,11889,1786302338353323000,1786302339186656000,32,52,232,77,0,30,285,0.0,0
real_rejected,19,0,1786302340453323000,2800,2801,7038,1786302321320000000,1786302340453323000,10,32,192,27,9,15,209,0.0,0
real_rejected,20,0,1786302340453323000,2807,2808,5268,1786279301400977000,0,0,307,526,0,0,53,206,0.539906,0
real_rejected,1,0,1786302342553334000,2863,2865,134766,1786302314953334000,0,0,0,1469,0,0,0,44922,0.125151,0
real_rejected,1,1,1786302342553334000,2864,2865,3984,1786302315053334000,0,0,0,155,0,0,0,1328,0.0,0
real_rejected,2,0,1786302342553334000,2873,2874,34959,1786302336786667000,0,0,66,494,0,0,30,720,0.0,0
real_rejected,3,0,1786302342553334000,2876,2877,29094,1786302321053334000,0,0,233,1500,110,53,94,889,3.65597,0
real_rejected,4,0,1786302342553334000,2879,2881,251820,1786302319653334000,0,0,0,1380,0,0,0,83940,1.00966,0
real_rejected,4,1,1786302342553334000,2880,2881,22377,1786302319619989000,0,0,0,24,0,0,0,7459,0.0,0
real_rejected,5,0,1786302342553334000,2889,2891,21714,1786302319220000000,0,0,29,1445,0,0,22,646,0.0,0
real_rejected,5,1,1786302342553334000,2890,2891,1977,1786302320053345000,0,0,0,34,0,0,0,659,0.0,0
real_rejected,6,0,1786302342553334000,2899,2901,172254,1786302340453323000,1786302342553334000,2537,462,1248,486,23,134,2737,0.300504,0
real_rejected,6,1,1786302342553334000,2900,2901,47058,1786302340453323000,1786302342553334000,936,31,553,359,40,20,954,0.0,0
real_rejected,7,0,1786302342553334000,2913,2914,10272,1786302320286689000,0,0,0,370,0,0,0,3424,0.0,0
real_rejected,10,0,1786302342553334000,2916,2917,11730,1786302319686667000,0,0,0,1442,0,0,0,3910,3.03772,0
real_rejected,11,0,1786302342553334000,2919,2920,20433,1786302339619989000,0,0,5,851,0,0,2,450,0.0,0
real_rejected,12,0,1786302342553334000,2922,2923,6090,1786302337053334000,0,0,0,554,0,0,0,2030,0.0,0
real_rejected,13,0,1786302342553334000,2925,2926,6591,1786302340453323000,0,0,1,281,0,0,1,155,0.0,0
real_rejected,14,0,1786302342553334000,2928,2930,13311,1786302340453323000,1786302340853334000,4,18,666,49,0,18,248,0.0,0
real_rejected,14,1,1786302342553334000,2929,2930,6213,1786302340453323000,1786302340853334000,5,7,204,18,0,7,148,3.07161,0
real_rejected,16,0,1786302342553334000,2942,2944,29925,1786302340453323000,1786302342553334000,686,248,1104,523,43,73,423,0.0,0
real_rejected,16,1,1786302342553334000,2943,2944,10683,1786302340453323000,1786302342553334000,492,38,490,299,30,14,234,0.0,0
real_rejected,17,0,1786302342553334000,2956,2958,44151,1786302340453323000,1786302342553334000,1193,595,1040,808,92,154,537,0.198068,0
real_rejected,17,1,1786302342553334000,2957,2958,15192,1786302340453323000,1786302342553334000,809,161,323,242,76,46,294,1.74022,0
real_rejected,18,0,1786302342553334000,2970,2971,11889,1786302339186656000,0,0,7,232,0,0,4,285,0.0,0
real_rejected,19,0,1786302342553334000,2973,2974,7038,1786302340453323000,1786302342553334000,166,212,242,139,29,58,209,0.0,0
real_rejected,20,0,1786302342553334000,2980,2981,5268,1786279301400977000,0,0,307,526,4,0,53,206,0.539906,0
real_rejected,1,0,1786302344653345000,3033,3035,134766,1786302314953334000,0,0,0,1469,0,0,0,44922,0.125151,0
real_rejected,1,1,1786302344653345000,3034,3035,3984,1786302315053334000,0,0,0,155,0,0,0,1328,0.0,0
real_rejected,2,0,1786302344653345000,3043,3044,34959,1786302336786667000,0,0,66,494,0,0,30,720,0.0,0
real_rejected,3,0,1786302344653345000,3046,3047,29094,1786302321053334000,0,0,433,1500,85,51,133,889,3.7521,0
real_rejected,4,0,1786302344653345000,3049,3051,251820,1786302319653334000,0,0,0,1380,0,0,0,83940,1.00966,0
real_rejected,4,1,1786302344653345000,3050,3051,22377,1786302319619989000,0,0,0,24,0,0,0,7459,0.0,0
real_rejected,5,0,1786302344653345000,3059,3061,21714,1786302319220000000,0,0,47,1445,45,0,36,646,0.0,0
real_rejected,5,1,1786302344653345000,3060,3061,1977,1786302320053345000,0,0,0,34,0,0,0,659,0.0,0
real_rejected,6,0,1786302344653345000,3069,3071,172254,1786302342553334000,1786302343853323000,282,96,1223,90,1,47,2737,0.295881,0
real_rejected,6,1,1786302344653345000,3070,3071,47058,1786302342553334000,1786302343853323000,91,0,521,85,0,0,954,0.0,0
real_rejected,7,0,1786302344653345000,3083,3084,10272,1786302320286689000,0,0,113,370,109,86,81,241,2.69872,0
real_rejected,10,0,1786302344653345000,3086,3087,11730,1786302319686667000,0,0,0,1442,0,0,0,3910,3.03772,0
real_rejected,11,0,1786302344653345000,3089,3090,20433,1786302339619989000,0,0,5,851,0,0,2,450,0.0,0
real_rejected,12,0,1786302344653345000,3092,3093,12105,1786302337420023000,0,0,0,554,0,0,0,4035,0.0,0
real_rejected,13,0,1786302344653345000,3095,3096,6591,1786302340453323000,0,0,1,281,0,0,1,155,0.0,0
real_rejected,14,0,1786302344653345000,3098,3100,13311,1786302340853334000,0,0,0,666,0,0,0,4437,0.0,0
real_rejected,14,1,1786302344653345000,3099,3100,6213,1786302340853334000,0,0,0,204,0,0,0,2071,3.07161,0
real_rejected,16,0,1786302344653345000,3108,3110,29925,1786302342553334000,0,0,92,1048,114,19,42,423,0.0,0
real_rejected,16,1,1786302344653345000,3109,3110,10683,1786302342553334000,0,0,6,456,1,0,3,234,0.0,0
real_rejected,17,0,1786302344653345000,3118,3120,44151,1786302342553334000,1786302344653345000,277,394,936,336,45,91,537,0.180713,0
real_rejected,17,1,1786302344653345000,3119,3120,15192,1786302342553334000,1786302344653345000,137,85,309,133,23,23,294,1.73562,0
real_rejected,18,0,1786302344653345000,3132,3133,11889,1786302339186656000,0,0,7,232,0,0,4,285,0.0,0
real_rejected,19,0,1786302344653345000,3135,3136,7038,1786302342553334000,1786302344653345000,140,187,212,64,11,53,209,0.0,0
real_rejected,20,0,1786302344653345000,3142,3143,5268,1786279301400977000,0,0,325,526,25,7,63,206,0.539906,0
real_rejected,1,0,1786302346786656000,3210,3212,134766,1786302314953334000,0,0,0,1469,0,0,0,44922,0.125151,0
real_rejected,1,1,1786302346786656000,3211,3212,3984,1786302315053334000,0,0,0,155,0,0,0,1328,0.0,0
real_rejected,2,0,1786302346786656000,3220,3221,34959,1786302336786667000,0,0,66,494,0,0,30,720,0.0,0
real_rejected,3,0,1786302346786656000,3223,3224,29094,1786302321053334000,1786302346786656000,213,581,0,0,0,147,889,3.7521,0
real_rejected,4,0,1786302346786656000,3230,3232,251820,1786302319653334000,0,0,0,1380,0,0,0,83940,1.00966,0
real_rejected,4,1,1786302346786656000,3231,3232,22377,1786302319619989000,0,0,0,24,0,0,0,7459,0.0,0
real_rejected,5,0,1786302346786656000,3240,3242,21714,1786302319220000000,1786302346786656000,108,120,1445,244,7,66,646,0.0,0
real_rejected,5,1,1786302346786656000,3241,3242,1977,1786302320053345000,0,0,2,34,7,0,1,79,0.0,0
real_rejected,6,0,1786302346786656000,3250,3252,172254,1786302343853323000,0,0,0,1222,0,0,0,57418,0.295881,0
real_rejected,6,1,1786302346786656000,3251,3252,47058,1786302343853323000,0,0,0,521,0,0,0,15686,0.0,0
real_rejected,7,0,1786302346786656000,3260,3261,10272,1786302320286689000,1786302346786656000,18,712,370,210,104,144,241,3.55161,0
real_rejected,10,0,1786302346786656000,3267,3268,11730,1786302319686667000,0,0,7,1442,95,0,4,672,2.9519,0
real_rejected,11,0,1786302346786656000,3270,3271,37380,1786302340719989000,0,0,2,470,0,0,2,820,0.0,0
real_rejected,12,0,1786302346786656000,3273,3274,12105,1786302337420023000,0,0,0,554,0,0,0,4035,0.0,0
real_rejected,13,0,1786302346786656000,3276,3277,11478,1786302340586656000,0,0,1,281,0,0,1,248,0.0,0
real_rejected,14,0,1786302346786656000,3279,3281,13311,1786302340853334000,0,0,0,666,0,0,0,4437,0.0,0
real_rejected,14,1,1786302346786656000,3280,3281,6213,1786302340853334000,0,0,0,204,0,0,0,2071,3.07161,0
real_rejected,16,0,1786302346786656000,3289,3291,29925,1786302342553334000,0,0,92,1048,0,0,42,423,0.0,0
real_rejected,16,1,1786302346786656000,3290,3291,10683,1786302342553334000,0,0,6,456,0,0,3,234,0.0,0
real_rejected,17,0,1786302346786656000,3299,3301,44151,1786302344653345000,1786302345086667000,20,128,895,106,9,64,537,0.178379,0
real_rejected,17,1,1786302346786656000,3300,3301,15192,1786302344653345000,1786302345086667000,9,27,286,18,0,12,294,1.73562,0
real_rejected,18,0,1786302346786656000,3313,3314,18162,1786302339253334000,0,0,7,232,0,0,4,413,0.0,0
real_rejected,19,0,1786302346786656000,3316,3317,7038,1786302344653345000,1786302346786656000,127,188,205,42,9,50,209,0.0,0
real_rejected,20,0,1786302346786656000,3323,3324,5268,1786279301400977000,0,0,334,526,27,13,67,206,0.539906,0
real_rejected,1,0,1786302348953323000,3391,3393,134766,1786302314953334000,0,0,0,1469,0,0,0,44922,0.125151,0
real_rejected,1,1,1786302348953323000,3392,3393,3984,1786302315053334000,0,0,0,155,0,0,0,1328,0.0,0
real_rejected,2,0,1786302348953323000,3401,3402,34959,1786302336786667000,0,0,66,494,0,0,30,720,0.0,0
real_rejected,3,0,1786302348953323000,3404,3405,29094,1786302346786656000,1786302348953323000,357,98,21,21,0,31,889,2.51137,0
real_rejected,4,0,1786302348953323000,3411,3413,251820,1786302319653334000,0,0,0,1380,0,0,0,83940,1.00966,0
real_rejected,4,1,1786302348953323000,3412,3413,22377,1786302319619989000,0,0,0,24,0,0,0,7459,0.0,0
real_rejected,5,0,1786302348953323000,3421,3423,21714,1786302346786656000,1786302348953323000,109,63,1396,194,2,33,646,0.0,0
real_rejected,5,1,1786302348953323000,3422,3423,1977,1786302320053345000,0,0,4,34,0,0,1,79,0.0,0
real_rejected,6,0,1786302348953323000,3431,3433,172254,1786302343853323000,0,0,0,1222,0,0,0,57418,0.295881,0
real_rejected,6,1,1786302348953323000,3432,3433,47058,1786302343853323000,0,0,0,521,0,0,0,15686,0.0,0
real_rejected,7,0,1786302348953323000,3441,3442,10272,1786302346786656000,1786302348953323000,35,774,370,177,85,181,241,3.61728,0
real_rejected,10,0,1786302348953323000,3448,3449,11730,1786302319686667000,0,0,26,1442,195,0,10,672,2.85794,0
real_rejected,11,0,1786302348953323000,3451,3452,37380,1786302340719989000,0,0,2,470,0,0,2,820,0.0,0
real_rejected,12,0,1786302348953323000,3454,3455,12105,1786302337420023000,0,0,0,554,0,0,0,4035,0.0,0
real_rejected,13,0,1786302348953323000,3457,3458,11478,1786302340586656000,0,0,1,281,0,0,1,248,0.0,0
real_rejected,14,0,1786302348953323000,3460,3462,13311,1786302340853334000,0,0,0,666,0,0,0,4437,0.0,0
real_rejected,14,1,1786302348953323000,3461,3462,9258,1786302341620000000,0,0,0,204,0,0,0,3086,3.07161,0
real_rejected,16,0,1786302348953323000,3470,3472,29925,1786302342553334000,0,0,92,1048,0,0,42,423,0.0,0
real_rejected,16,1,1786302348953323000,3471,3472,16665,1786302342820000000,0,0,10,456,0,0,5,301,0.0,0
real_rejected,17,0,1786302348953323000,3480,3482,44151,1786302345086667000,0,0,69,895,0,0,56,537,0.178379,0
real_rejected,17,1,1786302348953323000,3481,3482,15192,1786302345086667000,0,0,16,286,0,0,10,294,1.73562,0
real_rejected,18,0,1786302348953323000,3490,3491,18162,1786302339253334000,0,0,7,232,0,0,4,413,0.0,0
real_rejected,19,0,1786302348953323000,3493,3494,7038,1786302346786656000,1786302348953323000,20,40,205,16,6,21,209,0.0,0
real_rejected,20,0,1786302348953323000,3500,3501,5268,1786279301400977000,0,0,334,526,0,0,67,206,0.539906,0
real_rejected,1,0,1786302351086667000,3559,3561,134766,1786302314953334000,0,0,0,1469,0,0,0,44922,0.125151,0
real_rejected,1,1,1786302351086667000,3560,3561,3984,1786302315053334000,0,0,0,155,0,0,0,1328,0.0,0
real_rejected,2,0,1786302351086667000,3569,3570,34959,1786302336786667000,0,0,66,494,0,0,30,720,0.0,0
real_rejected,3,0,1786302351086667000,3572,3573,29094,1786302348953323000,1786302351086667000,352,66,28,27,3,27,889,2.51137,0
real_rejected,4,0,1786302351086667000,3579,3581,251820,1786302319653334000,0,0,0,1380,0,0,0,83940,1.00966,0
real_rejected,4,1,1786302351086667000,3580,3581,22377,1786302319619989000,0,0,0,24,0,0,0,7459,0.0,0
real_rejected,5,0,1786302351086667000,3589,3591,21714,1786302348953323000,1786302351086667000,89,178,1365,316,15,120,646,0.0,0
real_rejected,5,1,1786302351086667000,3590,3591,1977,1786302320053345000,1786302351086667000,2,59,34,5,2,37,79,0.0,0
real_rejected,6,0,1786302351086667000,3603,3605,172254,1786302343853323000,0,0,0,1222,0,0,0,57418,0.295881,0
real_rejected,6,1,1786302351086667000,3604,3605,92952,1786302343986678000,0,0,0,216,0,0,0,30984,0.0,0
real_rejected,7,0,1786302351086667000,3613,3614,10272,1786302348953323000,1786302351086667000,33,807,370,190,97,179,241,3.62581,0
real_rejected,10,0,1786302351086667000,3620,3621,11730,1786302319686667000,0,0,44,1442,237,0,14,672,2.81999,0
real_rejected,11,0,1786302351086667000,3623,3624,37380,1786302340719989000,0,0,2,470,0,0,2,820,0.0,0
real_rejected,12,0,1786302351086667000,3626,3627,12105,1786302337420023000,0,0,0,554,0,0,0,4035,0.0,0
real_rejected,13,0,1786302351086667000,3629,3630,11478,1786302340586656000,0,0,1,281,0,0,1,248,0.0,0
real_rejected,14,0,1786302351086667000,3632,3634,13311,1786302340853334000,0,0,0,666,0,0,0,4437,0.0,0
real_rejected,14,1,1786302351086667000,3633,3634,9258,1786302341620000000,0,0,0,204,0,0,0,3086,3.07161,0
real_rejected,16,0,1786302351086667000,3642,3644,29925,1786302342553334000,0,0,92,1048,0,0,42,423,0.0,0
real_rejected,16,1,1786302351086667000,3643,3644,16665,1786302342820000000,0,0,10,456,0,0,5,301,0.0,0
real_rejected,17,0,1786302351086667000,3652,3654,44151,1786302345086667000,0,0,69,895,0,0,56,537,0.178379,0
real_rejected,17,1,1786302351086667000,3653,3654,22797,1786302345386656000,0,0,27,243,0,0,21,445,1.73562,0
real_rejected,18,0,1786302351086667000,3662,3663,18162,1786302339253334000,0,0,7,232,0,0,4,413,0.0,0
real_rejected,19,0,1786302351086667000,3665,3666,7038,1786302348953323000,1786302351086667000,21,10,205,13,3,8,209,0.0,0
real_rejected,20,0,1786302351086667000,3672,3673,5268,1786279301400977000,0,0,337,526,24,0,68,206,0.539906,0
real_rejected,1,0,1786302353220000000,3728,3730,134766,1786302314953334000,0,0,0,1469,0,0,0,44922,0.125151,0
real_rejected,1,1,1786302353220000000,3729,3730,3984,1786302315053334000,0,0,0,155,0,0,0,1328,0.0,0
real_rejected,2,0,1786302353220000000,3738,3739,34959,1786302336786667000,0,0,66,494,0,0,30,720,0.0,0
real_rejected,3,0,1786302353220000000,3741,3742,29094,1786302351086667000,1786302353220000000,390,339,28,22,6,132,889,2.51137,0
real_rejected,4,0,1786302353220000000,3748,3750,251820,1786302319653334000,1786302353220000000,28,8,1380,13,0,8,3390,1.00966,0
real_rejected,4,1,1786302353220000000,3749,3750,22377,1786302319619989000,0,0,0,24,0,0,0,7459,0.0,0
real_rejected,5,0,1786302353220000000,3758,3760,21714,1786302351086667000,1786302353220000000,492,506,1315,583,44,139,646,0.0,0
real_rejected,5,1,1786302353220000000,3759,3760,1977,1786302351086667000,1786302353220000000,29,197,36,17,2,48,79,0.0,0
real_rejected,6,0,1786302353220000000,3772,3774,172254,1786302343853323000,0,0,0,1222,0,0,0,57418,0.295881,0
real_rejected,6,1,1786302353220000000,3773,3774,92952,1786302343986678000,0,0,0,216,0,0,0,30984,0.0,0
real_rejected,7,0,1786302353220000000,3782,3783,10272,1786302351086667000,1786302353220000000,76,573,370,179,88,143,241,3.68782,0
real_rejected,10,0,1786302353220000000,3789,3790,11730,1786302319686667000,0,0,428,1442,565,22,175,672,2.41615,0
real_rejected,11,0,1786302353220000000,3792,3793,37380,1786302340719989000,0,0,2,470,0,0,2,820,0.0,0
real_rejected,12,0,1786302353220000000,3795,3796,12105,1786302337420023000,0,0,0,554,0,0,0,4035,0.0,0
real_rejected,13,0,1786302353220000000,3798,3799,11478,1786302340586656000,0,0,1,281,0,0,1,248,0.0,0
real_rejected,14,0,1786302353220000000,3801,3803,13311,1786302340853334000,0,0,0,666,0,0,0,4437,0.0,0
real_rejected,14,1,1786302353220000000,3802,3803,9258,1786302341620000000,0,0,0,204,0,0,0,3086,3.07161,0
real_rejected,16,0,1786302353220000000,3811,3813,29925,1786302342553334000,0,0,92,1048,0,0,42,423,0.0,0
real_rejected,16,1,1786302353220000000,3812,3813,16665,1786302342820000000,0,0,10,456,0,0,5,301,0.0,0
real_rejected,17,0,1786302353220000000,3821,3823,44151,1786302345086667000,0,0,69,895,0,0,56,537,0.178379,0
real_rejected,17,1,1786302353220000000,3822,3823,22797,1786302345386656000,0,0,27,243,0,0,21,445,1.73562,0
real_rejected,18,0,1786302353220000000,3831,3832,18162,1786302339253334000,0,0,7,232,0,0,4,413,0.0,0
real_rejected,19,0,1786302353220000000,3834,3835,12621,1786302351086667000,1786302353220000000,344,13,363,177,3,6,392,0.0,0
real_rejected,20,0,1786302353220000000,3841,3842,5268,1786279301400977000,0,0,473,526,223,70,107,206,0.745726,0
real_rejected,1,0,1786302355353334000,3896,3898,134766,1786302314953334000,0,0,0,1469,0,0,0,44922,0.125151,0
real_rejected,1,1,1786302355353334000,3897,3898,3984,1786302315053334000,0,0,0,155,0,0,0,1328,0.0,0
real_rejected,2,0,1786302355353334000,3906,3907,34959,1786302336786667000,0,0,66,494,0,0,30,720,0.0,0
real_rejected,3,0,1786302355353334000,3909,3910,29094,1786302353220000000,1786302355353334000,200,726,28,11,3,282,889,2.51137,0
real_rejected,4,0,1786302355353334000,3916,3918,251820,1786302353220000000,1786302354519989000,238,52,1380,46,6,21,3390,0.99829,0
real_rejected,4,1,1786302355353334000,3917,3918,22377,1786302319619989000,0,0,16,24,0,0,4,723,0.0,0
real_rejected,5,0,1786302355353334000,3926,3928,21714,1786302353220000000,1786302355353334000,1095,428,1175,638,31,132,646,0.0,0
real_rejected,5,1,1786302355353334000,3927,3928,1977,1786302353220000000,1786302355353334000,90,154,69,51,1,47,79,0.0,0
real_rejected,6,0,1786302355353334000,3940,3942,172254,1786302343853323000,0,0,0,1222,0,0,0,57418,0.295881,0
real_rejected,6,1,1786302355353334000,3941,3942,92952,1786302343986678000,0,0,0,216,0,0,0,30984,0.0,0
real_rejected,7,0,1786302355353334000,3950,3951,10272,1786302353220000000,1786302354086667000,9,118,370,126,33,71,241,3.68782,0
real_rejected,10,0,1786302355353334000,3957,3958,11730,1786302319686667000,0,0,1140,1442,740,38,222,672,2.25082,0
real_rejected,11,0,1786302355353334000,3960,3961,37380,1786302340719989000,0,0,2,470,0,0,2,820,0.0,0
real_rejected,12,0,1786302355353334000,3963,3964,12105,1786302337420023000,0,0,0,554,0,0,0,4035,0.0,0
real_rejected,13,0,1786302355353334000,3966,3967,11478,1786302340586656000,0,0,1,281,0,0,1,248,0.0,0
real_rejected,14,0,1786302355353334000,3969,3971,13311,1786302340853334000,0,0,0,666,0,0,0,4437,0.0,0
real_rejected,14,1,1786302355353334000,3970,3971,9258,1786302341620000000,0,0,0,204,0,0,0,3086,3.07161,0
real_rejected,16,0,1786302355353334000,3979,3981,29925,1786302342553334000,0,0,92,1048,0,0,42,423,0.0,0
real_rejected,16,1,1786302355353334000,3980,3981,16665,1786302342820000000,0,0,10,456,0,0,5,301,0.0,0
real_rejected,17,0,1786302355353334000,3989,3991,44151,1786302345086667000,1786302355353334000,19,108,895,45,8,87,537,0.177814,0
real_rejected,17,1,1786302355353334000,3990,3991,22797,1786302345386656000,1786302355353334000,15,49,243,0,0,42,445,1.73562,0
real_rejected,18,0,1786302355353334000,4003,4004,18162,1786302339253334000,0,0,7,232,0,0,4,413,0.0,0
real_rejected,19,0,1786302355353334000,4006,4007,12621,1786302353220000000,1786302355353334000,345,188,404,280,59,83,392,0.0,0
real_rejected,20,0,1786302355353334000,4013,4014,5268,1786279301400977000,0,0,697,526,190,85,132,206,0.915717,0
real_rejected,1,0,1786302357453345000,4070,4072,134766,1786302314953334000,1786302357453345000,10,2,1469,4,0,2,3204,0.125151,0
real_rejected,1,1,1786302357453345000,4071,4072,3984,1786302315053334000,0,0,0,155,0,0,0,1328,0.0,0
real_rejected,2,0,1786302357453345000,4080,4081,34959,1786302336786667000,0,0,66,494,0,0,30,720,0.0,0
real_rejected,3,0,1786302357453345000,4083,4084,46971,1786302355353334000,1786302357453345000,973,669,70,62,0,287,1577,1.35749,0
real_rejected,4,0,1786302357453345000,4090,4092,251820,1786302354519989000,1786302357453345000,1307,173,1372,259,25,100,3390,0.91264,0
real_rejected,4,1,1786302357453345000,4091,4092,22377,1786302319619989000,1786302357453345000,195,37,47,23,0,7,723,0.0,0
real_rejected,5,0,1786302357453345000,4104,4106,21714,1786302355353334000,1786302357453345000,832,454,1111,526,13,135,646,0.0,0
real_rejected,5,1,1786302357453345000,4105,4106,14619,1786302355353334000,1786302357453345000,904,199,628,608,0,58,480,0.0,0
real_rejected,6,0,1786302357453345000,4118,4120,172254,1786302343853323000,0,0,0,1222,0,0,0,57418,0.295881,0
real_rejected,6,1,1786302357453345000,4119,4120,92952,1786302343986678000,0,0,0,216,0,0,0,30984,0.0,0
real_rejected,7,0,1786302357453345000,4128,4129,10272,1786302354086667000,0,0,94,370,37,10,41,241,3.68978,0
real_rejected,10,0,1786302357453345000,4131,4132,11730,1786302319686667000,0,0,1940,1442,695,41,246,672,2.24376,0
real_rejected,11,0,1786302357453345000,4134,4135,37380,1786302340719989000,0,0,2,470,0,0,2,820,0.0,0
real_rejected,12,0,1786302357453345000,4137,4138,12105,1786302337420023000,0,0,0,554,0,0,0,4035,0.0,0
real_rejected,13,0,1786302357453345000,4140,4141,11478,1786302340586656000,0,0,1,281,0,0,1,248,0.0,0
real_rejected,14,0,1786302357453345000,4143,4145,13311,1786302340853334000,0,0,0,666,0,0,0,4437,0.0,0
real_rejected,14,1,1786302357453345000,4144,4145,9258,1786302341620000000,0,0,0,204,0,0,0,3086,3.07161,0
real_rejected,16,0,1786302357453345000,4153,4155,29925,1786302342553334000,0,0,92,1048,0,0,42,423,0.0,0
real_rejected,16,1,1786302357453345000,4154,4155,16665,1786302342820000000,0,0,10,456,0,0,5,301,0.0,0
real_rejected,17,0,1786302357453345000,4163,4165,44151,1786302355353334000,1786302356220000000,12,35,895,26,6,24,537,0.177814,0
real_rejected,17,1,1786302357453345000,4164,4165,22797,1786302355353334000,1786302356220000000,9,18,243,0,0,15,445,1.73562,0
real_rejected,18,0,1786302357453345000,4177,4178,18162,1786302339253334000,0,0,7,232,0,0,4,413,0.0,0
real_rejected,19,0,1786302357453345000,4180,4181,12621,1786302355353334000,1786302356620011000,216,124,370,186,2,76,392,0.0,0
real_rejected,20,0,1786302357453345000,4187,4188,5268,1786279301400977000,0,0,892,526,165,60,134,206,0.917927,0
real_rejected,1,0,1786302359620000000,4241,4243,134766,1786302357453345000,1786302359620000000,982,222,1469,210,17,202,3204,0.0,0
real_rejected,1,1,1786302359620000000,4242,4243,3984,1786302315053334000,1786302359620000000,36,27,156,24,11,22,95,0.0,0
real_rejected,2,0,1786302359620000000,4255,4256,34959,1786302336786667000,0,0,66,494,0,0,30,720,0.0,0
real_rejected,3,0,1786302359620000000,4258,4259,46971,1786302357453345000,1786302359620000000,669,81,85,23,0,38,1577,1.35749,0
real_rejected,4,0,1786302359620000000,4265,4267,251820,1786302357453345000,1786302359620000000,3550,306,1338,316,23,120,3390,0.84851,0
real_rejected,4,1,1786302359620000000,4266,4267,22377,1786302357453345000,1786302359620000000,548,19,176,139,0,4,723,0.0,0
real_rejected,5,0,1786302359620000000,4279,4281,21714,1786302357453345000,0,0,15,1086,2,2,4,646,0.0,0
real_rejected,5,1,1786302359620000000,4280,4281,14619,1786302357453345000,0,0,1,624,0,0,1,480,0.0,0
real_rejected,6,0,1786302359620000000,4289,4291,172254,1786302343853323000,0,0,0,1222,0,0,0,57418,0.295881,0
real_rejected,6,1,1786302359620000000,4290,4291,92952,1786302343986678000,0,0,0,216,0,0,0,30984,0.0,0
real_rejected,7,0,1786302359620000000,4299,4300,10272,1786302354086667000,0,0,94,370,0,0,41,241,3.68978,0
real_rejected,10,0,1786302359620000000,4302,4303,11730,1786302319686667000,1786302359620000000,36,2265,0,0,0,255,672,2.24376,0
real_rejected,11,0,1786302359620000000,4309,4310,37380,1786302340719989000,0,0,2,470,0,0,2,820,0.0,0
real_rejected,12,0,1786302359620000000,4312,4313,12105,1786302337420023000,0,0,0,554,0,0,0,4035,0.0,0
real_rejected,13,0,1786302359620000000,4315,4316,11478,1786302340586656000,0,0,1,281,0,0,1,248,0.0,0
real_rejected,14,0,1786302359620000000,4318,4320,13311,1786302340853334000,0,0,0,666,0,0,0,4437,0.0,0
real_rejected,14,1,1786302359620000000,4319,4320,9258,1786302341620000000,0,0,0,204,0,0,0,3086,3.07161,0
real_rejected,16,0,1786302359620000000,4328,4330,29925,1786302342553334000,0,0,92,1048,0,0,42,423,0.0,0
real_rejected,16,1,1786302359620000000,4329,4330,16665,1786302342820000000,0,0,10,456,0,0,5,301,0.0,0
real_rejected,17,0,1786302359620000000,4339,4341,44151,1786302356220000000,0,0,0,895,0,0,0,14717,0.177814,0
real_rejected,17,1,1786302359620000000,4340,4341,22797,1786302356220000000,0,0,0,243,0,0,0,7599,1.73562,0
real_rejected,18,0,1786302359620000000,4349,4350,18162,1786302339253334000,0,0,7,232,0,0,4,413,0.0,0
real_rejected,19,0,1786302359620000000,4352,4353,12621,1786302356620011000,0,0,0,367,0,0,0,4207,0.0,0
real_rejected,20,0,1786302359620000000,4355,4356,5268,1786279301400977000,0,0,1129,526,106,50,134,206,0.936882,0
real_rejected,1,0,1786302361786656000,4412,4414,134766,1786302359620000000,1786302361786656000,4387,1725,1423,389,131,523,3204,0.23684,0
real_rejected,1,1,1786302361786656000,4413,4414,3984,1786302359620000000,1786302361786656000,244,155,155,42,24,35,95,1.08939,0
real_rejected,2,0,1786302361786656000,4426,4427,34959,1786302336786667000,0,0,66,494,0,0,30,720,0.0,0
real_rejected,3,0,1786302361786656000,4429,4430,46971,1786302359620000000,1786302360486667000,11,22,85,0,0,10,1577,1.35749,0
real_rejected,4,0,1786302361786656000,4436,4438,251820,1786302359620000000,1786302360920000000,1468,54,1264,199,31,34,3390,0.780483,0
real_rejected,4,1,1786302361786656000,4437,4438,22377,1786302359620000000,1786302360920000000,210,7,216,103,2,3,723,0.0,0
real_rejected,5,0,1786302361786656000,4451,4453,21714,1786302357453345000,0,0,26,1086,2,2,4,646,0.0,0
real_rejected,5,1,1786302361786656000,4452,4453,14619,1786302357453345000,0,0,4,624,0,0,1,480,0.0,0
real_rejected,6,0,1786302361786656000,4461,4463,172254,1786302343853323000,0,0,0,1222,0,0,0,57418,0.295881,0
real_rejected,6,1,1786302361786656000,4462,4463,92952,1786302343986678000,0,0,0,216,0,0,0,30984,0.0,0
real_rejected,7,0,1786302361786656000,4471,4472,18018,1786302354819989000,0,0,91,370,0,0,38,500,3.68978,0
real_rejected,10,0,1786302361786656000,4474,4475,11730,1786302359620000000,1786302361786656000,47,34,0,0,0,15,672,2.24376,0
real_rejected,11,0,1786302361786656000,4481,4482,37380,1786302340719989000,0,0,2,470,0,0,2,820,0.0,0
real_rejected,12,0,1786302361786656000,4484,4485,12105,1786302337420023000,0,0,0,554,0,0,0,4035,0.0,0
real_rejected,13,0,1786302361786656000,4487,4488,11478,1786302340586656000,0,0,1,281,0,0,1,248,0.0,0
real_rejected,14,0,1786302361786656000,4490,4492,13311,1786302340853334000,0,0,0,666,0,0,0,4437,0.0,0
real_rejected,14,1,1786302361786656000,4491,4492,9258,1786302341620000000,0,0,0,204,0,0,0,3086,3.07161,0
real_rejected,16,0,1786302361786656000,4500,4502,29925,1786302342553334000,0,0,92,1048,0,0,42,423,0.0,0
real_rejected,16,1,1786302361786656000,4501,4502,16665,1786302342820000000,0,0,10,456,0,0,5,301,0.0,0
real_rejected,17,0,1786302361786656000,4510,4512,44151,1786302356220000000,0,0,0,895,0,0,0,14717,0.177814,0
real_rejected,17,1,1786302361786656000,4511,4512,22797,1786302356220000000,0,0,0,243,0,0,0,7599,1.73562,0
real_rejected,18,0,1786302361786656000,4520,4521,18162,1786302339253334000,0,0,7,232,0,0,4,413,0.0,0
real_rejected,19,0,1786302361786656000,4523,4524,12621,1786302356620011000,0,0,0,367,0,0,0,4207,0.0,0
real_rejected,20,0,1786302361786656000,4526,4527,5268,1786279301400977000,0,0,1129,526,0,0,134,206,0.936882,0
real_rejected,1,0,1786302363953323000,4582,4584,134766,1786302361786656000,1786302363953323000,3936,1920,1263,250,23,504,3204,0.222995,0
real_rejected,1,1,1786302363953323000,4583,4584,3984,1786302361786656000,1786302363953323000,266,140,155,47,27,34,95,1.19833,0
real_rejected,2,0,1786302363953323000,4596,4597,34959,1786302336786667000,0,0,1326,494,75,75,451,720,1.10435,0
real_rejected,3,0,1786302363953323000,4599,4600,46971,1786302360486667000,0,0,26,85,0,0,5,1577,1.35749,0
real_rejected,4,0,1786302363953323000,4602,4604,251820,1786302360920000000,0,0,0,1223,0,0,0,83940,0.780483,0
real_rejected,4,1,1786302363953323000,4603,4604,22377,1786302360920000000,0,0,0,214,0,0,0,7459,0.0,0
real_rejected,5,0,1786302363953323000,4612,4614,21714,1786302357453345000,0,0,36,1086,2,2,4,646,0.0,0
real_rejected,5,1,1786302363953323000,4613,4614,28437,1786302357620000000,0,0,4,554,0,0,1,551,0.0,0
real_rejected,6,0,1786302363953323000,4622,4624,172254,1786302343853323000,0,0,0,1222,0,0,0,57418,0.295881,0
real_rejected,6,1,1786302363953323000,4623,4624,92952,1786302343986678000,0,0,0,216,0,0,0,30984,0.0,0
real_rejected,7,0,1786302363953323000,4632,4633,18018,1786302354819989000,0,0,91,370,0,0,38,500,3.68978,0
real_rejected,10,0,1786302363953323000,4635,4636,11730,1786302361786656000,1786302363953323000,3,0,0,0,0,0,672,2.24376,0
real_rejected,11,0,1786302363953323000,4642,4643,37380,1786302340719989000,0,0,2,470,0,0,2,820,0.0,0
real_rejected,12,0,1786302363953323000,4645,4646,12105,1786302337420023000,0,0,0,554,0,0,0,4035,0.0,0
real_rejected,13,0,1786302363953323000,4648,4649,11478,1786302340586656000,0,0,1,281,0,0,1,248,0.0,0
real_rejected,14,0,1786302363953323000,4651,4653,13311,1786302340853334000,0,0,0,666,0,0,0,4437,0.0,0
real_rejected,14,1,1786302363953323000,4652,4653,9258,1786302341620000000,0,0,0,204,0,0,0,3086,3.07161,0
real_rejected,16,0,1786302363953323000,4661,4663,29925,1786302342553334000,0,0,92,1048,0,0,42,423,0.0,0
real_rejected,16,1,1786302363953323000,4662,4663,16665,1786302342820000000,0,0,10,456,0,0,5,301,0.0,0
real_rejected,17,0,1786302363953323000,4671,4673,44151,1786302356220000000,0,0,0,895,0,0,0,14717,0.177814,0
real_rejected,17,1,1786302363953323000,4672,4673,22797,1786302356220000000,0,0,0,243,0,0,0,7599,1.73562,0
real_rejected,18,0,1786302363953323000,4681,4682,18162,1786302339253334000,0,0,11,232,0,0,5,413,0.0,0
real_rejected,19,0,1786302363953323000,4684,4685,19998,1786302356819989000,0,0,0,365,0,0,0,6666,0.0,0
real_rejected,20,0,1786302363953323000,4687,4688,5268,1786279301400977000,0,0,1129,526,0,0,134,206,0.936882,0
real_rejected,1,0,1786302366053334000,4738,4740,134766,1786302363953323000,1786302366053334000,6765,934,1251,508,55,291,3204,0.133312,0
real_rejected,1,1,1786302366053334000,4739,4740,3984,1786302363953323000,1786302366053334000,385,34,176,132,1,3,95,1.14818,0
real_rejected,2,0,1786302366053334000,4752,4753,34959,1786302336786667000,0,0,1326,494,0,0,451,720,1.10435,0
real_rejected,3,0,1786302366053334000,4755,4756,46971,1786302360486667000,1786302366053334000,20,57,85,0,0,14,1577,1.35749,0
real_rejected,4,0,1786302366053334000,4762,4764,251820,1786302360920000000,1786302366053334000,1659,28,1223,318,23,17,3390,0.628009,0
real_rejected,4,1,1786302366053334000,4763,4764,22377,1786302360920000000,1786302366053334000,390,2,263,207,64,0,723,0.894498,0
real_rejected,5,0,1786302366053334000,4776,4778,21714,1786302357453345000,0,0,46,1086,2,0,4,646,0.0,0
real_rejected,5,1,1786302366053334000,4777,4778,28437,1786302357620000000,0,0,4,554,0,0,1,551,0.0,0
real_rejected,6,0,1786302366053334000,4786,4788,172254,1786302343853323000,0,0,0,1222,0,0,0,57418,0.295881,0
real_rejected,6,1,1786302366053334000,4787,4788,92952,1786302343986678000,0,0,0,216,0,0,0,30984,0.0,0
real_rejected,7,0,1786302366053334000,4796,4797,18018,1786302354819989000,0,0,91,370,0,0,38,500,3.68978,0
real_rejected,10,0,1786302366053334000,4799,4800,11730,1786302363953323000,1786302366053334000,85,33,2,2,0,12,672,1.18941,0
real_rejected,11,0,1786302366053334000,4806,4807,37380,1786302340719989000,0,0,2,470,0,0,2,820,0.0,0
real_rejected,12,0,1786302366053334000,4809,4810,12105,1786302337420023000,0,0,0,554,0,0,0,4035,0.0,0
real_rejected,13,0,1786302366053334000,4812,4813,11478,1786302340586656000,0,0,1,281,0,0,1,248,0.0,0
real_rejected,14,0,1786302366053334000,4815,4817,13311,1786302340853334000,0,0,0,666,0,0,0,4437,0.0,0
real_rejected,14,1,1786302366053334000,4816,4817,9258,1786302341620000000,0,0,0,204,0,0,0,3086,3.07161,0
real_rejected,16,0,1786302366053334000,4825,4827,29925,1786302342553334000,0,0,92,1048,0,0,42,423,0.0,0
real_rejected,16,1,1786302366053334000,4826,4827,16665,1786302342820000000,0,0,10,456,0,0,5,301,0.0,0
real_rejected,17,0,1786302366053334000,4835,4837,44151,1786302356220000000,0,0,0,895,0,0,0,14717,0.177814,0
real_rejected,17,1,1786302366053334000,4836,4837,22797,1786302356220000000,0,0,0,243,0,0,0,7599,1.73562,0
real_rejected,18,0,1786302366053334000,4845,4846,18162,1786302339253334000,0,0,11,232,0,0,5,413,0.0,0
real_rejected,19,0,1786302366053334000,4848,4849,19998,1786302356819989000,0,0,0,365,0,0,0,6666,0.0,0
real_rejected,20,0,1786302366053334000,4851,4852,5268,1786279301400977000,0,0,1129,526,0,0,134,206,0.936882,0
real_rejected,1,0,1786302368120011000,4907,4909,134766,1786302366053334000,1786302368120011000,4550,294,1158,452,20,144,3204,0.078517,0
real_rejected,1,1,1786302368120011000,4908,4909,3984,1786302366053334000,1786302367720000000,139,0,193,115,0,0,95,1.11592,0
real_rejected,2,0,1786302368120011000,4921,4922,34959,1786302336786667000,0,0,1326,494,0,0,451,720,1.10435,0
real_rejected,3,0,1786302368120011000,4924,4925,46971,1786302366053334000,1786302368120011000,114,51,100,19,1,26,1577,1.35749,0
real_rejected,4,0,1786302368120011000,4931,4933,251820,1786302366053334000,1786302368120011000,6439,317,1190,596,43,166,3390,0.4379,0
real_rejected,4,1,1786302368120011000,4932,4933,22377,1786302366053334000,1786302368120011000,1516,3,395,336,11,3,723,0.416023,0
real_rejected,5,0,1786302368120011000,4945,4947,21714,1786302357453345000,0,0,54,1086,2,0,4,646,0.0,0
real_rejected,5,1,1786302368120011000,4946,4947,28437,1786302357620000000,0,0,5,554,0,0,1,551,0.0,0
real_rejected,6,0,1786302368120011000,4955,4957,172254,1786302343853323000,0,0,0,1222,0,0,0,57418,0.295881,0
real_rejected,6,1,1786302368120011000,4956,4957,92952,1786302343986678000,0,0,0,216,0,0,0,30984,0.0,0
real_rejected,7,0,1786302368120011000,4967,4968,18018,1786302354819989000,0,0,94,370,2,0,41,500,3.68978,0
real_rejected,10,0,1786302368120011000,4970,4971,11730,1786302366053334000,1786302368120011000,99,28,15,15,0,18,672,0.275643,0
real_rejected,11,0,1786302368120011000,4977,4978,37380,1786302340719989000,0,0,2,470,0,0,2,820,0.0,0
real_rejected,12,0,1786302368120011000,4980,4981,12105,1786302337420023000,0,0,0,554,0,0,0,4035,0.0,0
real_rejected,13,0,1786302368120011000,4983,4984,11478,1786302340586656000,0,0,1,281,0,0,1,248,0.0,0
real_rejected,14,0,1786302368120011000,4986,4988,13311,1786302340853334000,0,0,0,666,0,0,0,4437,0.0,0
real_rejected,14,1,1786302368120011000,4987,4988,9258,1786302341620000000,0,0,0,204,0,0,0,3086,3.07161,0
real_rejected,16,0,1786302368120011000,4997,4999,29925,1786302342553334000,0,0,92,1048,0,0,42,423,0.0,0
real_rejected,16,1,1786302368120011000,4998,4999,16665,1786302342820000000,0,0,10,456,0,0,5,301,0.0,0
real_rejected,17,0,1786302368120011000,5007,5009,44151,1786302356220000000,0,0,0,895,0,0,0,14717,0.177814,0
real_rejected,17,1,1786302368120011000,5008,5009,22797,1786302356220000000,0,0,0,243,0,0,0,7599,1.73562,0
real_rejected,18,0,1786302368120011000,5017,5018,18162,1786302339253334000,0,0,11,232,0,0,5,413,0.0,0
real_rejected,19,0,1786302368120011000,5020,5021,19998,1786302356819989000,0,0,0,365,0,0,0,6666,0.0,0
real_rejected,20,0,1786302368120011000,5023,5024,5268,1786279301400977000,0,0,1137,526,15,3,134,206,0.936882,0
real_rejected,1,0,1786302370286656000,5068,5070,134766,1786302368120011000,0,0,5,1129,3,1,5,3204,0.078517,0
real_rejected,1,1,1786302370286656000,5069,5070,3984,1786302367720000000,0,0,0,193,0,0,0,1328,1.11592,0
real_rejected,2,0,1786302370286656000,5078,5079,34959,1786302336786667000,0,0,1326,494,0,0,451,720,1.10435,0
real_rejected,3,0,1786302370286656000,5081,5082,46971,1786302368120011000,1786302370286656000,460,112,150,70,1,50,1577,0.872487,0
real_rejected,4,0,1786302370286656000,5088,5090,251820,1786302368120011000,1786302370286656000,6485,1004,1113,466,11,214,3390,0.400533,0
real_rejected,4,1,1786302370286656000,5089,5090,22377,1786302368120011000,1786302370286656000,1688,74,512,431,1,12,723,0.170479,0
real_rejected,5,0,1786302370286656000,5102,5104,21714,1786302357453345000,0,0,55,1086,0,0,4,646,0.0,0
real_rejected,5,1,1786302370286656000,5103,5104,28437,1786302357620000000,0,0,7,554,0,0,1,551,0.0,0
real_rejected,6,0,1786302370286656000,5112,5114,172254,1786302343853323000,0,0,0,1222,0,0,0,57418,0.295881,0
real_rejected,6,1,1786302370286656000,5113,5114,92952,1786302343986678000,0,0,0,216,0,0,0,30984,0.0,0
real_rejected,7,0,1786302370286656000,5122,5123,18018,1786302354819989000,1786302370286656000,3,145,370,8,5,61,500,3.68978,0
real_rejected,10,0,1786302370286656000,5129,5130,11730,1786302368120011000,1786302370286656000,15,173,15,0,0,62,672,0.275643,0
real_rejected,11,0,1786302370286656000,5136,5137,37380,1786302340719989000,0,0,2,470,0,0,2,820,0.0,0
real_rejected,12,0,1786302370286656000,5139,5140,12105,1786302337420023000,0,0,0,554,0,0,0,4035,0.0,0
real_rejected,13,0,1786302370286656000,5142,5143,11478,1786302340586656000,0,0,1,281,0,0,1,248,0.0,0
real_rejected,14,0,1786302370286656000,5145,5147,13311,1786302340853334000,0,0,0,666,0,0,0,4437,0.0,0
real_rejected,14,1,1786302370286656000,5146,5147,9258,1786302341620000000,0,0,0,204,0,0,0,3086,3.07161,0
real_rejected,16,0,1786302370286656000,5155,5157,29925,1786302342553334000,0,0,92,1048,0,0,42,423,0.0,0
real_rejected,16,1,1786302370286656000,5156,5157,16665,1786302342820000000,0,0,10,456,0,0,5,301,0.0,0
real_rejected,17,0,1786302370286656000,5173,5175,44151,1786302356220000000,0,0,0,895,0,0,0,14717,0.177814,0
real_rejected,17,1,1786302370286656000,5174,5175,22797,1786302356220000000,0,0,0,243,0,0,0,7599,1.73562,0
real_rejected,18,0,1786302370286656000,5183,5184,18162,1786302339253334000,0,0,11,232,0,0,5,413,0.0,0
real_rejected,19,0,1786302370286656000,5186,5187,19998,1786302356819989000,0,0,0,365,0,0,0,6666,0.0,0
real_rejected,20,0,1786302370286656000,5189,5190,5268,1786279301400977000,0,0,1257,526,136,54,134,206,0.972044,0
real_rejected,1,0,1786302372453323000,5245,5247,134766,1786302368120011000,0,0,5,1129,0,0,5,3204,0.078517,0
real_rejected,1,1,1786302372453323000,5246,5247,3984,1786302367720000000,0,0,0,193,0,0,0,1328,1.11592,0
real_rejected,2,0,1786302372453323000,5255,5256,34959,1786302336786667000,0,0,1326,494,0,0,451,720,1.10435,0
real_rejected,3,0,1786302372453323000,5261,5262,46971,1786302370286656000,1786302372453323000,1777,285,312,238,1,120,1577,0.476688,0
real_rejected,4,0,1786302372453323000,5268,5270,251820,1786302370286656000,1786302372453323000,3392,812,1084,316,3,215,3390,0.384572,0
real_rejected,4,1,1786302372453323000,5269,5270,61932,1786302370286656000,1786302372453323000,2324,113,469,437,0,37,1763,0.0,0
real_rejected,5,0,1786302372453323000,5282,5284,21714,1786302357453345000,0,0,71,1086,2,1,8,646,0.0,0
real_rejected,5,1,1786302372453323000,5283,5284,28437,1786302357620000000,0,0,7,554,0,0,1,551,0.0,0
real_rejected,6,0,1786302372453323000,5292,5294,172254,1786302343853323000,0,0,0,1222,0,0,0,57418,0.295881,0
real_rejected,6,1,1786302372453323000,5293,5294,92952,1786302343986678000,0,0,0,216,0,0,0,30984,0.0,0
real_rejected,7,0,1786302372453323000,5302,5303,18018,1786302370286656000,1786302372453323000,329,594,428,357,31,170,500,3.32803,0
real_rejected,10,0,1786302372453323000,5309,5310,11730,1786302370286656000,1786302371153323000,3,366,15,0,0,103,672,0.275643,0
real_rejected,11,0,1786302372453323000,5316,5317,37380,1786302340719989000,0,0,2,470,0,0,2,820,0.0,0
real_rejected,12,0,1786302372453323000,5319,5320,12105,1786302337420023000,0,0,0,554,0,0,0,4035,0.0,0
real_rejected,13,0,1786302372453323000,5322,5323,11478,1786302340586656000,0,0,1,281,0,0,1,248,0.0,0
real_rejected,14,0,1786302372453323000,5325,5327,13311,1786302340853334000,0,0,0,666,0,0,0,4437,0.0,0
real_rejected,14,1,1786302372453323000,5326,5327,9258,1786302341620000000,0,0,0,204,0,0,0,3086,3.07161,0
real_rejected,16,0,1786302372453323000,5335,5337,29925,1786302342553334000,0,0,92,1048,0,0,42,423,0.0,0
real_rejected,16,1,1786302372453323000,5336,5337,16665,1786302342820000000,0,0,10,456,0,0,5,301,0.0,0
real_rejected,17,0,1786302372453323000,5345,5347,44151,1786302356220000000,0,0,0,895,0,0,0,14717,0.177814,0
real_rejected,17,1,1786302372453323000,5346,5347,22797,1786302356220000000,0,0,0,243,0,0,0,7599,1.73562,0
real_rejected,18,0,1786302372453323000,5355,5356,18162,1786302339253334000,0,0,11,232,0,0,5,413,0.0,0
real_rejected,19,0,1786302372453323000,5358,5359,19998,1786302356819989000,1786302372453323000,68,21,368,48,7,17,520,0.0,0
real_rejected,20,0,1786302372453323000,5365,5366,5268,1786279301400977000,0,0,1540,526,160,63,137,206,0.984136,0
real_rejected,1,0,1786302374586667000,5418,5420,134766,1786302368120011000,0,0,5,1129,0,0,5,3204,0.078517,0
real_rejected,1,1,1786302374586667000,5419,5420,3984,1786302367720000000,0,0,0,193,0,0,0,1328,1.11592,0
real_rejected,2,0,1786302374586667000,5428,5429,14253,1786302366053334000,0,0,0,0,0,0,0,4751,1.10435,0
real_rejected,3,0,1786302374586667000,5431,5432,46971,1786302372453323000,1786302374586667000,2210,328,422,350,8,140,1577,0.303526,0
real_rejected,4,0,1786302374586667000,5438,5440,251820,1786302372453323000,1786302374586667000,255,546,1076,22,0,142,3390,0.384572,0
real_rejected,4,1,1786302374586667000,5439,5440,61932,1786302372453323000,1786302374586667000,43,60,469,11,0,20,1763,0.0,0
real_rejected,5,0,1786302374586667000,5456,5458,21714,1786302357453345000,0,0,87,1086,3,1,13,646,0.0,0
real_rejected,5,1,1786302374586667000,5457,5458,28437,1786302357620000000,0,0,14,554,0,0,5,551,0.0,0
real_rejected,6,0,1786302374586667000,5466,5468,172254,1786302343853323000,0,0,0,1222,0,0,0,57418,0.295881,0
real_rejected,6,1,1786302374586667000,5467,5468,92952,1786302343986678000,0,0,0,216,0,0,0,30984,0.0,0
real_rejected,7,0,1786302374586667000,5476,5477,18018,1786302372453323000,1786302374586667000,305,524,385,328,15,178,500,3.28455,0
real_rejected,10,0,1786302374586667000,5484,5485,36072,1786302371153323000,1786302372020000000,26,1081,5,0,0,280,1661,0.275643,0
real_rejected,11,0,1786302374586667000,5491,5492,37380,1786302340719989000,0,0,2,470,0,0,2,820,0.0,0
real_rejected,12,0,1786302374586667000,5494,5495,12105,1786302337420023000,0,0,0,554,0,0,0,4035,0.0,0
real_rejected,13,0,1786302374586667000,5497,5498,11478,1786302340586656000,0,0,1,281,0,0,1,248,0.0,0
real_rejected,14,0,1786302374586667000,5500,5502,13311,1786302340853334000,0,0,0,666,0,0,0,4437,0.0,0
real_rejected,14,1,1786302374586667000,5501,5502,9258,1786302341620000000,0,0,0,204,0,0,0,3086,3.07161,0
real_rejected,16,0,1786302374586667000,5510,5512,29925,1786302342553334000,0,0,92,1048,0,0,42,423,0.0,0
real_rejected,16,1,1786302374586667000,5511,5512,16665,1786302342820000000,0,0,10,456,0,0,5,301,0.0,0
real_rejected,17,0,1786302374586667000,5520,5522,44151,1786302356220000000,1786302373319989000,19,22,895,22,1,12,537,0.177814,0
real_rejected,17,1,1786302374586667000,5521,5522,22797,1786302356220000000,1786302373319989000,17,19,245,17,0,8,445,1.73562,0
real_rejected,18,0,1786302374586667000,5534,5535,18162,1786302339253334000,0,0,11,232,0,0,5,413,0.0,0
real_rejected,19,0,1786302374586667000,5537,5538,19998,1786302372453323000,1786302374153334000,144,59,364,57,2,35,520,0.0,0
real_rejected,20,0,1786302374586667000,5544,5545,5268,1786279301400977000,0,0,1874,526,192,84,146,206,1.14853,0
real_rejected,1,0,1786302376720000000,5601,5603,134766,1786302368120011000,0,0,5,1129,0,0,5,3204,0.078517,0
real_rejected,1,1,1786302376720000000,5602,5603,70902,1786302368420000000,0,0,0,41,0,0,0,23634,1.11592,0
real_rejected,2,0,1786302376720000000,5611,5612,14253,1786302366053334000,0,0,0,0,0,0,0,4751,1.10435,0
real_rejected,3,0,1786302376720000000,5614,5615,46971,1786302374586667000,1786302376720000000,678,671,417,146,2,176,1577,0.233278,0
real_rejected,4,0,1786302376720000000,5621,5623,251820,1786302374586667000,1786302376720000000,1714,625,1076,127,28,155,3390,0.369707,0
real_rejected,4,1,1786302376720000000,5622,5623,61932,1786302374586667000,1786302376720000000,515,121,487,98,24,35,1763,0.121967,0
real_rejected,5,0,1786302376720000000,5635,5637,21714,1786302357453345000,1786302376720000000,160,246,1086,139,16,70,646,0.0,0
real_rejected,5,1,1786302376720000000,5636,5637,28437,1786302357620000000,1786302376720000000,101,115,554,13,0,35,551,0.0,0
real_rejected,6,0,1786302376720000000,5649,5651,172254,1786302343853323000,0,0,0,1222,0,0,0,57418,0.295881,0
real_rejected,6,1,1786302376720000000,5650,5651,92952,1786302343986678000,0,0,0,216,0,0,0,30984,0.0,0
real_rejected,7,0,1786302376720000000,5659,5660,18018,1786302374586667000,1786302376720000000,89,362,361,151,6,120,500,3.26209,0
real_rejected,10,0,1786302376720000000,5666,5667,36072,1786302372020000000,0,0,2501,5,0,0,360,1661,0.275643,0
real_rejected,11,0,1786302376720000000,5669,5670,37380,1786302340719989000,0,0,2,470,0,0,2,820,0.0,0
real_rejected,12,0,1786302376720000000,5672,5673,12105,1786302337420023000,0,0,0,554,0,0,0,4035,0.0,0
real_rejected,13,0,1786302376720000000,5675,5676,11478,1786302340586656000,0,0,1,281,0,0,1,248,0.0,0
real_rejected,14,0,1786302376720000000,5678,5680,13311,1786302340853334000,0,0,0,666,0,0,0,4437,0.0,0
real_rejected,14,1,1786302376720000000,5679,5680,9258,1786302341620000000,0,0,0,204,0,0,0,3086,3.07161,0
real_rejected,16,0,1786302376720000000,5688,5690,29925,1786302342553334000,0,0,92,1048,0,0,42,423,0.0,0
real_rejected,16,1,1786302376720000000,5689,5690,16665,1786302342820000000,0,0,10,456,0,0,5,301,0.0,0
real_rejected,17,0,1786302376720000000,5698,5700,44151,1786302373319989000,0,0,4,893,0,0,4,537,0.177814,0
real_rejected,17,1,1786302376720000000,5699,5700,22797,1786302373319989000,0,0,4,243,0,0,4,445,1.73562,0
real_rejected,18,0,1786302376720000000,5708,5709,18162,1786302339253334000,0,0,11,232,0,0,5,413,0.0,0
real_rejected,19,0,1786302376720000000,5711,5712,19998,1786302374153334000,0,0,0,358,0,0,0,6666,0.0,0
real_rejected,20,0,1786302376720000000,5714,5715,5268,1786279301400977000,0,0,2201,526,174,84,148,206,1.18848,0
real_rejected,1,0,1786302378853323000,5768,5770,134766,1786302368120011000,0,0,5,1129,0,0,5,3204,0.078517,0
real_rejected,1,1,1786302378853323000,5769,5770,70902,1786302368420000000,0,0,0,41,0,0,0,23634,1.11592,0
real_rejected,2,0,1786302378853323000,5778,5779,14253,1786302366053334000,0,0,0,0,0,0,0,4751,1.10435,0
real_rejected,3,0,1786302378853323000,5781,5782,67734,1786302376720000000,1786302378853323000,680,641,180,80,1,158,1961,0.0,0
real_rejected,4,0,1786302378853323000,5788,5790,251820,1786302376720000000,1786302378853323000,2401,696,1044,166,16,170,3390,0.360034,0
real_rejected,4,1,1786302378853323000,5789,5790,61932,1786302376720000000,1786302378853323000,1156,145,484,202,12,37,1763,0.0,0
real_rejected,5,0,1786302378853323000,5802,5804,21714,1786302376720000000,1786302378853323000,154,144,1054,105,2,52,646,0.0,0
real_rejected,5,1,1786302378853323000,5803,5804,28437,1786302376720000000,1786302378853323000,122,78,554,7,0,34,551,0.0,0
real_rejected,6,0,1786302378853323000,5816,5818,172254,1786302343853323000,0,0,0,1222,0,0,0,57418,0.295881,0
real_rejected,6,1,1786302378853323000,5817,5818,92952,1786302343986678000,0,0,0,216,0,0,0,30984,0.0,0
real_rejected,7,0,1786302378853323000,5826,5827,18018,1786302376720000000,1786302378853323000,31,272,353,81,0,78,500,3.25295,0
real_rejected,10,0,1786302378853323000,5833,5834,36072,1786302372020000000,1786302378420000000,8,4144,5,0,0,367,1661,0.275643,0
real_rejected,11,0,1786302378853323000,5840,5841,37380,1786302340719989000,0,0,2,470,0,0,2,820,0.0,0
real_rejected,12,0,1786302378853323000,5843,5844,12105,1786302337420023000,0,0,0,554,0,0,0,4035,0.0,0
real_rejected,13,0,1786302378853323000,5846,5847,11478,1786302340586656000,0,0,1,281,0,0,1,248,0.0,0
real_rejected,14,0,1786302378853323000,5849,5851,13311,1786302340853334000,0,0,0,666,0,0,0,4437,0.0,0
real_rejected,14,1,1786302378853323000,5850,5851,9258,1786302341620000000,0,0,0,204,0,0,0,3086,3.07161,0
real_rejected,16,0,1786302378853323000,5859,5861,29925,1786302342553334000,0,0,92,1048,0,0,42,423,0.0,0
real_rejected,16,1,1786302378853323000,5860,5861,16665,1786302342820000000,0,0,10,456,0,0,5,301,0.0,0
real_rejected,17,0,1786302378853323000,5869,5871,44151,1786302373319989000,0,0,4,893,0,0,4,537,0.177814,0
real_rejected,17,1,1786302378853323000,5870,5871,22797,1786302373319989000,0,0,4,243,0,0,4,445,1.73562,0
real_rejected,18,0,1786302378853323000,5879,5880,18162,1786302339253334000,0,0,11,232,0,0,5,413,0.0,0
real_rejected,19,0,1786302378853323000,5882,5883,19998,1786302374153334000,0,0,0,358,0,0,0,6666,0.0,0
real_rejected,20,0,1786302378853323000,5885,5886,5268,1786279301400977000,0,0,2526,526,160,87,149,206,1.24239,0
real_rejected,1,0,1786302380953345000,5952,5954,134766,1786302368120011000,0,0,5,1129,0,0,5,3204,0.078517,0
real_rejected,1,1,1786302380953345000,5953,5954,70902,1786302368420000000,0,0,0,41,0,0,0,23634,1.11592,0
real_rejected,2,0,1786302380953345000,5962,5963,14253,1786302366053334000,0,0,0,0,0,0,0,4751,1.10435,0
real_rejected,3,0,1786302380953345000,5965,5966,67734,1786302378853323000,1786302380953345000,160,899,178,38,1,307,1961,0.0,0
real_rejected,4,0,1786302380953345000,5972,5974,251820,1786302378853323000,1786302379719989000,144,149,1022,18,0,97,3390,0.360034,0
real_rejected,4,1,1786302380953345000,5973,5974,77391,1786302378853323000,1786302379286667000,72,26,168,4,0,13,1973,0.0,0
real_rejected,5,0,1786302380953345000,5988,5990,21714,1786302378853323000,1786302380953345000,524,539,1045,355,153,195,646,1.49411,0
real_rejected,5,1,1786302380953345000,5989,5990,28437,1786302378853323000,1786302380953345000,424,594,555,146,54,226,551,0.715463,0
real_rejected,6,0,1786302380953345000,6002,6004,172254,1786302343853323000,0,0,0,1222,0,0,0,57418,0.295881,0
real_rejected,6,1,1786302380953345000,6003,6004,92952,1786302343986678000,0,0,0,216,0,0,0,30984,0.0,0
real_rejected,7,0,1786302380953345000,6012,6013,18018,1786302378853323000,0,0,74,352,14,0,48,500,3.25295,0
real_rejected,10,0,1786302380953345000,6015,6016,58224,1786302378420000000,1786302378853323000,2,1606,2,0,0,356,1944,0.275643,0
real_rejected,11,0,1786302380953345000,6023,6024,37380,1786302340719989000,0,0,2,470,0,0,2,820,0.0,0
real_rejected,12,0,1786302380953345000,6026,6027,12105,1786302337420023000,0,0,0,554,0,0,0,4035,0.0,0
real_rejected,13,0,1786302380953345000,6029,6030,11478,1786302340586656000,0,0,1,281,0,0,1,248,0.0,0
real_rejected,14,0,1786302380953345000,6032,6034,13311,1786302340853334000,0,0,0,666,0,0,0,4437,0.0,0
real_rejected,14,1,1786302380953345000,6033,6034,9258,1786302341620000000,0,0,0,204,0,0,0,3086,3.07161,0
real_rejected,16,0,1786302380953345000,6042,6044,29925,1786302342553334000,0,0,92,1048,0,0,42,423,0.0,0
real_rejected,16,1,1786302380953345000,6043,6044,16665,1786302342820000000,0,0,10,456,0,0,5,301,0.0,0
real_rejected,17,0,1786302380953345000,6052,6054,44151,1786302373319989000,0,0,4,893,0,0,4,537,0.177814,0
real_rejected,17,1,1786302380953345000,6053,6054,23091,1786302373619989000,0,0,4,238,0,0,4,451,1.73562,0
real_rejected,18,0,1786302380953345000,6064,6065,18162,1786302339253334000,0,0,11,232,0,0,5,413,0.0,0
real_rejected,19,0,1786302380953345000,6067,6068,19998,1786302374153334000,0,0,5,358,6,0,3,520,0.0,0
real_rejected,20,0,1786302380953345000,6070,6071,5268,1786279301400977000,0,0,2736,526,239,86,155,206,1.39711,0
real_rejected,1,0,1786302383086667000,6125,6127,134766,1786302368120011000,0,0,5,1129,0,0,5,3204,0.078517,0
real_rejected,1,1,1786302383086667000,6126,6127,70902,1786302368420000000,0,0,0,41,0,0,0,23634,1.11592,0
real_rejected,2,0,1786302383086667000,6135,6136,14253,1786302366053334000,0,0,0,0,0,0,0,4751,1.10435,0
real_rejected,3,0,1786302383086667000,6138,6139,67734,1786302380953345000,1786302383086667000,162,1191,178,24,1,361,1961,0.0,0
real_rejected,4,0,1786302383086667000,6145,6147,251820,1786302379719989000,0,0,11,1022,0,0,6,3390,0.360034,0
real_rejected,4,1,1786302383086667000,6146,6147,77391,1786302379286667000,0,0,13,168,0,0,9,1973,0.0,0
real_rejected,5,0,1786302383086667000,6156,6158,21714,1786302380953345000,1786302383086667000,817,750,1005,321,116,191,646,1.55476,0
real_rejected,5,1,1786302383086667000,6157,6158,28437,1786302380953345000,1786302383086667000,517,943,543,125,48,221,551,0.725417,0
real_rejected,6,0,1786302383086667000,6170,6172,172254,1786302343853323000,0,0,0,1222,0,0,0,57418,0.295881,0
real_rejected,6,1,1786302383086667000,6171,6172,92952,1786302343986678000,0,0,0,216,0,0,0,30984,0.0,0
real_rejected,7,0,1786302383086667000,6180,6181,18018,1786302378853323000,1786302383086667000,2,423,352,108,4,133,500,3.25295,0
real_rejected,10,0,1786302383086667000,6187,6188,58224,1786302378853323000,0,0,2554,2,0,0,365,1944,0.275643,0
real_rejected,11,0,1786302383086667000,6190,6191,37380,1786302340719989000,0,0,2,470,0,0,2,820,0.0,0
real_rejected,12,0,1786302383086667000,6193,6194,12105,1786302337420023000,0,0,0,554,0,0,0,4035,0.0,0
real_rejected,13,0,1786302383086667000,6196,6197,11478,1786302340586656000,0,0,1,281,0,0,1,248,0.0,0
real_rejected,14,0,1786302383086667000,6199,6201,13311,1786302340853334000,0,0,0,666,0,0,0,4437,0.0,0
real_rejected,14,1,1786302383086667000,6200,6201,9258,1786302341620000000,0,0,0,204,0,0,0,3086,3.07161,0
real_rejected,16,0,1786302383086667000,6209,6211,29925,1786302342553334000,0,0,92,1048,0,0,42,423,0.0,0
real_rejected,16,1,1786302383086667000,6210,6211,16665,1786302342820000000,0,0,10,456,0,0,5,301,0.0,0
real_rejected,17,0,1786302383086667000,6219,6221,44151,1786302373319989000,0,0,4,893,0,0,4,537,0.177814,0
real_rejected,17,1,1786302383086667000,6220,6221,23091,1786302373619989000,0,0,4,238,0,0,4,451,1.73562,0
real_rejected,18,0,1786302383086667000,6229,6230,18162,1786302339253334000,0,0,11,232,0,0,5,413,0.0,0
real_rejected,19,0,1786302383086667000,6232,6233,22332,1786302375986656000,1786302383086667000,1,49,315,8,0,28,594,0.0,0
real_rejected,20,0,1786302383086667000,6239,6240,5268,1786279301400977000,0,0,2797,526,140,13,155,206,1.39021,0
real_rejected,1,0,1786302385653323000,6294,6296,134766,1786302368120011000,0,0,5,1129,0,0,5,3204,0.078517,0
real_rejected,1,1,1786302385653323000,6295,6296,70902,1786302368420000000,0,0,0,41,0,0,0,23634,1.11592,0
real_rejected,2,0,1786302385653323000,6304,6305,14253,1786302366053334000,0,0,0,0,0,0,0,4751,1.10435,0
real_rejected,3,0,1786302385653323000,6307,6308,67734,1786302383086667000,1786302385653323000,1235,642,221,138,1,194,1961,0.0,0
real_rejected,4,0,1786302385653323000,6314,6316,251820,1786302379719989000,1786302385653323000,1101,663,1022,107,1,217,3390,0.354199,0
real_rejected,4,1,1786302385653323000,6315,6316,77391,1786302379286667000,1786302385653323000,728,115,252,107,0,33,1973,0.0,0
real_rejected,5,0,1786302385653323000,6330,6332,21714,1786302383086667000,1786302384819989000,216,170,1005,122,0,85,646,1.54969,0
real_rejected,5,1,1786302385653323000,6331,6332,28437,1786302383086667000,1786302384819989000,227,128,543,83,16,111,551,0.724648,0
real_rejected,6,0,1786302385653323000,6344,6346,172254,1786302343853323000,0,0,0,1222,0,0,0,57418,0.295881,0
real_rejected,6,1,1786302385653323000,6345,6346,92952,1786302343986678000,0,0,0,216,0,0,0,30984,0.0,0
real_rejected,7,0,1786302385653323000,6354,6355,25038,1786302383086667000,1786302385653323000,258,519,284,227,1,190,706,3.11745,0
real_rejected,10,0,1786302385653323000,6361,6362,58968,1786302378920000000,0,0,4254,6,0,0,399,1964,0.275643,0
real_rejected,11,0,1786302385653323000,6364,6365,37380,1786302340719989000,0,0,2,470,0,0,2,820,0.0,0
real_rejected,12,0,1786302385653323000,6367,6368,12105,1786302337420023000,0,0,0,554,0,0,0,4035,0.0,0
real_rejected,13,0,1786302385653323000,6370,6371,11478,1786302340586656000,0,0,1,281,0,0,1,248,0.0,0
real_rejected,14,0,1786302385653323000,6373,6375,13311,1786302340853334000,0,0,0,666,0,0,0,4437,0.0,0
real_rejected,14,1,1786302385653323000,6374,6375,9258,1786302341620000000,0,0,0,204,0,0,0,3086,3.07161,0
real_rejected,16,0,1786302385653323000,6388,6390,29925,1786302342553334000,0,0,92,1048,0,0,42,423,0.0,0
real_rejected,16,1,1786302385653323000,6389,6390,16665,1786302342820000000,0,0,10,456,0,0,5,301,0.0,0
real_rejected,17,0,1786302385653323000,6398,6400,44151,1786302373319989000,0,0,4,893,0,0,4,537,0.177814,0
real_rejected,17,1,1786302385653323000,6399,6400,23091,1786302373619989000,0,0,4,238,0,0,4,451,1.73562,0
real_rejected,18,0,1786302385653323000,6408,6409,18162,1786302339253334000,0,0,11,232,0,0,5,413,0.0,0
real_rejected,19,0,1786302385653323000,6411,6412,22332,1786302383086667000,1786302383520000000,13,2,315,7,0,2,594,0.0,0
real_rejected,20,0,1786302385653323000,6418,6419,5268,1786279301400977000,0,0,3118,526,223,83,155,206,1.39661,0
real_rejected,1,0,1786302388153334000,6471,6473,134766,1786302368120011000,0,0,5,1129,0,0,5,3204,0.078517,0
real_rejected,1,1,1786302388153334000,6472,6473,70902,1786302368420000000,0,0,0,41,0,0,0,23634,1.11592,0
real_rejected,2,0,1786302388153334000,6481,6482,14253,1786302366053334000,0,0,0,0,0,0,0,4751,1.10435,0
real_rejected,3,0,1786302388153334000,6484,6485,67734,1786302385653323000,1786302387320011000,387,262,224,87,1,87,1961,0.0,0
real_rejected,4,0,1786302388153334000,6491,6493,251820,1786302385653323000,1786302388153334000,3440,1074,1021,233,8,217,3390,0.34132,0
real_rejected,4,1,1786302388153334000,6492,6493,93453,1786302385653323000,1786302388153334000,2894,184,412,350,0,39,2005,0.0,0
real_rejected,5,0,1786302388153334000,6505,6507,21714,1786302384819989000,0,0,5,1005,1,0,2,646,1.54969,0
real_rejected,5,1,1786302388153334000,6506,6507,28437,1786302384819989000,0,0,3,542,0,0,3,551,0.724648,0
real_rejected,6,0,1786302388153334000,6515,6517,172254,1786302343853323000,0,0,0,1222,0,0,0,57418,0.295881,0
real_rejected,6,1,1786302388153334000,6516,6517,92952,1786302343986678000,0,0,0,216,0,0,0,30984,0.0,0
real_rejected,7,0,1786302388153334000,6525,6526,25038,1786302385653323000,1786302387320011000,198,201,294,171,0,138,706,2.9952,0
real_rejected,10,0,1786302388153334000,6532,6533,58968,1786302378920000000,0,0,5483,6,0,0,458,1964,0.275643,0
real_rejected,11,0,1786302388153334000,6535,6536,37380,1786302340719989000,0,0,2,470,0,0,2,820,0.0,0
real_rejected,12,0,1786302388153334000,6538,6539,12105,1786302337420023000,0,0,0,554,0,0,0,4035,0.0,0
real_rejected,13,0,1786302388153334000,6541,6542,11478,1786302340586656000,0,0,1,281,0,0,1,248,0.0,0
real_rejected,14,0,1786302388153334000,6544,6546,13311,1786302340853334000,0,0,0,666,0,0,0,4437,0.0,0
real_rejected,14,1,1786302388153334000,6545,6546,9258,1786302341620000000,0,0,0,204,0,0,0,3086,3.07161,0
real_rejected,16,0,1786302388153334000,6554,6556,29925,1786302342553334000,0,0,92,1048,0,0,42,423,0.0,0
real_rejected,16,1,1786302388153334000,6555,6556,16665,1786302342820000000,0,0,10,456,0,0,5,301,0.0,0
real_rejected,17,0,1786302388153334000,6564,6566,44151,1786302373319989000,0,0,4,893,0,0,4,537,0.177814,0
real_rejected,17,1,1786302388153334000,6565,6566,23091,1786302373619989000,0,0,4,238,0,0,4,451,1.73562,0
real_rejected,18,0,1786302388153334000,6574,6575,18162,1786302339253334000,0,0,11,232,0,0,5,413,0.0,0
real_rejected,19,0,1786302388153334000,6577,6578,22332,1786302383520000000,0,0,0,315,0,0,0,7444,0.0,0
real_rejected,20,0,1786302388153334000,6580,6581,5268,1786279301400977000,0,0,3294,526,117,57,156,206,1.42388,0
real_rejected,1,0,1786302390720000000,6642,6644,134766,1786302368120011000,1786302389853334000,1,55,1129,4,0,29,3204,0.078517,0
real_rejected,1,1,1786302390720000000,6643,6644,70902,1786302368420000000,0,0,0,41,0,0,0,23634,1.11592,0
real_rejected,2,0,1786302390720000000,6652,6653,14253,1786302366053334000,0,0,0,0,0,0,0,4751,1.10435,0
real_rejected,3,0,1786302390720000000,6655,6656,82236,1786302387320011000,0,0,214,126,0,0,49,2243,0.0,0
real_rejected,4,0,1786302390720000000,6658,6661,251820,1786302388153334000,1786302390720000000,7209,1326,1013,436,29,305,3390,0.317,0
real_rejected,4,1,1786302390720000000,6660,6661,93453,1786302388153334000,1786302390720000000,5678,278,780,715,0,72,2005,0.0,0
real_rejected,5,0,1786302390720000000,6673,6675,21714,1786302384819989000,0,0,5,1005,0,0,2,646,1.54969,0
real_rejected,5,1,1786302390720000000,6674,6675,28437,1786302384819989000,0,0,3,542,0,0,3,551,0.724648,0
real_rejected,6,0,1786302390720000000,6683,6685,172254,1786302343853323000,0,0,0,1222,0,0,0,57418,0.295881,0
real_rejected,6,1,1786302390720000000,6684,6685,92952,1786302343986678000,0,0,0,216,0,0,0,30984,0.0,0
real_rejected,7,0,1786302390720000000,6693,6694,25038,1786302387320011000,0,0,1,286,0,0,1,706,2.9952,0
real_rejected,10,0,1786302390720000000,6696,6697,58968,1786302378920000000,1786302390720000000,110,5893,6,0,0,541,1964,0.275643,0
real_rejected,11,0,1786302390720000000,6703,6704,37380,1786302340719989000,0,0,2,470,0,0,2,820,0.0,0
real_rejected,12,0,1786302390720000000,6706,6707,12105,1786302337420023000,0,0,0,554,0,0,0,4035,0.0,0
real_rejected,13,0,1786302390720000000,6709,6710,11478,1786302340586656000,0,0,1,281,0,0,1,248,0.0,0
real_rejected,14,0,1786302390720000000,6712,6714,13311,1786302340853334000,0,0,0,666,0,0,0,4437,0.0,0
real_rejected,14,1,1786302390720000000,6713,6714,9258,1786302341620000000,0,0,0,204,0,0,0,3086,3.07161,0
real_rejected,16,0,1786302390720000000,6722,6724,29925,1786302342553334000,0,0,92,1048,0,0,42,423,0.0,0
real_rejected,16,1,1786302390720000000,6723,6724,16665,1786302342820000000,0,0,10,456,0,0,5,301,0.0,0
real_rejected,17,0,1786302390720000000,6732,6734,44151,1786302373319989000,0,0,4,893,0,0,4,537,0.177814,0
real_rejected,17,1,1786302390720000000,6733,6734,23091,1786302373619989000,0,0,4,238,0,0,4,451,1.73562,0
real_rejected,18,0,1786302390720000000,6742,6743,18162,1786302339253334000,0,0,11,232,0,0,5,413,0.0,0
real_rejected,19,0,1786302390720000000,6745,6746,22560,1786302383653323000,0,0,0,311,0,0,0,7520,0.0,0
real_rejected,20,0,1786302390720000000,6748,6749,5268,1786279301400977000,0,0,3327,526,16,2,156,206,1.42388,0
real_rejected,1,0,1786302392886656000,6798,6800,134766,1786302389853334000,1786302392886656000,2254,208,1129,329,3,108,3204,0.0709106,0
real_rejected,1,1,1786302392886656000,6799,6800,70902,1786302368420000000,1786302392886656000,2088,84,247,220,0,41,2335,0.977762,0
real_rejected,2,0,1786302392886656000,6812,6813,14253,1786302366053334000,0,0,0,0,0,0,0,4751,1.10435,0
real_rejected,3,0,1786302392886656000,6815,6816,82236,1786302387320011000,1786302392886656000,4,230,126,1,0,56,2243,0.0,0
real_rejected,4,0,1786302392886656000,6822,6835,251820,1786302390720000000,1786302392886656000,6865,305,957,406,0,140,3390,0.304532,0
real_rejected,4,1,1786302392886656000,6834,6835,93453,1786302390720000000,1786302392886656000,5288,66,764,666,2,37,2005,0.0,0
real_rejected,5,0,1786302392886656000,6847,6849,21714,1786302384819989000,0,0,7,1005,2,0,4,646,1.54969,0
real_rejected,5,1,1786302392886656000,6848,6849,42261,1786302384819989000,0,0,3,316,0,0,3,900,0.724648,0
real_rejected,6,0,1786302392886656000,6857,6859,172254,1786302343853323000,0,0,0,1222,0,0,0,57418,0.295881,0
real_rejected,6,1,1786302392886656000,6858,6859,92952,1786302343986678000,0,0,0,216,0,0,0,30984,0.0,0
real_rejected,7,0,1786302392886656000,6867,6868,25038,1786302387320011000,0,0,1,286,0,0,1,706,2.9952,0
real_rejected,10,0,1786302392886656000,6870,6871,58968,1786302390720000000,1786302392886656000,758,215,106,106,1,75,1964,0.0,0
real_rejected,11,0,1786302392886656000,6877,6878,37380,1786302340719989000,0,0,2,470,0,0,2,820,0.0,0
real_rejected,12,0,1786302392886656000,6880,6881,12105,1786302337420023000,0,0,0,554,0,0,0,4035,0.0,0
real_rejected,13,0,1786302392886656000,6883,6884,11478,1786302340586656000,0,0,1,281,0,0,1,248,0.0,0
real_rejected,14,0,1786302392886656000,6886,6888,13311,1786302340853334000,0,0,0,666,0,0,0,4437,0.0,0
real_rejected,14,1,1786302392886656000,6887,6888,9258,1786302341620000000,0,0,0,204,0,0,0,3086,3.07161,0
real_rejected,16,0,1786302392886656000,6896,6898,29925,1786302342553334000,0,0,92,1048,0,0,42,423,0.0,0
real_rejected,16,1,1786302392886656000,6897,6898,16665,1786302342820000000,0,0,10,456,0,0,5,301,0.0,0
real_rejected,17,0,1786302392886656000,6906,6908,44151,1786302373319989000,0,0,4,893,0,0,4,537,0.177814,0
real_rejected,17,1,1786302392886656000,6907,6908,23091,1786302373619989000,0,0,4,238,0,0,4,451,1.73562,0
real_rejected,18,0,1786302392886656000,6916,6917,18162,1786302339253334000,0,0,11,232,0,0,5,413,0.0,0
real_rejected,19,0,1786302392886656000,6919,6920,22560,1786302383653323000,0,0,1,311,0,0,1,603,0.0,0
real_rejected,20,0,1786302392886656000,6922,6923,5268,1786279301400977000,0,0,3327,526,0,0,156,206,1.42388,0
real_rejected,1,0,1786302395420000000,6978,6980,134766,1786302392886656000,1786302395420000000,9226,591,1123,461,5,192,3204,0.0450912,0
real_rejected,1,1,1786302395420000000,6979,6980,70902,1786302392886656000,1786302395420000000,8686,44,1036,1013,2,27,2335,0.829399,0
real_rejected,2,0,1786302395420000000,6992,6993,14253,1786302366053334000,1786302395420000000,1308,46,930,930,2,23,474,0.0,0
real_rejected,3,0,1786302395420000000,6999,7000,96039,1786302392886656000,0,0,30,125,0,0,8,2259,0.0,0
real_rejected,4,0,1786302395420000000,7002,7004,251820,1786302392886656000,1786302394553345000,1676,39,948,144,0,19,3390,0.302789,0
real_rejected,4,1,1786302395420000000,7003,7004,93453,1786302392886656000,1786302394553345000,1154,4,754,222,0,4,2005,0.0,0
real_rejected,5,0,1786302395420000000,7016,7018,21714,1786302384819989000,0,0,17,1005,2,0,4,646,1.54969,0
real_rejected,5,1,1786302395420000000,7017,7018,42261,1786302384819989000,0,0,3,316,0,0,3,900,0.724648,0
real_rejected,6,0,1786302395420000000,7026,7028,172254,1786302343853323000,0,0,0,1222,0,0,0,57418,0.295881,0
real_rejected,6,1,1786302395420000000,7027,7028,92952,1786302343986678000,0,0,0,216,0,0,0,30984,0.0,0
real_rejected,7,0,1786302395420000000,7036,7037,29631,1786302387420000000,0,0,1,256,0,0,1,792,2.9952,0
real_rejected,10,0,1786302395420000000,7039,7040,58968,1786302392886656000,1786302395420000000,1110,69,211,195,3,29,1964,0.0,0
real_rejected,11,0,1786302395420000000,7046,7047,37380,1786302340719989000,0,0,2,470,0,0,2,820,0.0,0
real_rejected,12,0,1786302395420000000,7049,7050,12105,1786302337420023000,0,0,0,554,0,0,0,4035,0.0,0
real_rejected,13,0,1786302395420000000,7052,7053,11478,1786302340586656000,0,0,1,281,0,0,1,248,0.0,0
real_rejected,14,0,1786302395420000000,7055,7057,13311,1786302340853334000,0,0,0,666,0,0,0,4437,0.0,0
real_rejected,14,1,1786302395420000000,7056,7057,9258,1786302341620000000,0,0,0,204,0,0,0,3086,3.07161,0
real_rejected,16,0,1786302395420000000,7065,7067,29925,1786302342553334000,0,0,92,1048,0,0,42,423,0.0,0
real_rejected,16,1,1786302395420000000,7066,7067,16665,1786302342820000000,0,0,10,456,0,0,5,301,0.0,0
real_rejected,17,0,1786302395420000000,7075,7077,44151,1786302373319989000,0,0,4,893,0,0,4,537,0.177814,0
real_rejected,17,1,1786302395420000000,7076,7077,23091,1786302373619989000,0,0,4,238,0,0,4,451,1.73562,0
real_rejected,18,0,1786302395420000000,7085,7086,18162,1786302339253334000,0,0,12,232,0,0,5,413,0.0,0
real_rejected,19,0,1786302395420000000,7088,7089,22560,1786302383653323000,0,0,1,311,0,0,1,603,0.0,0
real_rejected,20,0,1786302395420000000,7091,7092,5268,1786279301400977000,0,0,3327,526,0,0,156,206,1.42388,0
real_rejected,1,0,1786302397520000000,7153,7155,134766,1786302395420000000,1786302397086667000,2989,227,1110,338,0,120,3204,0.0420238,0
real_rejected,1,1,1786302397520000000,7154,7155,70902,1786302395420000000,1786302397086667000,2857,11,1047,802,2,7,2335,0.826473,0
real_rejected,2,0,1786302397520000000,7167,7168,14253,1786302395420000000,1786302397520000000,1041,0,970,881,0,0,474,0.0,0
real_rejected,3,0,1786302397520000000,7174,7175,96039,1786302392886656000,0,0,36,125,0,0,8,2259,0.0,0
real_rejected,4,0,1786302397520000000,7177,7179,251820,1786302394553345000,0,0,0,948,0,0,0,83940,0.302789,0
real_rejected,4,1,1786302397520000000,7178,7179,122160,1786302394553345000,0,0,0,301,0,0,0,40720,0.0,0
real_rejected,5,0,1786302397520000000,7189,7191,21714,1786302384819989000,0,0,18,1005,2,0,4,646,1.54969,0
real_rejected,5,1,1786302397520000000,7190,7191,42261,1786302384819989000,0,0,3,316,0,0,3,900,0.724648,0
real_rejected,6,0,1786302397520000000,7199,7201,172254,1786302343853323000,0,0,0,1222,0,0,0,57418,0.295881,0
real_rejected,6,1,1786302397520000000,7200,7201,92952,1786302343986678000,0,0,257,216,1,0,104,1931,0.0,0
real_rejected,7,0,1786302397520000000,7209,7210,29631,1786302387420000000,0,0,1,256,0,0,1,792,2.9952,0
real_rejected,10,0,1786302397520000000,7212,7213,58968,1786302395420000000,1786302395853323000,16,0,208,9,0,0,1964,0.0,0
real_rejected,11,0,1786302397520000000,7219,7220,37380,1786302340719989000,1786302397520000000,848,396,470,58,54,138,820,2.11137,0
real_rejected,12,0,1786302397520000000,7226,7227,12105,1786302337420023000,1786302397520000000,282,249,554,366,188,67,192,5.36004,1
real_rejected,13,0,1786302397520000000,7233,7234,11478,1786302340586656000,1786302397520000000,59,100,281,139,93,60,248,5.02926,1
real_rejected,14,0,1786302397520000000,7237,7239,13311,1786302340853334000,0,0,0,666,0,0,0,4437,0.0,0
real_rejected,14,1,1786302397520000000,7238,7239,9258,1786302341620000000,0,0,0,204,0,0,0,3086,3.07161,0
real_rejected,16,0,1786302397520000000,7247,7249,29925,1786302342553334000,0,0,92,1048,0,0,42,423,0.0,0
real_rejected,16,1,1786302397520000000,7248,7249,16665,1786302342820000000,0,0,10,456,0,0,5,301,0.0,0
real_rejected,17,0,1786302397520000000,7257,7259,44151,1786302373319989000,0,0,4,893,0,0,4,537,0.177814,0
real_rejected,17,1,1786302397520000000,7258,7259,23091,1786302373619989000,0,0,4,238,0,0,4,451,1.73562,0
real_rejected,18,0,1786302397520000000,7267,7268,18162,1786302339253334000,1786302397520000000,551,205,342,260,41,77,413,0.0,0
real_rejected,19,0,1786302397520000000,7274,7275,22560,1786302383653323000,0,0,1,311,0,0,1,603,0.0,0
real_rejected,20,0,1786302397520000000,7277,7278,5268,1786279301400977000,0,0,3327,526,0,0,156,206,1.42388,0
real_rejected,1,0,1786302400120000000,7333,7335,134766,1786302397086667000,0,0,0,1109,0,0,0,44922,0.0420238,0
real_rejected,1,1,1786302400120000000,7334,7335,70902,1786302397086667000,0,0,0,1045,0,0,0,23634,0.826473,0
real_rejected,2,0,1786302400120000000,7343,7344,14253,1786302397520000000,0,0,0,970,0,0,0,4751,0.0,0
real_rejected,3,0,1786302400120000000,7346,7347,96039,1786302392886656000,0,0,36,125,0,0,8,2259,0.0,0
real_rejected,4,0,1786302400120000000,7349,7351,251820,1786302394553345000,0,0,0,948,0,0,0,83940,0.302789,0
real_rejected,4,1,1786302400120000000,7350,7351,122160,1786302394553345000,0,0,0,301,0,0,0,40720,0.0,0
real_rejected,5,0,1786302400120000000,7359,7361,21714,1786302384819989000,0,0,18,1005,0,0,4,646,1.54969,0
real_rejected,5,1,1786302400120000000,7360,7361,42261,1786302384819989000,0,0,3,316,0,0,3,900,0.724648,0
real_rejected,6,0,1786302400120000000,7369,7371,172254,1786302343853323000,1786302399686656000,419,3259,1222,189,39,889,2737,0.329327,0
real_rejected,6,1,1786302400120000000,7370,7371,92952,1786302343986678000,1786302399686656000,383,3306,216,28,22,745,1931,0.0,0
real_rejected,7,0,1786302400120000000,7383,7384,29631,1786302387420000000,0,0,1,256,0,0,1,792,2.9952,0
real_rejected,10,0,1786302400120000000,7386,7387,58968,1786302395853323000,0,0,0,208,0,0,0,19656,0.0,0
real_rejected,11,0,1786302400120000000,7389,7390,37380,1786302397520000000,1786302400120000000,2011,724,470,75,72,144,820,2.22623,0
real_rejected,12,0,1786302400120000000,7396,7397,12105,1786302397520000000,1786302400120000000,377,297,554,340,145,66,192,0.153987,0
real_rejected,14,0,1786302400120000000,7403,7405,13311,1786302340853334000,0,0,0,666,0,0,0,4437,0.0,0
real_rejected,14,1,1786302400120000000,7404,7405,9258,1786302341620000000,0,0,0,204,0,0,0,3086,3.07161,0
real_rejected,16,0,1786302400120000000,7413,7415,29925,1786302342553334000,0,0,92,1048,0,0,42,423,0.0,0
real_rejected,16,1,1786302400120000000,7414,7415,16665,1786302342820000000,0,0,10,456,0,0,5,301,0.0,0
real_rejected,17,0,1786302400120000000,7423,7425,44151,1786302373319989000,0,0,4,893,0,0,4,537,0.177814,0
real_rejected,17,1,1786302400120000000,7424,7425,23091,1786302373619989000,0,0,4,238,0,0,4,451,1.73562,0
real_rejected,18,0,1786302400120000000,7433,7434,18162,1786302397520000000,1786302400120000000,1114,388,444,355,0,87,413,0.0,0
real_rejected,19,0,1786302400120000000,7440,7441,22560,1786302383653323000,0,0,1,311,0,0,1,603,0.0,0
real_rejected,20,0,1786302400120000000,7443,7444,5268,1786279301400977000,0,0,3327,526,0,0,156,206,1.42388,0
real_rejected,1,0,1786302403120000000,7506,7508,134766,1786302397086667000,1786302403120000000,5792,620,1109,364,0,203,3204,0.0400817,0
real_rejected,1,1,1786302403120000000,7507,7508,70902,1786302397086667000,1786302403120000000,5893,88,1073,883,2,44,2335,0.817203,0
real_rejected,2,0,1786302403120000000,7520,7521,14253,1786302397520000000,1786302403120000000,1853,1,1025,992,0,1,474,0.0,0
real_rejected,3,0,1786302403120000000,7527,7528,96039,1786302392886656000,1786302403120000000,62,67,129,4,0,15,2259,0.0,0
real_rejected,4,0,1786302403120000000,7534,7536,251820,1786302394553345000,0,0,0,948,0,0,0,83940,0.302789,0
real_rejected,4,1,1786302403120000000,7535,7536,138108,1786302394786656000,0,0,0,280,0,0,0,46036,0.0,0
real_rejected,5,0,1786302403120000000,7550,7552,21714,1786302384819989000,0,0,26,1005,2,0,4,646,1.54969,0
real_rejected,5,1,1786302403120000000,7551,7552,42261,1786302384819989000,0,0,5,316,0,0,4,900,0.724648,0
real_rejected,6,0,1786302403120000000,7560,7562,172254,1786302399686656000,0,0,385,1186,0,0,387,2737,0.329327,0
real_rejected,6,1,1786302403120000000,7561,7562,92952,1786302399686656000,0,0,605,196,0,0,417,1931,0.0,0
real_rejected,7,0,1786302403120000000,7570,7571,29631,1786302387420000000,0,0,1,256,0,0,1,792,2.9952,0
real_rejected,10,0,1786302403120000000,7573,7574,58968,1786302395853323000,1786302403120000000,136,24,213,48,2,15,1964,0.0,0
real_rejected,11,0,1786302403120000000,7580,7581,37380,1786302400120000000,1786302401853334000,675,345,470,66,58,120,820,2.23732,0
real_rejected,12,0,1786302403120000000,7587,7588,12105,1786302400120000000,1786302402286656000,284,323,466,281,66,75,192,0.156365,0
real_rejected,14,0,1786302403120000000,7594,7596,13311,1786302340853334000,0,0,0,666,0,0,0,4437,0.0,0
real_rejected,14,1,1786302403120000000,7595,7596,9258,1786302341620000000,0,0,0,204,0,0,0,3086,3.07161,0
real_rejected,16,0,1786302403120000000,7604,7606,29925,1786302342553334000,0,0,92,1048,0,0,42,423,0.0,0
real_rejected,16,1,1786302403120000000,7605,7606,16665,1786302342820000000,0,0,10,456,0,0,5,301,0.0,0
real_rejected,17,0,1786302403120000000,7620,7622,44151,1786302373319989000,0,0,4,893,0,0,4,537,0.177814,0
real_rejected,17,1,1786302403120000000,7621,7622,23091,1786302373619989000,0,0,4,238,0,0,4,451,1.73562,0
real_rejected,18,0,1786302403120000000,7630,7631,18162,1786302400120000000,1786302401853334000,551,264,446,329,9,74,413,0.0,0
real_rejected,19,0,1786302403120000000,7637,7638,22560,1786302383653323000,0,0,1,311,0,0,1,603,0.0,0
real_rejected,20,0,1786302403120000000,7640,7641,5268,1786279301400977000,0,0,3327,526,0,0,156,206,1.42388,0
real_rejected,1,0,1786302406519989000,7708,7710,134766,1786302403120000000,1786302406519989000,10556,1234,1105,474,20,249,3204,0.0117434,0
real_rejected,1,1,1786302406519989000,7709,7710,120873,1786302403120000000,1786302406519989000,12088,443,1032,1018,16,128,2799,0.40134,0
real_rejected,2,0,1786302406519989000,7722,7723,14253,1786302403120000000,1786302406519989000,2653,141,1134,1128,46,34,474,0.0,0
real_rejected,3,0,1786302406519989000,7729,7730,96039,1786302403120000000,0,0,14,129,0,0,4,2259,0.0,0
real_rejected,4,0,1786302406519989000,7732,7734,251820,1786302394553345000,0,0,0,948,0,0,0,83940,0.302789,0
real_rejected,4,1,1786302406519989000,7733,7734,138108,1786302394786656000,0,0,0,280,0,0,0,46036,0.0,0
real_rejected,5,0,1786302406519989000,7742,7744,21714,1786302384819989000,0,0,32,1005,2,0,4,646,1.54969,0
real_rejected,5,1,1786302406519989000,7743,7744,42261,1786302384819989000,0,0,5,316,0,0,4,900,0.724648,0
real_rejected,6,0,1786302406519989000,7752,7755,172254,1786302399686656000,0,0,385,1186,0,0,387,2737,0.329327,0
real_rejected,6,1,1786302406519989000,7754,7755,92952,1786302399686656000,0,0,605,196,0,0,417,1931,0.0,0
real_rejected,7,0,1786302406519989000,7763,7764,29631,1786302387420000000,0,0,1,256,0,0,1,792,2.9952,0
real_rejected,10,0,1786302406519989000,7766,7767,76344,1786302403120000000,1786302404419989000,108,9,49,7,0,9,2269,0.0,0
real_rejected,11,0,1786302406519989000,7773,7774,37380,1786302401853334000,0,0,0,470,0,0,0,12460,2.23732,0
real_rejected,12,0,1786302406519989000,7776,7777,12105,1786302402286656000,0,0,0,398,0,0,0,4035,0.156365,0
real_rejected,14,0,1786302406519989000,7779,7781,13311,1786302340853334000,0,0,0,666,0,0,0,4437,0.0,0
real_rejected,14,1,1786302406519989000,7780,7781,9258,1786302341620000000,0,0,0,204,0,0,0,3086,3.07161,0
real_rejected,16,0,1786302406519989000,7789,7791,29925,1786302342553334000,0,0,92,1048,0,0,42,423,0.0,0
real_rejected,16,1,1786302406519989000,7790,7791,16665,1786302342820000000,0,0,10,456,0,0,5,301,0.0,0
real_rejected,17,0,1786302406519989000,7799,7801,44151,1786302373319989000,0,0,4,893,0,0,4,537,0.177814,0
real_rejected,17,1,1786302406519989000,7800,7801,23091,1786302373619989000,0,0,4,238,0,0,4,451,1.73562,0
real_rejected,18,0,1786302406519989000,7809,7810,18162,1786302401853334000,0,0,8,434,0,0,1,413,0.0,0
real_rejected,19,0,1786302406519989000,7812,7813,22560,1786302383653323000,0,0,1,311,0,0,1,603,0.0,0
real_rejected,20,0,1786302406519989000,7815,7816,5268,1786279301400977000,0,0,3327,526,0,0,156,206,1.42388,0
real_rejected,1,0,1786302409919989000,7895,7897,134766,1786302406519989000,1786302409919989000,4127,630,1082,278,41,237,3204,0.0,0
real_rejected,1,1,1786302409919989000,7896,7897,120873,1786302406519989000,1786302409919989000,3590,428,1042,426,91,150,2799,0.400847,0
real_rejected,2,0,1786302409919989000,7909,7910,29571,1786302406519989000,1786302409919989000,2759,1000,1033,986,227,187,595,1.29571,0
real_rejected,3,0,1786302409919989000,7916,7917,96039,1786302403120000000,0,0,14,129,0,0,4,2259,0.0,0
real_rejected,4,0,1786302409919989000,7919,7921,251820,1786302394553345000,0,0,0,948,0,0,0,83940,0.302789,0
real_rejected,4,1,1786302409919989000,7920,7921,138108,1786302394786656000,0,0,0,280,0,0,0,46036,0.0,0
real_rejected,5,0,1786302409919989000,7929,7931,21714,1786302384819989000,0,0,32,1005,0,0,4,646,1.54969,0
real_rejected,5,1,1786302409919989000,7930,7931,42261,1786302384819989000,0,0,5,316,0,0,4,900,0.724648,0
real_rejected,6,0,1786302409919989000,7939,7941,172254,1786302399686656000,0,0,385,1186,0,0,387,2737,0.329327,0
real_rejected,6,1,1786302409919989000,7940,7941,99546,1786302400053323000,0,0,605,213,0,0,417,1978,0.0,0
real_rejected,7,0,1786302409919989000,7949,7950,29631,1786302387420000000,0,0,1,256,0,0,1,792,2.9952,0
real_rejected,10,0,1786302409919989000,7952,7953,76344,1786302404419989000,0,0,0,49,0,0,0,25448,0.0,0
real_rejected,11,0,1786302409919989000,7955,7956,54990,1786302401986678000,0,0,0,303,0,0,0,18330,2.23732,0
real_rejected,12,0,1786302409919989000,7958,7959,16038,1786302402320000000,0,0,0,398,0,0,0,5346,0.156365,0
real_rejected,13,0,1786302409919989000,7961,7962,5742,1786302401120000000,0,0,0,468,468,0,0,1914,0.0,0
real_rejected,14,0,1786302409919989000,7964,7966,13311,1786302340853334000,0,0,0,666,0,0,0,4437,0.0,0
real_rejected,14,1,1786302409919989000,7965,7966,9258,1786302341620000000,0,0,0,204,0,0,0,3086,3.07161,0
real_rejected,16,0,1786302409919989000,7974,7976,29925,1786302342553334000,0,0,92,1048,0,0,42,423,0.0,0
real_rejected,16,1,1786302409919989000,7975,7976,16665,1786302342820000000,0,0,10,456,0,0,5,301,0.0,0
real_rejected,17,0,1786302409919989000,7984,7986,44151,1786302373319989000,0,0,4,893,0,0,4,537,0.177814,0
real_rejected,17,1,1786302409919989000,7985,7986,23091,1786302373619989000,0,0,4,238,0,0,4,451,1.73562,0
real_rejected,18,0,1786302409919989000,7994,7995,26508,1786302402053334000,0,0,8,348,0,0,1,565,0.0,0
real_rejected,19,0,1786302409919989000,7997,7998,22560,1786302383653323000,0,0,1,311,0,0,1,603,0.0,0
real_rejected,20,0,1786302409919989000,8000,8001,5268,1786279301400977000,0,0,3327,526,0,0,156,206,1.42388,0
real_rejected,1,0,1786302413286678000,8060,8062,134766,1786302409919989000,1786302413286678000,1861,262,1033,160,69,143,3204,0.18975,0
real_rejected,1,1,1786302413286678000,8061,8062,120873,1786302409919989000,1786302413286678000,1328,199,940,174,71,124,2799,0.400847,0
real_rejected,2,0,1786302413286678000,8074,8075,29571,1786302409919989000,1786302413286678000,1425,1126,801,653,143,188,595,1.3054,0
real_rejected,3,0,1786302413286678000,8081,8082,97080,1786302403219989000,0,0,14,112,0,0,4,2287,0.0,0
real_rejected,4,0,1786302413286678000,8084,8086,251820,1786302394553345000,0,0,0,948,0,0,0,83940,0.302789,0
real_rejected,4,1,1786302413286678000,8085,8086,138108,1786302394786656000,0,0,0,280,0,0,0,46036,0.0,0
real_rejected,5,0,1786302413286678000,8094,8096,21714,1786302384819989000,0,0,32,1005,0,0,4,646,1.54969,0
real_rejected,5,1,1786302413286678000,8095,8096,42261,1786302384819989000,0,0,5,316,0,0,4,900,0.724648,0
real_rejected,6,0,1786302413286678000,8104,8106,172254,1786302399686656000,0,0,385,1186,0,0,387,2737,0.329327,0
real_rejected,6,1,1786302413286678000,8105,8106,99546,1786302400053323000,0,0,605,213,0,0,417,1978,0.0,0
real_rejected,7,0,1786302413286678000,8117,8118,29631,1786302387420000000,0,0,1,256,0,0,1,792,2.9952,0
real_rejected,10,0,1786302413286678000,8120,8121,78294,1786302404486667000,0,0,0,54,0,0,0,26098,0.0,0
real_rejected,11,0,1786302413286678000,8123,8124,54990,1786302401986678000,0,0,0,303,0,0,0,18330,2.23732,0
real_rejected,12,0,1786302413286678000,8126,8127,16038,1786302402320000000,0,0,0,398,0,0,0,5346,0.156365,0
real_rejected,13,0,1786302413286678000,8129,8130,5742,1786302401120000000,0,0,0,445,0,0,0,1914,0.0,0
real_rejected,14,0,1786302413286678000,8132,8134,13311,1786302340853334000,0,0,0,666,0,0,0,4437,0.0,0
real_rejected,14,1,1786302413286678000,8133,8134,9258,1786302341620000000,0,0,0,204,0,0,0,3086,3.07161,0
real_rejected,16,0,1786302413286678000,8142,8144,29925,1786302342553334000,0,0,92,1048,0,0,42,423,0.0,0
real_rejected,16,1,1786302413286678000,8143,8144,16665,1786302342820000000,0,0,10,456,0,0,5,301,0.0,0
real_rejected,17,0,1786302413286678000,8152,8154,44151,1786302373319989000,0,0,4,893,0,0,4,537,0.177814,0
real_rejected,17,1,1786302413286678000,8153,8154,23091,1786302373619989000,0,0,4,238,0,0,4,451,1.73562,0
real_rejected,18,0,1786302413286678000,8162,8163,26508,1786302402053334000,0,0,8,348,0,0,1,565,0.0,0
real_rejected,19,0,1786302413286678000,8165,8166,22560,1786302383653323000,0,0,1,311,0,0,1,603,0.0,0
real_rejected,20,0,1786302413286678000,8168,8169,5268,1786279301400977000,0,0,3327,526,0,0,156,206,1.42388,0
real_rejected,1,0,1786302417120000000,8221,8223,134766,1786302413286678000,1786302417120000000,9713,1215,1032,439,158,268,3204,0.35842,0
real_rejected,1,1,1786302417120000000,8222,8223,120873,1786302413286678000,1786302417120000000,7938,1275,1045,495,115,204,2799,0.420517,0
real_rejected,2,0,1786302417120000000,8235,8236,29571,1786302413286678000,1786302416286678000,205,383,696,210,128,124,595,1.3054,0
real_rejected,3,0,1786302417120000000,8242,8243,97080,1786302403219989000,0,0,14,112,0,0,4,2287,0.0,0
real_rejected,4,0,1786302417120000000,8245,8247,251820,1786302394553345000,1786302417120000000,538,8,948,72,9,9,3390,0.299276,0
real_rejected,4,1,1786302417120000000,8246,8247,138108,1786302394786656000,1786302417120000000,342,3,281,24,0,3,2120,0.0,0
real_rejected,5,0,1786302417120000000,8259,8261,21714,1786302384819989000,0,0,32,1005,0,0,4,646,1.54969,0
real_rejected,5,1,1786302417120000000,8260,8261,42261,1786302384819989000,0,0,5,316,0,0,4,900,0.724648,0
real_rejected,6,0,1786302417120000000,8269,8271,172254,1786302399686656000,0,0,385,1186,0,0,387,2737,0.329327,0
real_rejected,6,1,1786302417120000000,8270,8271,99546,1786302400053323000,0,0,605,213,0,0,417,1978,0.0,0
real_rejected,7,0,1786302417120000000,8282,8283,29631,1786302387420000000,0,0,1,256,0,0,1,792,2.9952,0
real_rejected,10,0,1786302417120000000,8285,8286,78294,1786302404486667000,1786302417120000000,14,243,54,6,0,116,2282,0.0,0
real_rejected,11,0,1786302417120000000,8292,8293,54990,1786302401986678000,0,0,0,303,0,0,0,18330,2.23732,0
real_rejected,12,0,1786302417120000000,8295,8296,16038,1786302402320000000,0,0,0,398,0,0,0,5346,0.156365,0
real_rejected,13,0,1786302417120000000,8298,8299,5742,1786302401120000000,0,0,0,445,0,0,0,1914,0.0,0
real_rejected,14,0,1786302417120000000,8301,8303,13311,1786302340853334000,0,0,0,666,0,0,0,4437,0.0,0
real_rejected,14,1,1786302417120000000,8302,8303,9258,1786302341620000000,0,0,0,204,0,0,0,3086,3.07161,0
real_rejected,16,0,1786302417120000000,8311,8313,29925,1786302342553334000,0,0,92,1048,0,0,42,423,0.0,0
real_rejected,16,1,1786302417120000000,8312,8313,16665,1786302342820000000,0,0,10,456,0,0,5,301,0.0,0
real_rejected,17,0,1786302417120000000,8321,8323,44151,1786302373319989000,0,0,4,893,0,0,4,537,0.177814,0
real_rejected,17,1,1786302417120000000,8322,8323,23091,1786302373619989000,0,0,4,238,0,0,4,451,1.73562,0
real_rejected,18,0,1786302417120000000,8331,8332,26508,1786302402053334000,0,0,8,348,0,0,1,565,0.0,0
real_rejected,19,0,1786302417120000000,8334,8335,22560,1786302383653323000,0,0,1,311,0,0,1,603,0.0,0
real_rejected,20,0,1786302417120000000,8337,8338,5268,1786279301400977000,0,0,3327,526,0,0,156,206,1.42388,0
real_rejected,1,0,1786302420519989000,8397,8399,134766,1786302417120000000,1786302420519989000,5935,1174,977,225,53,240,3204,0.365801,0
real_rejected,1,1,1786302420519989000,8398,8399,120873,1786302417120000000,1786302420519989000,5839,671,953,415,67,172,2799,0.413897,0
real_rejected,2,0,1786302420519989000,8411,8412,47409,1786302416286678000,0,0,0,421,0,0,0,15803,1.3054,0
real_rejected,3,0,1786302420519989000,8414,8415,97080,1786302403219989000,1786302420519989000,1903,642,205,120,5,211,2287,0.0,0
real_rejected,4,0,1786302420519989000,8421,8423,251820,1786302417120000000,1786302420519989000,5137,427,938,162,9,105,3390,0.28937,0
real_rejected,4,1,1786302420519989000,8422,8423,138108,1786302417120000000,1786302420519989000,3687,129,424,215,3,38,2120,0.0,0
real_rejected,5,0,1786302420519989000,8435,8437,21714,1786302384819989000,1786302420519989000,93,53,1005,46,0,14,646,1.52849,0
real_rejected,5,1,1786302420519989000,8436,8437,42261,1786302384819989000,1786302420519989000,147,63,326,45,1,25,900,0.702178,0
real_rejected,6,0,1786302420519989000,8449,8451,172254,1786302399686656000,0,0,385,1186,0,0,387,2737,0.329327,0
real_rejected,6,1,1786302420519989000,8450,8451,99546,1786302400053323000,0,0,605,213,0,0,417,1978,0.0,0
real_rejected,7,0,1786302420519989000,8459,8460,29631,1786302387420000000,1786302420519989000,521,468,273,47,1,167,792,2.88991,0
real_rejected,10,0,1786302420519989000,8466,8467,78294,1786302417120000000,1786302420519989000,871,1505,54,14,7,315,2282,0.0,0
real_rejected,11,0,1786302420519989000,8473,8474,54990,1786302401986678000,0,0,0,303,0,0,0,18330,2.23732,0
real_rejected,12,0,1786302420519989000,8476,8477,16038,1786302402320000000,0,0,0,398,0,0,0,5346,0.156365,0
real_rejected,13,0,1786302420519989000,8479,8480,5742,1786302401120000000,0,0,0,445,0,0,0,1914,0.0,0
real_rejected,14,0,1786302420519989000,8482,8484,13311,1786302340853334000,0,0,0,666,0,0,0,4437,0.0,0
real_rejected,14,1,1786302420519989000,8483,8484,9258,1786302341620000000,0,0,0,204,0,0,0,3086,3.07161,0
real_rejected,16,0,1786302420519989000,8492,8494,29925,1786302342553334000,0,0,92,1048,0,0,42,423,0.0,0
real_rejected,16,1,1786302420519989000,8493,8494,16665,1786302342820000000,0,0,10,456,0,0,5,301,0.0,0
real_rejected,17,0,1786302420519989000,8502,8504,44151,1786302373319989000,1786302420519989000,95,8,893,37,0,6,537,0.172089,0
real_rejected,17,1,1786302420519989000,8503,8504,23091,1786302373619989000,1786302420519989000,78,4,242,49,0,4,451,1.72678,0
real_rejected,18,0,1786302420519989000,8516,8517,26508,1786302402053334000,0,0,8,348,0,0,1,565,0.0,0
real_rejected,19,0,1786302420519989000,8519,8520,22560,1786302383653323000,1786302420519989000,86,139,316,46,18,54,603,0.138998,0
real_rejected,20,0,1786302420519989000,8526,8527,5268,1786279301400977000,0,0,3386,526,32,28,156,206,1.42388,0
real_rejected,1,0,1786302422653323000,8583,8585,134766,1786302420519989000,1786302422653323000,1274,523,930,62,6,224,3204,0.3629,0
real_rejected,1,1,1786302422653323000,8584,8585,120873,1786302420519989000,1786302422653323000,1684,277,863,174,7,92,2799,0.413897,0
real_rejected,2,0,1786302422653323000,8597,8598,53940,1786302416453323000,0,0,0,383,0,0,0,17980,1.3054,0
real_rejected,3,0,1786302422653323000,8600,8601,97080,1786302420519989000,1786302422653323000,1627,691,241,168,1,324,2287,0.0,0
real_rejected,4,0,1786302422653323000,8607,8609,251820,1786302420519989000,1786302422653323000,2069,210,914,175,0,68,3390,0.286093,0
real_rejected,4,1,1786302422653323000,8608,8609,138108,1786302420519989000,1786302422653323000,1408,23,417,149,0,9,2120,0.0,0
real_rejected,5,0,1786302422653323000,8621,8623,21714,1786302420519989000,1786302422653323000,47,20,999,42,0,15,646,1.52426,0
real_rejected,5,1,1786302422653323000,8622,8623,42261,1786302420519989000,1786302422653323000,102,51,313,36,0,25,900,0.698113,0
real_rejected,6,0,1786302422653323000,8635,8637,172254,1786302399686656000,1786302422653323000,1622,775,1186,168,1,502,2737,0.312434,0
real_rejected,6,1,1786302422653323000,8636,8637,99546,1786302400053323000,1786302422653323000,975,990,280,167,3,587,1978,0.0,0
real_rejected,7,0,1786302422653323000,8649,8650,29631,1786302420519989000,1786302422653323000,532,542,296,211,6,198,792,2.72581,0
real_rejected,10,0,1786302422653323000,8656,8657,78294,1786302420519989000,1786302422653323000,490,512,54,7,6,198,2282,0.0,0
real_rejected,11,0,1786302422653323000,8663,8664,54990,1786302401986678000,1786302422653323000,240,13,303,61,2,9,1307,2.23007,0
real_rejected,12,0,1786302422653323000,8670,8671,16038,1786302402320000000,0,0,0,398,0,0,0,5346,0.156365,0
real_rejected,13,0,1786302422653323000,8673,8674,5742,1786302401120000000,1786302422653323000,75,44,445,65,38,24,216,1.06189,0
real_rejected,14,0,1786302422653323000,8680,8682,13311,1786302340853334000,0,0,0,666,0,0,0,4437,0.0,0
real_rejected,14,1,1786302422653323000,8681,8682,9258,1786302341620000000,0,0,0,204,0,0,0,3086,3.07161,0
real_rejected,16,0,1786302422653323000,8690,8692,29925,1786302342553334000,1786302422653323000,1019,228,1048,469,8,70,423,0.0,0
real_rejected,16,1,1786302422653323000,8691,8692,16665,1786302342820000000,1786302422653323000,827,46,555,461,1,16,301,0.0,0
real_rejected,17,0,1786302422653323000,8704,8706,44151,1786302420519989000,1786302422653323000,1326,227,893,573,0,72,537,0.146697,0
real_rejected,17,1,1786302422653323000,8705,8706,23091,1786302420519989000,1786302422653323000,1349,38,456,435,1,22,451,1.64572,0
real_rejected,18,0,1786302422653323000,8718,8719,26508,1786302402053334000,1786302421786667000,8,8,348,2,0,1,565,0.0,0
real_rejected,19,0,1786302422653323000,8725,8726,22560,1786302420519989000,1786302422653323000,272,185,315,99,0,75,603,0.0,0
real_rejected,20,0,1786302422653323000,8732,8733,5268,1786279301400977000,0,0,3486,526,123,57,156,206,1.45959,0
real_rejected,1,0,1786302426486678000,8794,8796,134766,1786302422653323000,0,0,7,928,0,0,7,3204,0.3629,0
real_rejected,1,1,1786302426486678000,8795,8796,120873,1786302422653323000,0,0,1,846,0,0,1,2799,0.413897,0
real_rejected,2,0,1786302426486678000,8806,8807,53940,1786302416453323000,0,0,0,383,0,0,0,17980,1.3054,0
real_rejected,3,0,1786302426486678000,8809,8810,97080,1786302422653323000,1786302424353323000,839,606,271,167,1,280,2287,0.0,0
real_rejected,4,0,1786302426486678000,8816,8818,251820,1786302422653323000,1786302423053334000,76,24,907,18,0,25,3390,0.286093,0
real_rejected,4,1,1786302426486678000,8817,8818,138108,1786302422653323000,1786302423053334000,39,0,408,8,0,0,2120,0.0,0
real_rejected,5,0,1786302426486678000,8830,8832,21714,1786302422653323000,1786302423486667000,18,9,986,6,0,8,646,1.52426,0
real_rejected,5,1,1786302426486678000,8831,8832,42261,1786302422653323000,1786302423920000000,54,13,301,4,0,6,900,0.698113,0
real_rejected,6,0,1786302426486678000,8844,8846,172254,1786302422653323000,1786302426486678000,5579,1987,1185,319,2,306,2737,0.223123,0
real_rejected,6,1,1786302426486678000,8845,8846,99546,1786302422653323000,1786302426486678000,3806,2104,454,396,3,488,1978,0.0,0
real_rejected,7,0,1786302426486678000,8858,8859,29631,1786302422653323000,1786302423920000000,260,265,317,253,3,166,792,2.57882,0
real_rejected,10,0,1786302426486678000,8865,8866,78294,1786302422653323000,1786302423053334000,5,39,52,0,0,39,2282,0.0,0
real_rejected,11,0,1786302426486678000,8872,8873,54990,1786302422653323000,1786302426486678000,5104,256,415,400,0,62,1307,2.18015,0
real_rejected,12,0,1786302426486678000,8879,8880,16038,1786302402320000000,1786302426486678000,1109,151,508,447,3,45,262,0.0703244,0
real_rejected,13,0,1786302426486678000,8886,8887,5742,1786302422653323000,1786302426486678000,458,273,448,153,69,44,216,1.94073,0
real_rejected,14,0,1786302426486678000,8893,8895,13311,1786302340853334000,1786302426486678000,675,42,666,305,1,11,248,0.0,0
real_rejected,14,1,1786302426486678000,8894,8895,9258,1786302341620000000,1786302426486678000,490,188,309,252,3,64,234,2.98529,0
real_rejected,16,0,1786302426486678000,8907,8909,29925,1786302422653323000,1786302426086667000,1422,225,1026,618,1,59,423,0.0,0
real_rejected,16,1,1786302426486678000,8908,8909,16665,1786302422653323000,1786302426086667000,1205,66,644,575,5,27,301,0.0,0
real_rejected,17,0,1786302426486678000,8921,8923,44151,1786302422653323000,1786302425653323000,1649,361,892,622,9,119,537,0.125594,0
real_rejected,17,1,1786302426486678000,8922,8923,23091,1786302422653323000,1786302425653323000,1702,116,701,675,13,50,451,1.58181,0
real_rejected,18,0,1786302426486678000,8935,8936,26508,1786302421786667000,1786302426486678000,1891,227,597,498,4,59,565,0.0,0
real_rejected,19,0,1786302426486678000,8942,8943,22560,1786302422653323000,1786302424786667000,291,161,311,106,0,71,603,0.0,0
real_rejected,20,0,1786302426486678000,8949,8950,5268,1786279301400977000,0,0,3543,526,126,45,158,206,1.47069,0
real_rejected,1,0,1786302429020000000,9005,9009,134766,1786302422653323000,0,0,7,928,0,0,7,3204,0.3629,0
real_rejected,1,1,1786302429020000000,9008,9009,120873,1786302422653323000,0,0,1,846,0,0,1,2799,0.413897,0
real_rejected,2,0,1786302429020000000,9017,9018,53940,1786302416453323000,0,0,0,383,0,0,0,17980,1.3054,0
real_rejected,3,0,1786302429020000000,9020,9021,97080,1786302424353323000,1786302429020000000,1297,381,323,203,1,174,2287,0.0,0
real_rejected,4,0,1786302429020000000,9032,9034,251820,1786302423053334000,0,0,0,907,0,0,0,83940,0.286093,0
real_rejected,4,1,1786302429020000000,9033,9034,138108,1786302423053334000,0,0,0,408,0,0,0,46036,0.0,0
real_rejected,5,0,1786302429020000000,9043,9045,21714,1786302423486667000,1786302429020000000,11,35,986,50,0,23,646,1.52294,0
real_rejected,5,1,1786302429020000000,9044,9045,42261,1786302423920000000,1786302429020000000,105,25,310,27,0,13,900,0.698113,0
real_rejected,6,0,1786302429020000000,9057,9059,172254,1786302426486678000,1786302429020000000,4010,505,1174,273,1,164,2737,0.207779,0
real_rejected,6,1,1786302429020000000,9058,9059,99546,1786302426486678000,1786302429020000000,3248,308,518,407,0,176,1978,0.0,0
real_rejected,7,0,1786302429020000000,9071,9072,29631,1786302423920000000,1786302429020000000,197,297,329,257,1,187,792,2.45387,0
real_rejected,10,0,1786302429020000000,9078,9079,78294,1786302423053334000,0,0,16,52,0,0,10,2282,0.0,0
real_rejected,11,0,1786302429020000000,9081,9082,54990,1786302426486678000,1786302429020000000,2997,222,405,359,6,140,1307,2.17786,0
real_rejected,12,0,1786302429020000000,9088,9089,16038,1786302426486678000,1786302427353334000,288,36,506,406,1,26,262,0.067683,0
real_rejected,13,0,1786302429020000000,9095,9096,5742,1786302426486678000,1786302429020000000,323,176,392,89,6,41,216,1.88444,0
real_rejected,14,0,1786302429020000000,9102,9104,13311,1786302426486678000,1786302429020000000,477,190,626,388,12,56,248,0.0,0
real_rejected,14,1,1786302429020000000,9103,9104,9258,1786302426486678000,1786302429020000000,386,230,321,259,4,78,234,2.96481,0
real_rejected,16,0,1786302429020000000,9116,9118,29925,1786302426086667000,1786302429020000000,1018,141,1020,504,0,38,423,0.0,0
real_rejected,16,1,1786302429020000000,9117,9118,16665,1786302426086667000,1786302429020000000,916,39,666,595,1,5,301,0.0,0
real_rejected,17,0,1786302429020000000,9130,9132,44151,1786302425653323000,1786302429020000000,1388,323,873,642,5,94,537,0.116679,0
real_rejected,17,1,1786302429020000000,9131,9132,23091,1786302425653323000,1786302429020000000,1374,121,758,740,2,37,451,1.55882,0
real_rejected,18,0,1786302429020000000,9144,9145,26508,1786302426486678000,1786302429020000000,1013,113,609,479,0,41,565,0.0,0
real_rejected,19,0,1786302429020000000,9151,9152,22560,1786302424786667000,1786302429020000000,308,194,311,137,1,75,603,0.0,0
real_rejected,20,0,1786302429020000000,9158,9159,5268,1786279301400977000,0,0,3556,526,81,4,158,206,1.47069,0
real_rejected,1,0,1786302433686667000,9249,9251,134766,1786302422653323000,1786302431586656000,161,195,928,15,8,109,3204,0.3629,0
real_rejected,1,1,1786302433686667000,9250,9251,185871,1786302422786667000,1786302431986667000,308,80,207,14,1,30,3835,0.413897,0
real_rejected,2,0,1786302433686667000,9263,9264,53940,1786302416453323000,0,0,0,383,0,0,0,17980,1.3054,0
real_rejected,3,0,1786302433686667000,9266,9267,97080,1786302429020000000,1786302433686667000,4154,1772,413,331,1,429,2287,0.0,0
real_rejected,4,0,1786302433686667000,9275,9277,251820,1786302423053334000,1786302431986667000,2699,570,907,218,7,188,3390,0.284553,0
real_rejected,4,1,1786302433686667000,9276,9277,170610,1786302423086667000,1786302431986667000,2354,201,387,272,5,82,2456,0.0,0
real_rejected,5,0,1786302433686667000,9289,9291,21714,1786302429020000000,1786302433686667000,75,188,986,89,5,60,646,1.51769,0
real_rejected,5,1,1786302433686667000,9290,9291,43773,1786302429020000000,1786302433686667000,435,161,338,85,13,46,915,0.646972,0
real_rejected,6,0,1786302433686667000,9303,9305,172254,1786302429020000000,1786302429453334000,71,0,1173,244,0,0,57418,0.206397,0
real_rejected,6,1,1786302433686667000,9304,9305,99546,1786302429020000000,1786302429453334000,72,0,555,452,0,0,33182,0.0,0
real_rejected,7,0,1786302433686667000,9317,9318,36465,1786302429020000000,1786302433686667000,787,1023,307,248,5,168,874,2.15307,0
real_rejected,10,0,1786302433686667000,9331,9332,91197,1786302423319989000,1786302433686667000,844,2148,46,12,8,548,2673,0.0,0
real_rejected,11,0,1786302433686667000,9338,9339,54990,1786302429020000000,1786302433686667000,1833,70,397,313,0,36,1307,2.17624,0
real_rejected,12,0,1786302433686667000,9345,9346,16038,1786302427353334000,0,0,2,505,0,0,2,262,0.067683,0
real_rejected,13,0,1786302433686667000,9348,9349,5742,1786302429020000000,1786302433686667000,231,140,376,44,5,34,216,1.87097,0
real_rejected,14,0,1786302433686667000,9355,9357,13311,1786302429020000000,1786302433686667000,375,91,568,169,0,33,248,0.0,0
real_rejected,14,1,1786302433686667000,9356,9357,9258,1786302429020000000,1786302433686667000,292,56,285,211,1,19,234,2.95501,0
real_rejected,16,0,1786302433686667000,9369,9371,29925,1786302429020000000,1786302433686667000,1875,279,1019,481,4,47,423,0.0,0
real_rejected,16,1,1786302433686667000,9370,9371,16665,1786302429020000000,1786302433686667000,1820,43,687,553,1,6,301,0.0,0
real_rejected,17,0,1786302433686667000,9383,9385,44151,1786302429020000000,1786302429453334000,1,1,862,601,1,0,14717,0.104222,0
real_rejected,17,1,1786302433686667000,9384,9385,23091,1786302429020000000,1786302429453334000,1,1,759,700,1,0,7697,1.55455,0
real_rejected,18,0,1786302433686667000,9397,9398,26508,1786302429020000000,1786302433686667000,264,27,600,138,0,11,565,0.0,0
real_rejected,19,0,1786302433686667000,9404,9405,22560,1786302429020000000,1786302433686667000,918,449,331,130,0,94,603,0.0,0
real_rejected,20,0,1786302433686667000,9411,9412,5268,1786279301400977000,0,0,3658,526,162,29,159,206,1.45739,0
real_rejected,1,0,1786302437086656000,9513,9515,134766,1786302431586656000,1786302437086656000,34,196,928,2,1,57,3204,0.3629,0
real_rejected,1,1,1786302437086656000,9514,9515,185871,1786302431986667000,1786302437086656000,57,95,206,7,1,31,3835,0.413897,0
real_rejected,2,0,1786302437086656000,9527,9528,53940,1786302416453323000,0,0,0,383,0,0,0,17980,1.3054,0
real_rejected,3,0,1786302437086656000,9530,9531,116286,1786302433686667000,1786302437086656000,1369,1791,229,126,5,512,2506,0.0,0
real_rejected,4,0,1786302437086656000,9537,9539,251820,1786302431986667000,0,0,3,889,0,0,1,3390,0.284553,0
real_rejected,4,1,1786302437086656000,9538,9539,170610,1786302431986667000,0,0,0,360,0,0,0,56870,0.0,0
real_rejected,5,0,1786302437086656000,9547,9549,21714,1786302433686667000,1786302437086656000,229,221,975,152,36,53,646,1.52189,0
real_rejected,5,1,1786302437086656000,9548,9549,43773,1786302433686667000,1786302437086656000,409,401,343,84,8,86,915,0.610239,0
real_rejected,6,0,1786302437086656000,9561,9563,172254,1786302429453334000,1786302437086656000,9717,471,1171,269,0,69,2737,0.19956,0
real_rejected,6,1,1786302437086656000,9562,9563,99546,1786302429453334000,1786302437086656000,7856,255,613,488,1,75,1978,0.0,0
real_rejected,7,0,1786302437086656000,9575,9576,36465,1786302433686667000,1786302436653334000,192,262,308,75,6,86,874,2.10937,0
real_rejected,10,0,1786302437086656000,9582,9583,91197,1786302433686667000,1786302436253323000,150,254,41,3,0,126,2673,0.0,0
real_rejected,11,0,1786302437086656000,9589,9590,54990,1786302433686667000,1786302437086656000,891,46,398,196,0,24,1307,2.17516,0
real_rejected,12,0,1786302437086656000,9596,9597,21717,1786302427686656000,1786302437086656000,42,14,506,66,0,10,281,0.0664911,0
real_rejected,13,0,1786302437086656000,9603,9604,5742,1786302433686667000,1786302437086656000,486,228,374,70,6,39,216,1.84332,0
real_rejected,14,0,1786302437086656000,9610,9612,13311,1786302433686667000,0,0,4,568,9,0,3,248,0.0,0
real_rejected,14,1,1786302437086656000,9611,9612,9258,1786302433686667000,0,0,2,284,2,0,2,234,2.95501,0
real_rejected,16,0,1786302437086656000,9620,9622,29925,1786302433686667000,1786302437086656000,1331,342,993,388,1,61,423,0.0,0
real_rejected,16,1,1786302437086656000,9621,9622,22536,1786302433686667000,1786302437086656000,1317,50,720,546,5,12,314,0.0,0
real_rejected,17,0,1786302437086656000,9634,9636,44151,1786302429453334000,1786302437086656000,3847,1159,688,387,9,134,537,0.104222,0
real_rejected,17,1,1786302437086656000,9635,9636,31449,1786302431153334000,1786302437086656000,2965,541,578,489,5,94,467,1.49269,0
real_rejected,18,0,1786302437086656000,9648,9649,26508,1786302433686667000,1786302437086656000,781,105,626,354,3,45,565,0.0,0
real_rejected,19,0,1786302437086656000,9655,9656,26865,1786302433686667000,1786302437086656000,452,407,317,96,2,109,656,0.0,0
real_rejected,20,0,1786302437086656000,9662,9663,5268,1786279301400977000,0,0,3728,526,145,2,159,206,1.45051,0
real_rejected,1,0,1786302437286656000,9741,9743,134766,1786302437086656000,0,0,24,928,0,0,24,3204,0.3629,0
real_rejected,1,1,1786302437286656000,9742,9743,185871,1786302437086656000,1786302437286656000,1,3,205,0,0,3,3835,0.413897,0
real_rejected,2,0,1786302437286656000,9755,9756,53940,1786302416453323000,0,0,0,383,0,0,0,17980,1.3054,0
real_rejected,3,0,1786302437286656000,9758,9759,116286,1786302437086656000,1786302437286656000,105,190,202,40,0,198,2506,0.0,0
real_rejected,4,0,1786302437286656000,9765,9767,251820,1786302431986667000,0,0,3,889,0,0,1,3390,0.284553,0
real_rejected,4,1,1786302437286656000,9766,9767,191379,1786302432086667000,0,0,0,266,0,0,0,63793,0.0,0
real_rejected,5,0,1786302437286656000,9775,9777,21714,1786302437086656000,1786302437286656000,14,31,941,30,2,34,646,1.52189,0
real_rejected,5,1,1786302437286656000,9776,9777,43773,1786302437086656000,1786302437286656000,24,66,332,46,0,72,915,0.610239,0
real_rejected,6,0,1786302437286656000,9789,9791,172254,1786302437086656000,1786302437286656000,823,19,1168,192,0,20,2737,0.198205,0
real_rejected,6,1,1786302437286656000,9790,9791,124983,1786302437086656000,1786302437286656000,619,28,272,144,0,28,2081,0.0,0
real_rejected,7,0,1786302437286656000,9803,9804,36465,1786302436653334000,0,0,6,297,0,0,4,874,2.10937,0
real_rejected,10,0,1786302437286656000,9806,9807,91197,1786302436253323000,0,0,1,41,0,0,1,2673,0.0,0
real_rejected,11,0,1786302437286656000,9809,9810,69441,1786302437086656000,1786302437286656000,345,15,306,143,0,17,1367,2.14029,0
real_rejected,12,0,1786302437286656000,9816,9817,21717,1786302437086656000,1786302437286656000,2,7,506,9,0,7,281,0.0664911,0
real_rejected,13,0,1786302437286656000,9823,9824,9777,1786302437086656000,1786302437286656000,131,38,516,170,2,41,330,1.6236,0
real_rejected,14,0,1786302437286656000,9830,9832,13311,1786302433686667000,0,0,4,568,0,0,3,248,0.0,0
real_rejected,14,1,1786302437286656000,9831,9832,9258,1786302433686667000,0,0,2,284,0,0,2,234,2.95501,0
real_rejected,16,0,1786302437286656000,9840,9842,29925,1786302437086656000,1786302437286656000,162,46,990,291,0,50,423,0.0,0
real_rejected,16,1,1786302437286656000,9841,9842,22536,1786302437086656000,1786302437286656000,155,13,705,369,0,13,314,0.0,0
real_rejected,17,0,1786302437286656000,9854,9856,44151,1786302437086656000,1786302437286656000,233,66,665,335,1,69,537,0.104222,0
real_rejected,17,1,1786302437286656000,9855,9856,31449,1786302437086656000,1786302437286656000,247,34,544,386,0,34,467,1.49269,0
real_rejected,18,0,1786302437286656000,9868,9869,33522,1786302437086656000,1786302437286656000,247,25,532,263,0,26,593,0.0,0
real_rejected,19,0,1786302437286656000,9875,9876,26865,1786302437086656000,1786302437286656000,62,53,307,57,1,57,656,0.0,0
real_rejected,20,0,1786302437286656000,9882,9883,5268,1786279301400977000,0,0,3738,526,136,0,159,206,1.45051,0
real_rejected,1,0,1786302437286656000,10034,10036,320637,1786302437286656000,0,0,0,1458,0,0,0,0,0.3629,0
real_rejected,1,1,1786302437286656000,10035,10036,342,1786302437286656000,0,0,0,26,0,0,0,0,0.413897,0
real_rejected,2,0,1786302437286656000,10044,10045,53940,1786302416453323000,0,0,0,383,0,0,0,17980,1.3054,0
real_rejected,3,0,1786302437286656000,10047,10048,133737,1786302437286656000,0,0,0,152,0,0,0,0,0.0,0
real_rejected,4,0,1786302437286656000,10050,10051,443199,1786302432086667000,0,0,3,1449,0,0,1,3930,0.284553,0
real_rejected,5,0,1786302437286656000,10053,10055,65487,1786302437286656000,0,0,0,1314,0,0,0,0,1.52189,0
real_rejected,5,1,1786302437286656000,10054,10055,2718,1786302437286656000,0,0,0,59,0,0,0,0,0.610239,0
real_rejected,6,0,1786302437286656000,10063,10065,297237,1786302437286656000,0,0,0,1458,0,0,0,0,0.198205,0
real_rejected,6,1,1786302437286656000,10064,10065,24258,1786302437286656000,0,0,0,414,0,0,0,0,0.0,0
real_rejected,7,0,1786302437286656000,10073,10074,41724,1786302436653334000,0,0,6,252,0,0,4,915,2.10937,0
real_rejected,10,0,1786302437286656000,10076,10077,97788,1786302436253323000,0,0,2,36,0,0,2,2855,0.0,0
real_rejected,11,0,1786302437286656000,10079,10080,83538,1786302437286656000,0,0,0,303,0,0,0,0,2.14029,0
real_rejected,12,0,1786302437286656000,10082,10083,21717,1786302437286656000,0,0,0,506,0,0,0,0,0.0664911,0
real_rejected,13,0,1786302437286656000,10085,10086,14214,1786302437286656000,0,0,0,532,0,0,0,0,1.6236,0
real_rejected,14,0,1786302437286656000,10088,10090,22569,1786302433686667000,0,0,4,970,0,0,3,352,0.0,0
real_rejected,14,1,1786302437286656000,10089,10090,3942,1786302434020000000,0,0,0,111,0,0,0,1314,2.95501,0
real_rejected,16,0,1786302437286656000,10098,10100,52461,1786302437286656000,0,0,0,1157,0,0,0,0,0.0,0
real_rejected,16,1,1786302437286656000,10099,10100,6153,1786302437286656000,0,0,0,337,0,0,0,0,0.0,0
real_rejected,17,0,1786302437286656000,10108,10110,75600,1786302437286656000,0,0,0,1035,0,0,0,0,0.104222,0
real_rejected,17,1,1786302437286656000,10109,10110,8040,1786302437286656000,0,0,0,313,0,0,0,0,1.49269,0
real_rejected,18,0,1786302437286656000,10118,10119,39996,1786302437286656000,0,0,0,518,0,0,0,0,0.0,0
real_rejected,19,0,1786302437286656000,10121,10122,31536,1786302437286656000,0,0,0,286,0,0,0,0,0.0,0
real_rejected,20,0,1786302437286656000,10124,10125,5268,1786279301400977000,0,0,3738,526,0,0,159,206,1.45051,0
