stamp,pixel,range_mm,endpoint_type,physical_id
150100000000,80817,10614,2,0
150100000000,80819,10537,2,0
150100000000,80846,7868,2,0
150100000000,80848,7878,2,0
150100000000,80849,7883,2,0
150100000000,81497,9306,4,2
150100000000,81498,9291,4,2
150100000000,81499,9297,4,2
150100000000,81500,9302,4,2
150100000000,81501,9307,4,2
150100000000,81502,8024,2,0
150100000000,81503,7963,2,0
150100000000,81504,7936,2,0
150100000000,81505,7908,2,0
150100000000,81506,7881,2,0
150100000000,81507,7854,2,0
150100000000,81508,7827,2,0
150100000000,81509,7800,2,0
150100000000,81510,7793,2,0
150100000000,81511,7782,2,0
150100000000,81512,7781,2,0
150100000000,81513,7785,2,0
150100000000,81514,7785,2,0
150100000000,81515,7789,2,0
150100000000,81516,7794,2,0
150100000000,81517,7799,2,0
150100000000,81518,7831,2,0
150100000000,81519,7835,2,0
150100000000,81520,7840,2,0
150100000000,81521,7845,2,0
150100000000,81522,7850,2,0
150100000000,81523,7855,2,0
150100000000,81524,7859,2,0
150100000000,81525,7864,2,0
150100000000,81526,7869,2,0
150100000000,81527,7874,2,0
150100000000,81528,7879,2,0
150100000000,81529,7884,2,0
150100000000,81530,7889,2,0
150100000000,81531,7894,2,0
150100000000,81532,7899,2,0
150100000000,81533,7903,2,0
150100000000,81534,7908,2,0
150100000000,81535,7913,2,0
150100000000,81536,7918,2,0
150100000000,81537,7923,2,0
150100000000,82176,10646,2,0
150100000000,82177,9302,4,2
150100000000,82178,9268,4,2
150100000000,82179,9235,4,2
150100000000,82180,9202,4,2
150100000000,82181,9169,4,2
150100000000,82182,8021,2,0
150100000000,82183,7961,2,0
150100000000,82184,7933,2,0
150100000000,82185,7906,2,0
150100000000,82186,7878,2,0
150100000000,82187,7851,2,0
150100000000,82188,7824,2,0
150100000000,82189,7798,2,0
150100000000,82190,7794,2,0
150100000000,82191,7783,2,0
150100000000,82192,7782,2,0
150100000000,82193,7787,2,0
150100000000,82194,7786,2,0
150100000000,82195,7790,2,0
150100000000,82196,7795,2,0
150100000000,82197,7800,2,0
150100000000,82198,7832,2,0
150100000000,82199,7837,2,0
150100000000,82200,7841,2,0
150100000000,82201,7846,2,0
150100000000,82202,7851,2,0
150100000000,82203,7856,2,0
150100000000,82204,7861,2,0
150100000000,82205,7865,2,0
150100000000,82206,7870,2,0
150100000000,82208,7880,2,0
150100000000,82209,7885,2,0
150100000000,82211,7895,2,0
150100000000,82212,7900,2,0
150100000000,82213,7905,2,0
150100000000,82215,7915,2,0
150100000000,82216,7920,2,0
150100000000,82217,7925,2,0
150100000000,82218,7930,2,0
150100000000,82219,7935,2,0
150100000000,82220,7940,2,0
150100000000,82221,7945,2,0
150100000000,82222,7950,2,0
150100000000,82223,7955,2,0
150100000000,82224,7960,2,0
150100000000,82225,7965,2,0
150100000000,82857,9321,4,54
150100000000,82858,9287,4,54
150100000000,82860,9224,4,54
150100000000,82861,9204,4,54
150100000000,82863,7959,2,0
150100000000,82864,7931,2,0
150100000000,82865,7904,2,0
150100000000,82866,7876,2,0
150100000000,82867,7849,2,0
150100000000,82868,7822,2,0
150100000000,82869,7796,2,0
150100000000,82871,7784,2,0
150100000000,82872,7783,2,0
150100000000,82873,7788,2,0
150100000000,82874,7787,2,0
150100000000,82875,7792,2,0
150100000000,82876,7796,2,0
150100000000,82877,7801,2,0
150100000000,82878,7833,2,0
150100000000,82885,7867,2,0
150100000000,82888,7881,2,0
150100000000,82890,7891,2,0
150100000000,82891,7896,2,0
150100000000,82893,7906,2,0
150100000000,82895,7916,2,0
150100000000,82897,7926,2,0
150100000000,82899,7936,2,0
150100000000,82901,7946,2,0
150100000000,82902,7951,2,0
150100000000,82904,7962,2,0
150100000000,82905,7967,2,0
150100000000,82906,7972,2,0
150100000000,82907,7977,2,0
150100000000,82908,7982,2,0
150100000000,82909,7988,2,0
150100000000,82910,7993,2,0
150100000000,82911,7998,2,0
150100000000,83546,7874,2,0
150100000000,83547,7847,2,0
150100000000,83548,7820,2,0
150100000000,83549,7793,2,0
150100000000,83550,7797,2,0
150100000000,83552,7784,2,0
150100000000,83553,7789,2,0
150100000000,83554,7788,2,0
150100000000,83555,7793,2,0
150100000000,83557,7803,2,0
150100000000,83558,7834,2,0
150100000000,83559,7839,2,0
150100000000,83560,7844,2,0
150100000000,83561,7849,2,0
150100000000,83562,7853,2,0
150100000000,83563,7858,2,0
150100000000,83564,7863,2,0
150100000000,83567,7878,2,0
150100000000,83572,7902,2,0
150100000000,83579,7937,2,0
150100000000,83580,7942,2,0
150100000000,83582,7953,2,0
150100000000,83584,7963,2,0
150100000000,83586,7973,2,0
150100000000,83587,7978,2,0
150100000000,83588,7984,2,0
150100000000,83589,7989,2,0
150100000000,83590,7994,2,0
150100000000,83591,7999,2,0
150100000000,83592,8005,2,0
150100000000,83593,8010,2,0
150100000000,83594,8015,2,0
150100000000,83595,8020,2,0
150100000000,83596,8024,4,52
150100000000,83597,8012,4,52
150100000000,83598,8018,4,52
150100000000,84231,7786,2,0
150100000000,84233,7790,2,0
150100000000,84235,7794,2,0
150100000000,84236,7799,2,0
150100000000,84238,7835,2,0
150100000000,84240,7845,2,0
150100000000,84242,7855,2,0
150100000000,84243,7859,2,0
150100000000,84244,7864,2,0
150100000000,84245,7869,2,0
150100000000,84246,7874,2,0
150100000000,84247,7879,2,0
150100000000,84248,7884,2,0
150100000000,84249,7889,2,0
150100000000,84251,7899,2,0
150100000000,84252,7904,2,0
150100000000,84253,7909,2,0
150100000000,84254,7914,2,0
150100000000,84255,7919,2,0
150100000000,84256,7924,2,0
150100000000,84258,7934,2,0
150100000000,84259,7939,2,0
150100000000,84260,7944,2,0
150100000000,84262,7954,2,0
150100000000,84263,7959,2,0
150100000000,84264,7964,2,0
150100000000,84265,7969,2,0
150100000000,84266,7975,2,0
150100000000,84267,7980,2,0
150100000000,84269,7990,2,0
150100000000,84270,7995,2,0
150100000000,84271,8001,2,0
150100000000,84273,8011,2,0
150100000000,84274,8017,2,0
150100000000,84275,8022,2,0
150100000000,84276,8022,4,52
150100000000,84277,8014,4,52
150100000000,84278,8019,4,52
150100000000,84279,8024,4,52
150100000000,84280,8030,4,52
150100000000,84281,8035,4,52
150100000000,84282,8041,4,52
150100000000,84283,8046,4,52
150100000000,84284,8051,4,52
150100000000,84919,7842,2,0
150100000000,84921,7851,2,0
150100000000,84923,7861,2,0
150100000000,84924,7866,2,0
150100000000,84925,7870,2,0
150100000000,84926,7875,2,0
150100000000,84927,7880,2,0
150100000000,84928,7885,2,0
150100000000,84929,7890,2,0
150100000000,84930,7895,2,0
150100000000,84931,7900,2,0
150100000000,84932,7905,2,0
150100000000,84933,7910,2,0
150100000000,84934,7915,2,0
150100000000,84935,7920,2,0
150100000000,84936,7925,2,0
150100000000,84937,7930,2,0
150100000000,84938,7935,2,0
150100000000,84939,7940,2,0
150100000000,84940,7945,2,0
150100000000,84941,7950,2,0
150100000000,84942,7955,2,0
150100000000,84943,7961,2,0
150100000000,84944,7966,2,0
150100000000,84945,7971,2,0
150100000000,84946,7976,2,0
150100000000,84947,7981,2,0
150100000000,84948,7986,2,0
150100000000,84949,7992,2,0
150100000000,84950,7997,2,0
150100000000,84951,8002,2,0
150100000000,84952,8007,2,0
150100000000,84953,8013,2,0
150100000000,84954,8018,2,0
150100000000,84955,8023,2,0
150100000000,84956,8019,4,52
150100000000,84957,8015,4,52
150100000000,84958,8021,4,52
150100000000,84959,8026,4,52
150100000000,84960,8031,4,52
150100000000,84961,8037,4,52
150100000000,84962,8042,4,52
150100000000,84963,8047,4,52
150100000000,84964,8053,4,52
150100000000,84965,8058,4,52
150100000000,84966,8064,4,52
150100000000,84967,8069,4,52
150100000000,84968,8075,4,52
150100000000,84969,8080,4,52
150100000000,84970,8086,4,52
150100000000,84971,8091,4,52
150100000000,85608,7886,2,0
150100000000,85609,7891,2,0
150100000000,85610,7896,2,0
150100000000,85611,7901,2,0
150100000000,85612,7906,2,0
150100000000,85613,7911,2,0
150100000000,85614,7916,2,0
150100000000,85615,7921,2,0
150100000000,85616,7926,2,0
150100000000,85617,7931,2,0
150100000000,85618,7936,2,0
150100000000,85619,7941,2,0
150100000000,85620,7947,2,0
150100000000,85621,7952,2,0
150100000000,85622,7957,2,0
150100000000,85623,7962,2,0
150100000000,85624,7967,2,0
150100000000,85625,7972,2,0
150100000000,85626,7977,2,0
150100000000,85627,7983,2,0
150100000000,85628,7988,2,0
150100000000,85629,7993,2,0
150100000000,85630,7998,2,0
150100000000,85631,8003,2,0
150100000000,85632,8009,2,0
150100000000,85633,8014,2,0
150100000000,85634,8019,2,0
150100000000,85635,8025,2,0
150100000000,85636,8017,4,52
150100000000,85637,8017,4,52
150100000000,85638,8022,4,52
150100000000,85639,8027,4,52
150100000000,85640,8033,4,52
150100000000,85641,8038,4,52
150100000000,85642,8043,4,52
150100000000,85643,8049,4,52
150100000000,85644,8054,4,52
150100000000,85646,8065,4,52
150100000000,85647,8071,4,52
150100000000,85648,8076,4,52
150100000000,85650,8087,4,52
150100000000,85651,8093,4,52
150100000000,85652,8098,4,52
150100000000,85653,8104,4,52
150100000000,85654,8109,4,52
150100000000,85655,8115,4,52
150100000000,86289,7893,2,0
150100000000,86291,7903,2,0
150100000000,86293,7913,2,0
150100000000,86294,7918,2,0
150100000000,86295,7923,2,0
150100000000,86296,7928,2,0
150100000000,86297,7933,2,0
150100000000,86298,7938,2,0
150100000000,86300,7948,2,0
150100000000,86301,7953,2,0
150100000000,86305,7974,2,0
150100000000,86306,7979,2,0
150100000000,86969,7894,2,0
150100000000,86971,7904,2,0
150100000000,86973,7914,2,0
150100000000,86974,7919,2,0
150100000000,86976,7929,2,0
150100000000,86977,7934,2,0
150100000000,86979,7944,2,0
150100000000,86980,7949,2,0
150100000000,86981,7954,2,0
150100000000,86982,7960,2,0
150100000000,86983,7965,2,0
150100000000,86984,7970,2,0
150100000000,86985,7975,2,0
150100000000,86986,7980,2,0
150100000000,86987,7985,2,0
150100000000,87654,7920,2,0
150100000000,87656,7930,2,0
150100000000,87659,7946,2,0
150100000000,87662,7961,2,0
150100000000,87663,7966,2,0
150100000000,88330,7902,2,0
150100000000,88331,7907,2,0
150100000000,88332,7912,2,0
150100000000,88334,7922,2,0
150100000000,88340,7952,2,0
150100000000,88342,7962,2,0
150100000000,89013,7918,2,0
150100000000,89015,7928,2,0
150100000000,89017,7938,2,0
150100000000,89019,7948,2,0
150100000000,89698,7945,2,0
150100000000,89700,7955,2,0
150533333333,59075,10181,2,0
150533333333,59076,10147,2,0
150533333333,59077,10114,2,0
150533333333,59078,10080,2,0
150533333333,59079,10047,2,0
150533333333,59080,10014,2,0
150533333333,59081,9981,2,0
150533333333,59082,9949,2,0
150533333333,59083,9917,2,0
150533333333,59084,7575,2,0
150533333333,59085,7551,2,0
150533333333,59086,7527,2,0
150533333333,59087,7503,2,0
150533333333,59088,7479,2,0
150533333333,59089,7456,2,0
150533333333,59091,7410,2,0
150533333333,59092,7390,2,0
150533333333,59093,7394,2,0
150533333333,59095,7382,2,0
150533333333,59096,7386,2,0
150533333333,59097,7385,2,0
150533333333,59098,7390,2,0
150533333333,59099,7394,2,0
150533333333,59100,7399,2,0
150533333333,59101,7431,2,0
150533333333,59102,7435,2,0
150533333333,59103,7440,2,0
150533333333,59104,7445,2,0
150533333333,59106,7454,2,0
150533333333,59107,7459,2,0
150533333333,59108,7463,2,0
150533333333,59109,7468,2,0
150533333333,59110,7473,2,0
150533333333,59111,7477,2,0
150533333333,59112,7482,2,0
150533333333,59113,7487,2,0
150533333333,59114,7492,2,0
150533333333,59117,7506,2,0
150533333333,59755,8922,4,2
150533333333,59757,8863,4,2
150533333333,59758,8835,4,2
150533333333,59759,8808,4,2
150533333333,59760,8802,4,2
150533333333,59761,8808,4,2
150533333333,59762,8813,4,2
150533333333,59763,8818,4,2
150533333333,59764,7572,2,0
150533333333,59765,7548,2,0
150533333333,59766,7524,2,0
150533333333,59767,7500,2,0
150533333333,59768,7477,2,0
150533333333,59769,7453,2,0
150533333333,59770,7430,2,0
150533333333,59771,7407,2,0
150533333333,59772,7391,2,0
150533333333,59773,7391,2,0
150533333333,59774,7384,2,0
150533333333,59775,7383,2,0
150533333333,59776,7387,2,0
150533333333,59777,7386,2,0
150533333333,59778,7391,2,0
150533333333,59779,7395,2,0
150533333333,59780,7400,2,0
150533333333,59781,7432,2,0
150533333333,59782,7437,2,0
150533333333,59783,7441,2,0
150533333333,59784,7446,2,0
150533333333,59785,7451,2,0
150533333333,59786,7455,2,0
150533333333,59787,7460,2,0
150533333333,59788,7465,2,0
150533333333,59789,7469,2,0
150533333333,59790,7474,2,0
150533333333,59791,7479,2,0
150533333333,59792,7484,2,0
150533333333,59793,7488,2,0
150533333333,59794,7493,2,0
150533333333,59795,7498,2,0
150533333333,59796,7503,2,0
150533333333,59797,7508,2,0
150533333333,59798,7512,2,0
150533333333,59799,7517,2,0
150533333333,59800,7522,2,0
150533333333,59801,7527,2,0
150533333333,60435,10174,2,0
150533333333,60436,8930,4,54
150533333333,60437,8862,4,2
150533333333,60438,8831,4,2
150533333333,60439,8801,4,2
150533333333,60440,8772,4,2
150533333333,60441,8744,4,2
150533333333,60442,8715,4,2
150533333333,60443,7625,2,0
150533333333,60444,7570,2,0
150533333333,60445,7546,2,0
150533333333,60446,7522,2,0
150533333333,60447,7498,2,0
150533333333,60448,7474,2,0
150533333333,60449,7451,2,0
150533333333,60450,7428,2,0
150533333333,60451,7404,2,0
150533333333,60452,7392,2,0
150533333333,60453,7388,2,0
150533333333,60454,7385,2,0
150533333333,60455,7384,2,0
150533333333,60456,7389,2,0
150533333333,60457,7388,2,0
150533333333,60458,7392,2,0
150533333333,60459,7397,2,0
150533333333,60460,7401,2,0
150533333333,60462,7438,2,0
150533333333,60464,7447,2,0
150533333333,60465,7452,2,0
150533333333,60466,7457,2,0
150533333333,60468,7466,2,0
150533333333,60469,7471,2,0
150533333333,60473,7490,2,0
150533333333,60475,7499,2,0
150533333333,60477,7509,2,0
150533333333,60479,7519,2,0
150533333333,60480,7523,2,0
150533333333,60481,7528,2,0
150533333333,60482,7533,2,0
150533333333,60483,7538,2,0
150533333333,60484,7543,2,0
150533333333,60485,7548,2,0
150533333333,60486,7553,2,0
150533333333,60487,7558,2,0
150533333333,60488,7563,2,0
150533333333,60489,7568,2,0
150533333333,61120,8791,4,54
150533333333,61122,8754,4,54
150533333333,61124,7567,2,0
150533333333,61125,7543,2,0
150533333333,61126,7519,2,0
150533333333,61127,7495,2,0
150533333333,61129,7448,2,0
150533333333,61130,7425,2,0
150533333333,61131,7402,2,0
150533333333,61133,7386,2,0
150533333333,61134,7386,2,0
150533333333,61135,7385,2,0
150533333333,61136,7389,2,0
150533333333,61137,7389,2,0
150533333333,61138,7393,2,0
150533333333,61139,7398,2,0
150533333333,61140,7403,2,0
150533333333,61146,7458,2,0
150533333333,61150,7477,2,0
150533333333,61152,7486,2,0
150533333333,61155,7501,2,0
150533333333,61157,7510,2,0
150533333333,61159,7520,2,0
150533333333,61161,7530,2,0
150533333333,61162,7535,2,0
150533333333,61163,7539,2,0
150533333333,61167,7559,2,0
150533333333,61168,7564,2,0
150533333333,61169,7569,2,0
150533333333,61170,7574,2,0
150533333333,61171,7579,2,0
150533333333,61172,7584,2,0
150533333333,61173,7589,2,0
150533333333,61174,7594,2,0
150533333333,61175,7599,2,0
150533333333,61807,7493,2,0
150533333333,61808,7469,2,0
150533333333,61809,7446,2,0
150533333333,61810,7422,2,0
150533333333,61811,7399,2,0
150533333333,61812,7395,2,0
150533333333,61814,7385,2,0
150533333333,61815,7387,2,0
150533333333,61816,7389,2,0
150533333333,61818,7395,2,0
150533333333,61819,7399,2,0
150533333333,61820,7404,2,0
150533333333,61821,7436,2,0
150533333333,61822,7441,2,0
150533333333,61823,7445,2,0
150533333333,61824,7450,2,0
150533333333,61825,7455,2,0
150533333333,61826,7459,2,0
150533333333,61829,7473,2,0
150533333333,61834,7497,2,0
150533333333,61836,7507,2,0
150533333333,61843,7541,2,0
150533333333,61845,7551,2,0
150533333333,61847,7561,2,0
150533333333,61849,7571,2,0
150533333333,61850,7576,2,0
150533333333,61851,7581,2,0
150533333333,61852,7586,2,0
150533333333,61854,7596,2,0
150533333333,61856,7606,2,0
150533333333,61857,7611,2,0
150533333333,61858,7616,2,0
150533333333,61859,7621,2,0
150533333333,61860,7626,2,0
150533333333,61861,7631,2,0
150533333333,62492,7396,2,0
150533333333,62494,7384,2,0
150533333333,62495,7388,2,0
150533333333,62496,7388,2,0
150533333333,62497,7392,2,0
150533333333,62499,7401,2,0
150533333333,62502,7442,2,0
150533333333,62504,7451,2,0
150533333333,62505,7456,2,0
150533333333,62506,7461,2,0
150533333333,62507,7465,2,0
150533333333,62508,7470,2,0
150533333333,62509,7475,2,0
150533333333,62510,7480,2,0
150533333333,62511,7484,2,0
150533333333,62512,7489,2,0
150533333333,62515,7503,2,0
150533333333,62518,7518,2,0
150533333333,62520,7528,2,0
150533333333,62522,7537,2,0
150533333333,62527,7562,2,0
150533333333,62528,7567,2,0
150533333333,62529,7572,2,0
150533333333,62531,7582,2,0
150533333333,62533,7592,2,0
150533333333,62535,7602,2,0
150533333333,62536,7607,2,0
150533333333,62537,7612,2,0
150533333333,62538,7618,2,0
150533333333,62539,7623,2,0
150533333333,62540,7628,2,0
150533333333,62541,7633,2,0
150533333333,62542,7635,4,52
150533333333,62543,7624,4,52
150533333333,62544,7629,4,52
150533333333,62545,7635,4,52
150533333333,62546,7640,4,52
150533333333,62547,7645,4,52
150533333333,62549,7655,4,52
150533333333,63181,7439,2,0
150533333333,63183,7448,2,0
150533333333,63184,7453,2,0
150533333333,63185,7457,2,0
150533333333,63186,7462,2,0
150533333333,63187,7467,2,0
150533333333,63188,7471,2,0
150533333333,63190,7481,2,0
150533333333,63191,7486,2,0
150533333333,63192,7490,2,0
150533333333,63193,7495,2,0
150533333333,63194,7500,2,0
150533333333,63195,7505,2,0
150533333333,63196,7510,2,0
150533333333,63197,7515,2,0
150533333333,63198,7519,2,0
150533333333,63199,7524,2,0
150533333333,63200,7529,2,0
150533333333,63201,7534,2,0
150533333333,63202,7539,2,0
150533333333,63203,7544,2,0
150533333333,63204,7549,2,0
150533333333,63205,7554,2,0
150533333333,63206,7559,2,0
150533333333,63207,7564,2,0
150533333333,63208,7569,2,0
150533333333,63209,7574,2,0
150533333333,63210,7579,2,0
150533333333,63211,7584,2,0
150533333333,63212,7589,2,0
150533333333,63213,7594,2,0
150533333333,63214,7599,2,0
150533333333,63215,7604,2,0
150533333333,63216,7609,2,0
150533333333,63217,7614,2,0
150533333333,63218,7619,2,0
150533333333,63219,7624,2,0
150533333333,63220,7629,2,0
150533333333,63221,7634,2,0
150533333333,63222,7633,4,52
150533333333,63223,7626,4,52
150533333333,63224,7631,4,52
150533333333,63225,7636,4,52
150533333333,63227,7647,4,52
150533333333,63229,7657,4,52
150533333333,63230,7662,4,52
150533333333,63231,7668,4,52
150533333333,63232,7673,4,52
150533333333,63233,7678,4,52
150533333333,63234,7683,4,52
150533333333,63235,7689,4,52
150533333333,63236,7694,4,52
150533333333,63238,7705,4,52
150533333333,63869,7478,2,0
150533333333,63871,7487,2,0
150533333333,63873,7497,2,0
150533333333,63874,7502,2,0
150533333333,63875,7506,2,0
150533333333,63876,7511,2,0
150533333333,63878,7521,2,0
150533333333,63879,7526,2,0
150533333333,63880,7531,2,0
150533333333,63881,7535,2,0
150533333333,63882,7540,2,0
150533333333,63883,7545,2,0
150533333333,63884,7550,2,0
150533333333,63885,7555,2,0
150533333333,63886,7560,2,0
150533333333,63887,7565,2,0
150533333333,63888,7570,2,0
150533333333,63889,7575,2,0
150533333333,63890,7580,2,0
150533333333,63891,7585,2,0
150533333333,63892,7590,2,0
150533333333,63893,7595,2,0
150533333333,63894,7600,2,0
150533333333,63895,7605,2,0
150533333333,63896,7610,2,0
150533333333,63897,7615,2,0
150533333333,63898,7621,2,0
150533333333,63899,7626,2,0
150533333333,63900,7631,2,0
150533333333,63901,7636,2,0
150533333333,63902,7630,4,52
150533333333,63903,7627,4,52
150533333333,63904,7633,4,52
150533333333,63905,7638,4,52
150533333333,63906,7643,4,52
150533333333,63907,7648,4,52
150533333333,63908,7653,4,52
150533333333,63910,7664,4,52
150533333333,63911,7669,4,52
150533333333,63912,7674,4,52
150533333333,63913,7680,4,52
150533333333,63914,7685,4,52
150533333333,63916,7696,4,52
150533333333,63918,7706,4,52
150533333333,63919,7712,4,52
150533333333,64552,7493,2,0
150533333333,64556,7513,2,0
150533333333,64557,7517,2,0
150533333333,64558,7522,2,0
150533333333,64559,7527,2,0
150533333333,64560,7532,2,0
150533333333,64562,7542,2,0
150533333333,64563,7547,2,0
150533333333,64565,7557,2,0
150533333333,64566,7562,2,0
150533333333,64567,7567,2,0
150533333333,64569,7577,2,0
150533333333,64570,7582,2,0
150533333333,64571,7587,2,0
150533333333,64572,7592,2,0
150533333333,64574,7602,2,0
150533333333,64576,7612,2,0
150533333333,64579,7627,2,0
150533333333,64580,7632,2,0
150533333333,64583,7629,4,52
150533333333,64585,7639,4,52
150533333333,64587,7650,4,52
150533333333,64589,7660,4,52
150533333333,64592,7676,4,52
150533333333,64596,7697,4,52
150533333333,64598,7708,4,52
150533333333,65232,7495,2,0
150533333333,65234,7504,2,0
150533333333,65236,7514,2,0
150533333333,65237,7519,2,0
150533333333,65238,7524,2,0
150533333333,65239,7529,2,0
150533333333,65240,7534,2,0
150533333333,65241,7538,2,0
150533333333,65242,7543,2,0
150533333333,65244,7553,2,0
150533333333,65246,7563,2,0
150533333333,65248,7573,2,0
150533333333,65250,7583,2,0
150533333333,65914,7506,2,0
150533333333,65916,7516,2,0
150533333333,65918,7525,2,0
150533333333,65920,7535,2,0
150533333333,65921,7540,2,0
150533333333,65923,7550,2,0
150533333333,65925,7560,2,0
150533333333,65927,7570,2,0
150533333333,65928,7575,2,0
150533333333,65929,7580,2,0
150533333333,65930,7585,2,0
150533333333,66593,7503,2,0
150533333333,66600,7537,2,0
150533333333,66602,7546,2,0
150533333333,66603,7551,2,0
150533333333,66604,7556,2,0
150533333333,66605,7561,2,0
150533333333,66606,7566,2,0
150533333333,67274,7509,2,0
150533333333,67275,7514,2,0
150533333333,67276,7519,2,0
150533333333,67277,7524,2,0
150533333333,67279,7533,2,0
150533333333,67284,7558,2,0
150533333333,67958,7530,2,0
150533333333,67960,7540,2,0
150533333333,67961,7545,2,0
150533333333,67963,7555,2,0
150533333333,68642,7551,2,0
150533333333,68644,7561,2,0
150966666667,35978,9724,2,0
150966666667,35979,9694,2,0
150966666667,35981,9635,2,0
150966666667,36012,7046,2,0
150966666667,36015,7060,2,0
150966666667,36016,7064,2,0
150966666667,36659,8497,4,2
150966666667,36660,8495,4,2
150966666667,36661,8500,4,2
150966666667,36662,8505,4,2
150966666667,36663,8510,4,2
150966666667,36664,8516,4,2
150966666667,36665,8521,4,2
150966666667,36667,8532,4,2
150966666667,36668,8537,4,2
150966666667,36669,8542,4,2
150966666667,36670,7211,2,0
150966666667,36671,7161,2,0
150966666667,36672,7141,2,0
150966666667,36673,7120,2,0
150966666667,36674,7100,2,0
150966666667,36675,7080,2,0
150966666667,36676,7060,2,0
150966666667,36677,7040,2,0
150966666667,36678,7020,2,0
150966666667,36679,7001,2,0
150966666667,36680,6995,2,0
150966666667,36681,6990,2,0
150966666667,36682,6987,2,0
150966666667,36683,6986,2,0
150966666667,36684,6990,2,0
150966666667,36685,6989,2,0
150966666667,36686,6993,2,0
150966666667,36687,6997,2,0
150966666667,36688,7002,2,0
150966666667,36689,7007,2,0
150966666667,36690,7039,2,0
150966666667,36691,7043,2,0
150966666667,36692,7047,2,0
150966666667,36693,7052,2,0
150966666667,36694,7056,2,0
150966666667,36695,7061,2,0
150966666667,36696,7065,2,0
150966666667,36697,7070,2,0
150966666667,36698,7074,2,0
150966666667,36699,7079,2,0
150966666667,36700,7084,2,0
150966666667,36701,7088,2,0
150966666667,36702,7093,2,0
150966666667,36703,7097,2,0
150966666667,36704,7102,2,0
150966666667,36706,7111,2,0
150966666667,37338,8515,4,2
150966666667,37339,8488,4,2
150966666667,37340,8463,4,2
150966666667,37341,8437,4,2
150966666667,37342,8412,4,2
150966666667,37343,8386,4,2
150966666667,37344,8363,4,2
150966666667,37345,8341,4,2
150966666667,37346,8338,4,2
150966666667,37347,8343,4,2
150966666667,37348,8349,4,2
150966666667,37349,8354,4,2
150966666667,37350,7208,2,0
150966666667,37351,7158,2,0
150966666667,37352,7138,2,0
150966666667,37353,7117,2,0
150966666667,37354,7097,2,0
150966666667,37355,7077,2,0
150966666667,37356,7057,2,0
150966666667,37357,7037,2,0
150966666667,37358,7017,2,0
150966666667,37359,6998,2,0
150966666667,37360,6996,2,0
150966666667,37361,6987,2,0
150966666667,37362,6988,2,0
150966666667,37363,6987,2,0
150966666667,37364,6991,2,0
150966666667,37365,6990,2,0
150966666667,37366,6995,2,0
150966666667,37367,6999,2,0
150966666667,37369,7036,2,0
150966666667,37370,7040,2,0
150966666667,37371,7044,2,0
150966666667,37372,7049,2,0
150966666667,37373,7053,2,0
150966666667,37374,7058,2,0
150966666667,37375,7062,2,0
150966666667,37376,7067,2,0
150966666667,37378,7076,2,0
150966666667,37379,7080,2,0
150966666667,37380,7085,2,0
150966666667,37381,7090,2,0
150966666667,37382,7094,2,0
150966666667,37383,7099,2,0
150966666667,37384,7103,2,0
150966666667,37385,7108,2,0
150966666667,37386,7113,2,0
150966666667,37387,7117,2,0
150966666667,37388,7122,2,0
150966666667,37389,7127,2,0
150966666667,37390,7131,2,0
150966666667,38019,8506,4,54
150966666667,38020,8481,4,54
150966666667,38022,8411,4,2
150966666667,38024,8358,4,2
150966666667,38025,8333,4,2
150966666667,38026,8308,4,2
150966666667,38027,8284,4,2
150966666667,38028,8260,4,2
150966666667,38029,7226,2,0
150966666667,38030,7176,2,0
150966666667,38031,7155,2,0
150966666667,38032,7135,2,0
150966666667,38033,7114,2,0
150966666667,38034,7094,2,0
150966666667,38035,7074,2,0
150966666667,38036,7054,2,0
150966666667,38037,7034,2,0
150966666667,38038,7015,2,0
150966666667,38039,6995,2,0
150966666667,38040,6997,2,0
150966666667,38041,6986,2,0
150966666667,38042,6988,2,0
150966666667,38043,6988,2,0
150966666667,38047,7000,2,0
150966666667,38051,7046,2,0
150966666667,38055,7064,2,0
150966666667,38056,7068,2,0
150966666667,38060,7087,2,0
150966666667,38062,7096,2,0
150966666667,38064,7105,2,0
150966666667,38067,7119,2,0
150966666667,38068,7123,2,0
150966666667,38069,7128,2,0
150966666667,38070,7133,2,0
150966666667,38072,7142,2,0
150966666667,38074,7152,2,0
150966666667,38075,7156,2,0
150966666667,38076,7161,2,0
150966666667,38077,7166,2,0
150966666667,38078,7171,2,0
150966666667,38079,7175,2,0
150966666667,38706,8326,4,54
150966666667,38707,8324,4,54
150966666667,38708,8258,4,2
150966666667,38709,7223,2,0
150966666667,38710,7173,2,0
150966666667,38711,7152,2,0
150966666667,38712,7132,2,0
150966666667,38713,7111,2,0
150966666667,38714,7091,2,0
150966666667,38716,7051,2,0
150966666667,38718,7012,2,0
150966666667,38719,6994,2,0
150966666667,38720,6999,2,0
150966666667,38721,6987,2,0
150966666667,38722,6987,2,0
150966666667,38723,6990,2,0
150966666667,38724,6993,2,0
150966666667,38725,6993,2,0
150966666667,38726,6997,2,0
150966666667,38727,7002,2,0
150966666667,38732,7052,2,0
150966666667,38735,7065,2,0
150966666667,38736,7070,2,0
150966666667,38738,7079,2,0
150966666667,38744,7106,2,0
150966666667,38747,7120,2,0
150966666667,38749,7130,2,0
150966666667,38751,7139,2,0
150966666667,38754,7153,2,0
150966666667,38756,7163,2,0
150966666667,38757,7167,2,0
150966666667,38759,7177,2,0
150966666667,39391,7149,2,0
150966666667,39393,7109,2,0
150966666667,39395,7068,2,0
150966666667,39397,7029,2,0
150966666667,39399,6996,2,0
150966666667,39402,6987,2,0
150966666667,39404,6992,2,0
150966666667,39405,6994,2,0
150966666667,39406,6999,2,0
150966666667,39407,7003,2,0
150966666667,39408,7008,2,0
150966666667,39409,7040,2,0
150966666667,39410,7044,2,0
150966666667,39411,7049,2,0
150966666667,39421,7094,2,0
150966666667,39431,7141,2,0
150966666667,39433,7150,2,0
150966666667,39435,7159,2,0
150966666667,39437,7169,2,0
150966666667,39438,7174,2,0
150966666667,39439,7179,2,0
150966666667,40077,7026,2,0
150966666667,40079,6997,2,0
150966666667,40081,6989,2,0
150966666667,40083,6993,2,0
150966666667,40085,6996,2,0
150966666667,40086,7000,2,0
150966666667,40088,7009,2,0
150966666667,40091,7050,2,0
150966666667,40092,7055,2,0
150966666667,40093,7059,2,0
150966666667,40094,7064,2,0
150966666667,40095,7068,2,0
150966666667,40096,7073,2,0
150966666667,40097,7077,2,0
150966666667,40099,7086,2,0
150966666667,40103,7105,2,0
150966666667,40105,7114,2,0
150966666667,40107,7123,2,0
150966666667,40108,7128,2,0
150966666667,40115,7161,2,0
150966666667,40116,7166,2,0
150966666667,40118,7175,2,0
150966666667,40765,6997,2,0
150966666667,40767,7006,2,0
150966666667,40769,7043,2,0
150966666667,40770,7047,2,0
150966666667,40772,7056,2,0
150966666667,40773,7061,2,0
150966666667,40775,7070,2,0
150966666667,40776,7074,2,0
150966666667,40777,7079,2,0
150966666667,40778,7083,2,0
150966666667,40779,7088,2,0
150966666667,40781,7097,2,0
150966666667,40782,7102,2,0
150966666667,40783,7106,2,0
150966666667,40784,7111,2,0
150966666667,40785,7116,2,0
150966666667,40786,7120,2,0
150966666667,40787,7125,2,0
150966666667,40788,7130,2,0
150966666667,40789,7134,2,0
150966666667,40790,7139,2,0
150966666667,40791,7144,2,0
150966666667,40792,7148,2,0
150966666667,40793,7153,2,0
150966666667,40794,7158,2,0
150966666667,40795,7163,2,0
150966666667,40796,7167,2,0
150966666667,40797,7172,2,0
150966666667,40798,7177,2,0
150966666667,40799,7182,2,0
150966666667,41454,7067,2,0
150966666667,41455,7071,2,0
150966666667,41456,7076,2,0
150966666667,41457,7080,2,0
150966666667,41458,7085,2,0
150966666667,41459,7090,2,0
150966666667,41460,7094,2,0
150966666667,41462,7103,2,0
150966666667,41465,7117,2,0
150966666667,41466,7122,2,0
150966666667,41467,7127,2,0
150966666667,41468,7131,2,0
150966666667,41470,7141,2,0
150966666667,41471,7145,2,0
150966666667,41472,7150,2,0
150966666667,41473,7155,2,0
150966666667,41474,7159,2,0
150966666667,41475,7164,2,0
150966666667,41476,7169,2,0
150966666667,41477,7174,2,0
150966666667,41478,7179,2,0
150966666667,41479,7183,2,0
150966666667,42140,7096,2,0
150966666667,42141,7100,2,0
150966666667,42142,7105,2,0
150966666667,42143,7110,2,0
150966666667,42144,7114,2,0
150966666667,42145,7119,2,0
150966666667,42146,7123,2,0
150966666667,42147,7128,2,0
150966666667,42149,7137,2,0
150966666667,42150,7142,2,0
150966666667,42151,7147,2,0
150966666667,42152,7152,2,0
150966666667,42153,7156,2,0
150966666667,42155,7166,2,0
150966666667,42157,7175,2,0
150966666667,42158,7180,2,0
150966666667,42159,7185,2,0
150966666667,42819,7093,2,0
150966666667,42822,7106,2,0
150966666667,42824,7116,2,0
150966666667,42825,7120,2,0
150966666667,42827,7130,2,0
150966666667,42828,7134,2,0
150966666667,42831,7149,2,0
150966666667,42833,7158,2,0
150966666667,42835,7168,2,0
150966666667,42837,7177,2,0
150966666667,42838,7182,2,0
150966666667,43499,7094,2,0
150966666667,43501,7103,2,0
150966666667,43504,7117,2,0
150966666667,43506,7127,2,0
150966666667,43509,7141,2,0
150966666667,43510,7145,2,0
150966666667,43511,7150,2,0
150966666667,43512,7155,2,0
150966666667,43513,7160,2,0
150966666667,43514,7164,2,0
150966666667,43517,7179,2,0
150966666667,43519,7188,2,0
150966666667,44184,7119,2,0
150966666667,44186,7128,2,0
150966666667,44192,7157,2,0
150966666667,44194,7166,2,0
150966666667,44195,7171,2,0
150966666667,44197,7180,2,0
150966666667,44198,7185,2,0
150966666667,44860,7102,2,0
150966666667,44868,7139,2,0
150966666667,44870,7149,2,0
150966666667,44871,7154,2,0
150966666667,44873,7163,2,0
150966666667,45542,7113,2,0
150966666667,45545,7127,2,0
150966666667,45547,7136,2,0
150966666667,45553,7165,2,0
150966666667,46224,7124,2,0
150966666667,46226,7133,2,0
150966666667,46228,7143,2,0
150966666667,46229,7147,2,0
150966666667,46232,7162,2,0
150966666667,46911,7159,2,0
150966666667,46913,7168,2,0
151400000000,21022,9227,2,0
151400000000,21701,9249,2,0
151400000000,21702,9223,2,0
151400000000,21703,9197,2,0
151400000000,21704,9171,2,0
151400000000,21705,9145,2,0
151400000000,21706,9119,2,0
151400000000,21707,9094,2,0
151400000000,21708,9069,2,0
151400000000,21709,9044,2,0
151400000000,21711,8994,2,0
151400000000,21712,8970,2,0
151400000000,21713,8945,2,0
151400000000,21714,8921,2,0
151400000000,21715,8897,2,0
151400000000,21716,8874,2,0
151400000000,21717,6804,2,0
151400000000,21718,6786,2,0
151400000000,21719,6741,2,0
151400000000,21720,6724,2,0
151400000000,21721,6706,2,0
151400000000,21722,6689,2,0
151400000000,21723,6671,2,0
151400000000,21724,6654,2,0
151400000000,21726,6620,2,0
151400000000,21728,6587,2,0
151400000000,21730,6580,2,0
151400000000,21731,6569,2,0
151400000000,21732,6569,2,0
151400000000,21733,6572,2,0
151400000000,21734,6576,2,0
151400000000,21735,6575,2,0
151400000000,21736,6579,2,0
151400000000,21737,6584,2,0
151400000000,21738,6588,2,0
151400000000,21739,6593,2,0
151400000000,21740,6625,2,0
151400000000,21741,6630,2,0
151400000000,21742,6634,2,0
151400000000,21743,6638,2,0
151400000000,21744,6643,2,0
151400000000,21745,6647,2,0
151400000000,21746,6652,2,0
151400000000,22383,8056,4,2
151400000000,22384,8034,4,2
151400000000,22385,8013,4,2
151400000000,22386,7997,4,2
151400000000,22387,8000,4,2
151400000000,22388,8006,4,2
151400000000,22389,8011,4,2
151400000000,22390,8016,4,2
151400000000,22391,8021,4,2
151400000000,22392,8026,4,2
151400000000,22393,8031,4,2
151400000000,22394,8036,4,2
151400000000,22395,8041,4,2
151400000000,22396,8047,4,2
151400000000,22397,6802,2,0
151400000000,22398,6756,2,0
151400000000,22399,6739,2,0
151400000000,22400,6721,2,0
151400000000,22401,6703,2,0
151400000000,22402,6686,2,0
151400000000,22403,6669,2,0
151400000000,22404,6651,2,0
151400000000,22406,6617,2,0
151400000000,22407,6600,2,0
151400000000,22408,6584,2,0
151400000000,22410,6577,2,0
151400000000,22411,6570,2,0
151400000000,22412,6569,2,0
151400000000,22413,6573,2,0
151400000000,22414,6576,2,0
151400000000,22415,6576,2,0
151400000000,22416,6581,2,0
151400000000,22417,6585,2,0
151400000000,22418,6590,2,0
151400000000,22419,6622,2,0
151400000000,22421,6631,2,0
151400000000,22423,6640,2,0
151400000000,22424,6644,2,0
151400000000,22425,6649,2,0
151400000000,22426,6653,2,0
151400000000,22427,6658,2,0
151400000000,22428,6662,2,0
151400000000,22429,6667,2,0
151400000000,22430,6671,2,0
151400000000,22431,6676,2,0
151400000000,22432,6681,2,0
151400000000,22433,6685,2,0
151400000000,23061,9241,2,0
151400000000,23062,8079,4,2
151400000000,23063,8053,4,2
151400000000,23064,8030,4,2
151400000000,23065,8007,4,2
151400000000,23066,7985,4,2
151400000000,23067,7963,4,2
151400000000,23068,7941,4,2
151400000000,23069,7919,4,2
151400000000,23070,7898,4,2
151400000000,23071,7877,4,2
151400000000,23072,7864,4,2
151400000000,23073,7868,4,2
151400000000,23074,7873,4,2
151400000000,23075,7878,4,2
151400000000,23076,7883,4,2
151400000000,23077,6799,2,0
151400000000,23078,6754,2,0
151400000000,23079,6736,2,0
151400000000,23080,6718,2,0
151400000000,23081,6700,2,0
151400000000,23082,6683,2,0
151400000000,23083,6666,2,0
151400000000,23084,6649,2,0
151400000000,23085,6632,2,0
151400000000,23086,6615,2,0
151400000000,23087,6598,2,0
151400000000,23088,6581,2,0
151400000000,23090,6574,2,0
151400000000,23091,6572,2,0
151400000000,23092,6570,2,0
151400000000,23095,6578,2,0
151400000000,23096,6582,2,0
151400000000,23099,6624,2,0
151400000000,23100,6628,2,0
151400000000,23101,6633,2,0
151400000000,23104,6646,2,0
151400000000,23106,6655,2,0
151400000000,23107,6659,2,0
151400000000,23110,6673,2,0
151400000000,23112,6682,2,0
151400000000,23113,6687,2,0
151400000000,23114,6691,2,0
151400000000,23115,6696,2,0
151400000000,23116,6700,2,0
151400000000,23117,6705,2,0
151400000000,23119,6714,2,0
151400000000,23746,8003,4,54
151400000000,23748,7939,4,2
151400000000,23750,7894,4,2
151400000000,23751,7872,4,2
151400000000,23752,7851,4,2
151400000000,23753,7829,4,2
151400000000,23754,7808,4,2
151400000000,23755,7787,4,2
151400000000,23757,6796,2,0
151400000000,23759,6733,2,0
151400000000,23760,6715,2,0
151400000000,23761,6698,2,0
151400000000,23762,6680,2,0
151400000000,23763,6663,2,0
151400000000,23764,6646,2,0
151400000000,23765,6629,2,0
151400000000,23766,6612,2,0
151400000000,23767,6595,2,0
151400000000,23768,6578,2,0
151400000000,23773,6576,2,0
151400000000,23777,6588,2,0
151400000000,23782,6639,2,0
151400000000,23786,6656,2,0
151400000000,23788,6665,2,0
151400000000,23789,6670,2,0
151400000000,23791,6679,2,0
151400000000,23794,6693,2,0
151400000000,23797,6707,2,0
151400000000,23799,6716,2,0
151400000000,24432,7871,4,54
151400000000,24434,7806,4,2
151400000000,24436,7763,4,2
151400000000,24438,6748,2,0
151400000000,24439,6730,2,0
151400000000,24442,6677,2,0
151400000000,24444,6643,2,0
151400000000,24446,6609,2,0
151400000000,24447,6592,2,0
151400000000,24448,6578,2,0
151400000000,24449,6583,2,0
151400000000,24450,6571,2,0
151400000000,24451,6573,2,0
151400000000,24453,6578,2,0
151400000000,24456,6585,2,0
151400000000,24458,6594,2,0
151400000000,24461,6636,2,0
151400000000,24462,6640,2,0
151400000000,24464,6649,2,0
151400000000,24474,6694,2,0
151400000000,24476,6704,2,0
151400000000,24478,6713,2,0
151400000000,25118,6745,2,0
151400000000,25120,6710,2,0
151400000000,25121,6692,2,0
151400000000,25122,6675,2,0
151400000000,25123,6657,2,0
151400000000,25125,6623,2,0
151400000000,25128,6580,2,0
151400000000,25131,6572,2,0
151400000000,25132,6575,2,0
151400000000,25133,6579,2,0
151400000000,25134,6578,2,0
151400000000,25135,6582,2,0
151400000000,25136,6587,2,0
151400000000,25137,6591,2,0
151400000000,25138,6596,2,0
151400000000,25145,6655,2,0
151400000000,25147,6664,2,0
151400000000,25150,6678,2,0
151400000000,25159,6719,2,0
151400000000,25802,6672,2,0
151400000000,25804,6638,2,0
151400000000,25805,6621,2,0
151400000000,25807,6587,2,0
151400000000,25809,6580,2,0
151400000000,25810,6573,2,0
151400000000,25813,6579,2,0
151400000000,25815,6584,2,0
151400000000,25817,6593,2,0
151400000000,25818,6625,2,0
151400000000,25819,6630,2,0
151400000000,25820,6634,2,0
151400000000,25821,6639,2,0
151400000000,25822,6643,2,0
151400000000,25825,6657,2,0
151400000000,25832,6688,2,0
151400000000,25835,6702,2,0
151400000000,26491,6574,2,0
151400000000,26492,6578,2,0
151400000000,26494,6581,2,0
151400000000,26498,6627,2,0
151400000000,26499,6631,2,0
151400000000,26501,6640,2,0
151400000000,26503,6649,2,0
151400000000,26504,6654,2,0
151400000000,26506,6663,2,0
151400000000,26507,6667,2,0
151400000000,26508,6672,2,0
151400000000,26509,6676,2,0
151400000000,26510,6681,2,0
151400000000,26511,6685,2,0
151400000000,26512,6690,2,0
151400000000,26514,6699,2,0
151400000000,26515,6704,2,0
151400000000,26517,6713,2,0
151400000000,26518,6718,2,0
151400000000,26519,6722,2,0
151400000000,27176,6591,2,0
151400000000,27180,6637,2,0
151400000000,27181,6642,2,0
151400000000,27182,6646,2,0
151400000000,27183,6651,2,0
151400000000,27184,6655,2,0
151400000000,27185,6660,2,0
151400000000,27186,6664,2,0
151400000000,27188,6673,2,0
151400000000,27191,6687,2,0
151400000000,27192,6692,2,0
151400000000,27193,6696,2,0
151400000000,27194,6701,2,0
151400000000,27195,6706,2,0
151400000000,27196,6710,2,0
151400000000,27197,6715,2,0
151400000000,27198,6719,2,0
151400000000,27199,6724,2,0
151400000000,27866,6666,2,0
151400000000,27867,6671,2,0
151400000000,27868,6675,2,0
151400000000,27869,6680,2,0
151400000000,27870,6684,2,0
151400000000,27871,6689,2,0
151400000000,27874,6703,2,0
151400000000,27876,6712,2,0
151400000000,27877,6716,2,0
151400000000,27879,6726,2,0
151400000000,28547,6672,2,0
151400000000,28549,6681,2,0
151400000000,28550,6686,2,0
151400000000,28552,6695,2,0
151400000000,28553,6700,2,0
151400000000,28554,6704,2,0
151400000000,28555,6709,2,0
151400000000,28556,6714,2,0
151400000000,28558,6723,2,0
151400000000,28559,6728,2,0
151400000000,29230,6688,2,0
151400000000,29231,6692,2,0
151400000000,29233,6701,2,0
151400000000,29234,6706,2,0
151400000000,29235,6711,2,0
151400000000,29236,6715,2,0
151400000000,29237,6720,2,0
151400000000,29907,6675,2,0
151400000000,29910,6689,2,0
151400000000,29915,6712,2,0
151400000000,29916,6717,2,0
151400000000,29918,6726,2,0
151400000000,29919,6731,2,0
151400000000,30592,6700,2,0
151400000000,30595,6714,2,0
151400000000,31268,6683,2,0
151400000000,31271,6697,2,0
151400000000,31278,6730,2,0
151400000000,31279,6734,2,0
151400000000,31950,6694,2,0
151400000000,31952,6704,2,0
151400000000,31953,6708,2,0
151400000000,31956,6722,2,0
151400000000,32635,6719,2,0
151400000000,32637,6729,2,0
151400000000,32639,6738,2,0
151833333333,36592,8678,2,0
151833333333,36593,8653,2,0
151833333333,36595,8604,2,0
151833333333,36597,8556,2,0
151833333333,36598,8532,2,0
151833333333,36603,8416,2,0
151833333333,36607,8325,2,0
151833333333,36610,8260,2,0
151833333333,36611,8238,2,0
151833333333,36614,6296,2,0
151833333333,36615,6254,2,0
151833333333,36618,6207,2,0
151833333333,36619,6191,2,0
151833333333,36622,6144,2,0
151833333333,36623,6129,2,0
151833333333,36626,6087,2,0
151833333333,36627,6092,2,0
151833333333,36628,6080,2,0
151833333333,36629,6083,2,0
151833333333,36630,6083,2,0
151833333333,36631,6088,2,0
151833333333,36632,6087,2,0
151833333333,36633,6092,2,0
151833333333,36635,6102,2,0
151833333333,37273,7588,4,2
151833333333,37274,7570,4,2
151833333333,37275,7566,4,2
151833333333,37276,7570,4,2
151833333333,37277,7575,4,2
151833333333,37278,7579,4,2
151833333333,37279,7584,4,2
151833333333,37280,7588,4,2
151833333333,37281,7593,4,2
151833333333,37282,7597,4,2
151833333333,37283,7602,4,2
151833333333,37284,7607,4,2
151833333333,37285,7611,4,2
151833333333,37286,7616,4,2
151833333333,37287,7620,4,2
151833333333,37288,7625,4,2
151833333333,37289,7630,4,2
151833333333,37290,7634,4,2
151833333333,37291,7639,4,2
151833333333,37292,7644,4,2
151833333333,37293,6310,2,0
151833333333,37294,6294,2,0
151833333333,37295,6253,2,0
151833333333,37296,6237,2,0
151833333333,37297,6221,2,0
151833333333,37298,6205,2,0
151833333333,37299,6189,2,0
151833333333,37300,6174,2,0
151833333333,37301,6158,2,0
151833333333,37302,6143,2,0
151833333333,37303,6127,2,0
151833333333,37304,6112,2,0
151833333333,37305,6097,2,0
151833333333,37306,6088,2,0
151833333333,37307,6091,2,0
151833333333,37308,6081,2,0
151833333333,37309,6082,2,0
151833333333,37310,6085,2,0
151833333333,37311,6089,2,0
151833333333,37313,6094,2,0
151833333333,37314,6099,2,0
151833333333,37315,6104,2,0
151833333333,37316,6138,2,0
151833333333,37317,6143,2,0
151833333333,37318,6148,2,0
151833333333,37319,6153,2,0
151833333333,37320,6158,2,0
151833333333,37321,6163,2,0
151833333333,37323,6173,2,0
151833333333,37952,8673,2,0
151833333333,37954,7564,4,2
151833333333,37955,7542,4,2
151833333333,37956,7521,4,2
151833333333,37957,7500,4,2
151833333333,37958,7479,4,2
151833333333,37959,7460,4,2
151833333333,37960,7442,4,2
151833333333,37961,7438,4,2
151833333333,37962,7442,4,2
151833333333,37963,7446,4,2
151833333333,37964,7451,4,2
151833333333,37965,7455,4,2
151833333333,37966,7460,4,2
151833333333,37967,7464,4,2
151833333333,37968,7469,4,2
151833333333,37969,7473,4,2
151833333333,37970,7478,4,2
151833333333,37971,7483,4,2
151833333333,37972,7487,4,2
151833333333,37973,6308,2,0
151833333333,37974,6292,2,0
151833333333,37975,6251,2,0
151833333333,37976,6235,2,0
151833333333,37977,6219,2,0
151833333333,37978,6203,2,0
151833333333,37979,6187,2,0
151833333333,37980,6172,2,0
151833333333,37981,6156,2,0
151833333333,37982,6141,2,0
151833333333,37983,6126,2,0
151833333333,37984,6110,2,0
151833333333,37985,6095,2,0
151833333333,37986,6090,2,0
151833333333,37987,6090,2,0
151833333333,37988,6082,2,0
151833333333,37989,6082,2,0
151833333333,37990,6086,2,0
151833333333,37991,6090,2,0
151833333333,37992,6090,2,0
151833333333,37993,6095,2,0
151833333333,37995,6105,2,0
151833333333,37997,6144,2,0
151833333333,37998,6149,2,0
151833333333,38000,6159,2,0
151833333333,38001,6164,2,0
151833333333,38002,6169,2,0
151833333333,38003,6174,2,0
151833333333,38004,6179,2,0
151833333333,38005,6184,2,0
151833333333,38007,6195,2,0
151833333333,38633,7601,4,54
151833333333,38635,7566,4,54
151833333333,38637,7499,4,2
151833333333,38638,7477,4,2
151833333333,38640,7436,4,2
151833333333,38641,7416,4,2
151833333333,38642,7395,4,2
151833333333,38643,7375,4,2
151833333333,38644,7355,4,2
151833333333,38645,7336,4,2
151833333333,38646,7319,4,2
151833333333,38647,7315,4,2
151833333333,38649,7324,4,2
151833333333,38650,7328,4,2
151833333333,38651,7332,4,2
151833333333,38652,7337,4,2
151833333333,38653,6307,2,0
151833333333,38654,6265,2,0
151833333333,38655,6249,2,0
151833333333,38656,6233,2,0
151833333333,38657,6217,2,0
151833333333,38658,6201,2,0
151833333333,38659,6186,2,0
151833333333,38660,6170,2,0
151833333333,38662,6139,2,0
151833333333,38664,6109,2,0
151833333333,38668,6084,2,0
151833333333,38672,6092,2,0
151833333333,38677,6145,2,0
151833333333,38679,6155,2,0
151833333333,38682,6171,2,0
151833333333,38685,6186,2,0
151833333333,38686,6191,2,0
151833333333,38687,6196,2,0
151833333333,38688,6201,2,0
151833333333,38689,6206,2,0
151833333333,38690,6212,2,0
151833333333,38691,6217,2,0
151833333333,38692,6222,2,0
151833333333,38693,6227,2,0
151833333333,38694,6232,2,0
151833333333,38695,6238,2,0
151833333333,39319,7473,4,54
151833333333,39321,7443,4,54
151833333333,39322,7397,4,2
151833333333,39324,7353,4,2
151833333333,39325,7333,4,2
151833333333,39326,7314,4,2
151833333333,39329,7255,4,2
151833333333,39332,7201,4,2
151833333333,39334,6264,2,0
151833333333,39335,6248,2,0
151833333333,39336,6232,2,0
151833333333,39337,6216,2,0
151833333333,39338,6200,2,0
151833333333,39339,6184,2,0
151833333333,39340,6168,2,0
151833333333,39341,6153,2,0
151833333333,39349,6084,2,0
151833333333,39353,6098,2,0
151833333333,39355,6108,2,0
151833333333,39362,6172,2,0
151833333333,39365,6187,2,0
151833333333,39367,6198,2,0
151833333333,39372,6224,2,0
151833333333,39375,6239,2,0
151833333333,39377,6250,2,0
151833333333,39378,6255,2,0
151833333333,39379,6260,2,0
151833333333,39380,6266,2,0
151833333333,39381,6271,2,0
151833333333,39384,6287,2,0
151833333333,40006,7329,4,54
151833333333,40008,7275,4,2
151833333333,40009,7254,4,2
151833333333,40010,7234,4,2
151833333333,40011,7215,4,2
151833333333,40013,6303,2,0
151833333333,40016,6230,2,0
151833333333,40019,6182,2,0
151833333333,40021,6151,2,0
151833333333,40022,6136,2,0
151833333333,40023,6121,2,0
151833333333,40024,6105,2,0
151833333333,40025,6090,2,0
151833333333,40028,6086,2,0
151833333333,40032,6094,2,0
151833333333,40038,6153,2,0
151833333333,40047,6199,2,0
151833333333,40050,6215,2,0
151833333333,40052,6225,2,0
151833333333,40054,6236,2,0
151833333333,40055,6241,2,0
151833333333,40056,6246,2,0
151833333333,40058,6257,2,0
151833333333,40059,6262,2,0
151833333333,40060,6267,2,0
151833333333,40061,6273,2,0
151833333333,40062,6278,2,0
151833333333,40063,6283,2,0
151833333333,40065,6294,2,0
151833333333,40066,6300,2,0
151833333333,40068,6310,2,0
151833333333,40692,7213,4,54
151833333333,40693,6302,2,0
151833333333,40695,6244,2,0
151833333333,40697,6212,2,0
151833333333,40698,6196,2,0
151833333333,40700,6165,2,0
151833333333,40704,6104,2,0
151833333333,40706,6095,2,0
151833333333,40707,6084,2,0
151833333333,40708,6087,2,0
151833333333,40709,6087,2,0
151833333333,40710,6092,2,0
151833333333,40712,6096,2,0
151833333333,40713,6101,2,0
151833333333,40716,6145,2,0
151833333333,40721,6170,2,0
151833333333,40723,6180,2,0
151833333333,40734,6237,2,0
151833333333,40735,6242,2,0
151833333333,40736,6248,2,0
151833333333,40737,6253,2,0
151833333333,40738,6258,2,0
151833333333,40740,6269,2,0
151833333333,40743,6285,2,0
151833333333,40744,6290,2,0
151833333333,40745,6296,2,0
151833333333,40746,6301,2,0
151833333333,40747,6307,2,0
151833333333,40748,6312,2,0
151833333333,40750,6323,2,0
151833333333,40751,6328,2,0
151833333333,40753,6340,2,0
151833333333,40754,6345,2,0
151833333333,41377,6211,2,0
151833333333,41380,6164,2,0
151833333333,41382,6133,2,0
151833333333,41383,6117,2,0
151833333333,41385,6092,2,0
151833333333,41389,6088,2,0
151833333333,41392,6097,2,0
151833333333,41394,6107,2,0
151833333333,41395,6141,2,0
151833333333,41397,6151,2,0
151833333333,41398,6156,2,0
151833333333,41399,6161,2,0
151833333333,41406,6197,2,0
151833333333,41408,6207,2,0
151833333333,41409,6212,2,0
151833333333,41411,6223,2,0
151833333333,41420,6270,2,0
151833333333,41423,6287,2,0
151833333333,41426,6303,2,0
151833333333,41429,6319,2,0
151833333333,41432,6336,2,0
151833333333,41433,6341,2,0
151833333333,41435,6352,2,0
151833333333,41436,6358,2,0
151833333333,41437,6363,2,0
151833333333,41439,6375,2,0
151833333333,41440,6380,2,0
151833333333,42064,6101,2,0
151833333333,42067,6086,2,0
151833333333,42068,6086,2,0
151833333333,42069,6090,2,0
151833333333,42070,6094,2,0
151833333333,42071,6094,2,0
151833333333,42072,6099,2,0
151833333333,42073,6104,2,0
151833333333,42074,6109,2,0
151833333333,42077,6153,2,0
151833333333,42080,6168,2,0
151833333333,42081,6173,2,0
151833333333,42082,6178,2,0
151833333333,42083,6183,2,0
151833333333,42084,6188,2,0
151833333333,42085,6193,2,0
151833333333,42086,6198,2,0
151833333333,42087,6204,2,0
151833333333,42088,6209,2,0
151833333333,42089,6214,2,0
151833333333,42091,6224,2,0
151833333333,42092,6230,2,0
151833333333,42093,6235,2,0
151833333333,42094,6240,2,0
151833333333,42095,6245,2,0
151833333333,42096,6251,2,0
151833333333,42097,6256,2,0
151833333333,42098,6261,2,0
151833333333,42099,6267,2,0
151833333333,42100,6272,2,0
151833333333,42101,6277,2,0
151833333333,42102,6283,2,0
151833333333,42103,6288,2,0
151833333333,42104,6294,2,0
151833333333,42105,6299,2,0
151833333333,42106,6304,2,0
151833333333,42108,6315,2,0
151833333333,42109,6321,2,0
151833333333,42110,6326,2,0
151833333333,42111,6332,2,0
151833333333,42113,6343,2,0
151833333333,42114,6348,2,0
151833333333,42115,6354,2,0
151833333333,42118,6371,2,0
151833333333,42119,6376,2,0
151833333333,42121,6388,2,0
151833333333,42122,6376,4,52
151833333333,42123,6379,4,52
151833333333,42125,6390,4,52
151833333333,42126,6396,4,52
151833333333,42129,6413,4,52
151833333333,42755,6144,2,0
151833333333,42756,6149,2,0
151833333333,42758,6159,2,0
151833333333,42759,6164,2,0
151833333333,42760,6169,2,0
151833333333,42762,6179,2,0
151833333333,42765,6195,2,0
151833333333,42768,6210,2,0
151833333333,42769,6216,2,0
151833333333,42770,6221,2,0
151833333333,42772,6231,2,0
151833333333,42773,6236,2,0
151833333333,42775,6247,2,0
151833333333,42776,6252,2,0
151833333333,42777,6258,2,0
151833333333,42778,6263,2,0
151833333333,42779,6268,2,0
151833333333,42780,6274,2,0
151833333333,42781,6279,2,0
151833333333,42782,6284,2,0
151833333333,42783,6290,2,0
151833333333,42785,6301,2,0
151833333333,42786,6306,2,0
151833333333,42787,6312,2,0
151833333333,42790,6328,2,0
151833333333,42791,6333,2,0
151833333333,42792,6339,2,0
151833333333,42794,6350,2,0
151833333333,42795,6356,2,0
151833333333,42796,6361,2,0
151833333333,42797,6367,2,0
151833333333,42799,6378,2,0
151833333333,42800,6384,2,0
151833333333,42801,6387,4,52
151833333333,42803,6380,4,52
151833333333,42804,6386,4,52
151833333333,42805,6392,4,52
151833333333,42807,6403,4,52
151833333333,42808,6409,4,52
151833333333,42809,6415,4,52
151833333333,42810,6420,4,52
151833333333,42811,6426,4,52
151833333333,42812,6432,4,52
151833333333,42815,6449,4,52
151833333333,43440,6171,2,0
151833333333,43441,6176,2,0
151833333333,43442,6181,2,0
151833333333,43443,6186,2,0
151833333333,43444,6191,2,0
151833333333,43445,6196,2,0
151833333333,43446,6202,2,0
151833333333,43447,6207,2,0
151833333333,43448,6212,2,0
151833333333,43451,6228,2,0
151833333333,43452,6233,2,0
151833333333,43454,6243,2,0
151833333333,43455,6249,2,0
151833333333,43456,6254,2,0
151833333333,43457,6259,2,0
151833333333,43459,6270,2,0
151833333333,43460,6275,2,0
151833333333,43461,6281,2,0
151833333333,43462,6286,2,0
151833333333,43463,6291,2,0
151833333333,43464,6297,2,0
151833333333,43468,6319,2,0
151833333333,43469,6324,2,0
151833333333,43472,6341,2,0
151833333333,43473,6346,2,0
151833333333,43474,6352,2,0
151833333333,43477,6369,2,0
151833333333,43478,6374,2,0
151833333333,43479,6380,2,0
151833333333,43482,6376,4,52
151833333333,43483,6382,4,52
151833333333,43485,6393,4,52
151833333333,43487,6405,4,52
151833333333,43488,6411,4,52
151833333333,43490,6422,4,52
151833333333,43491,6428,4,52
151833333333,43493,6439,4,52
151833333333,43494,6445,4,52
151833333333,43495,6451,4,52
151833333333,43496,6457,4,52
151833333333,43498,6469,4,52
151833333333,43500,6480,4,52
151833333333,44121,6177,2,0
151833333333,44123,6188,2,0
151833333333,44124,6193,2,0
151833333333,44127,6208,2,0
151833333333,44129,6219,2,0
151833333333,44130,6224,2,0
151833333333,44131,6229,2,0
151833333333,44133,6240,2,0
151833333333,44134,6245,2,0
151833333333,44136,6256,2,0
151833333333,44137,6261,2,0
151833333333,44138,6266,2,0
151833333333,44140,6277,2,0
151833333333,44141,6282,2,0
151833333333,44145,6304,2,0
151833333333,44146,6309,2,0
151833333333,44149,6326,2,0
151833333333,44151,6337,2,0
151833333333,44154,6353,2,0
151833333333,44156,6365,2,0
151833333333,44159,6381,2,0
151833333333,44160,6387,2,0
151833333333,44164,6390,4,52
151833333333,44168,6412,4,52
151833333333,44173,6441,4,52
151833333333,44178,6471,4,52
151833333333,44804,6194,2,0
151833333333,44805,6199,2,0
151833333333,44807,6210,2,0
151833333333,44808,6215,2,0
151833333333,44809,6220,2,0
151833333333,44810,6225,2,0
151833333333,44812,6236,2,0
151833333333,44813,6241,2,0
151833333333,44814,6247,2,0
151833333333,44816,6257,2,0
151833333333,44817,6262,2,0
151833333333,44820,6279,2,0
151833333333,45481,6181,2,0
151833333333,45484,6196,2,0
151833333333,45486,6206,2,0
151833333333,45490,6227,2,0
151833333333,45493,6243,2,0
151833333333,45494,6248,2,0
151833333333,45495,6254,2,0
151833333333,45496,6259,2,0
151833333333,45498,6270,2,0
151833333333,45499,6275,2,0
151833333333,45500,6280,2,0
151833333333,46169,6224,2,0
151833333333,46170,6229,2,0
151833333333,46171,6234,2,0
151833333333,46172,6239,2,0
151833333333,46173,6245,2,0
151833333333,46174,6250,2,0
151833333333,46176,6260,2,0
151833333333,46842,6189,2,0
151833333333,46845,6204,2,0
151833333333,47524,6201,2,0
151833333333,47526,6211,2,0
151833333333,47528,6222,2,0
151833333333,47530,6232,2,0
151833333333,47537,6269,2,0
151833333333,48209,6228,2,0
151833333333,48212,6244,2,0
151833333333,48213,6250,2,0
151833333333,48216,6266,2,0
151833333333,48895,6262,2,0
151833333333,48898,6278,2,0
152266666667,50846,5716,2,0
152266666667,50849,5675,2,0
152266666667,50850,5662,2,0
152266666667,50853,5622,2,0
152266666667,51492,8117,2,0
152266666667,51493,8094,2,0
152266666667,51495,8050,2,0
152266666667,51497,8006,2,0
152266666667,51498,7985,2,0
152266666667,51499,7963,2,0
152266666667,51502,7900,2,0
152266666667,51503,7879,2,0
152266666667,51505,7838,2,0
152266666667,51506,7817,2,0
152266666667,51507,7797,2,0
152266666667,51508,7777,2,0
152266666667,51509,7757,2,0
152266666667,51510,7737,2,0
152266666667,51511,7717,2,0
152266666667,51512,7697,2,0
152266666667,51513,7678,2,0
152266666667,51514,7659,2,0
152266666667,51516,7620,2,0
152266666667,51517,7601,2,0
152266666667,51518,7271,4,2
152266666667,51520,5822,2,0
152266666667,51521,5785,2,0
152266666667,51522,5770,2,0
152266666667,51523,5757,2,0
152266666667,51524,5743,2,0
152266666667,51525,5729,2,0
152266666667,51526,5715,2,0
152266666667,51527,5701,2,0
152266666667,51528,5688,2,0
152266666667,51529,5675,2,0
152266666667,51531,5648,2,0
152266666667,51532,5635,2,0
152266666667,51533,5622,2,0
152266666667,51534,5614,2,0
152266666667,51535,5618,2,0
152266666667,51537,5610,2,0
152266666667,51541,5622,2,0
152266666667,52175,7067,4,2
152266666667,52176,7052,4,2
152266666667,52177,7052,4,2
152266666667,52178,7056,4,2
152266666667,52179,7059,4,2
152266666667,52180,7062,4,2
152266666667,52181,7065,4,2
152266666667,52182,7068,4,2
152266666667,52183,7072,4,2
152266666667,52184,7075,4,2
152266666667,52185,7078,4,2
152266666667,52186,7081,4,2
152266666667,52187,7085,4,2
152266666667,52188,7088,4,2
152266666667,52189,7091,4,2
152266666667,52190,7095,4,2
152266666667,52191,7098,4,2
152266666667,52192,7101,4,2
152266666667,52193,7105,4,2
152266666667,52194,7108,4,2
152266666667,52195,7112,4,2
152266666667,52196,7115,4,2
152266666667,52197,7119,4,2
152266666667,52198,7122,4,2
152266666667,52199,7126,4,2
152266666667,52200,5821,2,0
152266666667,52201,5784,2,0
152266666667,52202,5770,2,0
152266666667,52203,5756,2,0
152266666667,52204,5742,2,0
152266666667,52205,5728,2,0
152266666667,52206,5714,2,0
152266666667,52207,5701,2,0
152266666667,52208,5687,2,0
152266666667,52209,5674,2,0
152266666667,52210,5660,2,0
152266666667,52211,5647,2,0
152266666667,52212,5634,2,0
152266666667,52213,5621,2,0
152266666667,52214,5615,2,0
152266666667,52216,5608,2,0
152266666667,52217,5610,2,0
152266666667,52218,5613,2,0
152266666667,52219,5618,2,0
152266666667,52220,5618,2,0
152266666667,52221,5623,2,0
152266666667,52222,5629,2,0
152266666667,52223,5634,2,0
152266666667,52224,5670,2,0
152266666667,52225,5676,2,0
152266666667,52852,8115,2,0
152266666667,52854,7084,4,2
152266666667,52855,7064,4,2
152266666667,52856,7045,4,2
152266666667,52857,7026,4,2
152266666667,52858,7007,4,2
152266666667,52859,6988,4,2
152266666667,52860,6970,4,2
152266666667,52862,6936,4,2
152266666667,52864,6933,4,2
152266666667,52865,6937,4,2
152266666667,52866,6940,4,2
152266666667,52867,6943,4,2
152266666667,52868,6946,4,2
152266666667,52869,6950,4,2
152266666667,52870,6953,4,2
152266666667,52871,6956,4,2
152266666667,52872,6959,4,2
152266666667,52873,6963,4,2
152266666667,52874,6966,4,2
152266666667,52875,6970,4,2
152266666667,52877,6976,4,2
152266666667,52878,6980,4,2
152266666667,52879,5834,2,0
152266666667,52882,5769,2,0
152266666667,52883,5755,2,0
152266666667,52885,5727,2,0
152266666667,52886,5713,2,0
152266666667,52887,5700,2,0
152266666667,52889,5673,2,0
152266666667,52891,5646,2,0
152266666667,52893,5620,2,0
152266666667,52900,5619,2,0
152266666667,52905,5677,2,0
152266666667,52906,5682,2,0
152266666667,52907,5688,2,0
152266666667,52908,5694,2,0
152266666667,52910,5705,2,0
152266666667,52911,5711,2,0
152266666667,52913,5722,2,0
152266666667,52914,5728,2,0
152266666667,53534,7099,4,54
152266666667,53536,7063,4,54
152266666667,53538,7009,4,2
152266666667,53540,6969,4,2
152266666667,53541,6950,4,2
152266666667,53542,6932,4,2
152266666667,53543,6913,4,2
152266666667,53544,6895,4,2
152266666667,53545,6877,4,2
152266666667,53546,6859,4,2
152266666667,53547,6842,4,2
152266666667,53549,6814,4,2
152266666667,53551,6820,4,2
152266666667,53552,6823,4,2
152266666667,53554,6830,4,2
152266666667,53555,6833,4,2
152266666667,53556,6836,4,2
152266666667,53557,6839,4,2
152266666667,53558,6841,4,2
152266666667,53559,5834,2,0
152266666667,53560,5819,2,0
152266666667,53561,5782,2,0
152266666667,53565,5726,2,0
152266666667,53569,5672,2,0
152266666667,53578,5616,2,0
152266666667,53580,5621,2,0
152266666667,53583,5637,2,0
152266666667,53586,5684,2,0
152266666667,53589,5701,2,0
152266666667,53590,5706,2,0
152266666667,53591,5712,2,0
152266666667,53592,5718,2,0
152266666667,53593,5723,2,0
152266666667,53595,5735,2,0
152266666667,53596,5741,2,0
152266666667,53598,5752,2,0
152266666667,53599,5758,2,0
152266666667,54222,6947,4,54
152266666667,54225,6877,4,2
152266666667,54228,6823,4,2
152266666667,54230,6788,4,2
152266666667,54234,6720,4,2
152266666667,54236,6705,4,2
152266666667,54239,5833,2,0
152266666667,54240,5818,2,0
152266666667,54241,5781,2,0
152266666667,54242,5767,2,0
152266666667,54243,5753,2,0
152266666667,54245,5726,2,0
152266666667,54249,5671,2,0
152266666667,54250,5658,2,0
152266666667,54253,5618,2,0
152266666667,54254,5619,2,0
152266666667,54256,5612,2,0
152266666667,54266,5685,2,0
152266666667,54268,5696,2,0
152266666667,54269,5702,2,0
152266666667,54271,5713,2,0
152266666667,54277,5748,2,0
152266666667,54278,5754,2,0
152266666667,54280,5765,2,0
152266666667,54281,5771,2,0
152266666667,54282,5777,2,0
152266666667,54283,5783,2,0
152266666667,54284,5789,2,0
152266666667,54285,5795,2,0
152266666667,54286,5801,2,0
152266666667,54287,5807,2,0
152266666667,54907,6851,4,54
152266666667,54909,6829,4,54
152266666667,54910,6793,4,2
152266666667,54912,6752,4,2
152266666667,54913,6735,4,2
152266666667,54915,6701,4,2
152266666667,54919,5832,2,0
152266666667,54921,5781,2,0
152266666667,54924,5739,2,0
152266666667,54925,5725,2,0
152266666667,54927,5697,2,0
152266666667,54928,5684,2,0
152266666667,54930,5657,2,0
152266666667,54931,5644,2,0
152266666667,54937,5613,2,0
152266666667,54939,5618,2,0
152266666667,54942,5634,2,0
152266666667,54952,5720,2,0
152266666667,54954,5732,2,0
152266666667,54956,5743,2,0
152266666667,54957,5749,2,0
152266666667,54959,5761,2,0
152266666667,54960,5767,2,0
152266666667,54963,5784,2,0
152266666667,54966,5802,2,0
152266666667,54967,5808,2,0
152266666667,54969,5820,2,0
152266666667,54970,5826,2,0
152266666667,54973,5844,2,0
152266666667,55594,6732,4,54
152266666667,55597,6668,4,2
152266666667,55598,6651,4,2
152266666667,55599,5831,2,0
152266666667,55600,5817,2,0
152266666667,55603,5752,2,0
152266666667,55607,5697,2,0
152266666667,55609,5670,2,0
152266666667,55610,5656,2,0
152266666667,55612,5630,2,0
152266666667,55613,5617,2,0
152266666667,55614,5622,2,0
152266666667,55615,5613,2,0
152266666667,55616,5615,2,0
152266666667,55625,5682,2,0
152266666667,55628,5699,2,0
152266666667,55636,5745,2,0
152266666667,55637,5751,2,0
152266666667,55640,5768,2,0
152266666667,55643,5786,2,0
152266666667,55646,5804,2,0
152266666667,55649,5821,2,0
152266666667,55652,5840,2,0
152266666667,55655,5858,2,0
152266666667,55656,5864,2,0
152266666667,55659,5883,2,0
152266666667,55660,5889,2,0
152266666667,56282,5765,2,0
152266666667,56285,5723,2,0
152266666667,56286,5710,2,0
152266666667,56288,5682,2,0
152266666667,56292,5629,2,0
152266666667,56295,5612,2,0
152266666667,56296,5615,2,0
152266666667,56298,5621,2,0
152266666667,56299,5620,2,0
152266666667,56301,5631,2,0
152266666667,56302,5637,2,0
152266666667,56303,5642,2,0
152266666667,56304,5678,2,0
152266666667,56310,5712,2,0
152266666667,56313,5729,2,0
152266666667,56316,5746,2,0
152266666667,56325,5799,2,0
152266666667,56326,5805,2,0
152266666667,56328,5817,2,0
152266666667,56329,5823,2,0
152266666667,56330,5829,2,0
152266666667,56332,5841,2,0
152266666667,56334,5853,2,0
152266666667,56335,5859,2,0
152266666667,56338,5878,2,0
152266666667,56339,5884,2,0
152266666667,56341,5897,2,0
152266666667,56342,5903,2,0
152266666667,56343,5909,2,0
152266666667,56345,5922,2,0
152266666667,56346,5928,2,0
152266666667,56349,5928,4,52
152266666667,56967,5695,2,0
152266666667,56970,5655,2,0
152266666667,56971,5642,2,0
152266666667,56973,5619,2,0
152266666667,56975,5612,2,0
152266666667,56976,5616,2,0
152266666667,56977,5617,2,0
152266666667,56978,5622,2,0
152266666667,56981,5633,2,0
152266666667,56984,5679,2,0
152266666667,56985,5685,2,0
152266666667,56986,5690,2,0
152266666667,56987,5696,2,0
152266666667,56988,5702,2,0
152266666667,56989,5707,2,0
152266666667,56990,5713,2,0
152266666667,56991,5719,2,0
152266666667,56992,5724,2,0
152266666667,56993,5730,2,0
152266666667,56995,5742,2,0
152266666667,56996,5748,2,0
152266666667,56997,5753,2,0
152266666667,56998,5759,2,0
152266666667,56999,5765,2,0
152266666667,57000,5771,2,0
152266666667,57001,5777,2,0
152266666667,57002,5783,2,0
152266666667,57003,5789,2,0
152266666667,57004,5795,2,0
152266666667,57005,5800,2,0
152266666667,57006,5806,2,0
152266666667,57007,5812,2,0
152266666667,57008,5818,2,0
152266666667,57009,5824,2,0
152266666667,57011,5837,2,0
152266666667,57012,5843,2,0
152266666667,57013,5849,2,0
152266666667,57016,5867,2,0
152266666667,57017,5873,2,0
152266666667,57020,5892,2,0
152266666667,57024,5917,2,0
152266666667,57025,5923,2,0
152266666667,57028,5938,4,52
152266666667,57029,5928,4,52
152266666667,57031,5940,4,52
152266666667,57032,5947,4,52
152266666667,57033,5953,4,52
152266666667,57035,5966,4,52
152266666667,57036,5973,4,52
152266666667,57039,5992,4,52
152266666667,57659,5623,2,0
152266666667,57660,5628,2,0
152266666667,57662,5639,2,0
152266666667,57663,5675,2,0
152266666667,57664,5681,2,0
152266666667,57667,5697,2,0
152266666667,57670,5714,2,0
152266666667,57673,5732,2,0
152266666667,57674,5737,2,0
152266666667,57677,5755,2,0
152266666667,57678,5761,2,0
152266666667,57681,5778,2,0
152266666667,57682,5784,2,0
152266666667,57683,5790,2,0
152266666667,57684,5796,2,0
152266666667,57685,5802,2,0
152266666667,57686,5808,2,0
152266666667,57687,5814,2,0
152266666667,57690,5832,2,0
152266666667,57691,5838,2,0
152266666667,57692,5844,2,0
152266666667,57693,5850,2,0
152266666667,57694,5856,2,0
152266666667,57695,5863,2,0
152266666667,57696,5869,2,0
152266666667,57698,5881,2,0
152266666667,57699,5887,2,0
152266666667,57701,5900,2,0
152266666667,57702,5906,2,0
152266666667,57703,5912,2,0
152266666667,57704,5919,2,0
152266666667,57706,5931,2,0
152266666667,57707,5938,2,0
152266666667,57710,5936,4,52
152266666667,57711,5942,4,52
152266666667,57712,5948,4,52
152266666667,57715,5968,4,52
152266666667,57717,5981,4,52
152266666667,57718,5987,4,52
152266666667,57719,5994,4,52
152266666667,57720,6001,4,52
152266666667,57722,6014,4,52
152266666667,58342,5641,2,0
152266666667,58345,5688,2,0
152266666667,58346,5693,2,0
152266666667,58348,5704,2,0
152266666667,58349,5710,2,0
152266666667,58350,5716,2,0
152266666667,58351,5722,2,0
152266666667,58353,5733,2,0
152266666667,58355,5745,2,0
152266666667,58356,5750,2,0
152266666667,58359,5768,2,0
152266666667,58360,5774,2,0
152266666667,58363,5792,2,0
152266666667,58364,5797,2,0
152266666667,58365,5803,2,0
152266666667,58368,5821,2,0
152266666667,58369,5827,2,0
152266666667,58370,5834,2,0
152266666667,58373,5852,2,0
152266666667,58374,5858,2,0
152266666667,58376,5870,2,0
152266666667,58378,5883,2,0
152266666667,58379,5889,2,0
152266666667,58380,5895,2,0
152266666667,58382,5908,2,0
152266666667,58383,5914,2,0
152266666667,58385,5927,2,0
152266666667,58387,5939,2,0
152266666667,58388,5936,4,52
152266666667,58389,5931,4,52
152266666667,58391,5944,4,52
152266666667,58393,5957,4,52
152266666667,58394,5963,4,52
152266666667,58396,5976,4,52
152266666667,58398,5989,4,52
152266666667,58400,6002,4,52
152266666667,58402,6015,4,52
152266666667,58404,6029,4,52
152266666667,59025,5689,2,0
152266666667,59026,5695,2,0
152266666667,59027,5700,2,0
152266666667,59029,5712,2,0
152266666667,59031,5723,2,0
152266666667,59032,5729,2,0
152266666667,59033,5735,2,0
152266666667,59034,5740,2,0
152266666667,59035,5746,2,0
152266666667,59036,5752,2,0
152266666667,59037,5758,2,0
152266666667,59038,5764,2,0
152266666667,59040,5775,2,0
152266666667,59042,5787,2,0
152266666667,59043,5793,2,0
152266666667,59044,5799,2,0
152266666667,59046,5811,2,0
152266666667,59047,5817,2,0
152266666667,59050,5835,2,0
152266666667,59051,5841,2,0
152266666667,59055,5866,2,0
152266666667,59059,5890,2,0
152266666667,59064,5922,2,0
152266666667,59709,5713,2,0
152266666667,59710,5719,2,0
152266666667,59712,5730,2,0
152266666667,59713,5736,2,0
152266666667,59716,5753,2,0
152266666667,59717,5759,2,0
152266666667,59719,5771,2,0
152266666667,59720,5777,2,0
152266666667,59722,5789,2,0
152266666667,59723,5795,2,0
152266666667,60385,5692,2,0
152266666667,60388,5709,2,0
152266666667,60395,5749,2,0
152266666667,60398,5767,2,0
152266666667,60399,5772,2,0
152266666667,61071,5727,2,0
152266666667,61073,5739,2,0
152266666667,61074,5745,2,0
152266666667,61075,5751,2,0
152266666667,61076,5756,2,0
152266666667,61077,5762,2,0
152266666667,61082,5792,2,0
152266666667,61747,5706,2,0
152266666667,61750,5723,2,0
152266666667,61758,5770,2,0
152266666667,62428,5713,2,0
152266666667,62431,5730,2,0
152266666667,62433,5742,2,0
152266666667,62436,5759,2,0
152266666667,62443,5801,2,0
152266666667,63114,5749,2,0
152266666667,63117,5767,2,0
152266666667,63119,5779,2,0
152266666667,63122,5796,2,0
152266666667,63801,5792,2,0
152266666667,64484,5812,2,0
152700000000,70616,5409,2,0
152700000000,70617,5398,2,0
152700000000,71257,7657,2,0
152700000000,71276,7323,2,0
152700000000,71279,7274,2,0
152700000000,71280,7257,2,0
152700000000,71283,7210,2,0
152700000000,71284,7194,2,0
152700000000,71287,7147,2,0
152700000000,71288,7132,2,0
152700000000,71289,7117,2,0
152700000000,71290,7102,2,0
152700000000,71291,7086,2,0
152700000000,71292,7072,2,0
152700000000,71293,5464,2,0
152700000000,71294,5452,2,0
152700000000,71295,5441,2,0
152700000000,71296,5408,2,0
152700000000,71297,5397,2,0
152700000000,71298,5386,2,0
152700000000,71299,5375,2,0
152700000000,71300,5364,2,0
152700000000,71302,5342,2,0
152700000000,71303,5332,2,0
152700000000,71306,5300,2,0
152700000000,71936,7675,2,0
152700000000,71938,7637,2,0
152700000000,71939,7619,2,0
152700000000,71940,7600,2,0
152700000000,71941,7582,2,0
152700000000,71942,7564,2,0
152700000000,71943,7546,2,0
152700000000,71945,7510,2,0
152700000000,71946,6784,4,2
152700000000,71947,6786,4,2
152700000000,71948,6788,4,2
152700000000,71949,6790,4,2
152700000000,71950,6792,4,2
152700000000,71951,6794,4,2
152700000000,71952,6797,4,2
152700000000,71953,6799,4,2
152700000000,71954,6801,4,2
152700000000,71955,6803,4,2
152700000000,71956,6806,4,2
152700000000,71957,6808,4,2
152700000000,71958,6810,4,2
152700000000,71959,6813,4,2
152700000000,71961,6817,4,2
152700000000,71962,6820,4,2
152700000000,71963,6822,4,2
152700000000,71965,6827,4,2
152700000000,71966,6829,4,2
152700000000,71967,6832,4,2
152700000000,71969,6837,4,2
152700000000,71970,6839,4,2
152700000000,71971,6842,4,2
152700000000,71972,6844,4,2
152700000000,71973,5463,2,0
152700000000,71974,5452,2,0
152700000000,71975,5440,2,0
152700000000,71977,5397,2,0
152700000000,71978,5386,2,0
152700000000,71979,5375,2,0
152700000000,71980,5364,2,0
152700000000,71981,5353,2,0
152700000000,71982,5342,2,0
152700000000,71983,5331,2,0
152700000000,71984,5320,2,0
152700000000,71985,5310,2,0
152700000000,71987,5289,2,0
152700000000,71988,5278,2,0
152700000000,71989,5268,2,0
152700000000,71990,5258,2,0
152700000000,71991,5254,2,0
152700000000,71992,5258,2,0
152700000000,71994,5252,2,0
152700000000,72619,6698,4,2
152700000000,72620,6682,4,2
152700000000,72621,6667,4,2
152700000000,72622,6653,4,2
152700000000,72623,6647,4,2
152700000000,72625,6651,4,2
152700000000,72627,6655,4,2
152700000000,72628,6657,4,2
152700000000,72629,6659,4,2
152700000000,72630,6662,4,2
152700000000,72631,6664,4,2
152700000000,72633,6668,4,2
152700000000,72634,6670,4,2
152700000000,72635,6673,4,2
152700000000,72636,6675,4,2
152700000000,72637,6677,4,2
152700000000,72638,6680,4,2
152700000000,72639,6682,4,2
152700000000,72640,6684,4,2
152700000000,72642,6689,4,2
152700000000,72643,6691,4,2
152700000000,72644,6694,4,2
152700000000,72646,6698,4,2
152700000000,72647,6701,4,2
152700000000,72648,6703,4,2
152700000000,72650,6708,4,2
152700000000,72651,6711,4,2
152700000000,72652,6713,4,2
152700000000,72653,5462,2,0
152700000000,72654,5451,2,0
152700000000,72655,5418,2,0
152700000000,72656,5407,2,0
152700000000,72660,5363,2,0
152700000000,72666,5299,2,0
152700000000,72667,5288,2,0
152700000000,72670,5257,2,0
152700000000,72671,5256,2,0
152700000000,72673,5248,2,0
152700000000,72674,5253,2,0
152700000000,72675,5253,2,0
152700000000,72677,5258,2,0
152700000000,72678,5263,2,0
152700000000,72681,5279,2,0
152700000000,72686,5338,2,0
152700000000,73296,7673,2,0
152700000000,73297,7655,2,0
152700000000,73299,6698,4,2
152700000000,73301,6665,4,2
152700000000,73302,6649,4,2
152700000000,73303,6633,4,2
152700000000,73305,6602,4,2
152700000000,73306,6586,4,2
152700000000,73307,6571,4,2
152700000000,73308,6556,4,2
152700000000,73310,6536,4,2
152700000000,73311,6538,4,2
152700000000,73312,6540,4,2
152700000000,73313,6542,4,2
152700000000,73314,6545,4,2
152700000000,73315,6547,4,2
152700000000,73316,6549,4,2
152700000000,73317,6551,4,2
152700000000,73319,6556,4,2
152700000000,73320,6558,4,2
152700000000,73321,6561,4,2
152700000000,73323,6565,4,2
152700000000,73324,6568,4,2
152700000000,73325,6570,4,2
152700000000,73326,6572,4,2
152700000000,73327,6575,4,2
152700000000,73330,6582,4,2
152700000000,73331,6585,4,2
152700000000,73333,5462,2,0
152700000000,73336,5407,2,0
152700000000,73338,5384,2,0
152700000000,73340,5362,2,0
152700000000,73342,5341,2,0
152700000000,73347,5288,2,0
152700000000,73349,5267,2,0
152700000000,73350,5256,2,0
152700000000,73353,5249,2,0
152700000000,73356,5259,2,0
152700000000,73357,5259,2,0
152700000000,73359,5269,2,0
152700000000,73360,5275,2,0
152700000000,73361,5280,2,0
152700000000,73363,5323,2,0
152700000000,73364,5328,2,0
152700000000,73366,5340,2,0
152700000000,73367,5345,2,0
152700000000,73368,5351,2,0
152700000000,73370,5362,2,0
152700000000,73371,5368,2,0
152700000000,73978,6728,4,54
152700000000,73980,6698,4,54
152700000000,73983,6667,4,54
152700000000,73984,6619,4,2
152700000000,73986,6586,4,2
152700000000,73989,6540,4,2
152700000000,73990,6524,4,2
152700000000,73991,6509,4,2
152700000000,73993,6480,4,2
152700000000,73994,6465,4,2
152700000000,73996,6438,4,2
152700000000,73999,6435,4,2
152700000000,74002,6442,4,2
152700000000,74003,6444,4,2
152700000000,74005,6448,4,2
152700000000,74006,6451,4,2
152700000000,74008,6539,4,2
152700000000,74009,6545,4,2
152700000000,74018,5384,2,0
152700000000,74023,5329,2,0
152700000000,74025,5308,2,0
152700000000,74033,5250,2,0
152700000000,74036,5261,2,0
152700000000,74039,5271,2,0
152700000000,74046,5341,2,0
152700000000,74050,5364,2,0
152700000000,74053,5381,2,0
152700000000,74054,5387,2,0
152700000000,74055,5392,2,0
152700000000,74057,5404,2,0
152700000000,74059,5416,2,0
152700000000,74668,6568,4,54
152700000000,74671,6510,4,2
152700000000,74672,6494,4,2
152700000000,74674,6464,4,2
152700000000,74675,6450,4,2
152700000000,74677,6420,4,2
152700000000,74678,6406,4,2
152700000000,74681,6364,4,2
152700000000,74682,6350,4,2
152700000000,74684,6330,4,2
152700000000,74685,6331,4,2
152700000000,74687,6336,4,2
152700000000,74688,6339,4,2
152700000000,74691,6346,4,2
152700000000,74692,6348,4,2
152700000000,74694,5449,2,0
152700000000,74695,5417,2,0
152700000000,74697,5394,2,0
152700000000,74702,5340,2,0
152700000000,74720,5278,2,0
152700000000,74723,5325,2,0
152700000000,74726,5342,2,0
152700000000,74728,5354,2,0
152700000000,74729,5359,2,0
152700000000,74730,5365,2,0
152700000000,74733,5382,2,0
152700000000,74734,5388,2,0
152700000000,74736,5399,2,0
152700000000,74737,5405,2,0
152700000000,74740,5423,2,0
152700000000,74741,5429,2,0
152700000000,74744,5446,2,0
152700000000,75357,6459,4,54
152700000000,75359,6392,4,2
152700000000,75360,6377,4,2
152700000000,75361,6363,4,2
152700000000,75362,6349,4,2
152700000000,75363,6335,4,2
152700000000,75368,6267,4,2
152700000000,75371,6234,4,2
152700000000,75374,5449,2,0
152700000000,75377,5394,2,0
152700000000,75378,5383,2,0
152700000000,75380,5361,2,0
152700000000,75381,5350,2,0
152700000000,75386,5296,2,0
152700000000,75389,5265,2,0
152700000000,75392,5255,2,0
152700000000,75395,5258,2,0
152700000000,75406,5344,2,0
152700000000,75408,5355,2,0
152700000000,75409,5361,2,0
152700000000,75410,5366,2,0
152700000000,75411,5372,2,0
152700000000,75413,5384,2,0
152700000000,75416,5401,2,0
152700000000,75420,5424,2,0
152700000000,75423,5442,2,0
152700000000,75424,5448,2,0
152700000000,75427,5466,2,0
152700000000,75428,5472,2,0
152700000000,75431,5490,2,0
152700000000,75432,5496,2,0
152700000000,76042,6363,4,54
152700000000,76045,6308,4,2
152700000000,76046,6294,4,2
152700000000,76048,6266,4,2
152700000000,76049,6253,4,2
152700000000,76057,5393,2,0
152700000000,76058,5382,2,0
152700000000,76060,5360,2,0
152700000000,76063,5328,2,0
152700000000,76064,5317,2,0
152700000000,76066,5296,2,0
152700000000,76067,5285,2,0
152700000000,76068,5275,2,0
152700000000,76078,5269,2,0
152700000000,76079,5275,2,0
152700000000,76082,5323,2,0
152700000000,76089,5362,2,0
152700000000,76093,5385,2,0
152700000000,76096,5402,2,0
152700000000,76097,5408,2,0
152700000000,76100,5426,2,0
152700000000,76103,5443,2,0
152700000000,76107,5467,2,0
152700000000,76110,5485,2,0
152700000000,76111,5491,2,0
152700000000,76114,5509,2,0
152700000000,76115,5515,2,0
152700000000,76119,5540,2,0
152700000000,76728,6278,4,54
152700000000,76731,6230,4,2
152700000000,76733,5459,2,0
152700000000,76735,5415,2,0
152700000000,76736,5404,2,0
152700000000,76739,5371,2,0
152700000000,76740,5360,2,0
152700000000,76743,5327,2,0
152700000000,76745,5306,2,0
152700000000,76747,5285,2,0
152700000000,76750,5258,2,0
152700000000,76751,5263,2,0
152700000000,76753,5256,2,0
152700000000,76754,5255,2,0
152700000000,76757,5265,2,0
152700000000,76765,5341,2,0
152700000000,76768,5358,2,0
152700000000,76780,5427,2,0
152700000000,76783,5445,2,0
152700000000,76784,5451,2,0
152700000000,76785,5457,2,0
152700000000,76787,5469,2,0
152700000000,76789,5480,2,0
152700000000,76790,5487,2,0
152700000000,76794,5511,2,0
152700000000,76798,5535,2,0
152700000000,76801,5554,2,0
152700000000,76802,5560,2,0
152700000000,76803,5566,2,0
152700000000,76806,5585,2,0
152700000000,76807,5591,2,0
152700000000,77418,5381,2,0
152700000000,77421,5348,2,0
152700000000,77422,5337,2,0
152700000000,77426,5295,2,0
152700000000,77427,5284,2,0
152700000000,77428,5274,2,0
152700000000,77430,5259,2,0
152700000000,77431,5263,2,0
152700000000,77434,5256,2,0
152700000000,77436,5263,2,0
152700000000,77437,5266,2,0
152700000000,77438,5272,2,0
152700000000,77440,5283,2,0
152700000000,77441,5320,2,0
152700000000,77442,5325,2,0
152700000000,77443,5331,2,0
152700000000,77446,5348,2,0
152700000000,77447,5353,2,0
152700000000,77449,5365,2,0
152700000000,77450,5371,2,0
152700000000,77451,5376,2,0
152700000000,77452,5382,2,0
152700000000,77454,5394,2,0
152700000000,77455,5399,2,0
152700000000,77456,5405,2,0
152700000000,77457,5411,2,0
152700000000,77458,5417,2,0
152700000000,77459,5423,2,0
152700000000,77460,5429,2,0
152700000000,77461,5434,2,0
152700000000,77462,5440,2,0
152700000000,77464,5452,2,0
152700000000,77468,5476,2,0
152700000000,77469,5482,2,0
152700000000,77472,5500,2,0
152700000000,77473,5506,2,0
152700000000,77477,5531,2,0
152700000000,77481,5555,2,0
152700000000,77482,5561,2,0
152700000000,77485,5580,2,0
152700000000,77486,5586,2,0
152700000000,77489,5605,2,0
152700000000,77490,5599,4,52
152700000000,77491,5596,4,52
152700000000,77494,5615,4,52
152700000000,77495,5621,4,52
152700000000,77499,5647,4,52
152700000000,78104,5316,2,0
152700000000,78109,5263,2,0
152700000000,78110,5260,2,0
152700000000,78111,5263,2,0
152700000000,78113,5258,2,0
152700000000,78114,5257,2,0
152700000000,78115,5263,2,0
152700000000,78117,5268,2,0
152700000000,78118,5273,2,0
152700000000,78121,5321,2,0
152700000000,78124,5338,2,0
152700000000,78125,5344,2,0
152700000000,78127,5355,2,0
152700000000,78128,5361,2,0
152700000000,78129,5366,2,0
152700000000,78130,5372,2,0
152700000000,78131,5378,2,0
152700000000,78133,5389,2,0
152700000000,78134,5395,2,0
152700000000,78137,5412,2,0
152700000000,78138,5418,2,0
152700000000,78140,5430,2,0
152700000000,78142,5442,2,0
152700000000,78143,5448,2,0
152700000000,78146,5466,2,0
152700000000,78147,5472,2,0
152700000000,78148,5477,2,0
152700000000,78151,5496,2,0
152700000000,78152,5502,2,0
152700000000,78154,5514,2,0
152700000000,78156,5526,2,0
152700000000,78157,5532,2,0
152700000000,78159,5544,2,0
152700000000,78160,5551,2,0
152700000000,78161,5557,2,0
152700000000,78164,5575,2,0
152700000000,78165,5582,2,0
152700000000,78169,5607,4,52
152700000000,78170,5598,4,52
152700000000,78171,5597,4,52
152700000000,78173,5610,4,52
152700000000,78176,5629,4,52
152700000000,78177,5636,4,52
152700000000,78178,5642,4,52
152700000000,78180,5655,4,52
152700000000,78181,5662,4,52
152700000000,78183,5675,4,52
152700000000,78792,5254,2,0
152700000000,78797,5269,2,0
152700000000,78798,5275,2,0
152700000000,78800,5286,2,0
152700000000,78801,5322,2,0
152700000000,78802,5328,2,0
152700000000,78804,5339,2,0
152700000000,78805,5345,2,0
152700000000,78808,5362,2,0
152700000000,78809,5368,2,0
152700000000,78812,5385,2,0
152700000000,78813,5391,2,0
152700000000,78814,5396,2,0
152700000000,78816,5408,2,0
152700000000,78817,5414,2,0
152700000000,78819,5426,2,0
152700000000,78820,5431,2,0
152700000000,78821,5437,2,0
152700000000,78822,5443,2,0
152700000000,78825,5461,2,0
152700000000,78826,5467,2,0
152700000000,78830,5491,2,0
152700000000,78831,5497,2,0
152700000000,78832,5503,2,0
152700000000,78835,5521,2,0
152700000000,78836,5528,2,0
152700000000,78837,5534,2,0
152700000000,78839,5546,2,0
152700000000,78841,5558,2,0
152700000000,78842,5565,2,0
152700000000,78843,5571,2,0
152700000000,78846,5590,2,0
152700000000,78847,5596,2,0
152700000000,78848,5602,2,0
152700000000,78851,5599,4,52
152700000000,78853,5612,4,52
152700000000,78856,5631,4,52
152700000000,78858,5644,4,52
152700000000,78863,5676,4,52
152700000000,78865,5689,4,52
152700000000,79475,5266,2,0
152700000000,79478,5276,2,0
152700000000,79480,5287,2,0
152700000000,79483,5335,2,0
152700000000,79486,5352,2,0
152700000000,79487,5358,2,0
152700000000,79489,5369,2,0
152700000000,79491,5381,2,0
152700000000,79492,5386,2,0
152700000000,79493,5392,2,0
152700000000,79495,5404,2,0
152700000000,79496,5410,2,0
152700000000,79497,5415,2,0
152700000000,79499,5427,2,0
152700000000,79501,5439,2,0
152700000000,79502,5445,2,0
152700000000,79504,5457,2,0
152700000000,79506,5469,2,0
152700000000,79507,5475,2,0
152700000000,79508,5481,2,0
152700000000,79509,5487,2,0
152700000000,79511,5499,2,0
152700000000,79513,5511,2,0
152700000000,79514,5517,2,0
152700000000,79518,5541,2,0
152700000000,79523,5572,2,0
152700000000,79528,5604,2,0
152700000000,80160,5288,2,0
152700000000,80162,5331,2,0
152700000000,80163,5337,2,0
152700000000,80165,5348,2,0
152700000000,80166,5353,2,0
152700000000,80168,5365,2,0
152700000000,80170,5376,2,0
152700000000,80171,5382,2,0
152700000000,80172,5388,2,0
152700000000,80173,5394,2,0
152700000000,80175,5405,2,0
152700000000,80177,5417,2,0
152700000000,80179,5429,2,0
152700000000,80183,5452,2,0
152700000000,80839,5284,2,0
152700000000,80847,5361,2,0
152700000000,80851,5384,2,0
152700000000,80852,5389,2,0
152700000000,80855,5407,2,0
152700000000,80856,5413,2,0
152700000000,80857,5418,2,0
152700000000,80859,5430,2,0
152700000000,80860,5436,2,0
152700000000,81523,5339,2,0
152700000000,81526,5356,2,0
152700000000,81529,5374,2,0
152700000000,81530,5379,2,0
152700000000,81534,5402,2,0
152700000000,81536,5414,2,0
152700000000,82206,5358,2,0
152700000000,82210,5381,2,0
152700000000,82214,5404,2,0
152700000000,82219,5433,2,0
152700000000,82880,5325,2,0
152700000000,82884,5348,2,0
152700000000,83562,5338,2,0
152700000000,83566,5361,2,0
152700000000,83568,5372,2,0
152700000000,83571,5390,2,0
152700000000,83580,5442,2,0
152700000000,84249,5380,2,0
152700000000,84253,5403,2,0
152700000000,84255,5414,2,0
152700000000,84259,5438,2,0
152700000000,84937,5428,2,0
152700000000,85621,5453,2,0
162233333333,172008,1937,2,0
162233333333,172033,1889,2,0
162233333333,172036,1884,2,0
162233333333,172038,1880,2,0
162233333333,172685,1944,2,0
162233333333,172695,1923,2,0
162233333333,172700,1914,2,0
162233333333,172702,1910,2,0
162233333333,172705,1904,2,0
162233333333,172708,1898,2,0
162233333333,172711,1893,2,0
162233333333,172717,1882,2,0
162233333333,173370,1934,2,0
162233333333,173374,1926,2,0
162233333333,173376,1922,2,0
162233333333,173377,1920,2,0
162233333333,173380,1914,2,0
162233333333,173382,1910,2,0
162233333333,173386,1902,2,0
162233333333,173388,1899,2,0
162233333333,173392,1891,2,0
162233333333,173393,1890,2,0
162233333333,173397,1882,2,0
162233333333,173398,1881,2,0
162233333333,173399,1879,2,0
162233333333,174053,1928,2,0
162233333333,174056,1922,2,0
162233333333,174057,1920,2,0
162233333333,174063,1908,2,0
162233333333,174066,1903,2,0
162233333333,174067,1901,2,0
162233333333,174068,1899,2,0
162233333333,174069,1897,2,0
162233333333,174072,1892,2,0
162233333333,174073,1890,2,0
162233333333,174076,1884,2,0
162233333333,174725,1944,2,0
162233333333,174733,1928,2,0
162233333333,174735,1924,2,0
162233333333,174741,1912,2,0
162233333333,174742,1910,2,0
162233333333,174743,1909,2,0
162233333333,174745,1905,2,0
162233333333,174750,1896,2,0
162233333333,174754,1888,2,0
162233333333,174755,1886,2,0
162233333333,174756,1885,2,0
162233333333,174757,1883,2,0
162233333333,175407,1941,2,0
162233333333,175414,1926,2,0
162233333333,175418,1918,2,0
162233333333,175420,1915,2,0
162233333333,175422,1911,2,0
162233333333,175424,1907,2,0
162233333333,175426,1903,2,0
162233333333,175430,1896,2,0
162233333333,175431,1894,2,0
162233333333,176090,1935,2,0
162233333333,176097,1921,2,0
162233333333,176100,1915,2,0
162233333333,176105,1905,2,0
162233333333,176109,1898,2,0
162233333333,176112,1892,2,0
162233333333,176117,1883,2,0
162233333333,176118,1882,2,0
162233333333,176784,1907,2,0
162233333333,176788,1900,2,0
162233333333,176792,1893,2,0
162233333333,176797,1884,2,0
162233333333,176799,1880,2,0
162233333333,177472,1893,2,0
162233333333,177475,1887,2,0
162233333333,178839,1881,2,0
162666666667,161077,2107,2,0
162666666667,161080,2102,2,0
162666666667,161753,2385,2,0
162666666667,161755,2124,2,0
162666666667,161756,2122,2,0
162666666667,161757,2107,2,0
162666666667,161758,2105,2,0
162666666667,161761,2100,2,0
162666666667,161762,2098,2,0
162666666667,161763,2097,2,0
162666666667,161766,2092,2,0
162666666667,161767,2090,2,0
162666666667,161770,2085,2,0
162666666667,161773,2081,2,0
162666666667,162426,2400,2,0
162666666667,162428,2396,2,0
162666666667,162429,2394,2,0
162666666667,162431,2390,2,0
162666666667,162432,2388,2,0
162666666667,162433,2386,2,0
162666666667,162438,2105,2,0
162666666667,162439,2104,2,0
162666666667,162441,2100,2,0
162666666667,162443,2097,2,0
162666666667,162448,2089,2,0
162666666667,162449,2087,2,0
162666666667,162454,2079,2,0
162666666667,162457,2075,2,0
162666666667,162460,2070,2,0
162666666667,162461,2069,2,0
162666666667,163100,2412,2,0
162666666667,163102,2408,2,0
162666666667,163104,2404,2,0
162666666667,163105,2402,2,0
162666666667,163108,2396,2,0
162666666667,163109,2394,2,0
162666666667,163111,2390,2,0
162666666667,163113,2386,2,0
162666666667,163115,2125,2,0
162666666667,163116,2123,2,0
162666666667,163120,2102,2,0
162666666667,163121,2101,2,0
162666666667,163125,2094,2,0
162666666667,163126,2092,2,0
162666666667,163130,2086,2,0
162666666667,163135,2078,2,0
162666666667,163136,2077,2,0
162666666667,163137,2075,2,0
162666666667,163142,2068,2,0
162666666667,163143,2066,2,0
162666666667,163144,2065,2,0
162666666667,163147,2060,2,0
162666666667,163148,2059,2,0
162666666667,163158,2045,2,0
162666666667,163758,2462,2,0
162666666667,163774,2426,2,0
162666666667,163776,2421,2,0
162666666667,163777,2419,2,0
162666666667,163778,2417,2,0
162666666667,163780,2413,2,0
162666666667,163781,2411,2,0
162666666667,163786,2400,2,0
162666666667,163787,2398,2,0
162666666667,163788,2396,2,0
162666666667,163790,2392,2,0
162666666667,163792,2388,2,0
162666666667,163796,2123,2,0
162666666667,163798,2106,2,0
162666666667,163800,2103,2,0
162666666667,163802,2099,2,0
162666666667,163803,2098,2,0
162666666667,163809,2088,2,0
162666666667,163812,2083,2,0
162666666667,163813,2082,2,0
162666666667,163819,2072,2,0
162666666667,163823,2066,2,0
162666666667,163824,2065,2,0
162666666667,163827,2061,2,0
162666666667,163829,2058,2,0
162666666667,163830,2056,2,0
162666666667,163831,2055,2,0
162666666667,163834,2051,2,0
162666666667,163835,2049,2,0
162666666667,163838,2045,2,0
162666666667,163839,2044,2,0
162666666667,163841,2041,2,0
162666666667,163845,2036,2,0
162666666667,164435,2470,2,0
162666666667,164445,2446,2,0
162666666667,164446,2444,2,0
162666666667,164448,2439,2,0
162666666667,164449,2437,2,0
162666666667,164450,2435,2,0
162666666667,164452,2430,2,0
162666666667,164453,2428,2,0
162666666667,164458,2417,2,0
162666666667,164459,2415,2,0
162666666667,164461,2411,2,0
162666666667,164462,2409,2,0
162666666667,164463,2407,2,0
162666666667,164464,2405,2,0
162666666667,164465,2403,2,0
162666666667,164468,2397,2,0
162666666667,164470,2393,2,0
162666666667,164472,2389,2,0
162666666667,164473,2387,2,0
162666666667,164474,2128,2,0
162666666667,164475,2125,2,0
162666666667,164477,2108,2,0
162666666667,164479,2105,2,0
162666666667,164485,2095,2,0
162666666667,164486,2093,2,0
162666666667,164490,2087,2,0
162666666667,164496,2077,2,0
162666666667,164499,2073,2,0
162666666667,164500,2071,2,0
162666666667,164504,2065,2,0
162666666667,164508,2059,2,0
162666666667,164511,2055,2,0
162666666667,164514,2051,2,0
162666666667,164516,2048,2,0
162666666667,164518,2045,2,0
162666666667,164522,2040,2,0
162666666667,164523,2039,2,0
162666666667,164525,2036,2,0
162666666667,164526,2035,2,0
162666666667,164529,2031,2,0
162666666667,164530,2029,2,0
162666666667,165120,2458,2,0
162666666667,165122,2453,2,0
162666666667,165124,2449,2,0
162666666667,165125,2446,2,0
162666666667,165130,2435,2,0
162666666667,165131,2433,2,0
162666666667,165133,2429,2,0
162666666667,165134,2426,2,0
162666666667,165135,2424,2,0
162666666667,165136,2422,2,0
162666666667,165137,2420,2,0
162666666667,165140,2414,2,0
162666666667,165144,2405,2,0
162666666667,165145,2403,2,0
162666666667,165146,2401,2,0
162666666667,165149,2395,2,0
162666666667,165151,2391,2,0
162666666667,165157,2108,2,0
162666666667,165161,2102,2,0
162666666667,165162,2100,2,0
162666666667,165168,2090,2,0
162666666667,165172,2084,2,0
162666666667,165173,2082,2,0
162666666667,165175,2079,2,0
162666666667,165177,2076,2,0
162666666667,165180,2071,2,0
162666666667,165210,2030,2,0
162666666667,165212,2027,2,0
162666666667,165213,2026,2,0
162666666667,165216,2022,2,0
162666666667,165217,2021,2,0
162666666667,165220,2017,2,0
162666666667,165224,2012,2,0
162666666667,165802,2454,2,0
162666666667,165805,2447,2,0
162666666667,165806,2445,2,0
162666666667,165807,2442,2,0
162666666667,165809,2438,2,0
162666666667,165812,2431,2,0
162666666667,165816,2422,2,0
162666666667,165818,2418,2,0
162666666667,165821,2412,2,0
162666666667,165822,2410,2,0
162666666667,165823,2408,2,0
162666666667,165825,2403,2,0
162666666667,165827,2399,2,0
162666666667,165829,2395,2,0
162666666667,165833,2387,2,0
162666666667,165834,2128,2,0
162666666667,165838,2107,2,0
162666666667,165844,2097,2,0
162666666667,165845,2095,2,0
162666666667,165849,2089,2,0
162666666667,165855,2079,2,0
162666666667,165856,2078,2,0
162666666667,165864,2066,2,0
162666666667,165868,2060,2,0
162666666667,165877,2047,2,0
162666666667,165882,2040,2,0
162666666667,165894,2025,2,0
162666666667,165898,2020,2,0
162666666667,165900,2018,2,0
162666666667,165905,2012,2,0
162666666667,165906,2010,2,0
162666666667,165908,2008,2,0
162666666667,165912,2003,2,0
162666666667,165913,2002,2,0
162666666667,165918,2010,2,0
162666666667,166475,2471,2,0
162666666667,166478,2463,2,0
162666666667,166484,2449,2,0
162666666667,166485,2447,2,0
162666666667,166488,2440,2,0
162666666667,166489,2438,2,0
162666666667,166492,2431,2,0
162666666667,166493,2429,2,0
162666666667,166497,2421,2,0
162666666667,166499,2416,2,0
162666666667,166510,2394,2,0
162666666667,166512,2390,2,0
162666666667,166516,2125,2,0
162666666667,166520,2104,2,0
162666666667,166521,2102,2,0
162666666667,166527,2092,2,0
162666666667,166531,2086,2,0
162666666667,166532,2084,2,0
162666666667,166536,2078,2,0
162666666667,166540,2072,2,0
162666666667,166547,2062,2,0
162666666667,166551,2056,2,0
162666666667,166563,2039,2,0
162666666667,166569,2032,2,0
162666666667,166582,2015,2,0
162666666667,166588,2008,2,0
162666666667,166590,2006,2,0
162666666667,166594,2006,2,0
162666666667,166596,2012,2,0
162666666667,167160,2459,2,0
162666666667,167167,2443,2,0
162666666667,167170,2436,2,0
162666666667,167171,2434,2,0
162666666667,167174,2427,2,0
162666666667,167178,2419,2,0
162666666667,167180,2415,2,0
162666666667,167186,2402,2,0
162666666667,167187,2400,2,0
162666666667,167193,2388,2,0
162666666667,167197,2109,2,0
162666666667,167200,2104,2,0
162666666667,167203,2099,2,0
162666666667,167208,2091,2,0
162666666667,167213,2083,2,0
162666666667,167215,2080,2,0
162666666667,167216,2078,2,0
162666666667,167223,2068,2,0
162666666667,167233,2053,2,0
162666666667,167236,2049,2,0
162666666667,167251,2029,2,0
162666666667,167257,2022,2,0
162666666667,167847,2443,2,0
162666666667,167853,2430,2,0
162666666667,167857,2421,2,0
162666666667,167861,2413,2,0
162666666667,167865,2405,2,0
162666666667,167874,2129,2,0
162666666667,167880,2105,2,0
162666666667,167884,2098,2,0
162666666667,167887,2093,2,0
162666666667,167891,2087,2,0
162666666667,167892,2085,2,0
162666666667,167896,2079,2,0
162666666667,167897,2077,2,0
162666666667,167899,2074,2,0
162666666667,167900,2073,2,0
162666666667,167909,2059,2,0
162666666667,167913,2054,2,0
162666666667,167939,2020,2,0
162666666667,167945,2012,2,0
162666666667,168540,2415,2,0
162666666667,168544,2407,2,0
162666666667,168548,2399,2,0
162666666667,168552,2391,2,0
162666666667,168561,2103,2,0
162666666667,168562,2101,2,0
162666666667,168568,2092,2,0
162666666667,168575,2081,2,0
162666666667,168578,2076,2,0
162666666667,168579,2074,2,0
162666666667,168581,2071,2,0
162666666667,168582,2070,2,0
162666666667,168583,2068,2,0
162666666667,168589,2060,2,0
162666666667,168602,2042,2,0
162666666667,168627,2010,2,0
162666666667,168633,2003,2,0
162666666667,168635,2014,2,0
162666666667,169227,2401,2,0
162666666667,169231,2393,2,0
162666666667,169235,2128,2,0
162666666667,169238,2109,2,0
162666666667,169239,2107,2,0
162666666667,169242,2102,2,0
162666666667,169249,2090,2,0
162666666667,169256,2079,2,0
162666666667,169262,2070,2,0
162666666667,169266,2064,2,0
162666666667,169267,2063,2,0
162666666667,169268,2061,2,0
162666666667,169270,2059,2,0
162666666667,169279,2046,2,0
162666666667,169290,2031,2,0
162666666667,169914,2130,2,0
162666666667,169926,2096,2,0
162666666667,169944,2068,2,0
162666666667,169950,2059,2,0
162666666667,169954,2053,2,0
162666666667,169955,2052,2,0
162666666667,169956,2050,2,0
162666666667,169958,2048,2,0
162666666667,169962,2042,2,0
162666666667,169978,2022,2,0
162666666667,169999,2010,2,0
162666666667,170602,2103,2,0
162666666667,170609,2091,2,0
162666666667,170613,2085,2,0
162666666667,170632,2056,2,0
162666666667,170638,2048,2,0
162666666667,170641,2044,2,0
162666666667,170643,2041,2,0
162666666667,170644,2040,2,0
162666666667,170646,2037,2,0
162666666667,170647,2036,2,0
162666666667,170650,2032,2,0
162666666667,170666,2012,2,0
162666666667,171297,2079,2,0
162666666667,171301,2073,2,0
162666666667,171319,2047,2,0
162666666667,171320,2046,2,0
162666666667,171327,2036,2,0
162666666667,171332,2030,2,0
162666666667,171334,2027,2,0
162666666667,171335,2026,2,0
162666666667,171339,2021,2,0
162666666667,171354,2012,2,0
162666666667,171355,2016,2,0
162666666667,171985,2067,2,0
162666666667,171989,2061,2,0
162666666667,171995,2053,2,0
162666666667,172008,2035,2,0
162666666667,172015,2026,2,0
162666666667,172020,2020,2,0
162666666667,172023,2017,2,0
162666666667,172027,2012,2,0
162666666667,172673,2056,2,0
162666666667,172677,2050,2,0
162666666667,172697,2024,2,0
162666666667,172704,2016,2,0
162666666667,172709,2010,2,0
162666666667,172711,2008,2,0
162666666667,172712,2006,2,0
162666666667,172713,2007,2,0
162666666667,172716,2015,2,0
162666666667,173361,2045,2,0
162666666667,173366,2039,2,0
162666666667,173369,2035,2,0
162666666667,173386,2014,2,0
162666666667,173398,2013,2,0
162666666667,173399,2012,2,0
162666666667,174049,2035,2,0
162666666667,174054,2029,2,0
162666666667,174057,2025,2,0
162666666667,174075,2017,2,0
162666666667,174738,2024,2,0
162666666667,174743,2018,2,0
162666666667,174745,2016,2,0
162666666667,175422,2019,2,0
162666666667,175426,2015,2,0
162666666667,175431,2009,2,0
162666666667,175433,2011,2,0
162666666667,176110,2010,2,0
162666666667,176115,2018,2,0
162666666667,176798,2015,2,0
163100000000,153506,2619,2,0
163100000000,153507,2617,2,0
163100000000,154180,2631,2,0
163100000000,154181,2629,2,0
163100000000,154183,2625,2,0
163100000000,154184,2623,2,0
163100000000,154187,2617,2,0
163100000000,154189,2614,2,0
163100000000,154192,2608,2,0
163100000000,154193,2606,2,0
163100000000,154195,2603,2,0
163100000000,154198,2598,2,0
163100000000,154199,2596,2,0
163100000000,154857,2637,2,0
163100000000,154858,2635,2,0
163100000000,154859,2633,2,0
163100000000,154860,2631,2,0
163100000000,154861,2629,2,0
163100000000,154864,2623,2,0
163100000000,154866,2620,2,0
163100000000,154870,2612,2,0
163100000000,154873,2607,2,0
163100000000,154875,2603,2,0
163100000000,154876,2601,2,0
163100000000,154879,2596,2,0
163100000000,154881,2593,2,0
163100000000,154884,2588,2,0
163100000000,154885,2586,2,0
163100000000,154887,2583,2,0
163100000000,154890,2578,2,0
163100000000,154891,2576,2,0
163100000000,154897,2567,2,0
163100000000,154901,2561,2,0
163100000000,155531,2649,2,0
163100000000,155532,2647,2,0
163100000000,155533,2645,2,0
163100000000,155534,2643,2,0
163100000000,155535,2641,2,0
163100000000,155536,2639,2,0
163100000000,155538,2635,2,0
163100000000,155540,2631,2,0
163100000000,155541,2629,2,0
163100000000,155542,2628,2,0
163100000000,155543,2626,2,0
163100000000,155544,2624,2,0
163100000000,155545,2622,2,0
163100000000,155547,2618,2,0
163100000000,155550,2613,2,0
163100000000,155552,2609,2,0
163100000000,155553,2607,2,0
163100000000,155559,2597,2,0
163100000000,155562,2591,2,0
163100000000,155565,2586,2,0
163100000000,155568,2581,2,0
163100000000,155569,2580,2,0
163100000000,155571,2577,2,0
163100000000,155573,2573,2,0
163100000000,155574,2572,2,0
163100000000,155578,2566,2,0
163100000000,155580,2563,2,0
163100000000,155582,2559,2,0
163100000000,155583,2558,2,0
163100000000,155584,2556,2,0
163100000000,155587,2552,2,0
163100000000,156206,2660,2,0
163100000000,156207,2658,2,0
163100000000,156208,2656,2,0
163100000000,156209,2654,2,0
163100000000,156210,2652,2,0
163100000000,156212,2648,2,0
163100000000,156215,2642,2,0
163100000000,156217,2638,2,0
163100000000,156218,2636,2,0
163100000000,156219,2634,2,0
163100000000,156222,2628,2,0
163100000000,156223,2626,2,0
163100000000,156224,2624,2,0
163100000000,156227,2619,2,0
163100000000,156228,2617,2,0
163100000000,156231,2611,2,0
163100000000,156233,2608,2,0
163100000000,156236,2602,2,0
163100000000,156237,2601,2,0
163100000000,156240,2595,2,0
163100000000,156242,2592,2,0
163100000000,156245,2587,2,0
163100000000,156246,2585,2,0
163100000000,156250,2579,2,0
163100000000,156253,2574,2,0
163100000000,156255,2571,2,0
163100000000,156258,2566,2,0
163100000000,156261,2561,2,0
163100000000,156264,2557,2,0
163100000000,156266,2554,2,0
163100000000,156269,2550,2,0
163100000000,156270,2548,2,0
163100000000,156271,2547,2,0
163100000000,156273,2544,2,0
163100000000,156276,2540,2,0
163100000000,156278,2537,2,0
163100000000,156874,2686,2,0
163100000000,156880,2673,2,0
163100000000,156882,2669,2,0
163100000000,156883,2667,2,0
163100000000,156884,2665,2,0
163100000000,156885,2662,2,0
163100000000,156886,2660,2,0
163100000000,156889,2654,2,0
163100000000,156891,2650,2,0
163100000000,156892,2648,2,0
163100000000,156894,2644,2,0
163100000000,156895,2642,2,0
163100000000,156896,2640,2,0
163100000000,156897,2638,2,0
163100000000,156900,2632,2,0
163100000000,156901,2630,2,0
163100000000,156904,2625,2,0
163100000000,156905,2623,2,0
163100000000,156910,2613,2,0
163100000000,156911,2612,2,0
163100000000,156914,2606,2,0
163100000000,156920,2596,2,0
163100000000,156921,2594,2,0
163100000000,156923,2591,2,0
163100000000,156927,2584,2,0
163100000000,156945,2556,2,0
163100000000,156951,2547,2,0
163100000000,156954,2543,2,0
163100000000,156955,2541,2,0
163100000000,156957,2539,2,0
163100000000,156959,2536,2,0
163100000000,156961,2533,2,0
163100000000,156963,2293,2,0
163100000000,156964,2292,2,0
163100000000,156965,2291,2,0
163100000000,156966,2277,2,0
163100000000,156970,2272,2,0
163100000000,156971,2271,2,0
163100000000,156973,2269,2,0
163100000000,156976,2266,2,0
163100000000,156977,2265,2,0
163100000000,156978,2264,2,0
163100000000,156981,2260,2,0
163100000000,157551,2694,2,0
163100000000,157555,2685,2,0
163100000000,157558,2678,2,0
163100000000,157560,2674,2,0
163100000000,157561,2671,2,0
163100000000,157563,2667,2,0
163100000000,157565,2663,2,0
163100000000,157566,2661,2,0
163100000000,157568,2657,2,0
163100000000,157569,2655,2,0
163100000000,157570,2653,2,0
163100000000,157571,2651,2,0
163100000000,157573,2646,2,0
163100000000,157574,2644,2,0
163100000000,157575,2642,2,0
163100000000,157578,2637,2,0
163100000000,157579,2635,2,0
163100000000,157582,2629,2,0
163100000000,157584,2625,2,0
163100000000,157587,2619,2,0
163100000000,157589,2616,2,0
163100000000,157594,2607,2,0
163100000000,157597,2601,2,0
163100000000,157598,2600,2,0
163100000000,157603,2591,2,0
163100000000,157605,2588,2,0
163100000000,157611,2578,2,0
163100000000,157614,2573,2,0
163100000000,157616,2570,2,0
163100000000,157621,2562,2,0
163100000000,157627,2553,2,0
163100000000,157632,2546,2,0
163100000000,157642,2306,2,0
163100000000,157648,2275,2,0
163100000000,157649,2274,2,0
163100000000,157651,2272,2,0
163100000000,157655,2267,2,0
163100000000,157658,2264,2,0
163100000000,157660,2262,2,0
163100000000,157666,2255,2,0
163100000000,157674,2247,2,0
163100000000,158237,2681,2,0
163100000000,158239,2676,2,0
163100000000,158240,2674,2,0
163100000000,158241,2672,2,0
163100000000,158242,2670,2,0
163100000000,158246,2661,2,0
163100000000,158247,2659,2,0
163100000000,158248,2657,2,0
163100000000,158249,2655,2,0
163100000000,158252,2649,2,0
163100000000,158256,2641,2,0
163100000000,158259,2635,2,0
163100000000,158261,2631,2,0
163100000000,158263,2627,2,0
163100000000,158266,2622,2,0
163100000000,158271,2612,2,0
163100000000,158272,2611,2,0
163100000000,158275,2605,2,0
163100000000,158280,2597,2,0
163100000000,158282,2593,2,0
163100000000,158285,2588,2,0
163100000000,158288,2583,2,0
163100000000,158290,2580,2,0
163100000000,158293,2575,2,0
163100000000,158300,2564,2,0
163100000000,158313,2545,2,0
163100000000,158319,2537,2,0
163100000000,158325,2292,2,0
163100000000,158344,2258,2,0
163100000000,158345,2257,2,0
163100000000,158347,2255,2,0
163100000000,158349,2253,2,0
163100000000,158351,2251,2,0
163100000000,158353,2249,2,0
163100000000,158354,2248,2,0
163100000000,158358,2244,2,0
163100000000,158911,2695,2,0
163100000000,158917,2681,2,0
163100000000,158919,2677,2,0
163100000000,158922,2670,2,0
163100000000,158923,2668,2,0
163100000000,158925,2664,2,0
163100000000,158926,2662,2,0
163100000000,158928,2658,2,0
163100000000,158933,2647,2,0
163100000000,158934,2645,2,0
163100000000,158939,2635,2,0
163100000000,158940,2634,2,0
163100000000,158945,2624,2,0
163100000000,158948,2618,2,0
163100000000,158949,2617,2,0
163100000000,158952,2611,2,0
163100000000,158955,2606,2,0
163100000000,158958,2600,2,0
163100000000,158959,2599,2,0
163100000000,158963,2592,2,0
163100000000,158964,2590,2,0
163100000000,158965,2589,2,0
163100000000,158967,2585,2,0
163100000000,158969,2582,2,0
163100000000,158975,2572,2,0
163100000000,158978,2568,2,0
163100000000,159000,2536,2,0
163100000000,159007,2277,2,0
163100000000,159013,2270,2,0
163100000000,159020,2262,2,0
163100000000,159022,2260,2,0
163100000000,159023,2259,2,0
163100000000,159025,2257,2,0
163100000000,159030,2252,2,0
163100000000,159032,2250,2,0
163100000000,159036,2246,2,0
163100000000,159039,2243,2,0
163100000000,159040,2242,2,0
163100000000,159042,2241,2,0
163100000000,159046,2237,2,0
163100000000,159047,2236,2,0
163100000000,159049,2234,2,0
163100000000,159053,2231,2,0
163100000000,159593,2690,2,0
163100000000,159599,2677,2,0
163100000000,159602,2671,2,0
163100000000,159605,2664,2,0
163100000000,159608,2658,2,0
163100000000,159612,2650,2,0
163100000000,159621,2632,2,0
163100000000,159626,2623,2,0
163100000000,159627,2621,2,0
163100000000,159632,2612,2,0
163100000000,159636,2604,2,0
163100000000,159639,2599,2,0
163100000000,159642,2594,2,0
163100000000,159643,2592,2,0
163100000000,159646,2587,2,0
163100000000,159648,2584,2,0
163100000000,159650,2581,2,0
163100000000,159658,2568,2,0
163100000000,159666,2556,2,0
163100000000,159695,2268,2,0
163100000000,159700,2263,2,0
163100000000,159702,2261,2,0
163100000000,159707,2255,2,0
163100000000,159718,2245,2,0
163100000000,159724,2239,2,0
163100000000,159725,2238,2,0
163100000000,159727,2236,2,0
163100000000,159731,2233,2,0
163100000000,159734,2230,2,0
163100000000,159735,2229,2,0
163100000000,159737,2228,2,0
163100000000,159741,2225,2,0
163100000000,159743,2223,2,0
163100000000,160276,2684,2,0
163100000000,160281,2673,2,0
163100000000,160288,2659,2,0
163100000000,160291,2652,2,0
163100000000,160295,2644,2,0
163100000000,160298,2638,2,0
163100000000,160299,2636,2,0
163100000000,160301,2633,2,0
163100000000,160305,2625,2,0
163100000000,160314,2608,2,0
163100000000,160320,2598,2,0
163100000000,160321,2596,2,0
163100000000,160326,2588,2,0
163100000000,160330,2581,2,0
163100000000,160332,2578,2,0
163100000000,160333,2576,2,0
163100000000,160335,2573,2,0
163100000000,160337,2570,2,0
163100000000,160339,2567,2,0
163100000000,160343,2561,2,0
163100000000,160353,2546,2,0
163100000000,160360,2537,2,0
163100000000,160377,2266,2,0
163100000000,160381,2262,2,0
163100000000,160389,2254,2,0
163100000000,160394,2249,2,0
163100000000,160396,2247,2,0
163100000000,160402,2241,2,0
163100000000,160413,2232,2,0
163100000000,160419,2227,2,0
163100000000,160422,2224,2,0
163100000000,160424,2223,2,0
163100000000,160427,2220,2,0
163100000000,160429,2219,2,0
163100000000,160431,2217,2,0
163100000000,160432,2216,2,0
163100000000,160436,2214,2,0
163100000000,160438,2219,2,0
163100000000,160974,2647,2,0
163100000000,160981,2633,2,0
163100000000,160985,2625,2,0
163100000000,160988,2620,2,0
163100000000,160991,2614,2,0
163100000000,160992,2612,2,0
163100000000,160995,2607,2,0
163100000000,161007,2586,2,0
163100000000,161014,2575,2,0
163100000000,161017,2570,2,0
163100000000,161020,2566,2,0
163100000000,161022,2563,2,0
163100000000,161024,2560,2,0
163100000000,161026,2557,2,0
163100000000,161027,2555,2,0
163100000000,161030,2551,2,0
163100000000,161047,2278,2,0
163100000000,161054,2270,2,0
163100000000,161084,2240,2,0
163100000000,161089,2235,2,0
163100000000,161097,2229,2,0
163100000000,161101,2225,2,0
163100000000,161109,2219,2,0
163100000000,161114,2215,2,0
163100000000,161117,2213,2,0
163100000000,161120,2223,2,0
163100000000,161124,2230,2,0
163100000000,161126,2235,2,0
163100000000,161128,2249,2,0
163100000000,161132,2420,2,0
163100000000,161667,2622,2,0
163100000000,161674,2609,2,0
163100000000,161678,2602,2,0
163100000000,161685,2590,2,0
163100000000,161695,2574,2,0
163100000000,161698,2569,2,0
163100000000,161702,2563,2,0
163100000000,161705,2559,2,0
163100000000,161707,2556,2,0
163100000000,161710,2551,2,0
163100000000,161711,2550,2,0
163100000000,161713,2547,2,0
163100000000,161715,2544,2,0
163100000000,161717,2542,2,0
163100000000,161718,2540,2,0
163100000000,161719,2539,2,0
163100000000,161720,2537,2,0
163100000000,161734,2270,2,0
163100000000,161741,2263,2,0
163100000000,161772,2233,2,0
163100000000,161779,2227,2,0
163100000000,161787,2221,2,0
163100000000,161793,2216,2,0
163100000000,161797,2213,2,0
163100000000,161803,2222,2,0
163100000000,161805,2231,2,0
163100000000,161811,2283,2,0
163100000000,161813,2437,2,0
163100000000,161815,2469,2,0
163100000000,161816,2485,2,0
163100000000,161821,2569,2,0
163100000000,161823,2604,2,0
163100000000,162361,2598,2,0
163100000000,162365,2591,2,0
163100000000,162368,2586,2,0
163100000000,162372,2579,2,0
163100000000,162381,2565,2,0
163100000000,162383,2562,2,0
163100000000,162389,2553,2,0
163100000000,162396,2543,2,0
163100000000,162397,2542,2,0
163100000000,162402,2298,2,0
163100000000,162404,2295,2,0
163100000000,162406,2280,2,0
163100000000,162408,2278,2,0
163100000000,162410,2275,2,0
163100000000,162412,2273,2,0
163100000000,162428,2256,2,0
163100000000,162436,2248,2,0
163100000000,162458,2228,2,0
163100000000,162463,2224,2,0
163100000000,162465,2223,2,0
163100000000,162466,2222,2,0
163100000000,162471,2218,2,0
163100000000,162475,2215,2,0
163100000000,162481,2223,2,0
163100000000,162483,2223,2,0
163100000000,162493,2439,2,0
163100000000,162499,2536,2,0
163100000000,162501,2570,2,0
163100000000,162504,2623,2,0
163100000000,162507,2678,2,0
163100000000,162509,2715,2,0
163100000000,162511,2752,2,0
163100000000,162513,2750,2,0
163100000000,163048,2586,2,0
163100000000,163055,2575,2,0
163100000000,163059,2569,2,0
163100000000,163062,2564,2,0
163100000000,163066,2558,2,0
163100000000,163067,2557,2,0
163100000000,163084,2295,2,0
163100000000,163091,2275,2,0
163100000000,163093,2272,2,0
163100000000,163094,2271,2,0
163100000000,163096,2269,2,0
163100000000,163097,2268,2,0
163100000000,163098,2267,2,0
163100000000,163100,2265,2,0
163100000000,163101,2264,2,0
163100000000,163103,2261,2,0
163100000000,163123,2242,2,0
163100000000,163128,2237,2,0
163100000000,163140,2227,2,0
163100000000,163141,2226,2,0
163100000000,163145,2223,2,0
163100000000,163149,2220,2,0
163100000000,163151,2219,2,0
163100000000,163153,2217,2,0
163100000000,163159,2225,2,0
163100000000,163161,2224,2,0
163100000000,163167,2250,2,0
163100000000,163169,2257,2,0
163100000000,163171,2286,2,0
163100000000,163177,2505,2,0
163100000000,163181,2572,2,0
163100000000,163190,2736,2,0
163100000000,163195,2749,2,0
163100000000,163196,2749,2,0
163100000000,163198,2752,2,0
163100000000,163742,2565,2,0
163100000000,163749,2554,2,0
163100000000,163750,2553,2,0
163100000000,163752,2550,2,0
163100000000,163754,2547,2,0
163100000000,163772,2274,2,0
163100000000,163779,2266,2,0
163100000000,163785,2260,2,0
163100000000,163786,2259,2,0
163100000000,163787,2258,2,0
163100000000,163789,2256,2,0
163100000000,163791,2254,2,0
163100000000,163795,2250,2,0
163100000000,163818,2229,2,0
163100000000,163819,2228,2,0
163100000000,163820,2227,2,0
163100000000,163823,2225,2,0
163100000000,163824,2224,2,0
163100000000,163826,2223,2,0
163100000000,163829,2220,2,0
163100000000,163835,2216,2,0
163100000000,163837,2215,2,0
163100000000,163839,2226,2,0
163100000000,163845,2232,2,0
163100000000,163849,2258,2,0
163100000000,163855,2474,2,0
163100000000,163859,2540,2,0
163100000000,163866,2663,2,0
163100000000,163868,2700,2,0
163100000000,163873,2751,2,0
163100000000,163874,2750,2,0
163100000000,163876,2749,2,0
163100000000,163877,2749,2,0
163100000000,164436,2545,2,0
163100000000,164437,2543,2,0
163100000000,164439,2541,2,0
163100000000,164441,2538,2,0
163100000000,164444,2296,2,0
163100000000,164449,2278,2,0
163100000000,164467,2258,2,0
163100000000,164473,2252,2,0
163100000000,164476,2249,2,0
163100000000,164477,2248,2,0
163100000000,164479,2246,2,0
163100000000,164480,2245,2,0
163100000000,164483,2243,2,0
163100000000,164485,2241,2,0
163100000000,164487,2239,2,0
163100000000,164492,2235,2,0
163100000000,164495,2232,2,0
163100000000,164496,2231,2,0
163100000000,164497,2230,2,0
163100000000,164499,2229,2,0
163100000000,164501,2227,2,0
163100000000,164502,2226,2,0
163100000000,164504,2225,2,0
163100000000,164506,2223,2,0
163100000000,164513,2218,2,0
163100000000,164517,2215,2,0
163100000000,164523,2225,2,0
163100000000,164527,2251,2,0
163100000000,164534,2460,2,0
163100000000,164536,2492,2,0
163100000000,164538,2525,2,0
163100000000,164544,2628,2,0
163100000000,164546,2665,2,0
163100000000,164551,2753,2,0
163100000000,164552,2752,2,0
163100000000,164554,2751,2,0
163100000000,164555,2750,2,0
163100000000,165123,2298,2,0
163100000000,165126,2282,2,0
163100000000,165132,2275,2,0
163100000000,165137,2269,2,0
163100000000,165156,2250,2,0
163100000000,165162,2244,2,0
163100000000,165172,2235,2,0
163100000000,165173,2234,2,0
163100000000,165174,2233,2,0
163100000000,165177,2231,2,0
163100000000,165180,2228,2,0
163100000000,165184,2225,2,0
163100000000,165191,2220,2,0
163100000000,165195,2217,2,0
163100000000,165201,2225,2,0
163100000000,165205,2233,2,0
163100000000,165212,2430,2,0
163100000000,165214,2461,2,0
163100000000,165222,2595,2,0
163100000000,165225,2648,2,0
163100000000,165230,2742,2,0
163100000000,165231,2753,2,0
163100000000,165232,2753,2,0
163100000000,165239,2779,2,0
163100000000,165813,2274,2,0
163100000000,165820,2266,2,0
163100000000,165825,2261,2,0
163100000000,165828,2258,2,0
163100000000,165833,2253,2,0
163100000000,165836,2250,2,0
163100000000,165841,2245,2,0
163100000000,165844,2242,2,0
163100000000,165850,2237,2,0
163100000000,165852,2235,2,0
163100000000,165853,2234,2,0
163100000000,165855,2233,2,0
163100000000,165858,2230,2,0
163100000000,165862,2227,2,0
163100000000,165869,2222,2,0
163100000000,165873,2219,2,0
163100000000,165879,2227,2,0
163100000000,165881,2225,2,0
163100000000,165883,2227,2,0
163100000000,165890,2277,2,0
163100000000,165892,2431,2,0
163100000000,165899,2545,2,0
163100000000,165900,2562,2,0
163100000000,165903,2614,2,0
163100000000,165908,2706,2,0
163100000000,165909,2725,2,0
163100000000,165910,2744,2,0
163100000000,165917,2750,2,0
163100000000,165919,2781,2,0
163100000000,166490,2278,2,0
163100000000,166497,2270,2,0
163100000000,166507,2259,2,0
163100000000,166515,2251,2,0
163100000000,166522,2245,2,0
163100000000,166524,2243,2,0
163100000000,166529,2238,2,0
163100000000,166533,2235,2,0
163100000000,166534,2234,2,0
163100000000,166541,2228,2,0
163100000000,166547,2223,2,0
163100000000,166551,2220,2,0
163100000000,166557,2218,2,0
163100000000,166559,2227,2,0
163100000000,166566,2246,2,0
163100000000,166568,2252,2,0
163100000000,166570,2278,2,0
163100000000,166577,2513,2,0
163100000000,166581,2581,2,0
163100000000,166586,2670,2,0
163100000000,166587,2689,2,0
163100000000,166588,2708,2,0
163100000000,166596,2751,2,0
163100000000,166597,2751,2,0
163100000000,167185,2262,2,0
163100000000,167192,2255,2,0
163100000000,167200,2247,2,0
163100000000,167207,2241,2,0
163100000000,167209,2239,2,0
163100000000,167210,2238,2,0
163100000000,167211,2237,2,0
163100000000,167212,2236,2,0
163100000000,167218,2231,2,0
163100000000,167221,2229,2,0
163100000000,167226,2225,2,0
163100000000,167229,2222,2,0
163100000000,167235,2218,2,0
163100000000,167248,2253,2,0
163100000000,167255,2482,2,0
163100000000,167259,2548,2,0
163100000000,167264,2636,2,0
163100000000,167265,2654,2,0
163100000000,167267,2691,2,0
163100000000,167274,2753,2,0
163100000000,167275,2752,2,0
163100000000,167910,2222,2,0
163100000000,167915,2218,2,0
163100000000,167918,2228,2,0
163100000000,167924,2235,2,0
163100000000,167927,2253,2,0
163100000000,167933,2452,2,0
163100000000,167937,2516,2,0
163100000000,167941,2584,2,0
163100000000,167943,2620,2,0
163100000000,167944,2638,2,0
163100000000,167952,2754,2,0
163100000000,167954,2753,2,0
163100000000,168551,2256,2,0
163100000000,168558,2250,2,0
163100000000,168565,2243,2,0
163100000000,168598,2229,2,0
163100000000,168604,2235,2,0
163100000000,168607,2254,2,0
163100000000,168616,2502,2,0
163100000000,168620,2569,2,0
163100000000,168622,2604,2,0
163100000000,168630,2752,2,0
163100000000,168632,2755,2,0
163100000000,169233,2255,2,0
163100000000,169240,2248,2,0
163100000000,169261,2230,2,0
163100000000,169270,2223,2,0
163100000000,169293,2455,2,0
163100000000,169296,2503,2,0
163100000000,169300,2571,2,0
163100000000,169305,2660,2,0
163100000000,169310,2754,2,0
163100000000,169939,2232,2,0
163100000000,169959,2229,2,0
163100000000,169985,2662,2,0
163100000000,169989,2737,2,0
163100000000,170627,2226,2,0
163100000000,170648,2259,2,0
163100000000,170665,2663,2,0
163100000000,171316,2220,2,0
163100000000,171337,2525,2,0
163100000000,171340,2576,2,0
163100000000,171344,2647,2,0
163100000000,172005,2243,2,0
163100000000,172659,2234,2,0
163100000000,172668,2226,2,0
163100000000,172694,2479,2,0
163100000000,173342,2232,2,0
163100000000,173356,2221,2,0
163100000000,173386,2690,2,0
163100000000,174031,2225,2,0
163100000000,174045,2248,2,0
163100000000,174720,2231,2,0
163100000000,174728,2268,2,0
163100000000,174734,2484,2,0
163100000000,175417,2536,2,0
163100000000,175423,2640,2,0
163100000000,176106,2698,2,0
163533333333,91576,2692,2,0
163533333333,91578,2688,2,0
163533333333,91582,2682,2,0
163533333333,92251,2701,2,0
163533333333,92252,2699,2,0
163533333333,92254,2696,2,0
163533333333,92255,2694,2,0
163533333333,92258,2689,2,0
163533333333,92259,2687,2,0
163533333333,92260,2685,2,0
163533333333,92264,2679,2,0
163533333333,92265,2677,2,0
163533333333,92266,2675,2,0
163533333333,92268,2672,2,0
163533333333,92270,2669,2,0
163533333333,92271,2667,2,0
163533333333,92275,2661,2,0
163533333333,92276,2660,2,0
163533333333,92281,2652,2,0
163533333333,92291,2638,2,0
163533333333,92929,2705,2,0
163533333333,92930,2703,2,0
163533333333,92932,2700,2,0
163533333333,92933,2698,2,0
163533333333,92935,2694,2,0
163533333333,92938,2689,2,0
163533333333,92941,2684,2,0
163533333333,92947,2674,2,0
163533333333,92950,2669,2,0
163533333333,92952,2666,2,0
163533333333,92954,2663,2,0
163533333333,92956,2660,2,0
163533333333,92958,2657,2,0
163533333333,92962,2651,2,0
163533333333,92963,2650,2,0
163533333333,92964,2648,2,0
163533333333,92965,2647,2,0
163533333333,92967,2644,2,0
163533333333,92968,2642,2,0
163533333333,92970,2639,2,0
163533333333,92973,2635,2,0
163533333333,92975,2633,2,0
163533333333,92976,2631,2,0
163533333333,92978,2629,2,0
163533333333,92980,2626,2,0
163533333333,93607,2709,2,0
163533333333,93608,2707,2,0
163533333333,93609,2705,2,0
163533333333,93610,2704,2,0
163533333333,93612,2700,2,0
163533333333,93613,2698,2,0
163533333333,93615,2695,2,0
163533333333,93616,2693,2,0
163533333333,93618,2690,2,0
163533333333,93619,2688,2,0
163533333333,93621,2684,2,0
163533333333,93624,2679,2,0
163533333333,93625,2678,2,0
163533333333,93630,2670,2,0
163533333333,93631,2668,2,0
163533333333,93636,2660,2,0
163533333333,93638,2657,2,0
163533333333,93640,2654,2,0
163533333333,93644,2648,2,0
163533333333,93646,2646,2,0
163533333333,93648,2643,2,0
163533333333,93649,2641,2,0
163533333333,93651,2638,2,0
163533333333,93654,2634,2,0
163533333333,93659,2628,2,0
163533333333,93661,2625,2,0
163533333333,93663,2622,2,0
163533333333,93664,2621,2,0
163533333333,93666,2619,2,0
163533333333,93668,2616,2,0
163533333333,93669,2615,2,0
163533333333,93673,2610,2,0
163533333333,93674,2609,2,0
163533333333,93676,2606,2,0
163533333333,93679,2603,2,0
163533333333,93681,2601,2,0
163533333333,93682,2599,2,0
163533333333,93686,2595,2,0
163533333333,93688,2593,2,0
163533333333,93690,2591,2,0
163533333333,94282,2719,2,0
163533333333,94283,2717,2,0
163533333333,94284,2715,2,0
163533333333,94285,2713,2,0
163533333333,94287,2709,2,0
163533333333,94288,2708,2,0
163533333333,94289,2706,2,0
163533333333,94290,2704,2,0
163533333333,94291,2702,2,0
163533333333,94293,2699,2,0
163533333333,94294,2697,2,0
163533333333,94297,2692,2,0
163533333333,94299,2688,2,0
163533333333,94300,2687,2,0
163533333333,94303,2682,2,0
163533333333,94305,2678,2,0
163533333333,94308,2673,2,0
163533333333,94309,2672,2,0
163533333333,94314,2664,2,0
163533333333,94315,2662,2,0
163533333333,94316,2661,2,0
163533333333,94319,2656,2,0
163533333333,94322,2652,2,0
163533333333,94336,2632,2,0
163533333333,94346,2619,2,0
163533333333,94347,2618,2,0
163533333333,94351,2613,2,0
163533333333,94352,2612,2,0
163533333333,94354,2609,2,0
163533333333,94357,2606,2,0
163533333333,94359,2603,2,0
163533333333,94360,2602,2,0
163533333333,94364,2598,2,0
163533333333,94367,2594,2,0
163533333333,94369,2592,2,0
163533333333,94372,2589,2,0
163533333333,94373,2588,2,0
163533333333,94375,2586,2,0
163533333333,94376,2585,2,0
163533333333,94380,2581,2,0
163533333333,94381,2580,2,0
163533333333,94382,2348,2,0
163533333333,94959,2725,2,0
163533333333,94960,2723,2,0
163533333333,94961,2721,2,0
163533333333,94963,2717,2,0
163533333333,94964,2715,2,0
163533333333,94966,2712,2,0
163533333333,94968,2708,2,0
163533333333,94969,2706,2,0
163533333333,94971,2703,2,0
163533333333,94973,2699,2,0
163533333333,94974,2697,2,0
163533333333,94975,2696,2,0
163533333333,94976,2694,2,0
163533333333,94978,2690,2,0
163533333333,94983,2682,2,0
163533333333,94984,2680,2,0
163533333333,94986,2677,2,0
163533333333,94989,2672,2,0
163533333333,94992,2667,2,0
163533333333,94993,2666,2,0
163533333333,94997,2660,2,0
163533333333,95005,2648,2,0
163533333333,95007,2645,2,0
163533333333,95012,2638,2,0
163533333333,95017,2631,2,0
163533333333,95022,2624,2,0
163533333333,95024,2622,2,0
163533333333,95029,2616,2,0
163533333333,95052,2589,2,0
163533333333,95054,2587,2,0
163533333333,95058,2583,2,0
163533333333,95059,2582,2,0
163533333333,95060,2581,2,0
163533333333,95062,2348,2,0
163533333333,95065,2333,2,0
163533333333,95066,2332,2,0
163533333333,95068,2331,2,0
163533333333,95069,2330,2,0
163533333333,95073,2327,2,0
163533333333,95075,2325,2,0
163533333333,95076,2324,2,0
163533333333,95081,2320,2,0
163533333333,95082,2320,2,0
163533333333,95628,2747,2,0
163533333333,95633,2737,2,0
163533333333,95634,2735,2,0
163533333333,95635,2733,2,0
163533333333,95636,2731,2,0
163533333333,95637,2729,2,0
163533333333,95638,2727,2,0
163533333333,95639,2725,2,0
163533333333,95640,2723,2,0
163533333333,95641,2722,2,0
163533333333,95642,2720,2,0
163533333333,95644,2716,2,0
163533333333,95645,2714,2,0
163533333333,95646,2712,2,0
163533333333,95647,2710,2,0
163533333333,95650,2705,2,0
163533333333,95651,2703,2,0
163533333333,95653,2700,2,0
163533333333,95655,2696,2,0
163533333333,95658,2691,2,0
163533333333,95660,2687,2,0
163533333333,95662,2684,2,0
163533333333,95667,2676,2,0
163533333333,95668,2674,2,0
163533333333,95670,2671,2,0
163533333333,95673,2666,2,0
163533333333,95676,2662,2,0
163533333333,95677,2660,2,0
163533333333,95680,2656,2,0
163533333333,95683,2651,2,0
163533333333,95685,2648,2,0
163533333333,95711,2614,2,0
163533333333,95716,2608,2,0
163533333333,95718,2605,2,0
163533333333,95722,2601,2,0
163533333333,95729,2593,2,0
163533333333,95730,2592,2,0
163533333333,95732,2590,2,0
163533333333,95733,2589,2,0
163533333333,95736,2586,2,0
163533333333,95739,2583,2,0
163533333333,95746,2333,2,0
163533333333,95747,2332,2,0
163533333333,95752,2328,2,0
163533333333,95754,2326,2,0
163533333333,95759,2322,2,0
163533333333,95761,2321,2,0
163533333333,95764,2318,2,0
163533333333,95766,2317,2,0
163533333333,95768,2315,2,0
163533333333,95770,2314,2,0
163533333333,95771,2313,2,0
163533333333,95775,2311,2,0
163533333333,95777,2309,2,0
163533333333,95778,2309,2,0
163533333333,95782,2306,2,0
163533333333,96305,2754,2,0
163533333333,96309,2746,2,0
163533333333,96311,2741,2,0
163533333333,96312,2739,2,0
163533333333,96314,2736,2,0
163533333333,96317,2730,2,0
163533333333,96318,2728,2,0
163533333333,96320,2724,2,0
163533333333,96324,2716,2,0
163533333333,96325,2714,2,0
163533333333,96326,2713,2,0
163533333333,96328,2709,2,0
163533333333,96329,2707,2,0
163533333333,96330,2705,2,0
163533333333,96333,2700,2,0
163533333333,96335,2696,2,0
163533333333,96339,2690,2,0
163533333333,96344,2681,2,0
163533333333,96346,2678,2,0
163533333333,96351,2670,2,0
163533333333,96355,2664,2,0
163533333333,96358,2659,2,0
163533333333,96362,2653,2,0
163533333333,96369,2643,2,0
163533333333,96371,2640,2,0
163533333333,96404,2599,2,0
163533333333,96407,2595,2,0
163533333333,96411,2591,2,0
163533333333,96416,2586,2,0
163533333333,96418,2584,2,0
163533333333,96423,2348,2,0
163533333333,96430,2330,2,0
163533333333,96441,2321,2,0
163533333333,96448,2316,2,0
163533333333,96453,2312,2,0
163533333333,96455,2311,2,0
163533333333,96456,2310,2,0
163533333333,96461,2307,2,0
163533333333,96463,2306,2,0
163533333333,96464,2305,2,0
163533333333,96465,2305,2,0
163533333333,96468,2303,2,0
163533333333,96470,2302,2,0
163533333333,96472,2300,2,0
163533333333,96473,2300,2,0
163533333333,96477,2298,2,0
163533333333,96479,2297,2,0
163533333333,96485,2294,2,0
163533333333,96993,2738,2,0
163533333333,96994,2736,2,0
163533333333,96995,2734,2,0
163533333333,96996,2732,2,0
163533333333,96999,2726,2,0
163533333333,97000,2724,2,0
163533333333,97001,2722,2,0
163533333333,97002,2721,2,0
163533333333,97003,2719,2,0
163533333333,97007,2711,2,0
163533333333,97008,2709,2,0
163533333333,97013,2700,2,0
163533333333,97016,2695,2,0
163533333333,97019,2690,2,0
163533333333,97022,2685,2,0
163533333333,97023,2683,2,0
163533333333,97026,2678,2,0
163533333333,97028,2675,2,0
163533333333,97030,2672,2,0
163533333333,97032,2669,2,0
163533333333,97033,2667,2,0
163533333333,97035,2664,2,0
163533333333,97037,2661,2,0
163533333333,97039,2658,2,0
163533333333,97040,2656,2,0
163533333333,97041,2655,2,0
163533333333,97047,2646,2,0
163533333333,97049,2643,2,0
163533333333,97057,2632,2,0
163533333333,97063,2624,2,0
163533333333,97090,2593,2,0
163533333333,97105,2334,2,0
163533333333,97112,2328,2,0
163533333333,97117,2324,2,0
163533333333,97120,2322,2,0
163533333333,97125,2318,2,0
163533333333,97134,2312,2,0
163533333333,97139,2309,2,0
163533333333,97143,2306,2,0
163533333333,97150,2302,2,0
163533333333,97156,2299,2,0
163533333333,97158,2298,2,0
163533333333,97160,2296,2,0
163533333333,97164,2294,2,0
163533333333,97165,2294,2,0
163533333333,97167,2293,2,0
163533333333,97168,2292,2,0
163533333333,97173,2290,2,0
163533333333,97175,2289,2,0
163533333333,97176,2300,2,0
163533333333,97183,2314,2,0
163533333333,97184,2328,2,0
163533333333,97665,2755,2,0
163533333333,97671,2742,2,0
163533333333,97673,2738,2,0
163533333333,97674,2736,2,0
163533333333,97676,2733,2,0
163533333333,97677,2731,2,0
163533333333,97680,2725,2,0
163533333333,97686,2714,2,0
163533333333,97688,2710,2,0
163533333333,97694,2699,2,0
163533333333,97695,2697,2,0
163533333333,97700,2689,2,0
163533333333,97701,2687,2,0
163533333333,97706,2679,2,0
163533333333,97708,2676,2,0
163533333333,97713,2668,2,0
163533333333,97716,2663,2,0
163533333333,97719,2658,2,0
163533333333,97722,2654,2,0
163533333333,97723,2652,2,0
163533333333,97724,2651,2,0
163533333333,97725,2649,2,0
163533333333,97726,2648,2,0
163533333333,97727,2647,2,0
163533333333,97729,2644,2,0
163533333333,97732,2640,2,0
163533333333,97734,2637,2,0
163533333333,97750,2616,2,0
163533333333,97757,2608,2,0
163533333333,97764,2600,2,0
163533333333,97807,2317,2,0
163533333333,97812,2314,2,0
163533333333,97818,2310,2,0
163533333333,97821,2308,2,0
163533333333,97827,2304,2,0
163533333333,97829,2303,2,0
163533333333,97835,2300,2,0
163533333333,97838,2298,2,0
163533333333,97846,2294,2,0
163533333333,97852,2291,2,0
163533333333,97853,2290,2,0
163533333333,97854,2290,2,0
163533333333,97858,2300,2,0
163533333333,97859,2300,2,0
163533333333,97861,2307,2,0
163533333333,97862,2309,2,0
163533333333,97866,2354,2,0
163533333333,97867,2597,2,0
163533333333,97868,2628,2,0
163533333333,98347,2751,2,0
163533333333,98356,2733,2,0
163533333333,98359,2727,2,0
163533333333,98362,2721,2,0
163533333333,98366,2714,2,0
163533333333,98369,2709,2,0
163533333333,98373,2701,2,0
163533333333,98375,2698,2,0
163533333333,98379,2691,2,0
163533333333,98388,2676,2,0
163533333333,98394,2666,2,0
163533333333,98401,2656,2,0
163533333333,98406,2648,2,0
163533333333,98410,2643,2,0
163533333333,98412,2640,2,0
163533333333,98413,2639,2,0
163533333333,98415,2636,2,0
163533333333,98416,2634,2,0
163533333333,98417,2633,2,0
163533333333,98419,2630,2,0
163533333333,98420,2629,2,0
163533333333,98422,2627,2,0
163533333333,98423,2625,2,0
163533333333,98424,2624,2,0
163533333333,98426,2621,2,0
163533333333,98430,2616,2,0
163533333333,98451,2592,2,0
163533333333,98458,2585,2,0
163533333333,98486,2318,2,0
163533333333,98489,2316,2,0
163533333333,98491,2315,2,0
163533333333,98493,2313,2,0
163533333333,98494,2313,2,0
163533333333,98496,2311,2,0
163533333333,98500,2309,2,0
163533333333,98506,2305,2,0
163533333333,98508,2304,2,0
163533333333,98513,2301,2,0
163533333333,98517,2299,2,0
163533333333,98521,2297,2,0
163533333333,98522,2296,2,0
163533333333,98525,2295,2,0
163533333333,98530,2292,2,0
163533333333,98533,2291,2,0
163533333333,98537,2301,2,0
163533333333,98538,2301,2,0
163533333333,98540,2300,2,0
163533333333,98545,2331,2,0
163533333333,98546,2358,2,0
163533333333,99030,2745,2,0
163533333333,99042,2722,2,0
163533333333,99048,2711,2,0
163533333333,99052,2704,2,0
163533333333,99055,2698,2,0
163533333333,99059,2691,2,0
163533333333,99062,2686,2,0
163533333333,99065,2681,2,0
163533333333,99066,2680,2,0
163533333333,99068,2676,2,0
163533333333,99072,2670,2,0
163533333333,99088,2646,2,0
163533333333,99090,2643,2,0
163533333333,99095,2636,2,0
163533333333,99101,2628,2,0
163533333333,99102,2627,2,0
163533333333,99108,2619,2,0
163533333333,99111,2616,2,0
163533333333,99113,2613,2,0
163533333333,99114,2612,2,0
163533333333,99115,2611,2,0
163533333333,99117,2608,2,0
163533333333,99118,2607,2,0
163533333333,99120,2605,2,0
163533333333,99122,2603,2,0
163533333333,99124,2600,2,0
163533333333,99127,2597,2,0
163533333333,99145,2335,2,0
163533333333,99152,2329,2,0
163533333333,99157,2325,2,0
163533333333,99168,2317,2,0
163533333333,99169,2317,2,0
163533333333,99171,2315,2,0
163533333333,99172,2314,2,0
163533333333,99175,2312,2,0
163533333333,99177,2311,2,0
163533333333,99178,2310,2,0
163533333333,99183,2307,2,0
163533333333,99184,2307,2,0
163533333333,99186,2305,2,0
163533333333,99192,2302,2,0
163533333333,99194,2301,2,0
163533333333,99195,2300,2,0
163533333333,99200,2298,2,0
163533333333,99203,2296,2,0
163533333333,99209,2293,2,0
163533333333,99211,2292,2,0
163533333333,99216,2302,2,0
163533333333,99218,2301,2,0
163533333333,99224,2329,2,0
163533333333,99225,2335,2,0
163533333333,99741,2688,2,0
163533333333,99748,2677,2,0
163533333333,99752,2671,2,0
163533333333,99755,2666,2,0
163533333333,99759,2660,2,0
163533333333,99766,2649,2,0
163533333333,99772,2641,2,0
163533333333,99774,2638,2,0
163533333333,99789,2619,2,0
163533333333,99797,2609,2,0
163533333333,99801,2604,2,0
163533333333,99805,2600,2,0
163533333333,99806,2599,2,0
163533333333,99808,2596,2,0
163533333333,99810,2594,2,0
163533333333,99811,2593,2,0
163533333333,99812,2592,2,0
163533333333,99813,2591,2,0
163533333333,99815,2589,2,0
163533333333,99817,2587,2,0
163533333333,99819,2585,2,0
163533333333,99820,2584,2,0
163533333333,99821,2362,2,0
163533333333,99822,2351,2,0
163533333333,99826,2335,2,0
163533333333,99843,2321,2,0
163533333333,99846,2319,2,0
163533333333,99847,2318,2,0
163533333333,99848,2318,2,0
163533333333,99850,2316,2,0
163533333333,99853,2314,2,0
163533333333,99855,2313,2,0
163533333333,99861,2309,2,0
163533333333,99865,2306,2,0
163533333333,99870,2303,2,0
163533333333,99873,2302,2,0
163533333333,99878,2299,2,0
163533333333,99882,2297,2,0
163533333333,99888,2294,2,0
163533333333,99890,2293,2,0
163533333333,99894,2291,2,0
163533333333,99895,2291,2,0
163533333333,99897,2302,2,0
163533333333,99903,2328,2,0
163533333333,99904,2329,2,0
163533333333,100435,2666,2,0
163533333333,100442,2656,2,0
163533333333,100448,2647,2,0
163533333333,100449,2646,2,0
163533333333,100453,2640,2,0
163533333333,100456,2636,2,0
163533333333,100460,2630,2,0
163533333333,100467,2621,2,0
163533333333,100484,2601,2,0
163533333333,100492,2593,2,0
163533333333,100502,2351,2,0
163533333333,100507,2334,2,0
163533333333,100508,2334,2,0
163533333333,100509,2333,2,0
163533333333,100510,2332,2,0
163533333333,100514,2329,2,0
163533333333,100515,2328,2,0
163533333333,100516,2327,2,0
163533333333,100517,2326,2,0
163533333333,100522,2322,2,0
163533333333,100523,2322,2,0
163533333333,100525,2320,2,0
163533333333,100526,2319,2,0
163533333333,100529,2317,2,0
163533333333,100531,2316,2,0
163533333333,100534,2314,2,0
163533333333,100539,2311,2,0
163533333333,100543,2308,2,0
163533333333,100549,2304,2,0
163533333333,100551,2303,2,0
163533333333,100557,2300,2,0
163533333333,100561,2298,2,0
163533333333,100566,2295,2,0
163533333333,100569,2294,2,0
163533333333,100573,2292,2,0
163533333333,100574,2291,2,0
163533333333,100576,2303,2,0
163533333333,100581,2310,2,0
163533333333,100582,2311,2,0
163533333333,100583,2329,2,0
163533333333,101136,2636,2,0
163533333333,101140,2631,2,0
163533333333,101142,2628,2,0
163533333333,101143,2627,2,0
163533333333,101149,2619,2,0
163533333333,101150,2618,2,0
163533333333,101154,2613,2,0
163533333333,101162,2604,2,0
163533333333,101179,2586,2,0
163533333333,101185,2336,2,0
163533333333,101187,2335,2,0
163533333333,101193,2330,2,0
163533333333,101200,2324,2,0
163533333333,101203,2322,2,0
163533333333,101204,2321,2,0
163533333333,101210,2317,2,0
163533333333,101212,2316,2,0
163533333333,101218,2312,2,0
163533333333,101222,2309,2,0
163533333333,101227,2306,2,0
163533333333,101230,2304,2,0
163533333333,101236,2301,2,0
163533333333,101239,2299,2,0
163533333333,101245,2296,2,0
163533333333,101247,2295,2,0
163533333333,101252,2293,2,0
163533333333,101253,2292,2,0
163533333333,101255,2295,2,0
163533333333,101259,2302,2,0
163533333333,101262,2312,2,0
163533333333,101827,2622,2,0
163533333333,101836,2611,2,0
163533333333,101837,2610,2,0
163533333333,101843,2603,2,0
163533333333,101844,2602,2,0
163533333333,101849,2597,2,0
163533333333,101852,2594,2,0
163533333333,101857,2588,2,0
163533333333,101865,2337,2,0
163533333333,101867,2335,2,0
163533333333,101872,2331,2,0
163533333333,101875,2329,2,0
163533333333,101882,2323,2,0
163533333333,101883,2322,2,0
163533333333,101888,2319,2,0
163533333333,101891,2317,2,0
163533333333,101896,2313,2,0
163533333333,101900,2311,2,0
163533333333,101906,2307,2,0
163533333333,101908,2306,2,0
163533333333,101914,2302,2,0
163533333333,101916,2301,2,0
163533333333,101918,2300,2,0
163533333333,101922,2298,2,0
163533333333,101924,2297,2,0
163533333333,101926,2296,2,0
163533333333,101931,2294,2,0
163533333333,101933,2293,2,0
163533333333,101938,2303,2,0
163533333333,101941,2311,2,0
163533333333,102513,2615,2,0
163533333333,102520,2607,2,0
163533333333,102530,2596,2,0
163533333333,102537,2589,2,0
163533333333,102539,2587,2,0
163533333333,102544,2351,2,0
163533333333,102551,2332,2,0
163533333333,102555,2329,2,0
163533333333,102558,2327,2,0
163533333333,102560,2325,2,0
163533333333,102563,2323,2,0
163533333333,102568,2319,2,0
163533333333,102579,2312,2,0
163533333333,102585,2308,2,0
163533333333,102587,2307,2,0
163533333333,102593,2303,2,0
163533333333,102605,2297,2,0
163533333333,102608,2295,2,0
163533333333,102609,2295,2,0
163533333333,102610,2294,2,0
163533333333,102617,2303,2,0
163533333333,102619,2303,2,0
163533333333,103207,2600,2,0
163533333333,103214,2592,2,0
163533333333,103221,2354,2,0
163533333333,103228,2335,2,0
163533333333,103235,2329,2,0
163533333333,103239,2326,2,0
163533333333,103240,2325,2,0
163533333333,103251,2317,2,0
163533333333,103256,2314,2,0
163533333333,103259,2312,2,0
163533333333,103264,2309,2,0
163533333333,103267,2307,2,0
163533333333,103273,2304,2,0
163533333333,103275,2302,2,0
163533333333,103281,2299,2,0
163533333333,103284,2298,2,0
163533333333,103287,2296,2,0
163533333333,103289,2295,2,0
163533333333,103293,2293,2,0
163533333333,103296,2304,2,0
163533333333,103298,2303,2,0
163533333333,103914,2331,2,0
163533333333,103956,2302,2,0
163533333333,103961,2300,2,0
163533333333,103964,2298,2,0
163533333333,103967,2297,2,0
163533333333,103971,2295,2,0
163533333333,104587,2337,2,0
163533333333,104611,2318,2,0
163533333333,104619,2313,2,0
163533333333,104652,2295,2,0
163533333333,104656,2305,2,0
163533333333,105260,2367,2,0
163533333333,105262,2354,2,0
163533333333,105269,2336,2,0
163533333333,105307,2308,2,0
163533333333,105316,2303,2,0
163533333333,105327,2297,2,0
163533333333,105969,2321,2,0
163533333333,105977,2315,2,0
163533333333,106004,2299,2,0
163533333333,106010,2296,2,0
163533333333,106665,2310,2,0
163533333333,106673,2306,2,0
163533333333,107361,2302,2,0
163533333333,108009,2322,2,0
163533333333,108017,2316,2,0
163533333333,108053,2296,2,0
163533333333,108692,2320,2,0
163533333333,108700,2315,2,0
163533333333,108705,2312,2,0
163533333333,108713,2307,2,0
163533333333,109388,2310,2,0
163533333333,109396,2306,2,0
163533333333,109401,2303,2,0
163533333333,109410,2299,2,0
163533333333,110084,2302,2,0
163533333333,110773,2298,2,0
163966666667,18773,2739,2,0
163966666667,19450,2744,2,0
163966666667,19451,2742,2,0
163966666667,19454,2737,2,0
163966666667,19456,2734,2,0
163966666667,19457,2733,2,0
163966666667,19459,2730,2,0
163966666667,19461,2727,2,0
163966666667,19462,2726,2,0
163966666667,19466,2720,2,0
163966666667,19467,2719,2,0
163966666667,19468,2717,2,0
163966666667,19472,2712,2,0
163966666667,19473,2710,2,0
163966666667,19478,2704,2,0
163966666667,19489,2690,2,0
163966666667,19496,2681,2,0
163966666667,20128,2747,2,0
163966666667,20129,2746,2,0
163966666667,20132,2741,2,0
163966666667,20135,2736,2,0
163966666667,20138,2732,2,0
163966666667,20140,2729,2,0
163966666667,20143,2725,2,0
163966666667,20145,2722,2,0
163966666667,20147,2719,2,0
163966666667,20150,2715,2,0
163966666667,20151,2713,2,0
163966666667,20153,2711,2,0
163966666667,20155,2708,2,0
163966666667,20156,2707,2,0
163966666667,20159,2703,2,0
163966666667,20160,2701,2,0
163966666667,20161,2700,2,0
163966666667,20163,2698,2,0
163966666667,20164,2696,2,0
163966666667,20166,2694,2,0
163966666667,20167,2693,2,0
163966666667,20171,2688,2,0
163966666667,20172,2687,2,0
163966666667,20174,2684,2,0
163966666667,20177,2681,2,0
163966666667,20179,2678,2,0
163966666667,20184,2673,2,0
163966666667,20204,2653,2,0
163966666667,20806,2751,2,0
163966666667,20807,2749,2,0
163966666667,20808,2747,2,0
163966666667,20809,2746,2,0
163966666667,20810,2744,2,0
163966666667,20812,2741,2,0
163966666667,20813,2740,2,0
163966666667,20814,2738,2,0
163966666667,20815,2737,2,0
163966666667,20816,2735,2,0
163966666667,20817,2734,2,0
163966666667,20821,2728,2,0
163966666667,20823,2725,2,0
163966666667,20828,2718,2,0
163966666667,20829,2716,2,0
163966666667,20834,2710,2,0
163966666667,20838,2704,2,0
163966666667,20839,2703,2,0
163966666667,20842,2699,2,0
163966666667,20844,2697,2,0
163966666667,20845,2695,2,0
163966666667,20847,2693,2,0
163966666667,20849,2691,2,0
163966666667,20852,2687,2,0
163966666667,20858,2680,2,0
163966666667,20860,2678,2,0
163966666667,20862,2675,2,0
163966666667,20865,2672,2,0
163966666667,20866,2671,2,0
163966666667,20867,2670,2,0
163966666667,20869,2668,2,0
163966666667,20871,2666,2,0
163966666667,20872,2665,2,0
163966666667,20874,2663,2,0
163966666667,20877,2660,2,0
163966666667,20879,2658,2,0
163966666667,20880,2657,2,0
163966666667,20882,2655,2,0
163966666667,20884,2653,2,0
163966666667,20886,2651,2,0
163966666667,20887,2650,2,0
163966666667,20889,2648,2,0
163966666667,20893,2645,2,0
163966666667,20900,2639,2,0
163966666667,21481,2759,2,0
163966666667,21483,2756,2,0
163966666667,21484,2754,2,0
163966666667,21485,2753,2,0
163966666667,21486,2751,2,0
163966666667,21488,2748,2,0
163966666667,21489,2746,2,0
163966666667,21490,2745,2,0
163966666667,21492,2742,2,0
163966666667,21494,2739,2,0
163966666667,21497,2734,2,0
163966666667,21499,2731,2,0
163966666667,21500,2730,2,0
163966666667,21505,2722,2,0
163966666667,21507,2720,2,0
163966666667,21512,2713,2,0
163966666667,21515,2709,2,0
163966666667,21516,2707,2,0
163966666667,21520,2702,2,0
163966666667,21534,2685,2,0
163966666667,21544,2674,2,0
163966666667,21550,2667,2,0
163966666667,21556,2661,2,0
163966666667,21557,2660,2,0
163966666667,21558,2659,2,0
163966666667,21565,2652,2,0
163966666667,21571,2647,2,0
163966666667,21572,2646,2,0
163966666667,21574,2644,2,0
163966666667,21576,2642,2,0
163966666667,21578,2641,2,0
163966666667,21579,2640,2,0
163966666667,21581,2638,2,0
163966666667,21585,2635,2,0
163966666667,21586,2634,2,0
163966666667,21587,2634,2,0
163966666667,21592,2630,2,0
163966666667,21593,2629,2,0
163966666667,21599,2625,2,0
163966666667,22159,2763,2,0
163966666667,22160,2761,2,0
163966666667,22162,2758,2,0
163966666667,22163,2756,2,0
163966666667,22164,2755,2,0
163966666667,22166,2751,2,0
163966666667,22168,2748,2,0
163966666667,22169,2747,2,0
163966666667,22171,2744,2,0
163966666667,22172,2742,2,0
163966666667,22174,2739,2,0
163966666667,22175,2738,2,0
163966666667,22178,2733,2,0
163966666667,22181,2729,2,0
163966666667,22183,2726,2,0
163966666667,22185,2723,2,0
163966666667,22190,2716,2,0
163966666667,22191,2714,2,0
163966666667,22193,2712,2,0
163966666667,22194,2710,2,0
163966666667,22196,2708,2,0
163966666667,22198,2705,2,0
163966666667,22204,2697,2,0
163966666667,22210,2690,2,0
163966666667,22216,2683,2,0
163966666667,22221,2677,2,0
163966666667,22222,2676,2,0
163966666667,22227,2671,2,0
163966666667,22234,2663,2,0
163966666667,22250,2648,2,0
163966666667,22251,2647,2,0
163966666667,22252,2646,2,0
163966666667,22258,2641,2,0
163966666667,22263,2637,2,0
163966666667,22265,2635,2,0
163966666667,22270,2632,2,0
163966666667,22272,2630,2,0
163966666667,22274,2629,2,0
163966666667,22277,2626,2,0
163966666667,22279,2625,2,0
163966666667,22281,2624,2,0
163966666667,22286,2393,2,0
163966666667,22288,2392,2,0
163966666667,22289,2379,2,0
163966666667,22293,2377,2,0
163966666667,22295,2376,2,0
163966666667,22296,2375,2,0
163966666667,22300,2373,2,0
163966666667,22302,2372,2,0
163966666667,22308,2369,2,0
163966666667,22837,2767,2,0
163966666667,22838,2765,2,0
163966666667,22841,2760,2,0
163966666667,22842,2758,2,0
163966666667,22843,2757,2,0
163966666667,22846,2752,2,0
163966666667,22847,2750,2,0
163966666667,22850,2746,2,0
163966666667,22852,2742,2,0
163966666667,22854,2739,2,0
163966666667,22856,2736,2,0
163966666667,22859,2732,2,0
163966666667,22863,2726,2,0
163966666667,22868,2719,2,0
163966666667,22869,2718,2,0
163966666667,22874,2711,2,0
163966666667,22876,2708,2,0
163966666667,22882,2700,2,0
163966666667,22884,2698,2,0
163966666667,22886,2695,2,0
163966666667,22909,2669,2,0
163966666667,22916,2662,2,0
163966666667,22921,2657,2,0
163966666667,22923,2655,2,0
163966666667,22928,2650,2,0
163966666667,22935,2644,2,0
163966666667,22952,2630,2,0
163966666667,22959,2625,2,0
163966666667,22964,2425,2,0
163966666667,22966,2393,2,0
163966666667,22972,2378,2,0
163966666667,22973,2377,2,0
163966666667,22974,2377,2,0
163966666667,22979,2374,2,0
163966666667,22981,2373,2,0
163966666667,22983,2372,2,0
163966666667,22986,2370,2,0
163966666667,22988,2370,2,0
163966666667,22990,2369,2,0
163966666667,22995,2366,2,0
163966666667,22997,2366,2,0
163966666667,22998,2365,2,0
163966666667,23002,2364,2,0
163966666667,23005,2362,2,0
163966666667,23010,2361,2,0
163966666667,23012,2360,2,0
163966666667,23020,2358,2,0
163966666667,23506,2786,2,0
163966666667,23512,2776,2,0
163966666667,23513,2774,2,0
163966666667,23514,2772,2,0
163966666667,23515,2770,2,0
163966666667,23516,2769,2,0
163966666667,23517,2767,2,0
163966666667,23518,2765,2,0
163966666667,23519,2764,2,0
163966666667,23521,2760,2,0
163966666667,23523,2757,2,0
163966666667,23524,2756,2,0
163966666667,23525,2754,2,0
163966666667,23528,2749,2,0
163966666667,23530,2746,2,0
163966666667,23531,2744,2,0
163966666667,23537,2735,2,0
163966666667,23540,2731,2,0
163966666667,23543,2727,2,0
163966666667,23545,2724,2,0
163966666667,23547,2721,2,0
163966666667,23552,2714,2,0
163966666667,23554,2711,2,0
163966666667,23559,2705,2,0
163966666667,23561,2702,2,0
163966666667,23567,2694,2,0
163966666667,23569,2692,2,0
163966666667,23605,2653,2,0
163966666667,23609,2650,2,0
163966666667,23610,2649,2,0
163966666667,23617,2643,2,0
163966666667,23622,2639,2,0
163966666667,23624,2637,2,0
163966666667,23629,2633,2,0
163966666667,23631,2632,2,0
163966666667,23636,2628,2,0
163966666667,23643,2623,2,0
163966666667,23653,2377,2,0
163966666667,23661,2373,2,0
163966666667,23669,2369,2,0
163966666667,23674,2367,2,0
163966666667,23675,2367,2,0
163966666667,23676,2366,2,0
163966666667,23681,2364,2,0
163966666667,23683,2364,2,0
163966666667,23685,2363,2,0
163966666667,23689,2361,2,0
163966666667,23690,2361,2,0
163966666667,23693,2360,2,0
163966666667,23695,2359,2,0
163966666667,23699,2358,2,0
163966666667,23703,2357,2,0
163966666667,23704,2357,2,0
163966666667,24183,2792,2,0
163966666667,24188,2783,2,0
163966666667,24190,2779,2,0
163966666667,24192,2776,2,0
163966666667,24195,2771,2,0
163966666667,24196,2769,2,0
163966666667,24199,2764,2,0
163966666667,24202,2759,2,0
163966666667,24203,2758,2,0
163966666667,24205,2754,2,0
163966666667,24208,2750,2,0
163966666667,24209,2748,2,0
163966666667,24212,2743,2,0
163966666667,24214,2740,2,0
163966666667,24216,2737,2,0
163966666667,24218,2734,2,0
163966666667,24219,2733,2,0
163966666667,24221,2730,2,0
163966666667,24225,2724,2,0
163966666667,24230,2717,2,0
163966666667,24231,2716,2,0
163966666667,24236,2709,2,0
163966666667,24237,2708,2,0
163966666667,24238,2706,2,0
163966666667,24239,2705,2,0
163966666667,24240,2704,2,0
163966666667,24245,2697,2,0
163966666667,24248,2694,2,0
163966666667,24255,2685,2,0
163966666667,24318,2627,2,0
163966666667,24325,2395,2,0
163966666667,24337,2376,2,0
163966666667,24338,2375,2,0
163966666667,24340,2374,2,0
163966666667,24345,2372,2,0
163966666667,24347,2371,2,0
163966666667,24353,2368,2,0
163966666667,24355,2367,2,0
163966666667,24360,2365,2,0
163966666667,24364,2364,2,0
163966666667,24371,2361,2,0
163966666667,24374,2360,2,0
163966666667,24376,2359,2,0
163966666667,24378,2359,2,0
163966666667,24382,2358,2,0
163966666667,24384,2357,2,0
163966666667,24870,2780,2,0
163966666667,24872,2776,2,0
163966666667,24874,2773,2,0
163966666667,24877,2768,2,0
163966666667,24879,2765,2,0
163966666667,24880,2763,2,0
163966666667,24881,2761,2,0
163966666667,24886,2753,2,0
163966666667,24887,2752,2,0
163966666667,24892,2744,2,0
163966666667,24902,2729,2,0
163966666667,24906,2723,2,0
163966666667,24908,2720,2,0
163966666667,24909,2719,2,0
163966666667,24913,2713,2,0
163966666667,24915,2711,2,0
163966666667,24916,2709,2,0
163966666667,24918,2707,2,0
163966666667,24920,2704,2,0
163966666667,24921,2703,2,0
163966666667,24922,2702,2,0
163966666667,24925,2698,2,0
163966666667,24926,2697,2,0
163966666667,24932,2689,2,0
163966666667,24942,2678,2,0
163966666667,24949,2670,2,0
163966666667,24955,2664,2,0
163966666667,24962,2657,2,0
163966666667,25005,2395,2,0
163966666667,25010,2380,2,0
163966666667,25011,2379,2,0
163966666667,25012,2379,2,0
163966666667,25013,2378,2,0
163966666667,25015,2377,2,0
163966666667,25019,2375,2,0
163966666667,25024,2372,2,0
163966666667,25026,2371,2,0
163966666667,25032,2369,2,0
163966666667,25034,2368,2,0
163966666667,25039,2366,2,0
163966666667,25043,2364,2,0
163966666667,25048,2362,2,0
163966666667,25050,2362,2,0
163966666667,25055,2360,2,0
163966666667,25058,2359,2,0
163966666667,25062,2358,2,0
163966666667,25063,2358,2,0
163966666667,25550,2780,2,0
163966666667,25551,2779,2,0
163966666667,25552,2777,2,0
163966666667,25554,2773,2,0
163966666667,25556,2770,2,0
163966666667,25558,2767,2,0
163966666667,25567,2752,2,0
163966666667,25574,2741,2,0
163966666667,25579,2734,2,0
163966666667,25580,2732,2,0
163966666667,25581,2731,2,0
163966666667,25586,2724,2,0
163966666667,25587,2722,2,0
163966666667,25594,2712,2,0
163966666667,25600,2705,2,0
163966666667,25603,2701,2,0
163966666667,25604,2699,2,0
163966666667,25607,2696,2,0
163966666667,25608,2694,2,0
163966666667,25609,2693,2,0
163966666667,25610,2692,2,0
163966666667,25612,2690,2,0
163966666667,25614,2687,2,0
163966666667,25616,2685,2,0
163966666667,25617,2684,2,0
163966666667,25619,2681,2,0
163966666667,25621,2679,2,0
163966666667,25623,2677,2,0
163966666667,25626,2674,2,0
163966666667,25630,2669,2,0
163966666667,25649,2651,2,0
163966666667,25656,2645,2,0
163966666667,25663,2639,2,0
163966666667,25687,2394,2,0
163966666667,25688,2393,2,0
163966666667,25691,2380,2,0
163966666667,25692,2379,2,0
163966666667,25694,2378,2,0
163966666667,25697,2376,2,0
163966666667,25703,2373,2,0
163966666667,25705,2372,2,0
163966666667,25711,2370,2,0
163966666667,25713,2369,2,0
163966666667,25718,2367,2,0
163966666667,25722,2365,2,0
163966666667,25727,2363,2,0
163966666667,25729,2362,2,0
163966666667,25733,2361,2,0
163966666667,25734,2361,2,0
163966666667,25737,2360,2,0
163966666667,25741,2359,2,0
163966666667,25743,2358,2,0
163966666667,26223,2793,2,0
163966666667,26225,2790,2,0
163966666667,26232,2777,2,0
163966666667,26234,2774,2,0
163966666667,26238,2767,2,0
163966666667,26241,2762,2,0
163966666667,26245,2756,2,0
163966666667,26248,2751,2,0
163966666667,26252,2745,2,0
163966666667,26254,2742,2,0
163966666667,26259,2734,2,0
163966666667,26265,2725,2,0
163966666667,26268,2721,2,0
163966666667,26274,2713,2,0
163966666667,26281,2704,2,0
163966666667,26288,2695,2,0
163966666667,26290,2692,2,0
163966666667,26294,2688,2,0
163966666667,26296,2685,2,0
163966666667,26299,2682,2,0
163966666667,26301,2680,2,0
163966666667,26303,2677,2,0
163966666667,26304,2676,2,0
163966666667,26306,2674,2,0
163966666667,26308,2672,2,0
163966666667,26311,2669,2,0
163966666667,26312,2668,2,0
163966666667,26313,2667,2,0
163966666667,26316,2664,2,0
163966666667,26317,2663,2,0
163966666667,26318,2662,2,0
163966666667,26319,2661,2,0
163966666667,26320,2660,2,0
163966666667,26324,2656,2,0
163966666667,26328,2652,2,0
163966666667,26332,2649,2,0
163966666667,26350,2634,2,0
163966666667,26355,2630,2,0
163966666667,26366,2395,2,0
163966666667,26367,2394,2,0
163966666667,26370,2380,2,0
163966666667,26371,2380,2,0
163966666667,26373,2379,2,0
163966666667,26376,2377,2,0
163966666667,26382,2374,2,0
163966666667,26384,2373,2,0
163966666667,26390,2370,2,0
163966666667,26392,2369,2,0
163966666667,26397,2367,2,0
163966666667,26401,2366,2,0
163966666667,26405,2364,2,0
163966666667,26406,2364,2,0
163966666667,26409,2363,2,0
163966666667,26412,2362,2,0
163966666667,26413,2361,2,0
163966666667,26416,2360,2,0
163966666667,26420,2359,2,0
163966666667,26422,2359,2,0
163966666667,26908,2785,2,0
163966666667,26914,2774,2,0
163966666667,26921,2763,2,0
163966666667,26927,2753,2,0
163966666667,26931,2747,2,0
163966666667,26938,2736,2,0
163966666667,26941,2732,2,0
163966666667,26945,2726,2,0
163966666667,26948,2722,2,0
163966666667,26952,2716,2,0
163966666667,26968,2695,2,0
163966666667,26973,2689,2,0
163966666667,26983,2678,2,0
163966666667,26990,2670,2,0
163966666667,26993,2667,2,0
163966666667,26997,2663,2,0
163966666667,27000,2660,2,0
163966666667,27003,2657,2,0
163966666667,27005,2655,2,0
163966666667,27006,2654,2,0
163966666667,27007,2653,2,0
163966666667,27010,2651,2,0
163966666667,27013,2648,2,0
163966666667,27014,2647,2,0
163966666667,27015,2646,2,0
163966666667,27018,2644,2,0
163966666667,27019,2643,2,0
163966666667,27020,2642,2,0
163966666667,27021,2641,2,0
163966666667,27022,2640,2,0
163966666667,27027,2637,2,0
163966666667,27030,2634,2,0
163966666667,27035,2631,2,0
163966666667,27042,2626,2,0
163966666667,27044,2407,2,0
163966666667,27046,2395,2,0
163966666667,27048,2394,2,0
163966666667,27051,2380,2,0
163966666667,27055,2378,2,0
163966666667,27059,2376,2,0
163966666667,27061,2375,2,0
163966666667,27063,2374,2,0
163966666667,27068,2372,2,0
163966666667,27071,2370,2,0
163966666667,27076,2368,2,0
163966666667,27080,2366,2,0
163966666667,27084,2365,2,0
163966666667,27088,2363,2,0
163966666667,27091,2362,2,0
163966666667,27092,2362,2,0
163966666667,27095,2361,2,0
163966666667,27099,2360,2,0
163966666667,27101,2359,2,0
163966666667,27614,2743,2,0
163966666667,27621,2732,2,0
163966666667,27628,2722,2,0
163966666667,27635,2712,2,0
163966666667,27639,2707,2,0
163966666667,27642,2703,2,0
163966666667,27646,2698,2,0
163966666667,27651,2692,2,0
163966666667,27653,2690,2,0
163966666667,27660,2682,2,0
163966666667,27685,2656,2,0
163966666667,27692,2649,2,0
163966666667,27700,2643,2,0
163966666667,27701,2642,2,0
163966666667,27706,2638,2,0
163966666667,27708,2636,2,0
163966666667,27709,2635,2,0
163966666667,27715,2631,2,0
163966666667,27717,2629,2,0
163966666667,27718,2629,2,0
163966666667,27722,2626,2,0
163966666667,27723,2430,2,0
163966666667,27724,2407,2,0
163966666667,27730,2381,2,0
163966666667,27734,2379,2,0
163966666667,27738,2377,2,0
163966666667,27742,2375,2,0
163966666667,27747,2372,2,0
163966666667,27749,2371,2,0
163966666667,27755,2369,2,0
163966666667,27759,2367,2,0
163966666667,27763,2366,2,0
163966666667,27767,2364,2,0
163966666667,27770,2363,2,0
163966666667,27771,2363,2,0
163966666667,27774,2362,2,0
163966666667,27778,2361,2,0
163966666667,27780,2360,2,0
163966666667,28322,2704,2,0
163966666667,28329,2695,2,0
163966666667,28336,2687,2,0
163966666667,28338,2684,2,0
163966666667,28340,2682,2,0
163966666667,28341,2681,2,0
163966666667,28343,2679,2,0
163966666667,28348,2673,2,0
163966666667,28355,2666,2,0
163966666667,28362,2659,2,0
163966666667,28388,2637,2,0
163966666667,28393,2633,2,0
163966666667,28396,2631,2,0
163966666667,28401,2627,2,0
163966666667,28402,2626,2,0
163966666667,28409,2382,2,0
163966666667,28412,2380,2,0
163966666667,28420,2376,2,0
163966666667,28426,2373,2,0
163966666667,28428,2372,2,0
163966666667,28434,2370,2,0
163966666667,28438,2368,2,0
163966666667,28442,2366,2,0
163966666667,28446,2365,2,0
163966666667,28449,2364,2,0
163966666667,28450,2363,2,0
163966666667,28453,2362,2,0
163966666667,28457,2361,2,0
163966666667,28459,2361,2,0
163966666667,29023,2679,2,0
163966666667,29025,2677,2,0
163966666667,29028,2674,2,0
163966666667,29030,2671,2,0
163966666667,29034,2667,2,0
163966666667,29038,2663,2,0
163966666667,29045,2657,2,0
163966666667,29050,2652,2,0
163966666667,29053,2649,2,0
163966666667,29057,2646,2,0
163966666667,29065,2639,2,0
163966666667,29068,2637,2,0
163966666667,29073,2633,2,0
163966666667,29076,2631,2,0
163966666667,29081,2628,2,0
163966666667,29084,2408,2,0
163966666667,29091,2381,2,0
163966666667,29097,2378,2,0
163966666667,29099,2377,2,0
163966666667,29105,2374,2,0
163966666667,29113,2370,2,0
163966666667,29116,2369,2,0
163966666667,29125,2366,2,0
163966666667,29128,2365,2,0
163966666667,29129,2364,2,0
163966666667,29136,2362,2,0
163966666667,29138,2361,2,0
163966666667,29712,2670,2,0
163966666667,29721,2661,2,0
163966666667,29728,2654,2,0
163966666667,29735,2648,2,0
163966666667,29740,2644,2,0
163966666667,29742,2642,2,0
163966666667,29749,2637,2,0
163966666667,29756,2631,2,0
163966666667,29759,2629,2,0
163966666667,29764,2400,2,0
163966666667,29769,2383,2,0
163966666667,29771,2382,2,0
163966666667,29777,2378,2,0
163966666667,29779,2377,2,0
163966666667,29785,2374,2,0
163966666667,29787,2373,2,0
163966666667,29796,2370,2,0
163966666667,29801,2368,2,0
163966666667,29804,2366,2,0
163966666667,29807,2365,2,0
163966666667,29808,2365,2,0
163966666667,29812,2364,2,0
163966666667,29816,2362,2,0
163966666667,29817,2362,2,0
163966666667,30399,2663,2,0
163966666667,30406,2656,2,0
163966666667,30413,2650,2,0
163966666667,30420,2644,2,0
163966666667,30427,2639,2,0
163966666667,30434,2633,2,0
163966666667,30438,2630,2,0
163966666667,30467,2374,2,0
163966666667,30473,2371,2,0
163966666667,30476,2370,2,0
163966666667,30481,2368,2,0
163966666667,30484,2367,2,0
163966666667,30487,2366,2,0
163966666667,30491,2364,2,0
163966666667,31113,2634,2,0
163966666667,31132,2382,2,0
163966666667,31172,2364,2,0
163966666667,31176,2363,2,0
163966666667,31786,2640,2,0
163966666667,31819,2379,2,0
163966666667,31827,2375,2,0
163966666667,31836,2371,2,0
163966666667,32459,2646,2,0
163966666667,32468,2639,2,0
163966666667,32489,2384,2,0
163966666667,32524,2368,2,0
163966666667,32527,2367,2,0
163966666667,32530,2366,2,0
163966666667,33141,2645,2,0
163966666667,33177,2380,2,0
163966666667,33185,2376,2,0
163966666667,33193,2373,2,0
163966666667,33881,2370,2,0
163966666667,34572,2366,2,0
163966666667,35209,2386,2,0
163966666667,35217,2382,2,0
163966666667,35225,2378,2,0
163966666667,35892,2385,2,0
163966666667,35899,2381,2,0
163966666667,35913,2374,2,0
163966666667,35921,2371,2,0
163966666667,36587,2378,2,0
163966666667,36595,2374,2,0
163966666667,36603,2371,2,0
163966666667,36609,2369,2,0
163966666667,37292,2368,2,0
165266666667,196,2757,2,0
165266666667,217,2749,2,0
165266666667,225,2747,2,0
165266666667,232,2745,2,0
165266666667,869,2760,2,0
165266666667,871,2759,2,0
165266666667,920,2744,2,0
165266666667,927,2743,2,0
165266666667,930,2518,2,0
165266666667,933,2518,2,0
165266666667,1542,2764,2,0
165266666667,1575,2751,2,0
165266666667,1583,2748,2,0
165266666667,1590,2747,2,0
165266666667,2224,2764,2,0
165266666667,2278,2745,2,0
165266666667,2285,2744,2,0
165266666667,2975,2507,2,0
165266666667,3615,2752,2,0
165266666667,3623,2750,2,0
165266666667,4298,2752,2,0
165266666667,4310,2749,2,0
165266666667,4318,2747,2,0
165266666667,4325,2746,2,0
165266666667,4333,2520,2,0
165266666667,4985,2750,2,0
165266666667,4993,2749,2,0
165266666667,5000,2747,2,0
165266666667,5008,2551,2,0
165266666667,5695,2509,2,0
165700000000,9528,2800,2,0
165700000000,9538,2795,2,0
165700000000,9543,2793,2,0
165700000000,9555,2788,2,0
165700000000,10200,2805,2,0
165700000000,10202,2804,2,0
165700000000,10203,2803,2,0
165700000000,10211,2799,2,0
165700000000,10212,2799,2,0
165700000000,10215,2797,2,0
165700000000,10216,2797,2,0
165700000000,10219,2795,2,0
165700000000,10220,2795,2,0
165700000000,10227,2792,2,0
165700000000,10233,2789,2,0
165700000000,10241,2786,2,0
165700000000,10881,2805,2,0
165700000000,10887,2802,2,0
165700000000,10889,2801,2,0
165700000000,10890,2800,2,0
165700000000,10897,2797,2,0
165700000000,10905,2793,2,0
165700000000,10908,2792,2,0
165700000000,10912,2790,2,0
165700000000,10913,2790,2,0
165700000000,10915,2789,2,0
165700000000,10916,2789,2,0
165700000000,10920,2787,2,0
165700000000,10923,2786,2,0
165700000000,10924,2786,2,0
165700000000,10929,2784,2,0
165700000000,10931,2783,2,0
165700000000,10932,2783,2,0
165700000000,10937,2782,2,0
165700000000,10939,2781,2,0
165700000000,10940,2781,2,0
165700000000,10945,2779,2,0
165700000000,10947,2779,2,0
165700000000,10952,2778,2,0
165700000000,10955,2777,2,0
165700000000,10960,2776,2,0
165700000000,10962,2776,2,0
165700000000,10968,2775,2,0
165700000000,11000,2773,2,0
165700000000,11585,2794,2,0
165700000000,11586,2793,2,0
165700000000,11587,2793,2,0
165700000000,11594,2790,2,0
165700000000,11595,2790,2,0
165700000000,11601,2787,2,0
165700000000,11603,2787,2,0
165700000000,11608,2785,2,0
165700000000,11609,2784,2,0
165700000000,11611,2784,2,0
165700000000,11616,2782,2,0
165700000000,11617,2782,2,0
165700000000,11619,2781,2,0
165700000000,11624,2780,2,0
165700000000,11625,2780,2,0
165700000000,11632,2778,2,0
165700000000,11633,2778,2,0
165700000000,11635,2777,2,0
165700000000,11640,2776,2,0
165700000000,11643,2776,2,0
165700000000,11648,2775,2,0
165700000000,11650,2775,2,0
165700000000,11655,2774,2,0
165700000000,11658,2774,2,0
165700000000,11663,2774,2,0
165700000000,11665,2773,2,0
165700000000,11670,2773,2,0
165700000000,11673,2773,2,0
165700000000,11680,2773,2,0
165700000000,12241,2806,2,0
165700000000,12247,2803,2,0
165700000000,12249,2802,2,0
165700000000,12255,2799,2,0
165700000000,12258,2797,2,0
165700000000,12263,2795,2,0
165700000000,12271,2792,2,0
165700000000,12272,2791,2,0
165700000000,12280,2788,2,0
165700000000,12288,2785,2,0
165700000000,12307,2780,2,0
165700000000,12315,2778,2,0
165700000000,12322,2777,2,0
165700000000,12330,2775,2,0
165700000000,12336,2775,2,0
165700000000,12338,2774,2,0
165700000000,12343,2774,2,0
165700000000,12345,2774,2,0
165700000000,12350,2774,2,0
165700000000,12353,2774,2,0
165700000000,12356,2774,2,0
165700000000,12360,2774,2,0
165700000000,12364,2575,2,0
165700000000,12940,2797,2,0
165700000000,12944,2795,2,0
165700000000,12946,2794,2,0
165700000000,12954,2791,2,0
165700000000,12962,2788,2,0
165700000000,12971,2785,2,0
165700000000,12976,2783,2,0
165700000000,12979,2782,2,0
165700000000,12984,2781,2,0
165700000000,12987,2780,2,0
165700000000,12994,2779,2,0
165700000000,13000,2777,2,0
165700000000,13002,2777,2,0
165700000000,13007,2776,2,0
165700000000,13010,2776,2,0
165700000000,13015,2775,2,0
165700000000,13018,2775,2,0
165700000000,13023,2774,2,0
165700000000,13025,2774,2,0
165700000000,13031,2774,2,0
165700000000,13036,2774,2,0
165700000000,13041,2774,2,0
165700000000,13044,2579,2,0
165700000000,13045,2560,2,0
165700000000,13673,2779,2,0
165700000000,13675,2779,2,0
165700000000,13679,2778,2,0
165700000000,13682,2777,2,0
165700000000,13687,2777,2,0
165700000000,13690,2776,2,0
165700000000,13695,2776,2,0
165700000000,13698,2775,2,0
165700000000,13703,2775,2,0
165700000000,13705,2775,2,0
165700000000,13711,2774,2,0
165700000000,13713,2774,2,0
165700000000,13716,2774,2,0
165700000000,13717,2774,2,0
165700000000,13721,2774,2,0
165700000000,13724,2580,2,0
165700000000,13725,2560,2,0
165700000000,14347,2781,2,0
165700000000,14350,2780,2,0
165700000000,14352,2780,2,0
165700000000,14355,2779,2,0
165700000000,14356,2779,2,0
165700000000,14359,2778,2,0
165700000000,14362,2778,2,0
165700000000,14367,2777,2,0
165700000000,14370,2777,2,0
165700000000,14375,2776,2,0
165700000000,14378,2776,2,0
165700000000,14383,2775,2,0
165700000000,14385,2775,2,0
165700000000,14391,2775,2,0
165700000000,14393,2775,2,0
165700000000,14396,2775,2,0
165700000000,14397,2775,2,0
165700000000,14401,2775,2,0
165700000000,14404,2580,2,0
165700000000,14405,2561,2,0
165700000000,14961,2808,2,0
165700000000,14970,2803,2,0
165700000000,14978,2799,2,0
165700000000,14986,2796,2,0
165700000000,14995,2792,2,0
165700000000,15003,2789,2,0
165700000000,15011,2786,2,0
165700000000,15016,2785,2,0
165700000000,15030,2781,2,0
165700000000,15032,2780,2,0
165700000000,15035,2780,2,0
165700000000,15039,2779,2,0
165700000000,15041,2779,2,0
165700000000,15047,2778,2,0
165700000000,15049,2777,2,0
165700000000,15055,2776,2,0
165700000000,15058,2776,2,0
165700000000,15063,2776,2,0
165700000000,15065,2776,2,0
165700000000,15071,2775,2,0
165700000000,15073,2775,2,0
165700000000,15076,2775,2,0
165700000000,15077,2775,2,0
165700000000,15081,2775,2,0
165700000000,15084,2581,2,0
165700000000,15085,2561,2,0
165700000000,15640,2809,2,0
165700000000,15642,2808,2,0
165700000000,15643,2807,2,0
165700000000,15649,2804,2,0
165700000000,15652,2803,2,0
165700000000,15658,2800,2,0
165700000000,15661,2798,2,0
165700000000,15666,2796,2,0
165700000000,15704,2783,2,0
165700000000,15709,2782,2,0
165700000000,15711,2781,2,0
165700000000,15714,2780,2,0
165700000000,15715,2780,2,0
165700000000,15718,2780,2,0
165700000000,15721,2779,2,0
165700000000,15726,2778,2,0
165700000000,15729,2778,2,0
165700000000,15735,2777,2,0
165700000000,15737,2777,2,0
165700000000,15743,2776,2,0
165700000000,15745,2776,2,0
165700000000,15751,2776,2,0
165700000000,15753,2776,2,0
165700000000,15756,2776,2,0
165700000000,15757,2776,2,0
165700000000,15761,2776,2,0
165700000000,15765,2562,2,0
165700000000,16320,2809,2,0
165700000000,16327,2806,2,0
165700000000,16328,2805,2,0
165700000000,16329,2805,2,0
165700000000,16331,2804,2,0
165700000000,16336,2801,2,0
165700000000,16337,2801,2,0
165700000000,16338,2800,2,0
165700000000,16340,2799,2,0
165700000000,16346,2797,2,0
165700000000,16347,2796,2,0
165700000000,16349,2795,2,0
165700000000,16350,2795,2,0
165700000000,16354,2793,2,0
165700000000,16355,2793,2,0
165700000000,16356,2793,2,0
165700000000,16358,2792,2,0
165700000000,16363,2790,2,0
165700000000,16364,2790,2,0
165700000000,16367,2789,2,0
165700000000,16373,2787,2,0
165700000000,16375,2786,2,0
165700000000,16376,2786,2,0
165700000000,16381,2784,2,0
165700000000,16384,2783,2,0
165700000000,16387,2783,2,0
165700000000,16388,2782,2,0
165700000000,16389,2782,2,0
165700000000,16390,2782,2,0
165700000000,16392,2781,2,0
165700000000,16393,2781,2,0
165700000000,16398,2780,2,0
165700000000,16401,2779,2,0
165700000000,16406,2779,2,0
165700000000,16409,2778,2,0
165700000000,16415,2777,2,0
165700000000,16417,2777,2,0
165700000000,16423,2777,2,0
165700000000,16425,2777,2,0
165700000000,16431,2776,2,0
165700000000,16434,2776,2,0
165700000000,16437,2776,2,0
165700000000,16442,2776,2,0
165700000000,16445,2562,2,0
165700000000,17001,2809,2,0
165700000000,17010,2805,2,0
165700000000,17020,2800,2,0
165700000000,17024,2798,2,0
165700000000,17028,2796,2,0
165700000000,17032,2795,2,0
165700000000,17037,2793,2,0
165700000000,17040,2792,2,0
165700000000,17046,2789,2,0
165700000000,17049,2788,2,0
165700000000,17052,2787,2,0
165700000000,17061,2785,2,0
165700000000,17067,2783,2,0
165700000000,17069,2783,2,0
165700000000,17072,2782,2,0
165700000000,17081,2780,2,0
165700000000,17089,2779,2,0
165700000000,17095,2778,2,0
165700000000,17097,2778,2,0
165700000000,17103,2777,2,0
165700000000,17105,2777,2,0
165700000000,17111,2777,2,0
165700000000,17114,2777,2,0
165700000000,17117,2777,2,0
165700000000,17125,2563,2,0
165700000000,17126,2562,2,0
165700000000,17735,2787,2,0
165700000000,17744,2784,2,0
165700000000,17746,2784,2,0
165700000000,17752,2782,2,0
165700000000,17758,2781,2,0
165700000000,17761,2780,2,0
165700000000,17766,2780,2,0
165700000000,17769,2779,2,0
165700000000,17775,2778,2,0
165700000000,17777,2778,2,0
165700000000,17783,2778,2,0
165700000000,17786,2777,2,0
165700000000,17791,2777,2,0
165700000000,17797,2777,2,0
165700000000,17802,2777,2,0
165700000000,17805,2563,2,0
165700000000,17806,2562,2,0
165700000000,18362,2810,2,0
165700000000,18368,2807,2,0
165700000000,18377,2802,2,0
165700000000,18386,2798,2,0
165700000000,18395,2795,2,0
165700000000,18403,2792,2,0
165700000000,18412,2788,2,0
165700000000,18415,2787,2,0
165700000000,18421,2786,2,0
165700000000,18424,2785,2,0
165700000000,18429,2784,2,0
165700000000,18432,2783,2,0
165700000000,18438,2782,2,0
165700000000,18441,2781,2,0
165700000000,18446,2780,2,0
165700000000,18449,2780,2,0
165700000000,18455,2779,2,0
165700000000,18457,2779,2,0
165700000000,18463,2778,2,0
165700000000,18471,2778,2,0
165700000000,18474,2778,2,0
165700000000,18477,2778,2,0
165700000000,18480,2778,2,0
165700000000,19042,2811,2,0
165700000000,19051,2806,2,0
165700000000,19060,2802,2,0
165700000000,19069,2798,2,0
165700000000,19078,2794,2,0
165700000000,19084,2792,2,0
165700000000,19087,2791,2,0
165700000000,19092,2789,2,0
165700000000,19099,2787,2,0
165700000000,19102,2786,2,0
165700000000,19104,2785,2,0
165700000000,19146,2778,2,0
165700000000,19154,2778,2,0
165700000000,19162,2778,2,0
165700000000,19165,2582,2,0
165700000000,19728,2808,2,0
165700000000,19739,2803,2,0
165700000000,19747,2799,2,0
165700000000,19755,2796,2,0
165700000000,19761,2793,2,0
165700000000,19769,2790,2,0
165700000000,19777,2788,2,0
165700000000,19784,2786,2,0
165700000000,20416,2805,2,0
165700000000,20425,2800,2,0
165700000000,20433,2797,2,0
165700000000,20457,2788,2,0
165700000000,20481,2783,2,0
165700000000,20490,2781,2,0
165700000000,20498,2780,2,0
165700000000,20506,2779,2,0
165700000000,20514,2779,2,0
165700000000,20517,2779,2,0
165700000000,20520,2779,2,0
165700000000,21129,2792,2,0
165700000000,21801,2795,2,0
165700000000,21812,2791,2,0
165700000000,21839,2784,2,0
165700000000,21847,2783,2,0
165700000000,21855,2781,2,0
165700000000,21864,2781,2,0
165700000000,21872,2780,2,0
165700000000,22484,2794,2,0
165700000000,22562,2781,2,0
165700000000,23879,2786,2,0
165700000000,23888,2784,2,0
165700000000,23896,2783,2,0
165700000000,23904,2782,2,0
165700000000,23912,2782,2,0
165700000000,23920,2782,2,0
165700000000,24562,2786,2,0
165700000000,24571,2784,2,0
165700000000,24579,2783,2,0
165700000000,24587,2782,2,0
165700000000,24595,2782,2,0
165700000000,25283,2783,2,0
182166666667,63165,10652,2,0
182166666667,63166,10619,2,0
182166666667,63194,8012,2,0
182166666667,63197,8028,2,0
182166666667,63844,9489,4,2
182166666667,63845,9469,4,2
182166666667,63846,9474,4,2
182166666667,63847,9480,4,2
182166666667,63848,9485,4,2
182166666667,63849,9491,4,2
182166666667,63850,9497,4,2
182166666667,63851,9502,4,2
182166666667,63852,9508,4,2
182166666667,63853,9514,4,2
182166666667,63854,9519,4,2
182166666667,63855,8140,2,0
182166666667,63856,8116,2,0
182166666667,63857,8092,2,0
182166666667,63858,8068,2,0
182166666667,63859,8045,2,0
182166666667,63860,8021,2,0
182166666667,63861,7998,2,0
182166666667,63862,7975,2,0
182166666667,63863,7957,2,0
182166666667,63864,7957,2,0
182166666667,63865,7951,2,0
182166666667,63866,7950,2,0
182166666667,63867,7955,2,0
182166666667,63868,7955,2,0
182166666667,63869,7960,2,0
182166666667,63870,7965,2,0
182166666667,63871,7971,2,0
182166666667,63872,8003,2,0
182166666667,63873,8008,2,0
182166666667,63875,8019,2,0
182166666667,63876,8024,2,0
182166666667,63877,8029,2,0
182166666667,63878,8035,2,0
182166666667,63879,8040,2,0
182166666667,63880,8045,2,0
182166666667,63881,8051,2,0
182166666667,63882,8056,2,0
182166666667,63883,8061,2,0
182166666667,63884,8067,2,0
182166666667,63886,8078,2,0
182166666667,64524,9484,4,2
182166666667,64525,9454,4,2
182166666667,64526,9425,4,2
182166666667,64527,9395,4,2
182166666667,64528,9367,4,2
182166666667,64529,9338,4,2
182166666667,64530,9310,4,2
182166666667,64531,9283,4,2
182166666667,64532,9265,4,2
182166666667,64533,9270,4,2
182166666667,64534,8191,2,0
182166666667,64535,8137,2,0
182166666667,64536,8113,2,0
182166666667,64537,8089,2,0
182166666667,64538,8066,2,0
182166666667,64539,8042,2,0
182166666667,64540,8019,2,0
182166666667,64541,7995,2,0
182166666667,64542,7972,2,0
182166666667,64543,7958,2,0
182166666667,64544,7955,2,0
182166666667,64545,7952,2,0
182166666667,64546,7951,2,0
182166666667,64547,7956,2,0
182166666667,64548,7956,2,0
182166666667,64549,7961,2,0
182166666667,64550,7966,2,0
182166666667,64552,8005,2,0
182166666667,64553,8010,2,0
182166666667,64554,8015,2,0
182166666667,64555,8020,2,0
182166666667,64556,8026,2,0
182166666667,64557,8031,2,0
182166666667,64559,8041,2,0
182166666667,64560,8047,2,0
182166666667,64562,8057,2,0
182166666667,64563,8063,2,0
182166666667,64564,8068,2,0
182166666667,64565,8074,2,0
182166666667,64566,8079,2,0
182166666667,64567,8084,2,0
182166666667,64568,8090,2,0
182166666667,64569,8095,2,0
182166666667,64570,8101,2,0
182166666667,64571,8106,2,0
182166666667,64572,8112,2,0
182166666667,64573,8117,2,0
182166666667,64574,8123,2,0
182166666667,65205,9471,4,54
182166666667,65206,9442,4,54
182166666667,65208,9388,4,54
182166666667,65209,9393,4,54
182166666667,65210,9307,4,2
182166666667,65211,9278,4,2
182166666667,65212,9250,4,2
182166666667,65213,9222,4,2
182166666667,65214,8188,2,0
182166666667,65215,8135,2,0
182166666667,65217,8087,2,0
182166666667,65218,8063,2,0
182166666667,65220,8016,2,0
182166666667,65221,7993,2,0
182166666667,65222,7970,2,0
182166666667,65223,7960,2,0
182166666667,65224,7952,2,0
182166666667,65225,7952,2,0
182166666667,65226,7953,2,0
182166666667,65227,7955,2,0
182166666667,65228,7958,2,0
182166666667,65230,7968,2,0
182166666667,65233,8011,2,0
182166666667,65234,8016,2,0
182166666667,65237,8032,2,0
182166666667,65239,8043,2,0
182166666667,65241,8054,2,0
182166666667,65242,8059,2,0
182166666667,65244,8070,2,0
182166666667,65245,8075,2,0
182166666667,65246,8080,2,0
182166666667,65247,8086,2,0
182166666667,65248,8091,2,0
182166666667,65249,8097,2,0
182166666667,65250,8102,2,0
182166666667,65251,8108,2,0
182166666667,65253,8119,2,0
182166666667,65255,8130,2,0
182166666667,65256,8135,2,0
182166666667,65257,8141,2,0
182166666667,65258,8146,2,0
182166666667,65259,8152,2,0
182166666667,65260,8158,2,0
182166666667,65261,8163,2,0
182166666667,65262,8169,2,0
182166666667,65893,9232,4,54
182166666667,65894,8185,2,0
182166666667,65896,8108,2,0
182166666667,65897,8084,2,0
182166666667,65898,8060,2,0
182166666667,65899,8037,2,0
182166666667,65900,8014,2,0
182166666667,65901,7990,2,0
182166666667,65904,7951,2,0
182166666667,65905,7951,2,0
182166666667,65907,7954,2,0
182166666667,65908,7959,2,0
182166666667,65909,7964,2,0
182166666667,65910,7969,2,0
182166666667,65911,8002,2,0
182166666667,65912,8007,2,0
182166666667,65913,8013,2,0
182166666667,65914,8018,2,0
182166666667,65916,8028,2,0
182166666667,65921,8055,2,0
182166666667,65928,8093,2,0
182166666667,65930,8104,2,0
182166666667,65932,8115,2,0
182166666667,65934,8126,2,0
182166666667,65935,8131,2,0
182166666667,65936,8137,2,0
182166666667,65937,8142,2,0
182166666667,65938,8148,2,0
182166666667,65939,8154,2,0
182166666667,65940,8159,2,0
182166666667,65941,8165,2,0
182166666667,65942,8170,2,0
182166666667,65943,8176,2,0
182166666667,65944,8182,2,0
182166666667,65945,8187,2,0
182166666667,65946,8193,2,0
182166666667,65947,8199,2,0
182166666667,66581,7988,2,0
182166666667,66582,7965,2,0
182166666667,66583,7962,2,0
182166666667,66584,7951,2,0
182166666667,66585,7951,2,0
182166666667,66586,7956,2,0
182166666667,66588,7960,2,0
182166666667,66589,7965,2,0
182166666667,66591,8004,2,0
182166666667,66593,8014,2,0
182166666667,66594,8019,2,0
182166666667,66595,8025,2,0
182166666667,66596,8030,2,0
182166666667,66597,8035,2,0
182166666667,66598,8040,2,0
182166666667,66599,8046,2,0
182166666667,66600,8051,2,0
182166666667,66603,8067,2,0
182166666667,66604,8073,2,0
182166666667,66605,8078,2,0
182166666667,66607,8089,2,0
182166666667,66609,8100,2,0
182166666667,66614,8127,2,0
182166666667,66615,8133,2,0
182166666667,66616,8138,2,0
182166666667,66618,8150,2,0
182166666667,66620,8161,2,0
182166666667,66622,8172,2,0
182166666667,66623,8178,2,0
182166666667,66624,8183,2,0
182166666667,66625,8189,2,0
182166666667,66627,8200,2,0
182166666667,66628,8206,2,0
182166666667,66629,8212,2,0
182166666667,66631,8204,4,52
182166666667,66633,8216,4,52
182166666667,66635,8227,4,52
182166666667,67268,7962,2,0
182166666667,67270,7972,2,0
182166666667,67271,8005,2,0
182166666667,67273,8016,2,0
182166666667,67274,8021,2,0
182166666667,67275,8026,2,0
182166666667,67276,8031,2,0
182166666667,67277,8037,2,0
182166666667,67278,8042,2,0
182166666667,67279,8047,2,0
182166666667,67280,8053,2,0
182166666667,67281,8058,2,0
182166666667,67282,8063,2,0
182166666667,67283,8069,2,0
182166666667,67284,8074,2,0
182166666667,67285,8080,2,0
182166666667,67286,8085,2,0
182166666667,67287,8090,2,0
182166666667,67288,8096,2,0
182166666667,67289,8101,2,0
182166666667,67290,8107,2,0
182166666667,67291,8112,2,0
182166666667,67292,8118,2,0
182166666667,67293,8123,2,0
182166666667,67294,8129,2,0
182166666667,67295,8134,2,0
182166666667,67296,8140,2,0
182166666667,67297,8146,2,0
182166666667,67298,8151,2,0
182166666667,67299,8157,2,0
182166666667,67300,8162,2,0
182166666667,67301,8168,2,0
182166666667,67302,8174,2,0
182166666667,67303,8179,2,0
182166666667,67304,8185,2,0
182166666667,67305,8191,2,0
182166666667,67306,8196,2,0
182166666667,67307,8202,2,0
182166666667,67308,8208,2,0
182166666667,67309,8214,2,0
182166666667,67310,8200,4,52
182166666667,67311,8206,4,52
182166666667,67312,8212,4,52
182166666667,67313,8217,4,52
182166666667,67314,8223,4,52
182166666667,67315,8229,4,52
182166666667,67316,8235,4,52
182166666667,67317,8241,4,52
182166666667,67318,8247,4,52
182166666667,67319,8252,4,52
182166666667,67959,8049,2,0
182166666667,67960,8054,2,0
182166666667,67961,8059,2,0
182166666667,67962,8065,2,0
182166666667,67963,8070,2,0
182166666667,67964,8076,2,0
182166666667,67965,8081,2,0
182166666667,67967,8092,2,0
182166666667,67968,8097,2,0
182166666667,67969,8103,2,0
182166666667,67970,8108,2,0
182166666667,67971,8114,2,0
182166666667,67972,8119,2,0
182166666667,67973,8125,2,0
182166666667,67974,8130,2,0
182166666667,67975,8136,2,0
182166666667,67976,8142,2,0
182166666667,67977,8147,2,0
182166666667,67978,8153,2,0
182166666667,67979,8158,2,0
182166666667,67980,8164,2,0
182166666667,67981,8170,2,0
182166666667,67982,8175,2,0
182166666667,67984,8187,2,0
182166666667,67985,8192,2,0
182166666667,67986,8198,2,0
182166666667,67988,8209,2,0
182166666667,67989,8215,2,0
182166666667,67990,8202,4,52
182166666667,67992,8213,4,52
182166666667,67993,8219,4,52
182166666667,67994,8225,4,52
182166666667,67996,8237,4,52
182166666667,67997,8242,4,52
182166666667,67998,8248,4,52
182166666667,68640,8056,2,0
182166666667,68642,8066,2,0
182166666667,68643,8072,2,0
182166666667,68644,8077,2,0
182166666667,68645,8083,2,0
182166666667,68646,8088,2,0
182166666667,68647,8093,2,0
182166666667,68648,8099,2,0
182166666667,68649,8104,2,0
182166666667,68650,8110,2,0
182166666667,68652,8121,2,0
182166666667,68654,8132,2,0
182166666667,68656,8143,2,0
182166666667,68658,8154,2,0
182166666667,69320,8057,2,0
182166666667,69322,8068,2,0
182166666667,69324,8079,2,0
182166666667,69325,8084,2,0
182166666667,69326,8090,2,0
182166666667,69327,8095,2,0
182166666667,69328,8101,2,0
182166666667,69329,8106,2,0
182166666667,69330,8111,2,0
182166666667,69331,8117,2,0
182166666667,69332,8123,2,0
182166666667,69333,8128,2,0
182166666667,69335,8139,2,0
182166666667,69336,8145,2,0
182166666667,69337,8150,2,0
182166666667,70004,8080,2,0
182166666667,70006,8091,2,0
182166666667,70008,8102,2,0
182166666667,70010,8113,2,0
182166666667,70011,8119,2,0
182166666667,70012,8124,2,0
182166666667,70013,8130,2,0
182166666667,70014,8135,2,0
182166666667,70016,8146,2,0
182166666667,70681,8066,2,0
182166666667,70683,8077,2,0
182166666667,70685,8087,2,0
182166666667,70690,8115,2,0
182166666667,70692,8126,2,0
182166666667,70693,8131,2,0
182166666667,71362,8073,2,0
182166666667,71364,8084,2,0
182166666667,71366,8094,2,0
182166666667,71367,8100,2,0
182166666667,71369,8111,2,0
182166666667,71371,8122,2,0
182166666667,72048,8107,2,0
182166666667,72050,8118,2,0
182166666667,72052,8129,2,0
182600000000,57674,10321,2,0
182600000000,57676,10259,2,0
182600000000,57677,10228,2,0
182600000000,57678,10198,2,0
182600000000,57679,10167,2,0
182600000000,57681,10107,2,0
182600000000,57682,10078,2,0
182600000000,57685,9990,2,0
182600000000,57688,7904,2,0
182600000000,57689,7855,2,0
182600000000,57691,7811,2,0
182600000000,57692,7789,2,0
182600000000,57694,7746,2,0
182600000000,57695,7724,2,0
182600000000,57697,7693,2,0
182600000000,57698,7687,2,0
182600000000,57699,7687,2,0
182600000000,57700,7688,2,0
182600000000,57701,7689,2,0
182600000000,57702,7693,2,0
182600000000,57703,7699,2,0
182600000000,57704,7705,2,0
182600000000,57705,7739,2,0
182600000000,57706,7745,2,0
182600000000,57707,7751,2,0
182600000000,57708,7757,2,0
182600000000,57709,7763,2,0
182600000000,57713,7787,2,0
182600000000,58354,9204,4,2
182600000000,58355,9177,4,2
182600000000,58356,9151,4,2
182600000000,58357,9141,4,2
182600000000,58358,9146,4,2
182600000000,58359,9150,4,2
182600000000,58360,9155,4,2
182600000000,58361,9159,4,2
182600000000,58362,9164,4,2
182600000000,58363,9168,4,2
182600000000,58364,9173,4,2
182600000000,58365,9177,4,2
182600000000,58366,9182,4,2
182600000000,58367,9186,4,2
182600000000,58368,7902,2,0
182600000000,58369,7853,2,0
182600000000,58370,7831,2,0
182600000000,58371,7809,2,0
182600000000,58372,7787,2,0
182600000000,58373,7765,2,0
182600000000,58374,7744,2,0
182600000000,58375,7722,2,0
182600000000,58376,7701,2,0
182600000000,58377,7694,2,0
182600000000,58378,7685,2,0
182600000000,58379,7686,2,0
182600000000,58380,7689,2,0
182600000000,58381,7689,2,0
182600000000,58382,7695,2,0
182600000000,58383,7701,2,0
182600000000,58384,7706,2,0
182600000000,58385,7741,2,0
182600000000,58386,7746,2,0
182600000000,58387,7752,2,0
182600000000,58388,7758,2,0
182600000000,58389,7764,2,0
182600000000,58390,7770,2,0
182600000000,58391,7776,2,0
182600000000,58392,7782,2,0
182600000000,58393,7788,2,0
182600000000,58394,7794,2,0
182600000000,58395,7800,2,0
182600000000,58396,7806,2,0
182600000000,58398,7818,2,0
182600000000,58402,7843,2,0
182600000000,59033,10348,2,0
182600000000,59034,9211,4,2
182600000000,59035,9175,4,2
182600000000,59036,9146,4,2
182600000000,59037,9119,4,2
182600000000,59038,9092,4,2
182600000000,59039,9064,4,2
182600000000,59040,9038,4,2
182600000000,59041,9011,4,2
182600000000,59042,8985,4,2
182600000000,59043,8960,4,2
182600000000,59044,8942,4,2
182600000000,59045,8945,4,2
182600000000,59046,8950,4,2
182600000000,59047,7923,2,0
182600000000,59048,7874,2,0
182600000000,59049,7851,2,0
182600000000,59050,7829,2,0
182600000000,59051,7807,2,0
182600000000,59052,7785,2,0
182600000000,59053,7764,2,0
182600000000,59054,7742,2,0
182600000000,59055,7721,2,0
182600000000,59056,7699,2,0
182600000000,59057,7696,2,0
182600000000,59058,7685,2,0
182600000000,59059,7685,2,0
182600000000,59061,7690,2,0
182600000000,59062,7696,2,0
182600000000,59063,7702,2,0
182600000000,59064,7708,2,0
182600000000,59065,7742,2,0
182600000000,59066,7748,2,0
182600000000,59070,7771,2,0
182600000000,59071,7777,2,0
182600000000,59072,7783,2,0
182600000000,59074,7795,2,0
182600000000,59076,7807,2,0
182600000000,59077,7814,2,0
182600000000,59078,7820,2,0
182600000000,59079,7826,2,0
182600000000,59080,7832,2,0
182600000000,59082,7844,2,0
182600000000,59083,7850,2,0
182600000000,59084,7856,2,0
182600000000,59086,7869,2,0
182600000000,59718,9108,4,54
182600000000,59719,9080,4,54
182600000000,59721,9015,4,2
182600000000,59723,8956,4,2
182600000000,59724,8930,4,2
182600000000,59725,8904,4,2
182600000000,59726,8879,4,2
182600000000,59729,7849,2,0
182600000000,59730,7827,2,0
182600000000,59731,7805,2,0
182600000000,59732,7783,2,0
182600000000,59733,7762,2,0
182600000000,59734,7740,2,0
182600000000,59735,7719,2,0
182600000000,59736,7697,2,0
182600000000,59737,7697,2,0
182600000000,59738,7686,2,0
182600000000,59739,7686,2,0
182600000000,59740,7692,2,0
182600000000,59742,7697,2,0
182600000000,59743,7703,2,0
182600000000,59746,7749,2,0
182600000000,59747,7755,2,0
182600000000,59748,7761,2,0
182600000000,59754,7797,2,0
182600000000,59756,7809,2,0
182600000000,59758,7821,2,0
182600000000,59760,7833,2,0
182600000000,59761,7839,2,0
182600000000,59764,7858,2,0
182600000000,59765,7864,2,0
182600000000,59766,7870,2,0
182600000000,59767,7877,2,0
182600000000,59768,7883,2,0
182600000000,59769,7889,2,0
182600000000,59770,7895,2,0
182600000000,59771,7902,2,0
182600000000,59772,7908,2,0
182600000000,59774,7921,2,0
182600000000,60406,8893,4,54
182600000000,60408,7870,2,0
182600000000,60409,7848,2,0
182600000000,60410,7825,2,0
182600000000,60411,7803,2,0
182600000000,60412,7781,2,0
182600000000,60413,7760,2,0
182600000000,60416,7696,2,0
182600000000,60418,7687,2,0
182600000000,60419,7687,2,0
182600000000,60420,7693,2,0
182600000000,60421,7693,2,0
182600000000,60422,7699,2,0
182600000000,60423,7705,2,0
182600000000,60425,7745,2,0
182600000000,60427,7756,2,0
182600000000,60429,7768,2,0
182600000000,60431,7780,2,0
182600000000,60433,7792,2,0
182600000000,60435,7804,2,0
182600000000,60442,7847,2,0
182600000000,60443,7853,2,0
182600000000,60444,7859,2,0
182600000000,60445,7866,2,0
182600000000,60446,7872,2,0
182600000000,60448,7884,2,0
182600000000,60450,7897,2,0
182600000000,60451,7903,2,0
182600000000,60452,7910,2,0
182600000000,60453,7916,2,0
182600000000,60454,7922,2,0
182600000000,60455,7929,2,0
182600000000,60456,7935,2,0
182600000000,60457,7942,2,0
182600000000,60458,7948,2,0
182600000000,60460,7961,2,0
182600000000,60461,7967,2,0
182600000000,60463,7961,4,52
182600000000,61093,7758,2,0
182600000000,61095,7715,2,0
182600000000,61097,7699,2,0
182600000000,61099,7689,2,0
182600000000,61101,7694,2,0
182600000000,61102,7700,2,0
182600000000,61103,7706,2,0
182600000000,61104,7740,2,0
182600000000,61106,7752,2,0
182600000000,61107,7758,2,0
182600000000,61108,7764,2,0
182600000000,61109,7770,2,0
182600000000,61110,7776,2,0
182600000000,61111,7782,2,0
182600000000,61112,7788,2,0
182600000000,61113,7794,2,0
182600000000,61114,7800,2,0
182600000000,61115,7806,2,0
182600000000,61116,7812,2,0
182600000000,61117,7818,2,0
182600000000,61118,7824,2,0
182600000000,61119,7830,2,0
182600000000,61120,7836,2,0
182600000000,61121,7842,2,0
182600000000,61122,7849,2,0
182600000000,61123,7855,2,0
182600000000,61124,7861,2,0
182600000000,61125,7867,2,0
182600000000,61126,7873,2,0
182600000000,61127,7880,2,0
182600000000,61128,7886,2,0
182600000000,61129,7892,2,0
182600000000,61130,7899,2,0
182600000000,61131,7905,2,0
182600000000,61132,7911,2,0
182600000000,61133,7918,2,0
182600000000,61134,7924,2,0
182600000000,61135,7930,2,0
182600000000,61136,7937,2,0
182600000000,61137,7943,2,0
182600000000,61138,7950,2,0
182600000000,61139,7956,2,0
182600000000,61140,7963,2,0
182600000000,61141,7968,4,52
182600000000,61142,7956,4,52
182600000000,61143,7963,4,52
182600000000,61144,7969,4,52
182600000000,61145,7976,4,52
182600000000,61146,7982,4,52
182600000000,61147,7989,4,52
182600000000,61149,8002,4,52
182600000000,61154,8035,4,52
182600000000,61780,7696,2,0
182600000000,61782,7702,2,0
182600000000,61784,7742,2,0
182600000000,61785,7748,2,0
182600000000,61787,7759,2,0
182600000000,61788,7765,2,0
182600000000,61789,7771,2,0
182600000000,61790,7777,2,0
182600000000,61791,7783,2,0
182600000000,61792,7789,2,0
182600000000,61794,7801,2,0
182600000000,61796,7813,2,0
182600000000,61797,7819,2,0
182600000000,61798,7826,2,0
182600000000,61799,7832,2,0
182600000000,61800,7838,2,0
182600000000,61801,7844,2,0
182600000000,61802,7850,2,0
182600000000,61803,7856,2,0
182600000000,61804,7863,2,0
182600000000,61805,7869,2,0
182600000000,61806,7875,2,0
182600000000,61807,7881,2,0
182600000000,61808,7888,2,0
182600000000,61809,7894,2,0
182600000000,61810,7900,2,0
182600000000,61811,7907,2,0
182600000000,61812,7913,2,0
182600000000,61813,7919,2,0
182600000000,61814,7926,2,0
182600000000,61815,7932,2,0
182600000000,61816,7938,2,0
182600000000,61817,7945,2,0
182600000000,61818,7951,2,0
182600000000,61819,7958,2,0
182600000000,61820,7964,2,0
182600000000,61821,7967,4,52
182600000000,61822,7958,4,52
182600000000,61823,7964,4,52
182600000000,61824,7971,4,52
182600000000,61825,7977,4,52
182600000000,61826,7984,4,52
182600000000,61827,7990,4,52
182600000000,61828,7997,4,52
182600000000,61829,8004,4,52
182600000000,61830,8010,4,52
182600000000,61831,8017,4,52
182600000000,61832,8024,4,52
182600000000,61833,8030,4,52
182600000000,61834,8037,4,52
182600000000,61835,8044,4,52
182600000000,61837,8057,4,52
182600000000,62470,7779,2,0
182600000000,62471,7785,2,0
182600000000,62473,7797,2,0
182600000000,62475,7809,2,0
182600000000,62476,7815,2,0
182600000000,62477,7821,2,0
182600000000,62478,7827,2,0
182600000000,62480,7839,2,0
182600000000,62481,7846,2,0
182600000000,62482,7852,2,0
182600000000,62483,7858,2,0
182600000000,62484,7864,2,0
182600000000,62485,7870,2,0
182600000000,62487,7883,2,0
182600000000,62488,7889,2,0
182600000000,62489,7895,2,0
182600000000,62491,7908,2,0
182600000000,62492,7914,2,0
182600000000,62493,7921,2,0
182600000000,62494,7927,2,0
182600000000,62495,7934,2,0
182600000000,62497,7946,2,0
182600000000,62498,7953,2,0
182600000000,62499,7959,2,0
182600000000,62501,7965,4,52
182600000000,62502,7959,4,52
182600000000,62504,7972,4,52
182600000000,62505,7979,4,52
182600000000,62506,7986,4,52
182600000000,62508,7999,4,52
182600000000,62510,8012,4,52
182600000000,62512,8025,4,52
182600000000,62513,8032,4,52
182600000000,62515,8046,4,52
182600000000,62516,8052,4,52
182600000000,62518,8066,4,52
182600000000,63151,7786,2,0
182600000000,63152,7792,2,0
182600000000,63154,7804,2,0
182600000000,63155,7810,2,0
182600000000,63156,7816,2,0
182600000000,63157,7823,2,0
182600000000,63158,7829,2,0
182600000000,63159,7835,2,0
182600000000,63161,7847,2,0
182600000000,63162,7853,2,0
182600000000,63163,7860,2,0
182600000000,63166,7878,2,0
182600000000,63167,7884,2,0
182600000000,63831,7788,2,0
182600000000,63833,7800,2,0
182600000000,63835,7812,2,0
182600000000,63836,7818,2,0
182600000000,63838,7830,2,0
182600000000,63840,7843,2,0
182600000000,63841,7849,2,0
182600000000,63842,7855,2,0
182600000000,63843,7861,2,0
182600000000,63844,7867,2,0
182600000000,63845,7874,2,0
182600000000,63846,7880,2,0
182600000000,63847,7886,2,0
182600000000,64517,7826,2,0
182600000000,64520,7844,2,0
182600000000,64522,7857,2,0
182600000000,64523,7863,2,0
182600000000,65192,7797,2,0
182600000000,65194,7809,2,0
182600000000,65196,7821,2,0
182600000000,65198,7833,2,0
182600000000,65200,7846,2,0
182600000000,65204,7871,2,0
182600000000,65876,7823,2,0
182600000000,65878,7835,2,0
182600000000,65880,7847,2,0
182600000000,65881,7854,2,0
182600000000,65883,7866,2,0
182600000000,66562,7861,2,0
182600000000,66564,7874,2,0
183033333333,52187,9989,2,0
183033333333,52189,9931,2,0
183033333333,52198,9681,2,0
183033333333,52201,9601,2,0
183033333333,52204,7664,2,0
183033333333,52205,7643,2,0
183033333333,52207,7578,2,0
183033333333,52208,7558,2,0
183033333333,52210,7518,2,0
183033333333,52211,7498,2,0
183033333333,52213,7459,2,0
183033333333,52214,7440,2,0
183033333333,52216,7433,2,0
183033333333,52217,7433,2,0
183033333333,52218,7440,2,0
183033333333,52219,7440,2,0
183033333333,52221,7453,2,0
183033333333,52226,7515,2,0
183033333333,52867,8946,4,2
183033333333,52869,8925,4,2
183033333333,52870,8928,4,2
183033333333,52871,8932,4,2
183033333333,52872,8936,4,2
183033333333,52873,8939,4,2
183033333333,52874,8943,4,2
183033333333,52875,8947,4,2
183033333333,52876,8950,4,2
183033333333,52877,8954,4,2
183033333333,52878,8958,4,2
183033333333,52879,8962,4,2
183033333333,52880,8966,4,2
183033333333,52881,8969,4,2
183033333333,52882,8973,4,2
183033333333,52883,8977,4,2
183033333333,52884,7663,2,0
183033333333,52885,7642,2,0
183033333333,52886,7597,2,0
183033333333,52887,7576,2,0
183033333333,52888,7556,2,0
183033333333,52889,7536,2,0
183033333333,52890,7516,2,0
183033333333,52891,7497,2,0
183033333333,52892,7477,2,0
183033333333,52893,7458,2,0
183033333333,52894,7438,2,0
183033333333,52895,7443,2,0
183033333333,52896,7434,2,0
183033333333,52897,7435,2,0
183033333333,52898,7441,2,0
183033333333,52899,7442,2,0
183033333333,52900,7448,2,0
183033333333,52901,7454,2,0
183033333333,52902,7490,2,0
183033333333,52903,7496,2,0
183033333333,52904,7503,2,0
183033333333,52905,7510,2,0
183033333333,52906,7516,2,0
183033333333,52907,7523,2,0
183033333333,52908,7529,2,0
183033333333,52909,7536,2,0
183033333333,52911,7550,2,0
183033333333,52915,7577,2,0
183033333333,53546,10015,2,0
183033333333,53547,8943,4,2
183033333333,53548,8917,4,2
183033333333,53549,8891,4,2
183033333333,53550,8866,4,2
183033333333,53551,8840,4,2
183033333333,53552,8815,4,2
183033333333,53553,8790,4,2
183033333333,53554,8765,4,2
183033333333,53555,8742,4,2
183033333333,53556,8726,4,2
183033333333,53557,8730,4,2
183033333333,53558,8733,4,2
183033333333,53559,8737,4,2
183033333333,53560,8741,4,2
183033333333,53561,8744,4,2
183033333333,53562,8748,4,2
183033333333,53563,8752,4,2
183033333333,53564,7661,2,0
183033333333,53565,7616,2,0
183033333333,53566,7595,2,0
183033333333,53567,7575,2,0
183033333333,53568,7555,2,0
183033333333,53569,7535,2,0
183033333333,53570,7515,2,0
183033333333,53571,7495,2,0
183033333333,53572,7476,2,0
183033333333,53574,7440,2,0
183033333333,53576,7435,2,0
183033333333,53577,7436,2,0
183033333333,53578,7442,2,0
183033333333,53579,7443,2,0
183033333333,53583,7498,2,0
183033333333,53584,7504,2,0
183033333333,53587,7524,2,0
183033333333,53589,7538,2,0
183033333333,53590,7544,2,0
183033333333,53591,7551,2,0
183033333333,53592,7558,2,0
183033333333,53593,7564,2,0
183033333333,53594,7571,2,0
183033333333,53595,7578,2,0
183033333333,53596,7585,2,0
183033333333,53597,7592,2,0
183033333333,53599,7605,2,0
183033333333,54228,8933,4,54
183033333333,54229,8907,4,54
183033333333,54231,8858,4,54
183033333333,54233,8791,4,2
183033333333,54234,8764,4,2
183033333333,54235,8739,4,2
183033333333,54236,8714,4,2
183033333333,54237,8690,4,2
183033333333,54238,8666,4,2
183033333333,54241,8594,4,2
183033333333,54243,8550,4,2
183033333333,54245,7615,2,0
183033333333,54246,7594,2,0
183033333333,54247,7574,2,0
183033333333,54248,7554,2,0
183033333333,54249,7534,2,0
183033333333,54250,7514,2,0
183033333333,54251,7494,2,0
183033333333,54252,7474,2,0
183033333333,54256,7437,2,0
183033333333,54259,7444,2,0
183033333333,54260,7451,2,0
183033333333,54261,7457,2,0
183033333333,54267,7526,2,0
183033333333,54269,7539,2,0
183033333333,54271,7552,2,0
183033333333,54273,7566,2,0
183033333333,54275,7579,2,0
183033333333,54277,7593,2,0
183033333333,54278,7600,2,0
183033333333,54279,7607,2,0
183033333333,54280,7614,2,0
183033333333,54281,7621,2,0
183033333333,54282,7628,2,0
183033333333,54283,7635,2,0
183033333333,54284,7642,2,0
183033333333,54285,7649,2,0
183033333333,54287,7663,2,0
183033333333,54916,8720,4,54
183033333333,54918,8679,4,54
183033333333,54920,8670,4,54
183033333333,54922,8569,4,2
183033333333,54923,8546,4,2
183033333333,54924,7659,2,0
183033333333,54926,7593,2,0
183033333333,54928,7552,2,0
183033333333,54930,7512,2,0
183033333333,54932,7473,2,0
183033333333,54933,7454,2,0
183033333333,54934,7442,2,0
183033333333,54935,7439,2,0
183033333333,54936,7438,2,0
183033333333,54937,7439,2,0
183033333333,54938,7442,2,0
183033333333,54939,7446,2,0
183033333333,54940,7452,2,0
183033333333,54942,7494,2,0
183033333333,54944,7507,2,0
183033333333,54946,7520,2,0
183033333333,54953,7567,2,0
183033333333,54955,7581,2,0
183033333333,54956,7588,2,0
183033333333,54957,7595,2,0
183033333333,54959,7608,2,0
183033333333,54961,7622,2,0
183033333333,54963,7636,2,0
183033333333,54964,7643,2,0
183033333333,54965,7650,2,0
183033333333,54966,7657,2,0
183033333333,54967,7664,2,0
183033333333,54968,7671,2,0
183033333333,54969,7678,2,0
183033333333,54970,7686,2,0
183033333333,54971,7693,2,0
183033333333,54972,7700,2,0
183033333333,54974,7714,2,0
183033333333,54976,7729,2,0
183033333333,55605,7612,2,0
183033333333,55607,7571,2,0
183033333333,55609,7531,2,0
183033333333,55610,7511,2,0
183033333333,55611,7491,2,0
183033333333,55612,7472,2,0
183033333333,55614,7444,2,0
183033333333,55616,7438,2,0
183033333333,55619,7447,2,0
183033333333,55621,7460,2,0
183033333333,55622,7495,2,0
183033333333,55623,7502,2,0
183033333333,55624,7509,2,0
183033333333,55625,7515,2,0
183033333333,55626,7522,2,0
183033333333,55628,7535,2,0
183033333333,55629,7542,2,0
183033333333,55630,7549,2,0
183033333333,55631,7555,2,0
183033333333,55632,7562,2,0
183033333333,55634,7576,2,0
183033333333,55635,7582,2,0
183033333333,55636,7589,2,0
183033333333,55638,7603,2,0
183033333333,55639,7610,2,0
183033333333,55640,7617,2,0
183033333333,55641,7624,2,0
183033333333,55642,7631,2,0
183033333333,55643,7638,2,0
183033333333,55644,7645,2,0
183033333333,55645,7652,2,0
183033333333,55646,7659,2,0
183033333333,55648,7673,2,0
183033333333,55649,7680,2,0
183033333333,55650,7687,2,0
183033333333,55651,7694,2,0
183033333333,55652,7701,2,0
183033333333,55653,7709,2,0
183033333333,55655,7723,2,0
183033333333,55656,7730,2,0
183033333333,55657,7734,4,52
183033333333,55658,7725,4,52
183033333333,55659,7732,4,52
183033333333,55660,7739,4,52
183033333333,55661,7747,4,52
183033333333,55663,7762,4,52
183033333333,55668,7799,4,52
183033333333,56293,7451,2,0
183033333333,56295,7437,2,0
183033333333,56296,7437,2,0
183033333333,56297,7441,2,0
183033333333,56298,7442,2,0
183033333333,56299,7448,2,0
183033333333,56300,7455,2,0
183033333333,56301,7461,2,0
183033333333,56302,7497,2,0
183033333333,56303,7503,2,0
183033333333,56304,7510,2,0
183033333333,56305,7517,2,0
183033333333,56307,7530,2,0
183033333333,56308,7537,2,0
183033333333,56309,7543,2,0
183033333333,56310,7550,2,0
183033333333,56311,7557,2,0
183033333333,56312,7563,2,0
183033333333,56313,7570,2,0
183033333333,56314,7577,2,0
183033333333,56315,7584,2,0
183033333333,56316,7591,2,0
183033333333,56317,7598,2,0
183033333333,56318,7604,2,0
183033333333,56319,7611,2,0
183033333333,56320,7618,2,0
183033333333,56321,7625,2,0
183033333333,56322,7632,2,0
183033333333,56323,7639,2,0
183033333333,56324,7646,2,0
183033333333,56325,7653,2,0
183033333333,56326,7660,2,0
183033333333,56327,7667,2,0
183033333333,56328,7674,2,0
183033333333,56329,7682,2,0
183033333333,56330,7689,2,0
183033333333,56331,7696,2,0
183033333333,56332,7703,2,0
183033333333,56333,7710,2,0
183033333333,56334,7717,2,0
183033333333,56335,7725,2,0
183033333333,56336,7732,2,0
183033333333,56337,7733,4,52
183033333333,56338,7726,4,52
183033333333,56339,7734,4,52
183033333333,56341,7748,4,52
183033333333,56342,7756,4,52
183033333333,56343,7763,4,52
183033333333,56344,7771,4,52
183033333333,56345,7778,4,52
183033333333,56346,7786,4,52
183033333333,56347,7793,4,52
183033333333,56348,7801,4,52
183033333333,56349,7808,4,52
183033333333,56351,7823,4,52
183033333333,56984,7512,2,0
183033333333,56985,7518,2,0
183033333333,56986,7525,2,0
183033333333,56987,7531,2,0
183033333333,56988,7538,2,0
183033333333,56989,7545,2,0
183033333333,56990,7551,2,0
183033333333,56991,7558,2,0
183033333333,56992,7565,2,0
183033333333,56993,7572,2,0
183033333333,56994,7579,2,0
183033333333,56995,7585,2,0
183033333333,56996,7592,2,0
183033333333,56997,7599,2,0
183033333333,56998,7606,2,0
183033333333,56999,7613,2,0
183033333333,57000,7620,2,0
183033333333,57001,7627,2,0
183033333333,57002,7634,2,0
183033333333,57003,7641,2,0
183033333333,57004,7648,2,0
183033333333,57005,7655,2,0
183033333333,57006,7662,2,0
183033333333,57007,7669,2,0
183033333333,57008,7676,2,0
183033333333,57009,7683,2,0
183033333333,57011,7697,2,0
183033333333,57012,7705,2,0
183033333333,57013,7712,2,0
183033333333,57014,7719,2,0
183033333333,57015,7726,2,0
183033333333,57016,7734,2,0
183033333333,57017,7731,4,52
183033333333,57018,7728,4,52
183033333333,57019,7735,4,52
183033333333,57020,7743,4,52
183033333333,57023,7765,4,52
183033333333,57024,7772,4,52
183033333333,57027,7795,4,52
183033333333,57028,7802,4,52
183033333333,57029,7810,4,52
183033333333,57030,7817,4,52
183033333333,57032,7833,4,52
183033333333,57666,7526,2,0
183033333333,57667,7533,2,0
183033333333,57668,7540,2,0
183033333333,57669,7546,2,0
183033333333,57671,7560,2,0
183033333333,57673,7573,2,0
183033333333,57674,7580,2,0
183033333333,57675,7587,2,0
183033333333,57676,7594,2,0
183033333333,57677,7601,2,0
183033333333,57678,7608,2,0
183033333333,57679,7614,2,0
183033333333,57680,7621,2,0
183033333333,57681,7628,2,0
183033333333,58346,7528,2,0
183033333333,58348,7541,2,0
183033333333,58350,7555,2,0
183033333333,58351,7561,2,0
183033333333,58352,7568,2,0
183033333333,58353,7575,2,0
183033333333,58354,7582,2,0
183033333333,58355,7588,2,0
183033333333,58356,7595,2,0
183033333333,58357,7602,2,0
183033333333,58358,7609,2,0
183033333333,58359,7616,2,0
183033333333,58360,7623,2,0
183033333333,58361,7630,2,0
183033333333,59031,7563,2,0
183033333333,59033,7576,2,0
183033333333,59035,7590,2,0
183033333333,59036,7597,2,0
183033333333,59037,7604,2,0
183033333333,59038,7611,2,0
183033333333,59707,7537,2,0
183033333333,59709,7551,2,0
183033333333,59712,7571,2,0
183033333333,59714,7585,2,0
183033333333,59719,7619,2,0
183033333333,60389,7552,2,0
183033333333,60391,7566,2,0
183033333333,60393,7580,2,0
183033333333,60394,7586,2,0
183033333333,60396,7600,2,0
183033333333,60398,7614,2,0
183033333333,61075,7595,2,0
183033333333,61077,7609,2,0
183033333333,61080,7630,2,0
183466666667,43332,7316,2,0
183466666667,43334,7278,2,0
183466666667,43335,7260,2,0
183466666667,43337,7223,2,0
183466666667,43338,7219,2,0
183466666667,43339,7210,2,0
183466666667,43340,7211,2,0
183466666667,43987,9747,2,0
183466666667,43988,9719,2,0
183466666667,43989,9691,2,0
183466666667,43990,9663,2,0
183466666667,43991,9636,2,0
183466666667,43992,9609,2,0
183466666667,43993,9582,2,0
183466666667,43994,9555,2,0
183466666667,43995,9529,2,0
183466666667,43996,9502,2,0
183466666667,43997,9476,2,0
183466666667,43998,9450,2,0
183466666667,43999,9424,2,0
183466666667,44000,8810,4,2
183466666667,44001,8813,4,2
183466666667,44002,8816,4,2
183466666667,44003,8819,4,2
183466666667,44004,8822,4,2
183466666667,44005,8825,4,2
183466666667,44006,8828,4,2
183466666667,44007,7435,2,0
183466666667,44008,7391,2,0
183466666667,44009,7372,2,0
183466666667,44010,7353,2,0
183466666667,44011,7334,2,0
183466666667,44012,7315,2,0
183466666667,44013,7296,2,0
183466666667,44014,7277,2,0
183466666667,44015,7259,2,0
183466666667,44016,7240,2,0
183466666667,44017,7222,2,0
183466666667,44018,7220,2,0
183466666667,44019,7210,2,0
183466666667,44020,7211,2,0
183466666667,44021,7217,2,0
183466666667,44022,7218,2,0
183466666667,44023,7225,2,0
183466666667,44024,7231,2,0
183466666667,44025,7238,2,0
183466666667,44026,7275,2,0
183466666667,44027,7281,2,0
183466666667,44028,7288,2,0
183466666667,44029,7295,2,0
183466666667,44030,7302,2,0
183466666667,44667,9745,2,0
183466666667,44669,8684,4,2
183466666667,44670,8660,4,2
183466666667,44671,8635,4,2
183466666667,44672,8612,4,2
183466666667,44673,8588,4,2
183466666667,44674,8575,4,2
183466666667,44675,8578,4,2
183466666667,44676,8581,4,2
183466666667,44677,8583,4,2
183466666667,44678,8586,4,2
183466666667,44679,8589,4,2
183466666667,44680,8592,4,2
183466666667,44681,8595,4,2
183466666667,44682,8597,4,2
183466666667,44683,8600,4,2
183466666667,44684,8603,4,2
183466666667,44685,8606,4,2
183466666667,44686,8609,4,2
183466666667,44687,7434,2,0
183466666667,44688,7391,2,0
183466666667,44689,7371,2,0
183466666667,44690,7352,2,0
183466666667,44691,7333,2,0
183466666667,44692,7314,2,0
183466666667,44693,7295,2,0
183466666667,44694,7276,2,0
183466666667,44695,7258,2,0
183466666667,44696,7239,2,0
183466666667,44697,7221,2,0
183466666667,44698,7221,2,0
183466666667,44699,7211,2,0
183466666667,44700,7212,2,0
183466666667,44703,7226,2,0
183466666667,44704,7233,2,0
183466666667,44705,7240,2,0
183466666667,44706,7276,2,0
183466666667,44707,7283,2,0
183466666667,44708,7290,2,0
183466666667,44709,7297,2,0
183466666667,44710,7304,2,0
183466666667,44711,7311,2,0
183466666667,44712,7318,2,0
183466666667,44713,7325,2,0
183466666667,44714,7332,2,0
183466666667,44715,7339,2,0
183466666667,44716,7346,2,0
183466666667,44717,7353,2,0
183466666667,44718,7360,2,0
183466666667,44720,7375,2,0
183466666667,45347,9744,2,0
183466666667,45348,9716,2,0
183466666667,45350,8706,4,54
183466666667,45352,8610,4,2
183466666667,45353,8586,4,2
183466666667,45354,8562,4,2
183466666667,45355,8538,4,2
183466666667,45356,8514,4,2
183466666667,45357,8491,4,2
183466666667,45358,8467,4,2
183466666667,45359,8444,4,2
183466666667,45360,8422,4,2
183466666667,45361,8401,4,2
183466666667,45362,8389,4,2
183466666667,45363,8392,4,2
183466666667,45364,8395,4,2
183466666667,45365,8398,4,2
183466666667,45366,8401,4,2
183466666667,45367,7433,2,0
183466666667,45368,7390,2,0
183466666667,45369,7370,2,0
183466666667,45370,7351,2,0
183466666667,45371,7332,2,0
183466666667,45373,7294,2,0
183466666667,45377,7220,2,0
183466666667,45380,7213,2,0
183466666667,45382,7220,2,0
183466666667,45383,7227,2,0
183466666667,45385,7270,2,0
183466666667,45388,7291,2,0
183466666667,45390,7305,2,0
183466666667,45392,7319,2,0
183466666667,45394,7333,2,0
183466666667,45395,7340,2,0
183466666667,45397,7354,2,0
183466666667,45398,7362,2,0
183466666667,45400,7376,2,0
183466666667,45401,7383,2,0
183466666667,45402,7391,2,0
183466666667,45403,7398,2,0
183466666667,45404,7405,2,0
183466666667,45405,7412,2,0
183466666667,45406,7420,2,0
183466666667,46035,8549,4,54
183466666667,46037,8519,4,54
183466666667,46038,8522,4,54
183466666667,46039,8444,4,2
183466666667,46040,8420,4,2
183466666667,46041,8397,4,2
183466666667,46043,8352,4,2
183466666667,46045,8308,4,2
183466666667,46046,8286,4,2
183466666667,46048,7389,2,0
183466666667,46050,7350,2,0
183466666667,46051,7331,2,0
183466666667,46052,7312,2,0
183466666667,46053,7293,2,0
183466666667,46054,7274,2,0
183466666667,46055,7256,2,0
183466666667,46056,7237,2,0
183466666667,46057,7219,2,0
183466666667,46059,7213,2,0
183466666667,46060,7214,2,0
183466666667,46065,7272,2,0
183466666667,46072,7320,2,0
183466666667,46074,7334,2,0
183466666667,46076,7349,2,0
183466666667,46078,7363,2,0
183466666667,46079,7370,2,0
183466666667,46080,7377,2,0
183466666667,46081,7385,2,0
183466666667,46082,7392,2,0
183466666667,46083,7399,2,0
183466666667,46084,7407,2,0
183466666667,46085,7414,2,0
183466666667,46086,7421,2,0
183466666667,46087,7429,2,0
183466666667,46088,7436,2,0
183466666667,46089,7444,2,0
183466666667,46090,7451,2,0
183466666667,46091,7458,2,0
183466666667,46093,7474,2,0
183466666667,46095,7489,2,0
183466666667,46723,8364,4,54
183466666667,46725,8344,4,54
183466666667,46727,7431,2,0
183466666667,46729,7368,2,0
183466666667,46731,7330,2,0
183466666667,46733,7292,2,0
183466666667,46734,7274,2,0
183466666667,46736,7237,2,0
183466666667,46737,7219,2,0
183466666667,46738,7223,2,0
183466666667,46739,7215,2,0
183466666667,46740,7215,2,0
183466666667,46741,7222,2,0
183466666667,46743,7230,2,0
183466666667,46745,7273,2,0
183466666667,46746,7280,2,0
183466666667,46747,7287,2,0
183466666667,46749,7301,2,0
183466666667,46751,7315,2,0
183466666667,46753,7329,2,0
183466666667,46758,7364,2,0
183466666667,46759,7372,2,0
183466666667,46761,7386,2,0
183466666667,46763,7401,2,0
183466666667,46764,7408,2,0
183466666667,46765,7415,2,0
183466666667,46766,7423,2,0
183466666667,46767,7430,2,0
183466666667,46769,7445,2,0
183466666667,46771,7460,2,0
183466666667,46772,7468,2,0
183466666667,46773,7475,2,0
183466666667,46774,7483,2,0
183466666667,46775,7490,2,0
183466666667,46776,7498,2,0
183466666667,46777,7506,2,0
183466666667,46778,7513,2,0
183466666667,46779,7521,2,0
183466666667,46780,7518,4,52
183466666667,46782,7524,4,52
183466666667,46783,7531,4,52
183466666667,47413,7291,2,0
183466666667,47415,7254,2,0
183466666667,47417,7220,2,0
183466666667,47419,7216,2,0
183466666667,47420,7217,2,0
183466666667,47421,7223,2,0
183466666667,47422,7224,2,0
183466666667,47423,7231,2,0
183466666667,47424,7238,2,0
183466666667,47425,7274,2,0
183466666667,47426,7281,2,0
183466666667,47427,7288,2,0
183466666667,47428,7295,2,0
183466666667,47429,7302,2,0
183466666667,47430,7309,2,0
183466666667,47431,7316,2,0
183466666667,47432,7323,2,0
183466666667,47433,7330,2,0
183466666667,47434,7337,2,0
183466666667,47435,7344,2,0
183466666667,47436,7351,2,0
183466666667,47437,7359,2,0
183466666667,47438,7366,2,0
183466666667,47439,7373,2,0
183466666667,47440,7380,2,0
183466666667,47441,7388,2,0
183466666667,47442,7395,2,0
183466666667,47443,7402,2,0
183466666667,47444,7409,2,0
183466666667,47445,7417,2,0
183466666667,47446,7424,2,0
183466666667,47447,7432,2,0
183466666667,47448,7439,2,0
183466666667,47449,7447,2,0
183466666667,47450,7454,2,0
183466666667,47451,7462,2,0
183466666667,47452,7469,2,0
183466666667,47453,7477,2,0
183466666667,47454,7484,2,0
183466666667,47455,7492,2,0
183466666667,47456,7499,2,0
183466666667,47457,7507,2,0
183466666667,47458,7515,2,0
183466666667,47459,7522,2,0
183466666667,47460,7517,4,52
183466666667,47461,7518,4,52
183466666667,47462,7525,4,52
183466666667,47463,7533,4,52
183466666667,47464,7541,4,52
183466666667,47465,7549,4,52
183466666667,47466,7557,4,52
183466666667,47467,7564,4,52
183466666667,47468,7572,4,52
183466666667,47470,7588,4,52
183466666667,47471,7596,4,52
183466666667,47472,7604,4,52
183466666667,48103,7233,2,0
183466666667,48104,7239,2,0
183466666667,48106,7283,2,0
183466666667,48107,7289,2,0
183466666667,48108,7296,2,0
183466666667,48109,7303,2,0
183466666667,48110,7310,2,0
183466666667,48111,7317,2,0
183466666667,48112,7324,2,0
183466666667,48114,7339,2,0
183466666667,48116,7353,2,0
183466666667,48117,7360,2,0
183466666667,48118,7367,2,0
183466666667,48119,7375,2,0
183466666667,48120,7382,2,0
183466666667,48121,7389,2,0
183466666667,48122,7396,2,0
183466666667,48123,7404,2,0
183466666667,48124,7411,2,0
183466666667,48125,7418,2,0
183466666667,48126,7426,2,0
183466666667,48127,7433,2,0
183466666667,48128,7441,2,0
183466666667,48129,7448,2,0
183466666667,48130,7456,2,0
183466666667,48132,7471,2,0
183466666667,48133,7478,2,0
183466666667,48134,7486,2,0
183466666667,48135,7493,2,0
183466666667,48136,7501,2,0
183466666667,48137,7509,2,0
183466666667,48138,7516,2,0
183466666667,48139,7524,2,0
183466666667,48140,7516,4,52
183466666667,48141,7519,4,52
183466666667,48142,7527,4,52
183466666667,48144,7543,4,52
183466666667,48145,7550,4,52
183466666667,48146,7558,4,52
183466666667,48147,7566,4,52
183466666667,48148,7574,4,52
183466666667,48149,7582,4,52
183466666667,48151,7598,4,52
183466666667,48152,7606,4,52
183466666667,48153,7614,4,52
183466666667,48785,7277,2,0
183466666667,48787,7291,2,0
183466666667,48788,7298,2,0
183466666667,48789,7305,2,0
183466666667,48790,7312,2,0
183466666667,48792,7326,2,0
183466666667,48793,7333,2,0
183466666667,48794,7340,2,0
183466666667,48796,7354,2,0
183466666667,48797,7362,2,0
183466666667,48798,7369,2,0
183466666667,48799,7376,2,0
183466666667,48800,7383,2,0
183466666667,48801,7391,2,0
183466666667,48803,7405,2,0
183466666667,48804,7412,2,0
183466666667,48807,7435,2,0
183466666667,48811,7465,2,0
183466666667,49469,7306,2,0
183466666667,49471,7320,2,0
183466666667,49472,7327,2,0
183466666667,49473,7334,2,0
183466666667,49474,7342,2,0
183466666667,49475,7349,2,0
183466666667,49476,7356,2,0
183466666667,49478,7370,2,0
183466666667,49479,7377,2,0
183466666667,49480,7385,2,0
183466666667,49481,7392,2,0
183466666667,49482,7399,2,0
183466666667,49483,7407,2,0
183466666667,50148,7301,2,0
183466666667,50151,7322,2,0
183466666667,50153,7336,2,0
183466666667,50155,7350,2,0
183466666667,50157,7365,2,0
183466666667,50158,7372,2,0
183466666667,50159,7379,2,0
183466666667,50161,7394,2,0
183466666667,50162,7401,2,0
183466666667,50829,7309,2,0
183466666667,50835,7352,2,0
183466666667,50836,7359,2,0
183466666667,50837,7366,2,0
183466666667,50838,7373,2,0
183466666667,51511,7325,2,0
183466666667,51512,7332,2,0
183466666667,51513,7339,2,0
183466666667,51514,7346,2,0
183466666667,51516,7360,2,0
183466666667,51522,7404,2,0
183466666667,52195,7355,2,0
183466666667,52197,7369,2,0
183466666667,52198,7376,2,0
183466666667,52200,7391,2,0
183466666667,52201,7398,2,0
183466666667,52882,7407,2,0
183900000000,31741,7063,2,0
183900000000,31743,7027,2,0
183900000000,31744,7010,2,0
183900000000,31746,7006,2,0
183900000000,32393,9519,2,0
183900000000,32394,9492,2,0
183900000000,32395,9465,2,0
183900000000,32397,9411,2,0
183900000000,32398,9385,2,0
183900000000,32401,9306,2,0
183900000000,32403,9255,2,0
183900000000,32404,9229,2,0
183900000000,32405,9204,2,0
183900000000,32406,9179,2,0
183900000000,32407,9154,2,0
183900000000,32408,9129,2,0
183900000000,32409,9105,2,0
183900000000,32410,9080,2,0
183900000000,32411,9056,2,0
183900000000,32412,9032,2,0
183900000000,32413,9008,2,0
183900000000,32414,7215,2,0
183900000000,32415,7173,2,0
183900000000,32416,7154,2,0
183900000000,32417,7136,2,0
183900000000,32418,7117,2,0
183900000000,32419,7099,2,0
183900000000,32420,7080,2,0
183900000000,32421,7062,2,0
183900000000,32422,7044,2,0
183900000000,32423,7026,2,0
183900000000,32424,7011,2,0
183900000000,32425,7014,2,0
183900000000,32426,7007,2,0
183900000000,32427,7007,2,0
183900000000,32428,7014,2,0
183900000000,32429,7015,2,0
183900000000,32430,7022,2,0
183900000000,32431,7029,2,0
183900000000,32432,7065,2,0
183900000000,32433,7072,2,0
183900000000,32434,7079,2,0
183900000000,33074,8492,4,2
183900000000,33075,8469,4,2
183900000000,33076,8448,4,2
183900000000,33077,8443,4,2
183900000000,33078,8444,4,2
183900000000,33079,8446,4,2
183900000000,33080,8448,4,2
183900000000,33081,8450,4,2
183900000000,33082,8452,4,2
183900000000,33083,8454,4,2
183900000000,33084,8456,4,2
183900000000,33085,8457,4,2
183900000000,33086,8459,4,2
183900000000,33087,8461,4,2
183900000000,33088,8463,4,2
183900000000,33089,8465,4,2
183900000000,33090,8467,4,2
183900000000,33091,8469,4,2
183900000000,33092,8471,4,2
183900000000,33093,7234,2,0
183900000000,33094,7215,2,0
183900000000,33095,7172,2,0
183900000000,33096,7154,2,0
183900000000,33097,7135,2,0
183900000000,33098,7117,2,0
183900000000,33099,7098,2,0
183900000000,33100,7080,2,0
183900000000,33101,7062,2,0
183900000000,33102,7044,2,0
183900000000,33103,7026,2,0
183900000000,33104,7012,2,0
183900000000,33105,7013,2,0
183900000000,33106,7008,2,0
183900000000,33108,7015,2,0
183900000000,33109,7016,2,0
183900000000,33110,7023,2,0
183900000000,33111,7030,2,0
183900000000,33112,7066,2,0
183900000000,33113,7073,2,0
183900000000,33114,7080,2,0
183900000000,33115,7087,2,0
183900000000,33116,7094,2,0
183900000000,33117,7101,2,0
183900000000,33118,7108,2,0
183900000000,33119,7115,2,0
183900000000,33120,7122,2,0
183900000000,33121,7129,2,0
183900000000,33122,7137,2,0
183900000000,33124,7151,2,0
183900000000,33753,9518,2,0
183900000000,33754,8492,4,2
183900000000,33755,8467,4,2
183900000000,33756,8443,4,2
183900000000,33757,8419,4,2
183900000000,33758,8395,4,2
183900000000,33759,8372,4,2
183900000000,33760,8348,4,2
183900000000,33761,8325,4,2
183900000000,33762,8302,4,2
183900000000,33763,8280,4,2
183900000000,33764,8261,4,2
183900000000,33765,8257,4,2
183900000000,33766,8259,4,2
183900000000,33767,8261,4,2
183900000000,33768,8263,4,2
183900000000,33769,8265,4,2
183900000000,33770,8267,4,2
183900000000,33771,8268,4,2
183900000000,33772,8269,4,2
183900000000,33773,7233,2,0
183900000000,33774,7214,2,0
183900000000,33776,7153,2,0
183900000000,33777,7134,2,0
183900000000,33778,7116,2,0
183900000000,33779,7098,2,0
183900000000,33780,7079,2,0
183900000000,33783,7025,2,0
183900000000,33786,7009,2,0
183900000000,33789,7017,2,0
183900000000,33791,7031,2,0
183900000000,33794,7081,2,0
183900000000,33796,7095,2,0
183900000000,33798,7109,2,0
183900000000,33799,7116,2,0
183900000000,33800,7124,2,0
183900000000,33801,7131,2,0
183900000000,33802,7138,2,0
183900000000,33803,7145,2,0
183900000000,33804,7152,2,0
183900000000,33806,7167,2,0
183900000000,33807,7174,2,0
183900000000,33808,7181,2,0
183900000000,33809,7189,2,0
183900000000,33810,7196,2,0
183900000000,33811,7203,2,0
183900000000,34434,8507,4,54
183900000000,34437,8435,4,54
183900000000,34439,8392,4,54
183900000000,34440,8392,4,54
183900000000,34441,8326,4,2
183900000000,34443,8278,4,2
183900000000,34444,8256,4,2
183900000000,34445,8233,4,2
183900000000,34447,8188,4,2
183900000000,34448,8166,4,2
183900000000,34450,8122,4,2
183900000000,34452,8084,4,2
183900000000,34454,7214,2,0
183900000000,34455,7171,2,0
183900000000,34456,7152,2,0
183900000000,34457,7134,2,0
183900000000,34458,7115,2,0
183900000000,34459,7097,2,0
183900000000,34460,7079,2,0
183900000000,34461,7060,2,0
183900000000,34462,7042,2,0
183900000000,34463,7025,2,0
183900000000,34466,7010,2,0
183900000000,34468,7016,2,0
183900000000,34476,7097,2,0
183900000000,34478,7111,2,0
183900000000,34480,7125,2,0
183900000000,34482,7139,2,0
183900000000,34484,7153,2,0
183900000000,34485,7161,2,0
183900000000,34486,7168,2,0
183900000000,34487,7175,2,0
183900000000,34488,7183,2,0
183900000000,34489,7190,2,0
183900000000,34490,7197,2,0
183900000000,34491,7205,2,0
183900000000,34492,7212,2,0
183900000000,34493,7220,2,0
183900000000,34494,7227,2,0
183900000000,34495,7235,2,0
183900000000,34497,7250,2,0
183900000000,34499,7265,2,0
183900000000,35125,8244,4,54
183900000000,35127,8215,4,54
183900000000,35129,8145,4,2
183900000000,35131,8100,4,2
183900000000,35133,7232,2,0
183900000000,35135,7171,2,0
183900000000,35136,7152,2,0
183900000000,35138,7115,2,0
183900000000,35140,7078,2,0
183900000000,35141,7060,2,0
183900000000,35142,7042,2,0
183900000000,35143,7024,2,0
183900000000,35144,7015,2,0
183900000000,35145,7011,2,0
183900000000,35147,7012,2,0
183900000000,35148,7016,2,0
183900000000,35149,7020,2,0
183900000000,35150,7027,2,0
183900000000,35151,7033,2,0
183900000000,35153,7077,2,0
183900000000,35155,7091,2,0
183900000000,35157,7105,2,0
183900000000,35164,7155,2,0
183900000000,35165,7162,2,0
183900000000,35167,7177,2,0
183900000000,35169,7191,2,0
183900000000,35171,7206,2,0
183900000000,35173,7221,2,0
183900000000,35176,7243,2,0
183900000000,35177,7251,2,0
183900000000,35178,7259,2,0
183900000000,35179,7266,2,0
183900000000,35180,7274,2,0
183900000000,35181,7281,2,0
183900000000,35182,7289,2,0
183900000000,35183,7297,2,0
183900000000,35184,7305,2,0
183900000000,35186,7320,2,0
183900000000,35187,7313,4,52
183900000000,35189,7323,4,52
183900000000,35813,7232,2,0
183900000000,35815,7170,2,0
183900000000,35817,7133,2,0
183900000000,35819,7096,2,0
183900000000,35821,7059,2,0
183900000000,35823,7023,2,0
183900000000,35824,7017,2,0
183900000000,35826,7011,2,0
183900000000,35827,7013,2,0
183900000000,35828,7016,2,0
183900000000,35829,7021,2,0
183900000000,35830,7028,2,0
183900000000,35831,7035,2,0
183900000000,35832,7071,2,0
183900000000,35833,7078,2,0
183900000000,35834,7085,2,0
183900000000,35836,7099,2,0
183900000000,35837,7106,2,0
183900000000,35838,7113,2,0
183900000000,35839,7120,2,0
183900000000,35840,7127,2,0
183900000000,35841,7135,2,0
183900000000,35842,7142,2,0
183900000000,35843,7149,2,0
183900000000,35844,7156,2,0
183900000000,35845,7163,2,0
183900000000,35846,7171,2,0
183900000000,35847,7178,2,0
183900000000,35848,7185,2,0
183900000000,35849,7193,2,0
183900000000,35850,7200,2,0
183900000000,35851,7207,2,0
183900000000,35852,7215,2,0
183900000000,35853,7222,2,0
183900000000,35854,7230,2,0
183900000000,35855,7237,2,0
183900000000,35856,7245,2,0
183900000000,35857,7252,2,0
183900000000,35858,7260,2,0
183900000000,35859,7268,2,0
183900000000,35860,7275,2,0
183900000000,35862,7291,2,0
183900000000,35863,7298,2,0
183900000000,35864,7306,2,0
183900000000,35865,7314,2,0
183900000000,35866,7322,2,0
183900000000,35868,7317,4,52
183900000000,35869,7325,4,52
183900000000,35870,7333,4,52
183900000000,35871,7341,4,52
183900000000,35873,7356,4,52
183900000000,35874,7364,4,52
183900000000,35876,7381,4,52
183900000000,35879,7405,4,52
183900000000,36503,7023,2,0
183900000000,36505,7010,2,0
183900000000,36507,7015,2,0
183900000000,36508,7016,2,0
183900000000,36510,7029,2,0
183900000000,36511,7036,2,0
183900000000,36512,7072,2,0
183900000000,36513,7079,2,0
183900000000,36514,7086,2,0
183900000000,36516,7100,2,0
183900000000,36518,7114,2,0
183900000000,36519,7122,2,0
183900000000,36520,7129,2,0
183900000000,36521,7136,2,0
183900000000,36522,7143,2,0
183900000000,36523,7150,2,0
183900000000,36524,7157,2,0
183900000000,36526,7172,2,0
183900000000,36527,7179,2,0
183900000000,36528,7187,2,0
183900000000,36529,7194,2,0
183900000000,36530,7201,2,0
183900000000,36531,7209,2,0
183900000000,36532,7216,2,0
183900000000,36533,7224,2,0
183900000000,36534,7231,2,0
183900000000,36535,7239,2,0
183900000000,36536,7246,2,0
183900000000,36537,7254,2,0
183900000000,36538,7261,2,0
183900000000,36539,7269,2,0
183900000000,36540,7277,2,0
183900000000,36541,7284,2,0
183900000000,36542,7292,2,0
183900000000,36543,7300,2,0
183900000000,36544,7308,2,0
183900000000,36547,7311,4,52
183900000000,36549,7326,4,52
183900000000,36550,7334,4,52
183900000000,36551,7342,4,52
183900000000,36552,7350,4,52
183900000000,36553,7358,4,52
183900000000,36554,7366,4,52
183900000000,36555,7374,4,52
183900000000,36556,7382,4,52
183900000000,36557,7390,4,52
183900000000,36559,7406,4,52
183900000000,36560,7415,4,52
183900000000,37191,7037,2,0
183900000000,37192,7074,2,0
183900000000,37194,7088,2,0
183900000000,37195,7095,2,0
183900000000,37196,7102,2,0
183900000000,37197,7109,2,0
183900000000,37199,7123,2,0
183900000000,37200,7130,2,0
183900000000,37201,7137,2,0
183900000000,37202,7144,2,0
183900000000,37203,7152,2,0
183900000000,37204,7159,2,0
183900000000,37205,7166,2,0
183900000000,37206,7173,2,0
183900000000,37207,7181,2,0
183900000000,37208,7188,2,0
183900000000,37210,7203,2,0
183900000000,37211,7210,2,0
183900000000,37212,7218,2,0
183900000000,37213,7225,2,0
183900000000,37214,7233,2,0
183900000000,37215,7240,2,0
183900000000,37216,7248,2,0
183900000000,37217,7255,2,0
183900000000,37218,7263,2,0
183900000000,37221,7286,2,0
183900000000,37222,7294,2,0
183900000000,37224,7309,2,0
183900000000,37225,7317,2,0
183900000000,37228,7320,4,52
183900000000,37232,7352,4,52
183900000000,37873,7082,2,0
183900000000,37875,7096,2,0
183900000000,37876,7103,2,0
183900000000,37877,7110,2,0
183900000000,37878,7117,2,0
183900000000,37880,7131,2,0
183900000000,37881,7139,2,0
183900000000,37882,7146,2,0
183900000000,37883,7153,2,0
183900000000,37884,7160,2,0
183900000000,37886,7175,2,0
183900000000,37887,7182,2,0
183900000000,37888,7189,2,0
183900000000,37889,7197,2,0
183900000000,38555,7097,2,0
183900000000,38557,7111,2,0
183900000000,38559,7126,2,0
183900000000,38560,7133,2,0
183900000000,38561,7140,2,0
183900000000,38562,7147,2,0
183900000000,38563,7154,2,0
183900000000,38564,7162,2,0
183900000000,38565,7169,2,0
183900000000,38566,7176,2,0
183900000000,38567,7183,2,0
183900000000,38568,7191,2,0
183900000000,38569,7198,2,0
183900000000,39239,7127,2,0
183900000000,39242,7149,2,0
183900000000,39244,7163,2,0
183900000000,39245,7170,2,0
183900000000,39247,7185,2,0
183900000000,39916,7107,2,0
183900000000,39918,7121,2,0
183900000000,39922,7150,2,0
183900000000,39928,7194,2,0
183900000000,40597,7116,2,0
183900000000,40599,7130,2,0
183900000000,40600,7137,2,0
183900000000,40602,7151,2,0
183900000000,40603,7159,2,0
183900000000,40605,7173,2,0
183900000000,41284,7167,2,0
183900000000,41286,7182,2,0
183900000000,41287,7189,2,0
183900000000,41289,7204,2,0
