Name,Accuracy@0.05,Accuracy@0.1,Accuracy@0.2,Accuracy@0.5,Completeness@0.05,Completeness@0.1,Completeness@0.2,Completeness@0.5,RMSE@0.05,RMSE@0.1,RMSE@0.2,RMSE@0.5,MAD@0.05,MAD@0.1,MAD@0.2,MAD@0.5,Chamfer@0.05,Chamfer@0.1,Chamfer@0.2,Chamfer@0.5,GTInliers@0.05,GTInliers@0.1,GTInliers@0.2,GTInliers@0.5,GTOutliers@0.05,GTOutliers@0.1,GTOutliers@0.2,GTOutliers@0.5,DSGInliers@0.05,DSGInliers@0.1,DSGInliers@0.2,DSGInliers@0.5,DSGOutliers@0.05,DSGOutliers@0.1,DSGOutliers@0.2,DSGOutliers@0.5,NumGTFailed,NumDSGFailed
0,0.816674,0.976681,0.997428,0.999824,0.646322,0.936182,0.981081,0.998305,0.0280089,0.036905,0.0414367,0.0436362,0.0254185,0.0318281,0.0339362,0.0345076,0.0590924,0.0742785,0.0805488,0.0854364,1952023,2827459,2963065,3015083,1068180,192744,57138,5120,1654322,1978445,2020470,2025325,371359,47236,5211,356,0,0