Name,Accuracy@0.05,Accuracy@0.1,Accuracy@0.2,Accuracy@0.5,Completeness@0.05,Completeness@0.1,Completeness@0.2,Completeness@0.5,RMSE@0.05,RMSE@0.1,RMSE@0.2,RMSE@0.5,MAD@0.05,MAD@0.1,MAD@0.2,MAD@0.5,Chamfer@0.05,Chamfer@0.1,Chamfer@0.2,Chamfer@0.5,GTInliers@0.05,GTInliers@0.1,GTInliers@0.2,GTInliers@0.5,GTOutliers@0.05,GTOutliers@0.1,GTOutliers@0.2,GTOutliers@0.5,DSGInliers@0.05,DSGInliers@0.1,DSGInliers@0.2,DSGInliers@0.5,DSGOutliers@0.05,DSGOutliers@0.1,DSGOutliers@0.2,DSGOutliers@0.5,NumGTFailed,NumDSGFailed
0,0.807808,0.972461,0.996476,0.99984,0.647282,0.936352,0.981114,0.998306,0.0282407,0.037323,0.0428182,0.0453618,0.0256666,0.0322545,0.0347876,0.0355224,0.0592952,0.0746475,0.0813333,0.0863767,1954923,2827972,2963163,3015087,1065280,192231,57040,5116,1793748,2159362,2212687,2220157,426765,61151,7826,356,0,0