Name,Accuracy@0.05,Accuracy@0.1,Accuracy@0.2,Accuracy@0.5,Completeness@0.05,Completeness@0.1,Completeness@0.2,Completeness@0.5,RMSE@0.05,RMSE@0.1,RMSE@0.2,RMSE@0.5,MAD@0.05,MAD@0.1,MAD@0.2,MAD@0.5,Chamfer@0.05,Chamfer@0.1,Chamfer@0.2,Chamfer@0.5,GTInliers@0.05,GTInliers@0.1,GTInliers@0.2,GTInliers@0.5,GTOutliers@0.05,GTOutliers@0.1,GTOutliers@0.2,GTOutliers@0.5,DSGInliers@0.05,DSGInliers@0.1,DSGInliers@0.2,DSGInliers@0.5,DSGOutliers@0.05,DSGOutliers@0.1,DSGOutliers@0.2,DSGOutliers@0.5,NumGTFailed,NumDSGFailed
0,0.917838,0.973392,0.998625,1,0.0989543,0.148495,0.165001,0.186625,0.0181456,0.0243883,0.0318603,0.0331298,0.0158872,0.0189018,0.0216966,0.022003,0.0500939,0.0627123,0.0754159,0.106861,298862,448485,498336,563646,2721341,2571718,2521867,2456557,26699,28315,29049,29089,2390,774,40,0,0,0
1,0.87023,0.959197,0.991791,0.999168,0.1516,0.226244,0.245815,0.268507,0.0195886,0.0282064,0.0373544,0.0468015,0.0169151,0.0216348,0.0253747,0.0275534,0.0509922,0.065242,0.0767962,0.102033,457863,683304,742410,810947,2562340,2336899,2277793,2209256,54385,59945,61982,62443,8110,2550,513,52,0,0
2,0.859745,0.944521,0.983317,0.998669,0.250565,0.372586,0.399757,0.423188,0.019296,0.027634,0.0395846,0.0547381,0.0166772,0.0212037,0.0259812,0.0301734,0.0507635,0.0646257,0.07607,0.095168,756758,1125286,1207347,1278113,2263445,1894917,1812856,1742090,89772,98624,102675,104278,14645,5793,1742,139,0,0
3,0.861361,0.943886,0.98371,0.99889,0.368303,0.551287,0.596509,0.636749,0.0191919,0.0274373,0.0394238,0.0541776,0.0165686,0.0210087,0.0258442,0.0299388,0.0506439,0.0646534,0.0767571,0.0980598,1112351,1664999,1801579,1923111,1907852,1355204,1218624,1097092,123415,135239,140945,143120,19864,8040,2334,159,0,0
4,0.868937,0.949763,0.987107,0.999141,0.420107,0.622842,0.662765,0.687108,0.0192162,0.0271959,0.0383655,0.0506173,0.0165886,0.0208839,0.0253503,0.0285939,0.0506404,0.0642066,0.074332,0.0868664,1268808,1881109,2001686,2075205,1751395,1139094,1018517,944998,160809,175767,182678,184905,24255,9297,2386,159,0,0
5,0.863708,0.943164,0.984319,0.99838,0.534925,0.799831,0.852898,0.88457,0.0192613,0.0272005,0.0396858,0.0539744,0.0166436,0.0209102,0.025933,0.0297948,0.0507592,0.0644842,0.0752965,0.0885154,1615581,2415653,2575925,2671582,1404622,604550,444278,348621,202645,221287,230943,234242,31977,13335,3679,380,0,0