Name,Accuracy@0.05,Accuracy@0.1,Accuracy@0.2,Accuracy@0.5,Completeness@0.05,Completeness@0.1,Completeness@0.2,Completeness@0.5,RMSE@0.05,RMSE@0.1,RMSE@0.2,RMSE@0.5,MAD@0.05,MAD@0.1,MAD@0.2,MAD@0.5,Chamfer@0.05,Chamfer@0.1,Chamfer@0.2,Chamfer@0.5,GTInliers@0.05,GTInliers@0.1,GTInliers@0.2,GTInliers@0.5,GTOutliers@0.05,GTOutliers@0.1,GTOutliers@0.2,GTOutliers@0.5,DSGInliers@0.05,DSGInliers@0.1,DSGInliers@0.2,DSGInliers@0.5,DSGOutliers@0.05,DSGOutliers@0.1,DSGOutliers@0.2,DSGOutliers@0.5,NumGTFailed,NumDSGFailed
0,0.805138,0.971556,0.996435,0.999827,0.647225,0.936339,0.981113,0.998306,0.0281679,0.0374165,0.0430496,0.0456533,0.0255704,0.0322759,0.0348905,0.0356393,0.0592064,0.0746753,0.0814431,0.0865006,1954750,2827935,2963161,3015087,1065453,192268,57042,5116,1660967,2004280,2055605,2062603,401992,58679,7354,356,0,0