Name,Accuracy@0.05,Accuracy@0.1,Accuracy@0.2,Accuracy@0.5,Completeness@0.05,Completeness@0.1,Completeness@0.2,Completeness@0.5,RMSE@0.05,RMSE@0.1,RMSE@0.2,RMSE@0.5,MAD@0.05,MAD@0.1,MAD@0.2,MAD@0.5,Chamfer@0.05,Chamfer@0.1,Chamfer@0.2,Chamfer@0.5,GTInliers@0.05,GTInliers@0.1,GTInliers@0.2,GTInliers@0.5,GTOutliers@0.05,GTOutliers@0.1,GTOutliers@0.2,GTOutliers@0.5,DSGInliers@0.05,DSGInliers@0.1,DSGInliers@0.2,DSGInliers@0.5,DSGOutliers@0.05,DSGOutliers@0.1,DSGOutliers@0.2,DSGOutliers@0.5,NumGTFailed,NumDSGFailed
0,0.80723,0.972338,0.996479,0.999838,0.647278,0.936351,0.981114,0.998306,0.028231,0.037345,0.0428572,0.0454062,0.0256536,0.0322653,0.0348096,0.0355449,0.0592828,0.0746588,0.0813558,0.0863997,1954910,2827970,2963163,3015087,1065293,192233,57040,5116,1769678,2131641,2184566,2191928,422606,60643,7718,356,0,0