Name,Accuracy@0.05,Accuracy@0.1,Accuracy@0.2,Accuracy@0.5,Completeness@0.05,Completeness@0.1,Completeness@0.2,Completeness@0.5,RMSE@0.05,RMSE@0.1,RMSE@0.2,RMSE@0.5,MAD@0.05,MAD@0.1,MAD@0.2,MAD@0.5,Chamfer@0.05,Chamfer@0.1,Chamfer@0.2,Chamfer@0.5,GTInliers@0.05,GTInliers@0.1,GTInliers@0.2,GTInliers@0.5,GTOutliers@0.05,GTOutliers@0.1,GTOutliers@0.2,GTOutliers@0.5,DSGInliers@0.05,DSGInliers@0.1,DSGInliers@0.2,DSGInliers@0.5,DSGOutliers@0.05,DSGOutliers@0.1,DSGOutliers@0.2,DSGOutliers@0.5,NumGTFailed,NumDSGFailed
0,0.810704,0.973096,0.995875,0.999771,0.544881,0.80285,0.854081,0.884751,0.0283346,0.037288,0.0424399,0.0456002,0.0257752,0.0322583,0.034635,0.0355167,0.0595008,0.0752643,0.0832558,0.0932217,1645651,2424771,2579498,2672127,1374552,595432,440705,348076,1344652,1613999,1651782,1658243,313971,44624,6841,380,0,0