Name,Accuracy@0.05,Accuracy@0.1,Accuracy@0.2,Accuracy@0.5,Completeness@0.05,Completeness@0.1,Completeness@0.2,Completeness@0.5,RMSE@0.05,RMSE@0.1,RMSE@0.2,RMSE@0.5,MAD@0.05,MAD@0.1,MAD@0.2,MAD@0.5,Chamfer@0.05,Chamfer@0.1,Chamfer@0.2,Chamfer@0.5,GTInliers@0.05,GTInliers@0.1,GTInliers@0.2,GTInliers@0.5,GTOutliers@0.05,GTOutliers@0.1,GTOutliers@0.2,GTOutliers@0.5,DSGInliers@0.05,DSGInliers@0.1,DSGInliers@0.2,DSGInliers@0.5,DSGOutliers@0.05,DSGOutliers@0.1,DSGOutliers@0.2,DSGOutliers@0.5,NumGTFailed,NumDSGFailed
0,0.807703,0.972441,0.996482,0.999839,0.647282,0.936352,0.981114,0.998306,0.0282393,0.0373265,0.042825,0.0453667,0.0256643,0.0322563,0.0347916,0.0355255,0.059293,0.0746493,0.0813373,0.0863798,1954922,2827972,2963163,3015087,1065281,192231,57040,5116,1789588,2154591,2207857,2215296,426064,61061,7795,356,0,0