Name,Accuracy@0.05,Accuracy@0.1,Accuracy@0.2,Accuracy@0.5,Completeness@0.05,Completeness@0.1,Completeness@0.2,Completeness@0.5,RMSE@0.05,RMSE@0.1,RMSE@0.2,RMSE@0.5,MAD@0.05,MAD@0.1,MAD@0.2,MAD@0.5,Chamfer@0.05,Chamfer@0.1,Chamfer@0.2,Chamfer@0.5,GTInliers@0.05,GTInliers@0.1,GTInliers@0.2,GTInliers@0.5,GTOutliers@0.05,GTOutliers@0.1,GTOutliers@0.2,GTOutliers@0.5,DSGInliers@0.05,DSGInliers@0.1,DSGInliers@0.2,DSGInliers@0.5,DSGOutliers@0.05,DSGOutliers@0.1,DSGOutliers@0.2,DSGOutliers@0.5,NumGTFailed,NumDSGFailed
0,0.822149,0.914665,0.965759,0.995238,0.551202,0.824287,0.894214,0.953988,0.0192096,0.0282767,0.0430428,0.0666579,0.0165497,0.0215985,0.0279333,0.0356814,0.0506087,0.0651512,0.0790502,0.10361,1664741,2489513,2700709,2881237,1355462,530690,319494,138966,211127,234885,248006,255576,45672,21914,8793,1223,0,0