Name,Accuracy@0.05,Accuracy@0.1,Accuracy@0.2,Accuracy@0.5,Completeness@0.05,Completeness@0.1,Completeness@0.2,Completeness@0.5,RMSE@0.05,RMSE@0.1,RMSE@0.2,RMSE@0.5,MAD@0.05,MAD@0.1,MAD@0.2,MAD@0.5,Chamfer@0.05,Chamfer@0.1,Chamfer@0.2,Chamfer@0.5,GTInliers@0.05,GTInliers@0.1,GTInliers@0.2,GTInliers@0.5,GTOutliers@0.05,GTOutliers@0.1,GTOutliers@0.2,GTOutliers@0.5,DSGInliers@0.05,DSGInliers@0.1,DSGInliers@0.2,DSGInliers@0.5,DSGOutliers@0.05,DSGOutliers@0.1,DSGOutliers@0.2,DSGOutliers@0.5,NumGTFailed,NumDSGFailed
0,0.805275,0.971553,0.996419,0.999826,0.646795,0.936313,0.981111,0.998306,0.0281553,0.037405,0.0430452,0.0456613,0.025556,0.0322602,0.0348763,0.0356287,0.05921,0.0746844,0.0814548,0.0865158,1953452,2827854,2963154,3015087,1066751,192349,57049,5116,1651721,1992778,2043782,2050771,399406,58349,7345,356,0,0