Name,Accuracy@0.05,Accuracy@0.1,Accuracy@0.2,Accuracy@0.5,Completeness@0.05,Completeness@0.1,Completeness@0.2,Completeness@0.5,RMSE@0.05,RMSE@0.1,RMSE@0.2,RMSE@0.5,MAD@0.05,MAD@0.1,MAD@0.2,MAD@0.5,Chamfer@0.05,Chamfer@0.1,Chamfer@0.2,Chamfer@0.5,GTInliers@0.05,GTInliers@0.1,GTInliers@0.2,GTInliers@0.5,GTOutliers@0.05,GTOutliers@0.1,GTOutliers@0.2,GTOutliers@0.5,DSGInliers@0.05,DSGInliers@0.1,DSGInliers@0.2,DSGInliers@0.5,DSGOutliers@0.05,DSGOutliers@0.1,DSGOutliers@0.2,DSGOutliers@0.5,NumGTFailed,NumDSGFailed
0,0.81313,0.975495,0.997264,0.99981,0.646415,0.936221,0.981081,0.998304,0.027938,0.0370378,0.0417713,0.0440988,0.0253213,0.0318768,0.0340905,0.034699,0.0589984,0.0743265,0.0806992,0.0856238,1952304,2827577,2963063,3015082,1067899,192626,57140,5121,1525467,1830072,1870912,1875688,350577,45972,5132,356,0,0