Name,Accuracy@0.05,Accuracy@0.1,Accuracy@0.2,Accuracy@0.5,Completeness@0.05,Completeness@0.1,Completeness@0.2,Completeness@0.5,RMSE@0.05,RMSE@0.1,RMSE@0.2,RMSE@0.5,MAD@0.05,MAD@0.1,MAD@0.2,MAD@0.5,Chamfer@0.05,Chamfer@0.1,Chamfer@0.2,Chamfer@0.5,GTInliers@0.05,GTInliers@0.1,GTInliers@0.2,GTInliers@0.5,GTOutliers@0.05,GTOutliers@0.1,GTOutliers@0.2,GTOutliers@0.5,DSGInliers@0.05,DSGInliers@0.1,DSGInliers@0.2,DSGInliers@0.5,DSGOutliers@0.05,DSGOutliers@0.1,DSGOutliers@0.2,DSGOutliers@0.5,NumGTFailed,NumDSGFailed
0,0.815589,0.976543,0.997382,0.999796,0.646969,0.937008,0.981331,0.998306,0.0280274,0.0369646,0.041514,0.0437223,0.0254345,0.0318806,0.0339988,0.0345739,0.0591073,0.0743222,0.0805413,0.0853783,1953979,2829955,2963820,3015088,1066224,190248,56383,5115,1648616,1973964,2016088,2020968,372764,47416,5292,412,0,0