Name,Accuracy@0.05,Accuracy@0.1,Accuracy@0.2,Accuracy@0.5,Completeness@0.05,Completeness@0.1,Completeness@0.2,Completeness@0.5,RMSE@0.05,RMSE@0.1,RMSE@0.2,RMSE@0.5,MAD@0.05,MAD@0.1,MAD@0.2,MAD@0.5,Chamfer@0.05,Chamfer@0.1,Chamfer@0.2,Chamfer@0.5,GTInliers@0.05,GTInliers@0.1,GTInliers@0.2,GTInliers@0.5,GTOutliers@0.05,GTOutliers@0.1,GTOutliers@0.2,GTOutliers@0.5,DSGInliers@0.05,DSGInliers@0.1,DSGInliers@0.2,DSGInliers@0.5,DSGOutliers@0.05,DSGOutliers@0.1,DSGOutliers@0.2,DSGOutliers@0.5,NumGTFailed,NumDSGFailed
0,0.815277,0.976461,0.997399,0.999822,0.64626,0.936175,0.981081,0.998305,0.0280129,0.036973,0.0415369,0.0437551,0.0254172,0.031879,0.0340058,0.0345835,0.0590959,0.0743344,0.080624,0.0855177,1951837,2827439,2963065,3015083,1068366,192764,57138,5120,1633193,1956084,1998027,2002882,370045,47154,5211,356,0,0