Name,Accuracy@0.05,Accuracy@0.1,Accuracy@0.2,Accuracy@0.5,Completeness@0.05,Completeness@0.1,Completeness@0.2,Completeness@0.5,RMSE@0.05,RMSE@0.1,RMSE@0.2,RMSE@0.5,MAD@0.05,MAD@0.1,MAD@0.2,MAD@0.5,Chamfer@0.05,Chamfer@0.1,Chamfer@0.2,Chamfer@0.5,GTInliers@0.05,GTInliers@0.1,GTInliers@0.2,GTInliers@0.5,GTOutliers@0.05,GTOutliers@0.1,GTOutliers@0.2,GTOutliers@0.5,DSGInliers@0.05,DSGInliers@0.1,DSGInliers@0.2,DSGInliers@0.5,DSGOutliers@0.05,DSGOutliers@0.1,DSGOutliers@0.2,DSGOutliers@0.5,NumGTFailed,NumDSGFailed
0,0.816652,0.976681,0.997429,0.999824,0.646356,0.936194,0.981081,0.998305,0.0280102,0.0369075,0.0414385,0.0436368,0.02542,0.0318306,0.0339385,0.0345097,0.0590931,0.0742795,0.0805488,0.0854361,1952125,2827496,2963065,3015083,1068078,192707,57138,5120,1655139,1979475,2021526,2026381,371598,47262,5211,356,0,0