Name,Accuracy@0.05,Accuracy@0.1,Accuracy@0.2,Accuracy@0.5,Completeness@0.05,Completeness@0.1,Completeness@0.2,Completeness@0.5,RMSE@0.05,RMSE@0.1,RMSE@0.2,RMSE@0.5,MAD@0.05,MAD@0.1,MAD@0.2,MAD@0.5,Chamfer@0.05,Chamfer@0.1,Chamfer@0.2,Chamfer@0.5,GTInliers@0.05,GTInliers@0.1,GTInliers@0.2,GTInliers@0.5,GTOutliers@0.05,GTOutliers@0.1,GTOutliers@0.2,GTOutliers@0.5,DSGInliers@0.05,DSGInliers@0.1,DSGInliers@0.2,DSGInliers@0.5,DSGOutliers@0.05,DSGOutliers@0.1,DSGOutliers@0.2,DSGOutliers@0.5,NumGTFailed,NumDSGFailed
0,0.815716,0.976665,0.997421,0.999824,0.646468,0.936233,0.981081,0.998305,0.0280277,0.0369627,0.0414905,0.0436925,0.0254348,0.0318794,0.0339878,0.0345605,0.0591054,0.0743234,0.0805902,0.0854792,1952465,2827615,2963065,3015083,1067738,192588,57138,5120,1648335,1973568,2015511,2020366,372387,47154,5211,356,0,0