Name,Accuracy@0.05,Accuracy@0.1,Accuracy@0.2,Accuracy@0.5,Completeness@0.05,Completeness@0.1,Completeness@0.2,Completeness@0.5,RMSE@0.05,RMSE@0.1,RMSE@0.2,RMSE@0.5,MAD@0.05,MAD@0.1,MAD@0.2,MAD@0.5,Chamfer@0.05,Chamfer@0.1,Chamfer@0.2,Chamfer@0.5,GTInliers@0.05,GTInliers@0.1,GTInliers@0.2,GTInliers@0.5,GTOutliers@0.05,GTOutliers@0.1,GTOutliers@0.2,GTOutliers@0.5,DSGInliers@0.05,DSGInliers@0.1,DSGInliers@0.2,DSGInliers@0.5,DSGOutliers@0.05,DSGOutliers@0.1,DSGOutliers@0.2,DSGOutliers@0.5,NumGTFailed,NumDSGFailed
0,0.815712,0.976661,0.99742,0.999824,0.646411,0.936228,0.981081,0.998305,0.0280269,0.0369625,0.0414914,0.0436946,0.0254338,0.0318787,0.0339875,0.0345606,0.0591049,0.0743253,0.0805928,0.0854821,1952293,2827600,2963065,3015083,1067910,192603,57138,5120,1647272,1972296,2014217,2019072,372156,47132,5211,356,0,0