Name,Accuracy@0.05,Accuracy@0.1,Accuracy@0.2,Accuracy@0.5,Completeness@0.05,Completeness@0.1,Completeness@0.2,Completeness@0.5,RMSE@0.05,RMSE@0.1,RMSE@0.2,RMSE@0.5,MAD@0.05,MAD@0.1,MAD@0.2,MAD@0.5,Chamfer@0.05,Chamfer@0.1,Chamfer@0.2,Chamfer@0.5,GTInliers@0.05,GTInliers@0.1,GTInliers@0.2,GTInliers@0.5,GTOutliers@0.05,GTOutliers@0.1,GTOutliers@0.2,GTOutliers@0.5,DSGInliers@0.05,DSGInliers@0.1,DSGInliers@0.2,DSGInliers@0.5,DSGOutliers@0.05,DSGOutliers@0.1,DSGOutliers@0.2,DSGOutliers@0.5,NumGTFailed,NumDSGFailed
0,0.815592,0.976626,0.997415,0.999823,0.646468,0.936233,0.981081,0.998305,0.0280255,0.0369665,0.0415011,0.0437073,0.0254317,0.0318808,0.0339926,0.0345666,0.0591023,0.0743248,0.0805951,0.0854853,1952464,2827615,2963065,3015083,1067739,192588,57138,5120,1644382,1969056,2010971,2015826,371800,47126,5211,356,0,0