Name,Accuracy@0.05,Accuracy@0.1,Accuracy@0.2,Accuracy@0.5,Completeness@0.05,Completeness@0.1,Completeness@0.2,Completeness@0.5,RMSE@0.05,RMSE@0.1,RMSE@0.2,RMSE@0.5,MAD@0.05,MAD@0.1,MAD@0.2,MAD@0.5,Chamfer@0.05,Chamfer@0.1,Chamfer@0.2,Chamfer@0.5,GTInliers@0.05,GTInliers@0.1,GTInliers@0.2,GTInliers@0.5,GTOutliers@0.05,GTOutliers@0.1,GTOutliers@0.2,GTOutliers@0.5,DSGInliers@0.05,DSGInliers@0.1,DSGInliers@0.2,DSGInliers@0.5,DSGOutliers@0.05,DSGOutliers@0.1,DSGOutliers@0.2,DSGOutliers@0.5,NumGTFailed,NumDSGFailed
0,0.724162,0.868201,0.890773,0.90275,0.685866,0.969674,0.991297,0.999731,0.0280523,0.0370706,0.0427588,0.0572853,0.0254458,0.0319518,0.0345908,0.0384055,0.059171,0.0733639,0.0779453,0.0837976,2071455,2928613,2993918,3019392,948748,91590,26285,811,1661759,1992292,2044088,2071571,632976,302443,250647,223164,0,0