Name,Accuracy@0.05,Accuracy@0.1,Accuracy@0.2,Accuracy@0.5,Completeness@0.05,Completeness@0.1,Completeness@0.2,Completeness@0.5,RMSE@0.05,RMSE@0.1,RMSE@0.2,RMSE@0.5,MAD@0.05,MAD@0.1,MAD@0.2,MAD@0.5,Chamfer@0.05,Chamfer@0.1,Chamfer@0.2,Chamfer@0.5,GTInliers@0.05,GTInliers@0.1,GTInliers@0.2,GTInliers@0.5,GTOutliers@0.05,GTOutliers@0.1,GTOutliers@0.2,GTOutliers@0.5,DSGInliers@0.05,DSGInliers@0.1,DSGInliers@0.2,DSGInliers@0.5,DSGOutliers@0.05,DSGOutliers@0.1,DSGOutliers@0.2,DSGOutliers@0.5,NumGTFailed,NumDSGFailed
0,0.803826,0.968057,0.993182,0.999424,0.601125,0.888373,0.953512,0.991928,0.027966,0.0371633,0.0425095,0.0488348,0.0252934,0.0319498,0.0344961,0.0361353,0.0591669,0.0750923,0.0841594,0.0959251,1815519,2683067,2879799,2995825,1204684,337136,140404,24378,965923,1163272,1193464,1200965,235734,38385,8193,692,0,0