Name,Accuracy@0.05,Accuracy@0.1,Accuracy@0.2,Accuracy@0.5,Completeness@0.05,Completeness@0.1,Completeness@0.2,Completeness@0.5,RMSE@0.05,RMSE@0.1,RMSE@0.2,RMSE@0.5,MAD@0.05,MAD@0.1,MAD@0.2,MAD@0.5,Chamfer@0.05,Chamfer@0.1,Chamfer@0.2,Chamfer@0.5,GTInliers@0.05,GTInliers@0.1,GTInliers@0.2,GTInliers@0.5,GTOutliers@0.05,GTOutliers@0.1,GTOutliers@0.2,GTOutliers@0.5,DSGInliers@0.05,DSGInliers@0.1,DSGInliers@0.2,DSGInliers@0.5,DSGOutliers@0.05,DSGOutliers@0.1,DSGOutliers@0.2,DSGOutliers@0.5,NumGTFailed,NumDSGFailed
0,0.805128,0.971549,0.996433,0.999827,0.647195,0.936337,0.981113,0.998306,0.0281672,0.0374166,0.0430514,0.0456565,0.0255695,0.0322755,0.0348908,0.0356401,0.0592074,0.074677,0.0814457,0.0865036,1954661,2827928,2963161,3015087,1065542,192275,57042,5116,1659904,2003008,2054311,2061309,401761,58657,7354,356,0,0