vertex_index,object_id,vertex_label,object_label,distance_m,decision
2037,0,0,-1,0,cross_session_prior_absent_remove
2038,0,0,-1,0,cross_session_prior_absent_remove
2039,0,0,-1,0,cross_session_prior_absent_remove
2357,0,0,-1,0,cross_session_prior_absent_remove
2358,0,0,-1,0,cross_session_prior_absent_remove
2362,0,0,-1,0,cross_session_prior_absent_remove
2364,0,0,-1,0,cross_session_prior_absent_remove
2367,0,0,-1,0,cross_session_prior_absent_remove
2370,0,0,-1,0,cross_session_prior_absent_remove
2373,0,0,-1,0,cross_session_prior_absent_remove
2374,0,0,-1,0,cross_session_prior_absent_remove
2376,0,0,-1,0,cross_session_prior_absent_remove
2379,0,0,-1,0,cross_session_prior_absent_remove
2380,0,0,-1,0,cross_session_prior_absent_remove
2381,0,0,-1,0,cross_session_prior_absent_remove
2382,0,0,-1,0,cross_session_prior_absent_remove
2384,0,0,-1,0,cross_session_prior_absent_remove
2385,0,0,-1,0,cross_session_prior_absent_remove
2386,0,0,-1,0,cross_session_prior_absent_remove
2387,0,0,-1,0,cross_session_prior_absent_remove
2388,0,0,-1,0,cross_session_prior_absent_remove
2389,0,0,-1,0,cross_session_prior_absent_remove
2390,0,0,-1,0,cross_session_prior_absent_remove
2391,0,0,-1,0,cross_session_prior_absent_remove
2392,0,0,-1,0,cross_session_prior_absent_remove
2393,0,0,-1,0,cross_session_prior_absent_remove
2394,0,0,-1,0,cross_session_prior_absent_remove
2395,0,0,-1,0,cross_session_prior_absent_remove
2396,0,0,-1,0,cross_session_prior_absent_remove
2397,0,0,-1,0,cross_session_prior_absent_remove
2398,0,0,-1,0,cross_session_prior_absent_remove
2399,0,0,-1,0,cross_session_prior_absent_remove
2400,0,0,-1,0,cross_session_prior_absent_remove
2401,0,0,-1,0,cross_session_prior_absent_remove
2402,0,0,-1,0,cross_session_prior_absent_remove
2403,0,0,-1,0,cross_session_prior_absent_remove
2404,0,0,-1,0,cross_session_prior_absent_remove
2405,0,0,-1,0,cross_session_prior_absent_remove
2406,0,0,-1,0,cross_session_prior_absent_remove
2407,0,0,-1,0,cross_session_prior_absent_remove
2408,0,0,-1,0,cross_session_prior_absent_remove
2409,0,0,-1,0,cross_session_prior_absent_remove
2410,0,0,-1,0,cross_session_prior_absent_remove
2411,0,0,-1,0,cross_session_prior_absent_remove
2412,0,0,-1,0,cross_session_prior_absent_remove
2413,0,0,-1,0,cross_session_prior_absent_remove
2414,0,0,-1,0,cross_session_prior_absent_remove
2415,0,0,-1,0,cross_session_prior_absent_remove
2416,0,0,-1,0,cross_session_prior_absent_remove
2417,0,0,-1,0,cross_session_prior_absent_remove
2418,0,0,-1,0,cross_session_prior_absent_remove
2419,0,0,-1,0,cross_session_prior_absent_remove
2420,0,0,-1,0,cross_session_prior_absent_remove
2421,0,0,-1,0,cross_session_prior_absent_remove
2422,0,0,-1,0,cross_session_prior_absent_remove
2423,0,0,-1,0,cross_session_prior_absent_remove
2424,0,0,-1,0,cross_session_prior_absent_remove
2425,0,0,-1,0,cross_session_prior_absent_remove
2426,0,0,-1,0,cross_session_prior_absent_remove
2427,0,0,-1,0,cross_session_prior_absent_remove
2428,0,0,-1,0,cross_session_prior_absent_remove
2429,0,0,-1,0,cross_session_prior_absent_remove
2430,0,0,-1,0,cross_session_prior_absent_remove
2431,0,0,-1,0,cross_session_prior_absent_remove
2432,0,0,-1,0,cross_session_prior_absent_remove
2433,0,0,-1,0,cross_session_prior_absent_remove
2434,0,0,-1,0,cross_session_prior_absent_remove
2435,0,0,-1,0,cross_session_prior_absent_remove
2436,0,0,-1,0,cross_session_prior_absent_remove
2437,0,0,-1,0,cross_session_prior_absent_remove
2442,0,0,-1,0,cross_session_prior_absent_remove
2450,0,0,-1,0,cross_session_prior_absent_remove
2453,0,0,-1,0,cross_session_prior_absent_remove
2455,0,0,-1,0,cross_session_prior_absent_remove
2461,0,0,-1,0,cross_session_prior_absent_remove
2462,0,0,-1,0,cross_session_prior_absent_remove
2463,0,0,-1,0,cross_session_prior_absent_remove
2465,0,0,-1,0,cross_session_prior_absent_remove
2466,0,0,-1,0,cross_session_prior_absent_remove
2467,0,0,-1,0,cross_session_prior_absent_remove
2470,0,0,-1,0,cross_session_prior_absent_remove
2473,0,0,-1,0,cross_session_prior_absent_remove
2476,0,0,-1,0,cross_session_prior_absent_remove
2484,0,0,-1,0,cross_session_prior_absent_remove
2485,0,0,-1,0,cross_session_prior_absent_remove
2486,0,0,-1,0,cross_session_prior_absent_remove
2487,0,0,-1,0,cross_session_prior_absent_remove
2488,0,0,-1,0,cross_session_prior_absent_remove
2489,0,0,-1,0,cross_session_prior_absent_remove
2490,0,0,-1,0,cross_session_prior_absent_remove
2491,0,0,-1,0,cross_session_prior_absent_remove
2492,0,0,-1,0,cross_session_prior_absent_remove
2493,0,0,-1,0,cross_session_prior_absent_remove
2494,0,0,-1,0,cross_session_prior_absent_remove
2495,0,0,-1,0,cross_session_prior_absent_remove
2496,0,0,-1,0,cross_session_prior_absent_remove
2497,0,0,-1,0,cross_session_prior_absent_remove
2498,0,0,-1,0,cross_session_prior_absent_remove
2499,0,0,-1,0,cross_session_prior_absent_remove
2500,0,0,-1,0,cross_session_prior_absent_remove
2501,0,0,-1,0,cross_session_prior_absent_remove
2502,0,0,-1,0,cross_session_prior_absent_remove
2503,0,0,-1,0,cross_session_prior_absent_remove
2504,0,0,-1,0,cross_session_prior_absent_remove
2505,0,0,-1,0,cross_session_prior_absent_remove
2506,0,0,-1,0,cross_session_prior_absent_remove
2507,0,0,-1,0,cross_session_prior_absent_remove
2508,0,0,-1,0,cross_session_prior_absent_remove
2509,0,0,-1,0,cross_session_prior_absent_remove
2510,0,0,-1,0,cross_session_prior_absent_remove
2511,0,0,-1,0,cross_session_prior_absent_remove
2512,0,0,-1,0,cross_session_prior_absent_remove
2513,0,0,-1,0,cross_session_prior_absent_remove
2514,0,0,-1,0,cross_session_prior_absent_remove
2515,0,0,-1,0,cross_session_prior_absent_remove
2516,0,0,-1,0,cross_session_prior_absent_remove
2517,0,0,-1,0,cross_session_prior_absent_remove
2518,0,0,-1,0,cross_session_prior_absent_remove
2519,0,0,-1,0,cross_session_prior_absent_remove
2520,0,0,-1,0,cross_session_prior_absent_remove
2521,0,0,-1,0,cross_session_prior_absent_remove
2522,0,0,-1,0,cross_session_prior_absent_remove
2523,0,0,-1,0,cross_session_prior_absent_remove
2524,0,0,-1,0,cross_session_prior_absent_remove
2525,0,0,-1,0,cross_session_prior_absent_remove
2526,0,0,-1,0,cross_session_prior_absent_remove
2527,0,0,-1,0,cross_session_prior_absent_remove
2528,0,0,-1,0,cross_session_prior_absent_remove
2529,0,0,-1,0,cross_session_prior_absent_remove
2530,0,0,-1,0,cross_session_prior_absent_remove
2531,0,0,-1,0,cross_session_prior_absent_remove
2532,0,0,-1,0,cross_session_prior_absent_remove
2533,0,0,-1,0,cross_session_prior_absent_remove
2534,0,0,-1,0,cross_session_prior_absent_remove
2535,0,0,-1,0,cross_session_prior_absent_remove
2536,0,0,-1,0,cross_session_prior_absent_remove
2537,0,0,-1,0,cross_session_prior_absent_remove
2538,0,0,-1,0,cross_session_prior_absent_remove
2539,0,0,-1,0,cross_session_prior_absent_remove
2540,0,0,-1,0,cross_session_prior_absent_remove
2541,0,0,-1,0,cross_session_prior_absent_remove
2542,0,0,-1,0,cross_session_prior_absent_remove
2543,0,0,-1,0,cross_session_prior_absent_remove
2544,0,0,-1,0,cross_session_prior_absent_remove
2545,0,0,-1,0,cross_session_prior_absent_remove
2546,0,0,-1,0,cross_session_prior_absent_remove
2547,0,0,-1,0,cross_session_prior_absent_remove
2548,0,0,-1,0,cross_session_prior_absent_remove
2549,0,0,-1,0,cross_session_prior_absent_remove
2550,0,0,-1,0,cross_session_prior_absent_remove
2551,0,0,-1,0,cross_session_prior_absent_remove
2552,0,0,-1,0,cross_session_prior_absent_remove
2553,0,0,-1,0,cross_session_prior_absent_remove
2554,0,0,-1,0,cross_session_prior_absent_remove
2555,0,0,-1,0,cross_session_prior_absent_remove
2556,0,0,-1,0,cross_session_prior_absent_remove
2557,0,0,-1,0,cross_session_prior_absent_remove
2558,0,0,-1,0,cross_session_prior_absent_remove
2559,0,0,-1,0,cross_session_prior_absent_remove
2560,0,0,-1,0,cross_session_prior_absent_remove
2561,0,0,-1,0,cross_session_prior_absent_remove
2562,0,0,-1,0,cross_session_prior_absent_remove
2563,0,0,-1,0,cross_session_prior_absent_remove
2564,0,0,-1,0,cross_session_prior_absent_remove
2565,0,0,-1,0,cross_session_prior_absent_remove
2566,0,0,-1,0,cross_session_prior_absent_remove
2567,0,0,-1,0,cross_session_prior_absent_remove
2568,0,0,-1,0,cross_session_prior_absent_remove
2569,0,0,-1,0,cross_session_prior_absent_remove
2570,0,0,-1,0,cross_session_prior_absent_remove
2571,0,0,-1,0,cross_session_prior_absent_remove
2572,0,0,-1,0,cross_session_prior_absent_remove
2573,0,0,-1,0,cross_session_prior_absent_remove
2574,0,0,-1,0,cross_session_prior_absent_remove
2575,0,0,-1,0,cross_session_prior_absent_remove
2576,0,0,-1,0,cross_session_prior_absent_remove
2577,0,0,-1,0,cross_session_prior_absent_remove
2578,0,0,-1,0,cross_session_prior_absent_remove
2579,0,0,-1,0,cross_session_prior_absent_remove
2580,0,0,-1,0,cross_session_prior_absent_remove
2581,0,0,-1,0,cross_session_prior_absent_remove
2582,0,0,-1,0,cross_session_prior_absent_remove
2583,0,0,-1,0,cross_session_prior_absent_remove
2584,0,0,-1,0,cross_session_prior_absent_remove
2585,0,0,-1,0,cross_session_prior_absent_remove
2586,0,0,-1,0,cross_session_prior_absent_remove
2587,0,0,-1,0,cross_session_prior_absent_remove
2588,0,0,-1,0,cross_session_prior_absent_remove
2589,0,0,-1,0,cross_session_prior_absent_remove
2590,0,0,-1,0,cross_session_prior_absent_remove
2591,0,0,-1,0,cross_session_prior_absent_remove
2592,0,0,-1,0,cross_session_prior_absent_remove
2593,0,0,-1,0,cross_session_prior_absent_remove
2594,0,0,-1,0,cross_session_prior_absent_remove
2595,0,0,-1,0,cross_session_prior_absent_remove
2596,0,0,-1,0,cross_session_prior_absent_remove
2597,0,0,-1,0,cross_session_prior_absent_remove
2598,0,0,-1,0,cross_session_prior_absent_remove
2599,0,0,-1,0,cross_session_prior_absent_remove
2600,0,0,-1,0,cross_session_prior_absent_remove
2601,0,0,-1,0,cross_session_prior_absent_remove
2602,0,0,-1,0,cross_session_prior_absent_remove
2603,0,0,-1,0,cross_session_prior_absent_remove
2604,0,0,-1,0,cross_session_prior_absent_remove
2605,0,0,-1,0,cross_session_prior_absent_remove
2606,0,0,-1,0,cross_session_prior_absent_remove
2607,0,0,-1,0,cross_session_prior_absent_remove
2608,0,0,-1,0,cross_session_prior_absent_remove
2609,0,0,-1,0,cross_session_prior_absent_remove
2610,0,0,-1,0,cross_session_prior_absent_remove
2611,0,0,-1,0,cross_session_prior_absent_remove
2612,0,0,-1,0,cross_session_prior_absent_remove
2613,0,0,-1,0,cross_session_prior_absent_remove
2614,0,0,-1,0,cross_session_prior_absent_remove
2615,0,0,-1,0,cross_session_prior_absent_remove
2616,0,0,-1,0,cross_session_prior_absent_remove
2617,0,0,-1,0,cross_session_prior_absent_remove
2618,0,0,-1,0,cross_session_prior_absent_remove
2619,0,0,-1,0,cross_session_prior_absent_remove
2620,0,0,-1,0,cross_session_prior_absent_remove
2621,0,0,-1,0,cross_session_prior_absent_remove
2622,0,0,-1,0,cross_session_prior_absent_remove
2623,0,0,-1,0,cross_session_prior_absent_remove
2624,0,0,-1,0,cross_session_prior_absent_remove
2625,0,0,-1,0,cross_session_prior_absent_remove
2626,0,0,-1,0,cross_session_prior_absent_remove
2627,0,0,-1,0,cross_session_prior_absent_remove
2628,0,0,-1,0,cross_session_prior_absent_remove
2629,0,0,-1,0,cross_session_prior_absent_remove
2630,0,0,-1,0,cross_session_prior_absent_remove
2631,0,0,-1,0,cross_session_prior_absent_remove
2632,0,0,-1,0,cross_session_prior_absent_remove
2633,0,0,-1,0,cross_session_prior_absent_remove
2634,0,0,-1,0,cross_session_prior_absent_remove
2635,0,0,-1,0,cross_session_prior_absent_remove
2636,0,0,-1,0,cross_session_prior_absent_remove
2637,0,0,-1,0,cross_session_prior_absent_remove
2638,0,0,-1,0,cross_session_prior_absent_remove
2639,0,0,-1,0,cross_session_prior_absent_remove
2640,0,0,-1,0,cross_session_prior_absent_remove
2641,0,0,-1,0,cross_session_prior_absent_remove
2642,0,0,-1,0,cross_session_prior_absent_remove
2643,0,0,-1,0,cross_session_prior_absent_remove
2644,0,0,-1,0,cross_session_prior_absent_remove
2645,0,0,-1,0,cross_session_prior_absent_remove
2646,0,0,-1,0,cross_session_prior_absent_remove
2647,0,0,-1,0,cross_session_prior_absent_remove
2648,0,0,-1,0,cross_session_prior_absent_remove
2649,0,0,-1,0,cross_session_prior_absent_remove
2650,0,0,-1,0,cross_session_prior_absent_remove
2651,0,0,-1,0,cross_session_prior_absent_remove
2652,0,0,-1,0,cross_session_prior_absent_remove
2653,0,0,-1,0,cross_session_prior_absent_remove
2654,0,0,-1,0,cross_session_prior_absent_remove
2655,0,0,-1,0,cross_session_prior_absent_remove
2656,0,0,-1,0,cross_session_prior_absent_remove
2657,0,0,-1,0,cross_session_prior_absent_remove
2658,0,0,-1,0,cross_session_prior_absent_remove
2659,0,0,-1,0,cross_session_prior_absent_remove
2660,0,0,-1,0,cross_session_prior_absent_remove
2661,0,0,-1,0,cross_session_prior_absent_remove
2662,0,0,-1,0,cross_session_prior_absent_remove
2663,0,0,-1,0,cross_session_prior_absent_remove
2664,0,0,-1,0,cross_session_prior_absent_remove
2665,0,0,-1,0,cross_session_prior_absent_remove
2666,0,0,-1,0,cross_session_prior_absent_remove
2667,0,0,-1,0,cross_session_prior_absent_remove
2668,0,0,-1,0,cross_session_prior_absent_remove
2669,0,0,-1,0,cross_session_prior_absent_remove
2670,0,0,-1,0,cross_session_prior_absent_remove
2671,0,0,-1,0,cross_session_prior_absent_remove
2672,0,0,-1,0,cross_session_prior_absent_remove
2673,0,0,-1,0,cross_session_prior_absent_remove
2674,0,0,-1,0,cross_session_prior_absent_remove
2675,0,0,-1,0,cross_session_prior_absent_remove
2676,0,0,-1,0,cross_session_prior_absent_remove
2677,0,0,-1,0,cross_session_prior_absent_remove
2678,0,0,-1,0,cross_session_prior_absent_remove
2679,0,0,-1,0,cross_session_prior_absent_remove
2680,0,0,-1,0,cross_session_prior_absent_remove
2681,0,0,-1,0,cross_session_prior_absent_remove
2682,0,0,-1,0,cross_session_prior_absent_remove
2683,0,0,-1,0,cross_session_prior_absent_remove
2684,0,0,-1,0,cross_session_prior_absent_remove
2685,0,0,-1,0,cross_session_prior_absent_remove
2686,0,0,-1,0,cross_session_prior_absent_remove
2687,0,0,-1,0,cross_session_prior_absent_remove
2688,0,0,-1,0,cross_session_prior_absent_remove
2689,0,0,-1,0,cross_session_prior_absent_remove
2690,0,0,-1,0,cross_session_prior_absent_remove
2691,0,0,-1,0,cross_session_prior_absent_remove
2692,0,0,-1,0,cross_session_prior_absent_remove
2693,0,0,-1,0,cross_session_prior_absent_remove
2694,0,0,-1,0,cross_session_prior_absent_remove
2695,0,0,-1,0,cross_session_prior_absent_remove
2696,0,0,-1,0,cross_session_prior_absent_remove
2697,0,0,-1,0,cross_session_prior_absent_remove
2698,0,0,-1,0,cross_session_prior_absent_remove
2699,0,0,-1,0,cross_session_prior_absent_remove
2700,0,0,-1,0,cross_session_prior_absent_remove
2701,0,0,-1,0,cross_session_prior_absent_remove
2702,0,0,-1,0,cross_session_prior_absent_remove
2703,0,0,-1,0,cross_session_prior_absent_remove
2704,0,0,-1,0,cross_session_prior_absent_remove
2705,0,0,-1,0,cross_session_prior_absent_remove
2706,0,0,-1,0,cross_session_prior_absent_remove
2707,0,0,-1,0,cross_session_prior_absent_remove
2708,0,0,-1,0,cross_session_prior_absent_remove
2709,0,0,-1,0,cross_session_prior_absent_remove
2710,0,0,-1,0,cross_session_prior_absent_remove
2711,0,0,-1,0,cross_session_prior_absent_remove
2712,0,0,-1,0,cross_session_prior_absent_remove
2713,0,0,-1,0,cross_session_prior_absent_remove
2714,0,0,-1,0,cross_session_prior_absent_remove
2715,0,0,-1,0,cross_session_prior_absent_remove
2716,0,0,-1,0,cross_session_prior_absent_remove
2717,0,0,-1,0,cross_session_prior_absent_remove
2718,0,0,-1,0,cross_session_prior_absent_remove
2719,0,0,-1,0,cross_session_prior_absent_remove
2720,0,0,-1,0,cross_session_prior_absent_remove
2721,0,0,-1,0,cross_session_prior_absent_remove
2722,0,0,-1,0,cross_session_prior_absent_remove
2723,0,0,-1,0,cross_session_prior_absent_remove
2724,0,0,-1,0,cross_session_prior_absent_remove
2725,0,0,-1,0,cross_session_prior_absent_remove
2726,0,0,-1,0,cross_session_prior_absent_remove
2727,0,0,-1,0,cross_session_prior_absent_remove
2728,0,0,-1,0,cross_session_prior_absent_remove
2729,0,0,-1,0,cross_session_prior_absent_remove
2730,0,0,-1,0,cross_session_prior_absent_remove
2731,0,0,-1,0,cross_session_prior_absent_remove
2732,0,0,-1,0,cross_session_prior_absent_remove
2733,0,0,-1,0,cross_session_prior_absent_remove
2734,0,0,-1,0,cross_session_prior_absent_remove
2735,0,0,-1,0,cross_session_prior_absent_remove
2736,0,0,-1,0,cross_session_prior_absent_remove
2737,0,0,-1,0,cross_session_prior_absent_remove
2738,0,0,-1,0,cross_session_prior_absent_remove
2739,0,0,-1,0,cross_session_prior_absent_remove
2740,0,0,-1,0,cross_session_prior_absent_remove
2741,0,0,-1,0,cross_session_prior_absent_remove
2742,0,0,-1,0,cross_session_prior_absent_remove
2743,0,0,-1,0,cross_session_prior_absent_remove
2744,0,0,-1,0,cross_session_prior_absent_remove
2745,0,0,-1,0,cross_session_prior_absent_remove
2746,0,0,-1,0,cross_session_prior_absent_remove
2747,0,0,-1,0,cross_session_prior_absent_remove
2748,0,0,-1,0,cross_session_prior_absent_remove
2749,0,0,-1,0,cross_session_prior_absent_remove
2750,0,0,-1,0,cross_session_prior_absent_remove
2751,0,0,-1,0,cross_session_prior_absent_remove
2752,0,0,-1,0,cross_session_prior_absent_remove
2753,0,0,-1,0,cross_session_prior_absent_remove
2754,0,0,-1,0,cross_session_prior_absent_remove
2755,0,0,-1,0,cross_session_prior_absent_remove
2756,0,0,-1,0,cross_session_prior_absent_remove
2757,0,0,-1,0,cross_session_prior_absent_remove
2758,0,0,-1,0,cross_session_prior_absent_remove
2759,0,0,-1,0,cross_session_prior_absent_remove
2760,0,0,-1,0,cross_session_prior_absent_remove
2761,0,0,-1,0,cross_session_prior_absent_remove
2762,0,0,-1,0,cross_session_prior_absent_remove
2763,0,0,-1,0,cross_session_prior_absent_remove
2764,0,0,-1,0,cross_session_prior_absent_remove
2765,0,0,-1,0,cross_session_prior_absent_remove
2766,0,0,-1,0,cross_session_prior_absent_remove
2767,0,0,-1,0,cross_session_prior_absent_remove
2768,0,0,-1,0,cross_session_prior_absent_remove
2769,0,0,-1,0,cross_session_prior_absent_remove
2770,0,0,-1,0,cross_session_prior_absent_remove
2771,0,0,-1,0,cross_session_prior_absent_remove
2772,0,0,-1,0,cross_session_prior_absent_remove
2773,0,0,-1,0,cross_session_prior_absent_remove
2774,0,0,-1,0,cross_session_prior_absent_remove
2775,0,0,-1,0,cross_session_prior_absent_remove
2776,0,0,-1,0,cross_session_prior_absent_remove
2777,0,0,-1,0,cross_session_prior_absent_remove
2778,0,0,-1,0,cross_session_prior_absent_remove
2779,0,0,-1,0,cross_session_prior_absent_remove
2780,0,0,-1,0,cross_session_prior_absent_remove
2781,0,0,-1,0,cross_session_prior_absent_remove
2782,0,0,-1,0,cross_session_prior_absent_remove
2783,0,0,-1,0,cross_session_prior_absent_remove
2784,0,0,-1,0,cross_session_prior_absent_remove
2785,0,0,-1,0,cross_session_prior_absent_remove
2786,0,0,-1,0,cross_session_prior_absent_remove
2787,0,0,-1,0,cross_session_prior_absent_remove
2788,0,0,-1,0,cross_session_prior_absent_remove
2789,0,0,-1,0,cross_session_prior_absent_remove
2790,0,0,-1,0,cross_session_prior_absent_remove
2791,0,0,-1,0,cross_session_prior_absent_remove
2792,0,0,-1,0,cross_session_prior_absent_remove
2793,0,0,-1,0,cross_session_prior_absent_remove
2794,0,0,-1,0,cross_session_prior_absent_remove
2795,0,0,-1,0,cross_session_prior_absent_remove
2796,0,0,-1,0,cross_session_prior_absent_remove
2797,0,0,-1,0,cross_session_prior_absent_remove
2798,0,0,-1,0,cross_session_prior_absent_remove
2799,0,0,-1,0,cross_session_prior_absent_remove
2800,0,0,-1,0,cross_session_prior_absent_remove
2801,0,0,-1,0,cross_session_prior_absent_remove
2802,0,0,-1,0,cross_session_prior_absent_remove
2803,0,0,-1,0,cross_session_prior_absent_remove
2804,0,0,-1,0,cross_session_prior_absent_remove
2805,0,0,-1,0,cross_session_prior_absent_remove
2806,0,0,-1,0,cross_session_prior_absent_remove
2807,0,0,-1,0,cross_session_prior_absent_remove
2808,0,0,-1,0,cross_session_prior_absent_remove
2809,0,0,-1,0,cross_session_prior_absent_remove
2810,0,0,-1,0,cross_session_prior_absent_remove
2811,0,0,-1,0,cross_session_prior_absent_remove
2812,0,0,-1,0,cross_session_prior_absent_remove
2813,0,0,-1,0,cross_session_prior_absent_remove
2814,0,0,-1,0,cross_session_prior_absent_remove
2815,0,0,-1,0,cross_session_prior_absent_remove
2816,0,0,-1,0,cross_session_prior_absent_remove
2817,0,0,-1,0,cross_session_prior_absent_remove
2818,0,0,-1,0,cross_session_prior_absent_remove
2819,0,0,-1,0,cross_session_prior_absent_remove
2820,0,0,-1,0,cross_session_prior_absent_remove
2821,0,0,-1,0,cross_session_prior_absent_remove
2822,0,0,-1,0,cross_session_prior_absent_remove
2823,0,0,-1,0,cross_session_prior_absent_remove
2824,0,0,-1,0,cross_session_prior_absent_remove
2825,0,0,-1,0,cross_session_prior_absent_remove
2826,0,0,-1,0,cross_session_prior_absent_remove
2827,0,0,-1,0,cross_session_prior_absent_remove
2828,0,0,-1,0,cross_session_prior_absent_remove
2829,0,0,-1,0,cross_session_prior_absent_remove
2830,0,0,-1,0,cross_session_prior_absent_remove
2831,0,0,-1,0,cross_session_prior_absent_remove
2832,0,0,-1,0,cross_session_prior_absent_remove
2833,0,0,-1,0,cross_session_prior_absent_remove
2834,0,0,-1,0,cross_session_prior_absent_remove
2835,0,0,-1,0,cross_session_prior_absent_remove
2836,0,0,-1,0,cross_session_prior_absent_remove
2837,0,0,-1,0,cross_session_prior_absent_remove
2838,0,0,-1,0,cross_session_prior_absent_remove
2839,0,0,-1,0,cross_session_prior_absent_remove
2840,0,0,-1,0,cross_session_prior_absent_remove
2841,0,0,-1,0,cross_session_prior_absent_remove
2842,0,0,-1,0,cross_session_prior_absent_remove
2843,0,0,-1,0,cross_session_prior_absent_remove
2844,0,0,-1,0,cross_session_prior_absent_remove
2845,0,0,-1,0,cross_session_prior_absent_remove
2846,0,0,-1,0,cross_session_prior_absent_remove
2847,0,0,-1,0,cross_session_prior_absent_remove
2848,0,0,-1,0,cross_session_prior_absent_remove
2849,0,0,-1,0,cross_session_prior_absent_remove
2850,0,0,-1,0,cross_session_prior_absent_remove
2851,0,0,-1,0,cross_session_prior_absent_remove
2852,0,0,-1,0,cross_session_prior_absent_remove
2853,0,0,-1,0,cross_session_prior_absent_remove
2854,0,0,-1,0,cross_session_prior_absent_remove
2855,0,0,-1,0,cross_session_prior_absent_remove
2856,0,0,-1,0,cross_session_prior_absent_remove
2857,0,0,-1,0,cross_session_prior_absent_remove
2858,0,0,-1,0,cross_session_prior_absent_remove
2859,0,0,-1,0,cross_session_prior_absent_remove
2860,0,0,-1,0,cross_session_prior_absent_remove
2861,0,0,-1,0,cross_session_prior_absent_remove
2862,0,0,-1,0,cross_session_prior_absent_remove
2863,0,0,-1,0,cross_session_prior_absent_remove
2864,0,0,-1,0,cross_session_prior_absent_remove
2865,0,0,-1,0,cross_session_prior_absent_remove
2866,0,0,-1,0,cross_session_prior_absent_remove
2867,0,0,-1,0,cross_session_prior_absent_remove
2868,0,0,-1,0,cross_session_prior_absent_remove
2869,0,0,-1,0,cross_session_prior_absent_remove
2870,0,0,-1,0,cross_session_prior_absent_remove
2871,0,0,-1,0,cross_session_prior_absent_remove
2872,0,0,-1,0,cross_session_prior_absent_remove
2873,0,0,-1,0,cross_session_prior_absent_remove
2874,0,0,-1,0,cross_session_prior_absent_remove
2875,0,0,-1,0,cross_session_prior_absent_remove
2876,0,0,-1,0,cross_session_prior_absent_remove
2877,0,0,-1,0,cross_session_prior_absent_remove
2878,0,0,-1,0,cross_session_prior_absent_remove
2879,0,0,-1,0,cross_session_prior_absent_remove
2880,0,0,-1,0,cross_session_prior_absent_remove
2881,0,0,-1,0,cross_session_prior_absent_remove
2882,0,0,-1,0,cross_session_prior_absent_remove
2883,0,0,-1,0,cross_session_prior_absent_remove
2884,0,0,-1,0,cross_session_prior_absent_remove
2885,0,0,-1,0,cross_session_prior_absent_remove
2886,0,0,-1,0,cross_session_prior_absent_remove
2887,0,0,-1,0,cross_session_prior_absent_remove
2888,0,0,-1,0,cross_session_prior_absent_remove
2889,0,0,-1,0,cross_session_prior_absent_remove
2890,0,0,-1,0,cross_session_prior_absent_remove
2891,0,0,-1,0,cross_session_prior_absent_remove
2892,0,0,-1,0,cross_session_prior_absent_remove
2893,0,0,-1,0,cross_session_prior_absent_remove
2894,0,0,-1,0,cross_session_prior_absent_remove
2895,0,0,-1,0,cross_session_prior_absent_remove
2896,0,0,-1,0,cross_session_prior_absent_remove
2897,0,0,-1,0,cross_session_prior_absent_remove
2898,0,0,-1,0,cross_session_prior_absent_remove
2899,0,0,-1,0,cross_session_prior_absent_remove
2900,0,0,-1,0,cross_session_prior_absent_remove
2901,0,0,-1,0,cross_session_prior_absent_remove
2902,0,0,-1,0,cross_session_prior_absent_remove
2903,0,0,-1,0,cross_session_prior_absent_remove
2904,0,0,-1,0,cross_session_prior_absent_remove
2905,0,0,-1,0,cross_session_prior_absent_remove
2906,0,0,-1,0,cross_session_prior_absent_remove
2907,0,0,-1,0,cross_session_prior_absent_remove
2908,0,0,-1,0,cross_session_prior_absent_remove
2909,0,0,-1,0,cross_session_prior_absent_remove
2910,0,0,-1,0,cross_session_prior_absent_remove
2911,0,0,-1,0,cross_session_prior_absent_remove
2912,0,0,-1,0,cross_session_prior_absent_remove
2913,0,0,-1,0,cross_session_prior_absent_remove
2914,0,0,-1,0,cross_session_prior_absent_remove
2915,0,0,-1,0,cross_session_prior_absent_remove
2916,0,0,-1,0,cross_session_prior_absent_remove
2917,0,0,-1,0,cross_session_prior_absent_remove
2918,0,0,-1,0,cross_session_prior_absent_remove
2919,0,0,-1,0,cross_session_prior_absent_remove
2920,0,0,-1,0,cross_session_prior_absent_remove
2921,0,0,-1,0,cross_session_prior_absent_remove
2922,0,0,-1,0,cross_session_prior_absent_remove
2923,0,0,-1,0,cross_session_prior_absent_remove
2924,0,0,-1,0,cross_session_prior_absent_remove
2925,0,0,-1,0,cross_session_prior_absent_remove
2926,0,0,-1,0,cross_session_prior_absent_remove
2927,0,0,-1,0,cross_session_prior_absent_remove
2928,0,0,-1,0,cross_session_prior_absent_remove
2929,0,0,-1,0,cross_session_prior_absent_remove
2930,0,0,-1,0,cross_session_prior_absent_remove
2931,0,0,-1,0,cross_session_prior_absent_remove
2932,0,0,-1,0,cross_session_prior_absent_remove
2933,0,0,-1,0,cross_session_prior_absent_remove
2934,0,0,-1,0,cross_session_prior_absent_remove
2935,0,0,-1,0,cross_session_prior_absent_remove
2936,0,0,-1,0,cross_session_prior_absent_remove
2937,0,0,-1,0,cross_session_prior_absent_remove
2938,0,0,-1,0,cross_session_prior_absent_remove
2939,0,0,-1,0,cross_session_prior_absent_remove
2940,0,0,-1,0,cross_session_prior_absent_remove
2941,0,0,-1,0,cross_session_prior_absent_remove
2942,0,0,-1,0,cross_session_prior_absent_remove
2943,0,0,-1,0,cross_session_prior_absent_remove
2944,0,0,-1,0,cross_session_prior_absent_remove
2945,0,0,-1,0,cross_session_prior_absent_remove
2946,0,0,-1,0,cross_session_prior_absent_remove
2947,0,0,-1,0,cross_session_prior_absent_remove
2948,0,0,-1,0,cross_session_prior_absent_remove
2949,0,0,-1,0,cross_session_prior_absent_remove
2950,0,0,-1,0,cross_session_prior_absent_remove
2951,0,0,-1,0,cross_session_prior_absent_remove
2952,0,0,-1,0,cross_session_prior_absent_remove
2953,0,0,-1,0,cross_session_prior_absent_remove
2954,0,0,-1,0,cross_session_prior_absent_remove
2955,0,0,-1,0,cross_session_prior_absent_remove
2956,0,0,-1,0,cross_session_prior_absent_remove
2957,0,0,-1,0,cross_session_prior_absent_remove
2958,0,0,-1,0,cross_session_prior_absent_remove
2959,0,0,-1,0,cross_session_prior_absent_remove
2960,0,0,-1,0,cross_session_prior_absent_remove
2961,0,0,-1,0,cross_session_prior_absent_remove
2962,0,0,-1,0,cross_session_prior_absent_remove
2963,0,0,-1,0,cross_session_prior_absent_remove
2964,0,0,-1,0,cross_session_prior_absent_remove
2965,0,0,-1,0,cross_session_prior_absent_remove
2966,0,0,-1,0,cross_session_prior_absent_remove
2967,0,0,-1,0,cross_session_prior_absent_remove
2968,0,0,-1,0,cross_session_prior_absent_remove
2969,0,0,-1,0,cross_session_prior_absent_remove
2970,0,0,-1,0,cross_session_prior_absent_remove
2971,0,0,-1,0,cross_session_prior_absent_remove
2972,0,0,-1,0,cross_session_prior_absent_remove
2973,0,0,-1,0,cross_session_prior_absent_remove
2974,0,0,-1,0,cross_session_prior_absent_remove
2975,0,0,-1,0,cross_session_prior_absent_remove
2976,0,0,-1,0,cross_session_prior_absent_remove
2977,0,0,-1,0,cross_session_prior_absent_remove
2978,0,0,-1,0,cross_session_prior_absent_remove
2979,0,0,-1,0,cross_session_prior_absent_remove
2980,0,0,-1,0,cross_session_prior_absent_remove
2981,0,0,-1,0,cross_session_prior_absent_remove
2982,0,0,-1,0,cross_session_prior_absent_remove
2983,0,0,-1,0,cross_session_prior_absent_remove
2984,0,0,-1,0,cross_session_prior_absent_remove
2985,0,0,-1,0,cross_session_prior_absent_remove
2986,0,0,-1,0,cross_session_prior_absent_remove
2987,0,0,-1,0,cross_session_prior_absent_remove
2988,0,0,-1,0,cross_session_prior_absent_remove
2989,0,0,-1,0,cross_session_prior_absent_remove
2990,0,0,-1,0,cross_session_prior_absent_remove
2991,0,0,-1,0,cross_session_prior_absent_remove
2992,0,0,-1,0,cross_session_prior_absent_remove
2996,0,0,-1,0,cross_session_prior_absent_remove
2997,0,0,-1,0,cross_session_prior_absent_remove
2998,0,0,-1,0,cross_session_prior_absent_remove
2999,0,0,-1,0,cross_session_prior_absent_remove
3000,0,0,-1,0,cross_session_prior_absent_remove
3001,0,0,-1,0,cross_session_prior_absent_remove
3002,0,0,-1,0,cross_session_prior_absent_remove
3003,0,0,-1,0,cross_session_prior_absent_remove
3004,0,0,-1,0,cross_session_prior_absent_remove
3005,0,0,-1,0,cross_session_prior_absent_remove
3007,0,0,-1,0,cross_session_prior_absent_remove
3009,0,0,-1,0,cross_session_prior_absent_remove
3010,0,0,-1,0,cross_session_prior_absent_remove
3013,0,0,-1,0,cross_session_prior_absent_remove
3016,0,0,-1,0,cross_session_prior_absent_remove
3017,0,0,-1,0,cross_session_prior_absent_remove
3018,0,0,-1,0,cross_session_prior_absent_remove
3019,0,0,-1,0,cross_session_prior_absent_remove
3020,0,0,-1,0,cross_session_prior_absent_remove
3021,0,0,-1,0,cross_session_prior_absent_remove
3022,0,0,-1,0,cross_session_prior_absent_remove
3023,0,0,-1,0,cross_session_prior_absent_remove
3024,0,0,-1,0,cross_session_prior_absent_remove
3025,0,0,-1,0,cross_session_prior_absent_remove
3026,0,0,-1,0,cross_session_prior_absent_remove
3027,0,0,-1,0,cross_session_prior_absent_remove
3028,0,0,-1,0,cross_session_prior_absent_remove
3029,0,0,-1,0,cross_session_prior_absent_remove
3030,0,0,-1,0,cross_session_prior_absent_remove
3032,0,0,-1,0,cross_session_prior_absent_remove
3034,0,0,-1,0,cross_session_prior_absent_remove
3036,0,0,-1,0,cross_session_prior_absent_remove
3037,0,0,-1,0,cross_session_prior_absent_remove
3038,0,0,-1,0,cross_session_prior_absent_remove
3039,0,0,-1,0,cross_session_prior_absent_remove
3040,0,0,-1,0,cross_session_prior_absent_remove
3041,0,0,-1,0,cross_session_prior_absent_remove
3042,0,0,-1,0,cross_session_prior_absent_remove
3043,0,0,-1,0,cross_session_prior_absent_remove
3044,0,0,-1,0,cross_session_prior_absent_remove
3045,0,0,-1,0,cross_session_prior_absent_remove
3046,0,0,-1,0,cross_session_prior_absent_remove
3047,0,0,-1,0,cross_session_prior_absent_remove
3050,0,0,-1,0,cross_session_prior_absent_remove
3051,0,0,-1,0,cross_session_prior_absent_remove
3052,0,0,-1,0,cross_session_prior_absent_remove
3053,0,0,-1,0,cross_session_prior_absent_remove
3054,0,0,-1,0,cross_session_prior_absent_remove
3055,0,0,-1,0,cross_session_prior_absent_remove
3056,0,0,-1,0,cross_session_prior_absent_remove
3057,0,0,-1,0,cross_session_prior_absent_remove
3058,0,0,-1,0,cross_session_prior_absent_remove
3059,0,0,-1,0,cross_session_prior_absent_remove
3060,0,0,-1,0,cross_session_prior_absent_remove
3061,0,0,-1,0,cross_session_prior_absent_remove
3062,0,0,-1,0,cross_session_prior_absent_remove
3063,0,0,-1,0,cross_session_prior_absent_remove
3064,0,0,-1,0,cross_session_prior_absent_remove
3065,0,0,-1,0,cross_session_prior_absent_remove
3066,0,0,-1,0,cross_session_prior_absent_remove
3067,0,0,-1,0,cross_session_prior_absent_remove
3068,0,0,-1,0,cross_session_prior_absent_remove
3069,0,0,-1,0,cross_session_prior_absent_remove
3070,0,0,-1,0,cross_session_prior_absent_remove
3071,0,0,-1,0,cross_session_prior_absent_remove
3072,0,0,-1,0,cross_session_prior_absent_remove
3073,0,0,-1,0,cross_session_prior_absent_remove
3074,0,0,-1,0,cross_session_prior_absent_remove
3075,0,0,-1,0,cross_session_prior_absent_remove
3076,0,0,-1,0,cross_session_prior_absent_remove
3077,0,0,-1,0,cross_session_prior_absent_remove
3078,0,0,-1,0,cross_session_prior_absent_remove
3079,0,0,-1,0,cross_session_prior_absent_remove
3080,0,0,-1,0,cross_session_prior_absent_remove
3081,0,0,-1,0,cross_session_prior_absent_remove
3082,0,0,-1,0,cross_session_prior_absent_remove
3083,0,0,-1,0,cross_session_prior_absent_remove
3084,0,0,-1,0,cross_session_prior_absent_remove
3085,0,0,-1,0,cross_session_prior_absent_remove
3086,0,0,-1,0,cross_session_prior_absent_remove
3087,0,0,-1,0,cross_session_prior_absent_remove
3088,0,0,-1,0,cross_session_prior_absent_remove
3089,0,0,-1,0,cross_session_prior_absent_remove
3090,0,0,-1,0,cross_session_prior_absent_remove
3091,0,0,-1,0,cross_session_prior_absent_remove
3092,0,0,-1,0,cross_session_prior_absent_remove
3093,0,0,-1,0,cross_session_prior_absent_remove
3094,0,0,-1,0,cross_session_prior_absent_remove
3095,0,0,-1,0,cross_session_prior_absent_remove
3096,0,0,-1,0,cross_session_prior_absent_remove
3097,0,0,-1,0,cross_session_prior_absent_remove
3098,0,0,-1,0,cross_session_prior_absent_remove
3099,0,0,-1,0,cross_session_prior_absent_remove
3100,0,0,-1,0,cross_session_prior_absent_remove
3101,0,0,-1,0,cross_session_prior_absent_remove
3102,0,0,-1,0,cross_session_prior_absent_remove
3103,0,0,-1,0,cross_session_prior_absent_remove
3104,0,0,-1,0,cross_session_prior_absent_remove
3105,0,0,-1,0,cross_session_prior_absent_remove
3106,0,0,-1,0,cross_session_prior_absent_remove
3107,0,0,-1,0,cross_session_prior_absent_remove
3108,0,0,-1,0,cross_session_prior_absent_remove
3109,0,0,-1,0,cross_session_prior_absent_remove
3110,0,0,-1,0,cross_session_prior_absent_remove
3111,0,0,-1,0,cross_session_prior_absent_remove
3112,0,0,-1,0,cross_session_prior_absent_remove
3113,0,0,-1,0,cross_session_prior_absent_remove
3114,0,0,-1,0,cross_session_prior_absent_remove
3115,0,0,-1,0,cross_session_prior_absent_remove
3116,0,0,-1,0,cross_session_prior_absent_remove
3117,0,0,-1,0,cross_session_prior_absent_remove
3118,0,0,-1,0,cross_session_prior_absent_remove
3119,0,0,-1,0,cross_session_prior_absent_remove
3120,0,0,-1,0,cross_session_prior_absent_remove
3121,0,0,-1,0,cross_session_prior_absent_remove
3122,0,0,-1,0,cross_session_prior_absent_remove
3123,0,0,-1,0,cross_session_prior_absent_remove
3124,0,0,-1,0,cross_session_prior_absent_remove
3125,0,0,-1,0,cross_session_prior_absent_remove
3126,0,0,-1,0,cross_session_prior_absent_remove
3127,0,0,-1,0,cross_session_prior_absent_remove
3128,0,0,-1,0,cross_session_prior_absent_remove
3129,0,0,-1,0,cross_session_prior_absent_remove
3130,0,0,-1,0,cross_session_prior_absent_remove
3131,0,0,-1,0,cross_session_prior_absent_remove
3132,0,0,-1,0,cross_session_prior_absent_remove
3133,0,0,-1,0,cross_session_prior_absent_remove
3134,0,0,-1,0,cross_session_prior_absent_remove
3135,0,0,-1,0,cross_session_prior_absent_remove
3136,0,0,-1,0,cross_session_prior_absent_remove
3137,0,0,-1,0,cross_session_prior_absent_remove
3138,0,0,-1,0,cross_session_prior_absent_remove
3139,0,0,-1,0,cross_session_prior_absent_remove
3140,0,0,-1,0,cross_session_prior_absent_remove
3141,0,0,-1,0,cross_session_prior_absent_remove
3142,0,0,-1,0,cross_session_prior_absent_remove
3143,0,0,-1,0,cross_session_prior_absent_remove
3144,0,0,-1,0,cross_session_prior_absent_remove
3145,0,0,-1,0,cross_session_prior_absent_remove
3146,0,0,-1,0,cross_session_prior_absent_remove
3147,0,0,-1,0,cross_session_prior_absent_remove
3148,0,0,-1,0,cross_session_prior_absent_remove
3149,0,0,-1,0,cross_session_prior_absent_remove
3150,0,0,-1,0,cross_session_prior_absent_remove
3151,0,0,-1,0,cross_session_prior_absent_remove
3152,0,0,-1,0,cross_session_prior_absent_remove
3153,0,0,-1,0,cross_session_prior_absent_remove
3154,0,0,-1,0,cross_session_prior_absent_remove
3155,0,0,-1,0,cross_session_prior_absent_remove
3156,0,0,-1,0,cross_session_prior_absent_remove
3157,0,0,-1,0,cross_session_prior_absent_remove
3158,0,0,-1,0,cross_session_prior_absent_remove
3159,0,0,-1,0,cross_session_prior_absent_remove
3160,0,0,-1,0,cross_session_prior_absent_remove
3161,0,0,-1,0,cross_session_prior_absent_remove
3162,0,0,-1,0,cross_session_prior_absent_remove
3163,0,0,-1,0,cross_session_prior_absent_remove
3164,0,0,-1,0,cross_session_prior_absent_remove
3165,0,0,-1,0,cross_session_prior_absent_remove
3166,0,0,-1,0,cross_session_prior_absent_remove
3167,0,0,-1,0,cross_session_prior_absent_remove
3168,0,0,-1,0,cross_session_prior_absent_remove
3169,0,0,-1,0,cross_session_prior_absent_remove
3170,0,0,-1,0,cross_session_prior_absent_remove
3171,0,0,-1,0,cross_session_prior_absent_remove
3172,0,0,-1,0,cross_session_prior_absent_remove
3173,0,0,-1,0,cross_session_prior_absent_remove
3174,0,0,-1,0,cross_session_prior_absent_remove
3175,0,0,-1,0,cross_session_prior_absent_remove
3176,0,0,-1,0,cross_session_prior_absent_remove
3177,0,0,-1,0,cross_session_prior_absent_remove
3178,0,0,-1,0,cross_session_prior_absent_remove
3179,0,0,-1,0,cross_session_prior_absent_remove
3180,0,0,-1,0,cross_session_prior_absent_remove
3181,0,0,-1,0,cross_session_prior_absent_remove
3182,0,0,-1,0,cross_session_prior_absent_remove
3183,0,0,-1,0,cross_session_prior_absent_remove
3184,0,0,-1,0,cross_session_prior_absent_remove
3185,0,0,-1,0,cross_session_prior_absent_remove
3186,0,0,-1,0,cross_session_prior_absent_remove
3187,0,0,-1,0,cross_session_prior_absent_remove
3188,0,0,-1,0,cross_session_prior_absent_remove
3189,0,0,-1,0,cross_session_prior_absent_remove
3190,0,0,-1,0,cross_session_prior_absent_remove
3193,0,0,-1,0,cross_session_prior_absent_remove
3194,0,0,-1,0,cross_session_prior_absent_remove
3195,0,0,-1,0,cross_session_prior_absent_remove
3196,0,0,-1,0,cross_session_prior_absent_remove
3197,0,0,-1,0,cross_session_prior_absent_remove
3199,0,0,-1,0,cross_session_prior_absent_remove
3200,0,0,-1,0,cross_session_prior_absent_remove
3201,0,0,-1,0,cross_session_prior_absent_remove
3202,0,0,-1,0,cross_session_prior_absent_remove
3203,0,0,-1,0,cross_session_prior_absent_remove
3204,0,0,-1,0,cross_session_prior_absent_remove
3205,0,0,-1,0,cross_session_prior_absent_remove
3206,0,0,-1,0,cross_session_prior_absent_remove
3207,0,0,-1,0,cross_session_prior_absent_remove
3208,0,0,-1,0,cross_session_prior_absent_remove
3209,0,0,-1,0,cross_session_prior_absent_remove
3210,0,0,-1,0,cross_session_prior_absent_remove
3211,0,0,-1,0,cross_session_prior_absent_remove
3212,0,0,-1,0,cross_session_prior_absent_remove
3213,0,0,-1,0,cross_session_prior_absent_remove
3214,0,0,-1,0,cross_session_prior_absent_remove
3215,0,0,-1,0,cross_session_prior_absent_remove
3216,0,0,-1,0,cross_session_prior_absent_remove
3217,0,0,-1,0,cross_session_prior_absent_remove
3218,0,0,-1,0,cross_session_prior_absent_remove
3219,0,0,-1,0,cross_session_prior_absent_remove
3220,0,0,-1,0,cross_session_prior_absent_remove
3221,0,0,-1,0,cross_session_prior_absent_remove
3222,0,0,-1,0,cross_session_prior_absent_remove
3223,0,0,-1,0,cross_session_prior_absent_remove
3224,0,0,-1,0,cross_session_prior_absent_remove
3225,0,0,-1,0,cross_session_prior_absent_remove
3226,0,0,-1,0,cross_session_prior_absent_remove
3227,0,0,-1,0,cross_session_prior_absent_remove
3228,0,0,-1,0,cross_session_prior_absent_remove
3229,0,0,-1,0,cross_session_prior_absent_remove
3230,0,0,-1,0,cross_session_prior_absent_remove
3231,0,0,-1,0,cross_session_prior_absent_remove
3232,0,0,-1,0,cross_session_prior_absent_remove
3233,0,0,-1,0,cross_session_prior_absent_remove
3234,0,0,-1,0,cross_session_prior_absent_remove
3235,0,0,-1,0,cross_session_prior_absent_remove
3236,0,0,-1,0,cross_session_prior_absent_remove
3237,0,0,-1,0,cross_session_prior_absent_remove
3238,0,0,-1,0,cross_session_prior_absent_remove
3239,0,0,-1,0,cross_session_prior_absent_remove
3240,0,0,-1,0,cross_session_prior_absent_remove
3241,0,0,-1,0,cross_session_prior_absent_remove
3242,0,0,-1,0,cross_session_prior_absent_remove
3243,0,0,-1,0,cross_session_prior_absent_remove
3244,0,0,-1,0,cross_session_prior_absent_remove
3245,0,0,-1,0,cross_session_prior_absent_remove
3246,0,0,-1,0,cross_session_prior_absent_remove
3247,0,0,-1,0,cross_session_prior_absent_remove
3248,0,0,-1,0,cross_session_prior_absent_remove
3249,0,0,-1,0,cross_session_prior_absent_remove
3250,0,0,-1,0,cross_session_prior_absent_remove
3251,0,0,-1,0,cross_session_prior_absent_remove
3252,0,0,-1,0,cross_session_prior_absent_remove
3253,0,0,-1,0,cross_session_prior_absent_remove
3254,0,0,-1,0,cross_session_prior_absent_remove
3255,0,0,-1,0,cross_session_prior_absent_remove
3256,0,0,-1,0,cross_session_prior_absent_remove
3257,0,0,-1,0,cross_session_prior_absent_remove
3258,0,0,-1,0,cross_session_prior_absent_remove
3259,0,0,-1,0,cross_session_prior_absent_remove
3260,0,0,-1,0,cross_session_prior_absent_remove
3261,0,0,-1,0,cross_session_prior_absent_remove
3262,0,0,-1,0,cross_session_prior_absent_remove
3263,0,0,-1,0,cross_session_prior_absent_remove
3264,0,0,-1,0,cross_session_prior_absent_remove
3265,0,0,-1,0,cross_session_prior_absent_remove
3266,0,0,-1,0,cross_session_prior_absent_remove
3267,0,0,-1,0,cross_session_prior_absent_remove
3268,0,0,-1,0,cross_session_prior_absent_remove
3269,0,0,-1,0,cross_session_prior_absent_remove
3270,0,0,-1,0,cross_session_prior_absent_remove
3281,0,0,-1,0,cross_session_prior_absent_remove
3282,0,0,-1,0,cross_session_prior_absent_remove
3283,0,0,-1,0,cross_session_prior_absent_remove
3284,0,0,-1,0,cross_session_prior_absent_remove
3285,0,0,-1,0,cross_session_prior_absent_remove
3286,0,0,-1,0,cross_session_prior_absent_remove
3287,0,0,-1,0,cross_session_prior_absent_remove
3288,0,0,-1,0,cross_session_prior_absent_remove
3289,0,0,-1,0,cross_session_prior_absent_remove
3290,0,0,-1,0,cross_session_prior_absent_remove
3292,0,0,-1,0,cross_session_prior_absent_remove
3293,0,0,-1,0,cross_session_prior_absent_remove
3294,0,0,-1,0,cross_session_prior_absent_remove
3295,0,0,-1,0,cross_session_prior_absent_remove
3296,0,0,-1,0,cross_session_prior_absent_remove
3317,0,0,-1,0,cross_session_prior_absent_remove
3320,0,0,-1,0,cross_session_prior_absent_remove
3322,0,0,-1,0,cross_session_prior_absent_remove
3323,0,0,-1,0,cross_session_prior_absent_remove
3324,0,0,-1,0,cross_session_prior_absent_remove
3325,0,0,-1,0,cross_session_prior_absent_remove
3326,0,0,-1,0,cross_session_prior_absent_remove
3327,0,0,-1,0,cross_session_prior_absent_remove
3328,0,0,-1,0,cross_session_prior_absent_remove
3329,0,0,-1,0,cross_session_prior_absent_remove
3330,0,0,-1,0,cross_session_prior_absent_remove
3331,0,0,-1,0,cross_session_prior_absent_remove
3332,0,0,-1,0,cross_session_prior_absent_remove
3333,0,0,-1,0,cross_session_prior_absent_remove
3334,0,0,-1,0,cross_session_prior_absent_remove
3335,0,0,-1,0,cross_session_prior_absent_remove
3336,0,0,-1,0,cross_session_prior_absent_remove
3337,0,0,-1,0,cross_session_prior_absent_remove
3338,0,0,-1,0,cross_session_prior_absent_remove
3339,0,0,-1,0,cross_session_prior_absent_remove
3340,0,0,-1,0,cross_session_prior_absent_remove
3353,0,0,-1,0,cross_session_prior_absent_remove
3356,0,0,-1,0,cross_session_prior_absent_remove
3358,0,0,-1,0,cross_session_prior_absent_remove
3359,0,0,-1,0,cross_session_prior_absent_remove
3360,0,0,-1,0,cross_session_prior_absent_remove
3361,0,0,-1,0,cross_session_prior_absent_remove
3362,0,0,-1,0,cross_session_prior_absent_remove
3363,0,0,-1,0,cross_session_prior_absent_remove
3364,0,0,-1,0,cross_session_prior_absent_remove
3365,0,0,-1,0,cross_session_prior_absent_remove
3366,0,0,-1,0,cross_session_prior_absent_remove
3367,0,0,-1,0,cross_session_prior_absent_remove
3368,0,0,-1,0,cross_session_prior_absent_remove
3369,0,0,-1,0,cross_session_prior_absent_remove
3370,0,0,-1,0,cross_session_prior_absent_remove
3371,0,0,-1,0,cross_session_prior_absent_remove
3372,0,0,-1,0,cross_session_prior_absent_remove
3373,0,0,-1,0,cross_session_prior_absent_remove
3374,0,0,-1,0,cross_session_prior_absent_remove
3375,0,0,-1,0,cross_session_prior_absent_remove
3376,0,0,-1,0,cross_session_prior_absent_remove
3387,0,0,-1,0,cross_session_prior_absent_remove
3392,0,0,-1,0,cross_session_prior_absent_remove
3393,0,0,-1,0,cross_session_prior_absent_remove
3395,0,0,-1,0,cross_session_prior_absent_remove
3396,0,0,-1,0,cross_session_prior_absent_remove
3398,0,0,-1,0,cross_session_prior_absent_remove
3399,0,0,-1,0,cross_session_prior_absent_remove
3400,0,0,-1,0,cross_session_prior_absent_remove
3401,0,0,-1,0,cross_session_prior_absent_remove
3402,0,0,-1,0,cross_session_prior_absent_remove
3403,0,0,-1,0,cross_session_prior_absent_remove
3404,0,0,-1,0,cross_session_prior_absent_remove
3405,0,0,-1,0,cross_session_prior_absent_remove
3406,0,0,-1,0,cross_session_prior_absent_remove
3407,0,0,-1,0,cross_session_prior_absent_remove
3409,0,0,-1,0,cross_session_prior_absent_remove
3412,0,0,-1,0,cross_session_prior_absent_remove
3414,0,0,-1,0,cross_session_prior_absent_remove
3415,0,0,-1,0,cross_session_prior_absent_remove
3418,0,0,-1,0,cross_session_prior_absent_remove
3420,0,0,-1,0,cross_session_prior_absent_remove
3421,0,0,-1,0,cross_session_prior_absent_remove
3423,0,0,-1,0,cross_session_prior_absent_remove
3424,0,0,-1,0,cross_session_prior_absent_remove
3426,0,0,-1,0,cross_session_prior_absent_remove
3427,0,0,-1,0,cross_session_prior_absent_remove
3428,0,0,-1,0,cross_session_prior_absent_remove
3429,0,0,-1,0,cross_session_prior_absent_remove
3430,0,0,-1,0,cross_session_prior_absent_remove
3431,0,0,-1,0,cross_session_prior_absent_remove
3432,0,0,-1,0,cross_session_prior_absent_remove
3433,0,0,-1,0,cross_session_prior_absent_remove
3434,0,0,-1,0,cross_session_prior_absent_remove
3435,0,0,-1,0,cross_session_prior_absent_remove
3436,0,0,-1,0,cross_session_prior_absent_remove
3437,0,0,-1,0,cross_session_prior_absent_remove
3438,0,0,-1,0,cross_session_prior_absent_remove
3439,0,0,-1,0,cross_session_prior_absent_remove
3440,0,0,-1,0,cross_session_prior_absent_remove
3441,0,0,-1,0,cross_session_prior_absent_remove
3442,0,0,-1,0,cross_session_prior_absent_remove
3443,0,0,-1,0,cross_session_prior_absent_remove
3444,0,0,-1,0,cross_session_prior_absent_remove
3445,0,0,-1,0,cross_session_prior_absent_remove
3446,0,0,-1,0,cross_session_prior_absent_remove
3447,0,0,-1,0,cross_session_prior_absent_remove
3448,0,0,-1,0,cross_session_prior_absent_remove
3449,0,0,-1,0,cross_session_prior_absent_remove
3450,0,0,-1,0,cross_session_prior_absent_remove
3451,0,0,-1,0,cross_session_prior_absent_remove
3452,0,0,-1,0,cross_session_prior_absent_remove
3453,0,0,-1,0,cross_session_prior_absent_remove
3454,0,0,-1,0,cross_session_prior_absent_remove
3455,0,0,-1,0,cross_session_prior_absent_remove
3456,0,0,-1,0,cross_session_prior_absent_remove
3457,0,0,-1,0,cross_session_prior_absent_remove
3458,0,0,-1,0,cross_session_prior_absent_remove
3459,0,0,-1,0,cross_session_prior_absent_remove
3460,0,0,-1,0,cross_session_prior_absent_remove
3461,0,0,-1,0,cross_session_prior_absent_remove
3462,0,0,-1,0,cross_session_prior_absent_remove
3463,0,0,-1,0,cross_session_prior_absent_remove
3464,0,0,-1,0,cross_session_prior_absent_remove
3465,0,0,-1,0,cross_session_prior_absent_remove
3466,0,0,-1,0,cross_session_prior_absent_remove
3467,0,0,-1,0,cross_session_prior_absent_remove
3468,0,0,-1,0,cross_session_prior_absent_remove
3469,0,0,-1,0,cross_session_prior_absent_remove
3470,0,0,-1,0,cross_session_prior_absent_remove
3471,0,0,-1,0,cross_session_prior_absent_remove
3472,0,0,-1,0,cross_session_prior_absent_remove
3473,0,0,-1,0,cross_session_prior_absent_remove
3474,0,0,-1,0,cross_session_prior_absent_remove
3475,0,0,-1,0,cross_session_prior_absent_remove
3476,0,0,-1,0,cross_session_prior_absent_remove
3477,0,0,-1,0,cross_session_prior_absent_remove
3478,0,0,-1,0,cross_session_prior_absent_remove
3479,0,0,-1,0,cross_session_prior_absent_remove
3480,0,0,-1,0,cross_session_prior_absent_remove
3481,0,0,-1,0,cross_session_prior_absent_remove
3482,0,0,-1,0,cross_session_prior_absent_remove
3507,0,0,-1,0,cross_session_prior_absent_remove
3508,0,0,-1,0,cross_session_prior_absent_remove
3510,0,0,-1,0,cross_session_prior_absent_remove
3511,0,0,-1,0,cross_session_prior_absent_remove
3512,0,0,-1,0,cross_session_prior_absent_remove
3513,0,0,-1,0,cross_session_prior_absent_remove
3514,0,0,-1,0,cross_session_prior_absent_remove
3515,0,0,-1,0,cross_session_prior_absent_remove
3516,0,0,-1,0,cross_session_prior_absent_remove
3517,0,0,-1,0,cross_session_prior_absent_remove
3518,0,0,-1,0,cross_session_prior_absent_remove
3519,0,0,-1,0,cross_session_prior_absent_remove
3520,0,0,-1,0,cross_session_prior_absent_remove
3521,0,0,-1,0,cross_session_prior_absent_remove
3522,0,0,-1,0,cross_session_prior_absent_remove
3523,0,0,-1,0,cross_session_prior_absent_remove
3524,0,0,-1,0,cross_session_prior_absent_remove
3525,0,0,-1,0,cross_session_prior_absent_remove
3526,0,0,-1,0,cross_session_prior_absent_remove
3527,0,0,-1,0,cross_session_prior_absent_remove
3528,0,0,-1,0,cross_session_prior_absent_remove
3529,0,0,-1,0,cross_session_prior_absent_remove
3530,0,0,-1,0,cross_session_prior_absent_remove
3531,0,0,-1,0,cross_session_prior_absent_remove
3532,0,0,-1,0,cross_session_prior_absent_remove
3533,0,0,-1,0,cross_session_prior_absent_remove
3534,0,0,-1,0,cross_session_prior_absent_remove
3535,0,0,-1,0,cross_session_prior_absent_remove
3536,0,0,-1,0,cross_session_prior_absent_remove
3537,0,0,-1,0,cross_session_prior_absent_remove
3538,0,0,-1,0,cross_session_prior_absent_remove
3539,0,0,-1,0,cross_session_prior_absent_remove
3540,0,0,-1,0,cross_session_prior_absent_remove
3541,0,0,-1,0,cross_session_prior_absent_remove
3542,0,0,-1,0,cross_session_prior_absent_remove
3543,0,0,-1,0,cross_session_prior_absent_remove
3544,0,0,-1,0,cross_session_prior_absent_remove
3545,0,0,-1,0,cross_session_prior_absent_remove
3546,0,0,-1,0,cross_session_prior_absent_remove
3547,0,0,-1,0,cross_session_prior_absent_remove
3548,0,0,-1,0,cross_session_prior_absent_remove
3549,0,0,-1,0,cross_session_prior_absent_remove
3550,0,0,-1,0,cross_session_prior_absent_remove
3551,0,0,-1,0,cross_session_prior_absent_remove
3552,0,0,-1,0,cross_session_prior_absent_remove
3553,0,0,-1,0,cross_session_prior_absent_remove
3554,0,0,-1,0,cross_session_prior_absent_remove
3555,0,0,-1,0,cross_session_prior_absent_remove
3556,0,0,-1,0,cross_session_prior_absent_remove
3557,0,0,-1,0,cross_session_prior_absent_remove
3558,0,0,-1,0,cross_session_prior_absent_remove
3559,0,0,-1,0,cross_session_prior_absent_remove
3560,0,0,-1,0,cross_session_prior_absent_remove
3561,0,0,-1,0,cross_session_prior_absent_remove
3562,0,0,-1,0,cross_session_prior_absent_remove
3563,0,0,-1,0,cross_session_prior_absent_remove
3564,0,0,-1,0,cross_session_prior_absent_remove
3565,0,0,-1,0,cross_session_prior_absent_remove
3566,0,0,-1,0,cross_session_prior_absent_remove
3567,0,0,-1,0,cross_session_prior_absent_remove
3568,0,0,-1,0,cross_session_prior_absent_remove
3569,0,0,-1,0,cross_session_prior_absent_remove
3570,0,0,-1,0,cross_session_prior_absent_remove
3571,0,0,-1,0,cross_session_prior_absent_remove
3572,0,0,-1,0,cross_session_prior_absent_remove
3573,0,0,-1,0,cross_session_prior_absent_remove
3574,0,0,-1,0,cross_session_prior_absent_remove
3575,0,0,-1,0,cross_session_prior_absent_remove
3576,0,0,-1,0,cross_session_prior_absent_remove
3577,0,0,-1,0,cross_session_prior_absent_remove
3578,0,0,-1,0,cross_session_prior_absent_remove
3579,0,0,-1,0,cross_session_prior_absent_remove
3580,0,0,-1,0,cross_session_prior_absent_remove
3581,0,0,-1,0,cross_session_prior_absent_remove
3582,0,0,-1,0,cross_session_prior_absent_remove
3583,0,0,-1,0,cross_session_prior_absent_remove
3584,0,0,-1,0,cross_session_prior_absent_remove
3585,0,0,-1,0,cross_session_prior_absent_remove
3586,0,0,-1,0,cross_session_prior_absent_remove
3587,0,0,-1,0,cross_session_prior_absent_remove
3588,0,0,-1,0,cross_session_prior_absent_remove
3589,0,0,-1,0,cross_session_prior_absent_remove
3590,0,0,-1,0,cross_session_prior_absent_remove
3591,0,0,-1,0,cross_session_prior_absent_remove
3592,0,0,-1,0,cross_session_prior_absent_remove
3593,0,0,-1,0,cross_session_prior_absent_remove
3594,0,0,-1,0,cross_session_prior_absent_remove
3595,0,0,-1,0,cross_session_prior_absent_remove
3596,0,0,-1,0,cross_session_prior_absent_remove
3597,0,0,-1,0,cross_session_prior_absent_remove
3598,0,0,-1,0,cross_session_prior_absent_remove
3599,0,0,-1,0,cross_session_prior_absent_remove
3600,0,0,-1,0,cross_session_prior_absent_remove
3601,0,0,-1,0,cross_session_prior_absent_remove
3602,0,0,-1,0,cross_session_prior_absent_remove
3603,0,0,-1,0,cross_session_prior_absent_remove
3604,0,0,-1,0,cross_session_prior_absent_remove
3605,0,0,-1,0,cross_session_prior_absent_remove
3606,0,0,-1,0,cross_session_prior_absent_remove
3608,0,0,-1,0,cross_session_prior_absent_remove
3609,0,0,-1,0,cross_session_prior_absent_remove
3611,0,0,-1,0,cross_session_prior_absent_remove
3612,0,0,-1,0,cross_session_prior_absent_remove
3613,0,0,-1,0,cross_session_prior_absent_remove
3614,0,0,-1,0,cross_session_prior_absent_remove
3615,0,0,-1,0,cross_session_prior_absent_remove
3616,0,0,-1,0,cross_session_prior_absent_remove
3617,0,0,-1,0,cross_session_prior_absent_remove
3618,0,0,-1,0,cross_session_prior_absent_remove
3619,0,0,-1,0,cross_session_prior_absent_remove
3620,0,0,-1,0,cross_session_prior_absent_remove
3621,0,0,-1,0,cross_session_prior_absent_remove
3622,0,0,-1,0,cross_session_prior_absent_remove
3623,0,0,-1,0,cross_session_prior_absent_remove
3624,0,0,-1,0,cross_session_prior_absent_remove
3625,0,0,-1,0,cross_session_prior_absent_remove
3626,0,0,-1,0,cross_session_prior_absent_remove
3627,0,0,-1,0,cross_session_prior_absent_remove
3628,0,0,-1,0,cross_session_prior_absent_remove
3629,0,0,-1,0,cross_session_prior_absent_remove
3630,0,0,-1,0,cross_session_prior_absent_remove
3631,0,0,-1,0,cross_session_prior_absent_remove
3632,0,0,-1,0,cross_session_prior_absent_remove
3633,0,0,-1,0,cross_session_prior_absent_remove
3634,0,0,-1,0,cross_session_prior_absent_remove
3635,0,0,-1,0,cross_session_prior_absent_remove
3636,0,0,-1,0,cross_session_prior_absent_remove
3637,0,0,-1,0,cross_session_prior_absent_remove
3638,0,0,-1,0,cross_session_prior_absent_remove
3639,0,0,-1,0,cross_session_prior_absent_remove
3640,0,0,-1,0,cross_session_prior_absent_remove
3641,0,0,-1,0,cross_session_prior_absent_remove
3642,0,0,-1,0,cross_session_prior_absent_remove
3645,0,0,-1,0,cross_session_prior_absent_remove
3647,0,0,-1,0,cross_session_prior_absent_remove
3648,0,0,-1,0,cross_session_prior_absent_remove
3649,0,0,-1,0,cross_session_prior_absent_remove
3650,0,0,-1,0,cross_session_prior_absent_remove
3651,0,0,-1,0,cross_session_prior_absent_remove
3652,0,0,-1,0,cross_session_prior_absent_remove
3653,0,0,-1,0,cross_session_prior_absent_remove
3654,0,0,-1,0,cross_session_prior_absent_remove
3655,0,0,-1,0,cross_session_prior_absent_remove
3656,0,0,-1,0,cross_session_prior_absent_remove
3657,0,0,-1,0,cross_session_prior_absent_remove
3658,0,0,-1,0,cross_session_prior_absent_remove
3659,0,0,-1,0,cross_session_prior_absent_remove
3660,0,0,-1,0,cross_session_prior_absent_remove
3661,0,0,-1,0,cross_session_prior_absent_remove
3662,0,0,-1,0,cross_session_prior_absent_remove
3663,0,0,-1,0,cross_session_prior_absent_remove
3664,0,0,-1,0,cross_session_prior_absent_remove
3665,0,0,-1,0,cross_session_prior_absent_remove
3666,0,0,-1,0,cross_session_prior_absent_remove
3667,0,0,-1,0,cross_session_prior_absent_remove
3668,0,0,-1,0,cross_session_prior_absent_remove
3669,0,0,-1,0,cross_session_prior_absent_remove
3670,0,0,-1,0,cross_session_prior_absent_remove
3671,0,0,-1,0,cross_session_prior_absent_remove
3672,0,0,-1,0,cross_session_prior_absent_remove
3673,0,0,-1,0,cross_session_prior_absent_remove
3674,0,0,-1,0,cross_session_prior_absent_remove
3675,0,0,-1,0,cross_session_prior_absent_remove
3676,0,0,-1,0,cross_session_prior_absent_remove
3677,0,0,-1,0,cross_session_prior_absent_remove
3678,0,0,-1,0,cross_session_prior_absent_remove
3683,0,0,-1,0,cross_session_prior_absent_remove
3684,0,0,-1,0,cross_session_prior_absent_remove
3686,0,0,-1,0,cross_session_prior_absent_remove
3687,0,0,-1,0,cross_session_prior_absent_remove
3689,0,0,-1,0,cross_session_prior_absent_remove
3690,0,0,-1,0,cross_session_prior_absent_remove
3691,0,0,-1,0,cross_session_prior_absent_remove
3692,0,0,-1,0,cross_session_prior_absent_remove
3693,0,0,-1,0,cross_session_prior_absent_remove
3694,0,0,-1,0,cross_session_prior_absent_remove
3695,0,0,-1,0,cross_session_prior_absent_remove
3696,0,0,-1,0,cross_session_prior_absent_remove
3697,0,0,-1,0,cross_session_prior_absent_remove
3698,0,0,-1,0,cross_session_prior_absent_remove
3699,0,0,-1,0,cross_session_prior_absent_remove
3700,0,0,-1,0,cross_session_prior_absent_remove
3701,0,0,-1,0,cross_session_prior_absent_remove
3702,0,0,-1,0,cross_session_prior_absent_remove
3703,0,0,-1,0,cross_session_prior_absent_remove
3704,0,0,-1,0,cross_session_prior_absent_remove
3705,0,0,-1,0,cross_session_prior_absent_remove
3706,0,0,-1,0,cross_session_prior_absent_remove
3707,0,0,-1,0,cross_session_prior_absent_remove
3708,0,0,-1,0,cross_session_prior_absent_remove
3709,0,0,-1,0,cross_session_prior_absent_remove
3710,0,0,-1,0,cross_session_prior_absent_remove
3717,0,0,-1,0,cross_session_prior_absent_remove
3720,0,0,-1,0,cross_session_prior_absent_remove
3722,0,0,-1,0,cross_session_prior_absent_remove
3723,0,0,-1,0,cross_session_prior_absent_remove
3724,0,0,-1,0,cross_session_prior_absent_remove
3725,0,0,-1,0,cross_session_prior_absent_remove
3726,0,0,-1,0,cross_session_prior_absent_remove
3727,0,0,-1,0,cross_session_prior_absent_remove
3728,0,0,-1,0,cross_session_prior_absent_remove
3729,0,0,-1,0,cross_session_prior_absent_remove
3730,0,0,-1,0,cross_session_prior_absent_remove
3731,0,0,-1,0,cross_session_prior_absent_remove
3732,0,0,-1,0,cross_session_prior_absent_remove
3733,0,0,-1,0,cross_session_prior_absent_remove
3734,0,0,-1,0,cross_session_prior_absent_remove
3735,0,0,-1,0,cross_session_prior_absent_remove
3736,0,0,-1,0,cross_session_prior_absent_remove
3737,0,0,-1,0,cross_session_prior_absent_remove
3738,0,0,-1,0,cross_session_prior_absent_remove
3739,0,0,-1,0,cross_session_prior_absent_remove
3740,0,0,-1,0,cross_session_prior_absent_remove
3741,0,0,-1,0,cross_session_prior_absent_remove
3742,0,0,-1,0,cross_session_prior_absent_remove
3743,0,0,-1,0,cross_session_prior_absent_remove
3750,0,0,-1,0,cross_session_prior_absent_remove
3755,0,0,-1,0,cross_session_prior_absent_remove
3756,0,0,-1,0,cross_session_prior_absent_remove
3758,0,0,-1,0,cross_session_prior_absent_remove
3759,0,0,-1,0,cross_session_prior_absent_remove
3761,0,0,-1,0,cross_session_prior_absent_remove
3762,0,0,-1,0,cross_session_prior_absent_remove
3763,0,0,-1,0,cross_session_prior_absent_remove
3764,0,0,-1,0,cross_session_prior_absent_remove
3765,0,0,-1,0,cross_session_prior_absent_remove
3766,0,0,-1,0,cross_session_prior_absent_remove
3767,0,0,-1,0,cross_session_prior_absent_remove
3768,0,0,-1,0,cross_session_prior_absent_remove
3769,0,0,-1,0,cross_session_prior_absent_remove
3770,0,0,-1,0,cross_session_prior_absent_remove
3771,0,0,-1,0,cross_session_prior_absent_remove
3772,0,0,-1,0,cross_session_prior_absent_remove
3773,0,0,-1,0,cross_session_prior_absent_remove
3774,0,0,-1,0,cross_session_prior_absent_remove
3775,0,0,-1,0,cross_session_prior_absent_remove
3776,0,0,-1,0,cross_session_prior_absent_remove
3881,0,0,-1,0,cross_session_prior_absent_remove
3886,0,0,-1,0,cross_session_prior_absent_remove
3888,0,0,-1,0,cross_session_prior_absent_remove
3889,0,0,-1,0,cross_session_prior_absent_remove
3891,0,0,-1,0,cross_session_prior_absent_remove
3892,0,0,-1,0,cross_session_prior_absent_remove
3908,0,0,-1,0,cross_session_prior_absent_remove
3912,0,0,-1,0,cross_session_prior_absent_remove
3914,0,0,-1,0,cross_session_prior_absent_remove
3915,0,0,-1,0,cross_session_prior_absent_remove
3917,0,0,-1,0,cross_session_prior_absent_remove
3918,0,0,-1,0,cross_session_prior_absent_remove
3920,0,0,-1,0,cross_session_prior_absent_remove
3921,0,0,-1,0,cross_session_prior_absent_remove
3922,0,0,-1,0,cross_session_prior_absent_remove
3932,0,0,-1,0,cross_session_prior_absent_remove
3935,0,0,-1,0,cross_session_prior_absent_remove
3936,0,0,-1,0,cross_session_prior_absent_remove
3938,0,0,-1,0,cross_session_prior_absent_remove
3939,0,0,-1,0,cross_session_prior_absent_remove
3940,0,0,-1,0,cross_session_prior_absent_remove
3941,0,0,-1,0,cross_session_prior_absent_remove
3942,0,0,-1,0,cross_session_prior_absent_remove
3943,0,0,-1,0,cross_session_prior_absent_remove
3944,0,0,-1,0,cross_session_prior_absent_remove
3945,0,0,-1,0,cross_session_prior_absent_remove
3946,0,0,-1,0,cross_session_prior_absent_remove
3947,0,0,-1,0,cross_session_prior_absent_remove
3948,0,0,-1,0,cross_session_prior_absent_remove
3949,0,0,-1,0,cross_session_prior_absent_remove
3956,0,0,-1,0,cross_session_prior_absent_remove
3959,0,0,-1,0,cross_session_prior_absent_remove
3961,0,0,-1,0,cross_session_prior_absent_remove
3962,0,0,-1,0,cross_session_prior_absent_remove
3963,0,0,-1,0,cross_session_prior_absent_remove
3964,0,0,-1,0,cross_session_prior_absent_remove
3965,0,0,-1,0,cross_session_prior_absent_remove
3966,0,0,-1,0,cross_session_prior_absent_remove
3967,0,0,-1,0,cross_session_prior_absent_remove
3968,0,0,-1,0,cross_session_prior_absent_remove
3969,0,0,-1,0,cross_session_prior_absent_remove
3970,0,0,-1,0,cross_session_prior_absent_remove
3971,0,0,-1,0,cross_session_prior_absent_remove
3972,0,0,-1,0,cross_session_prior_absent_remove
3973,0,0,-1,0,cross_session_prior_absent_remove
3974,0,0,-1,0,cross_session_prior_absent_remove
3975,0,0,-1,0,cross_session_prior_absent_remove
3976,0,0,-1,0,cross_session_prior_absent_remove
3983,0,0,-1,0,cross_session_prior_absent_remove
3986,0,0,-1,0,cross_session_prior_absent_remove
3988,0,0,-1,0,cross_session_prior_absent_remove
3989,0,0,-1,0,cross_session_prior_absent_remove
3990,0,0,-1,0,cross_session_prior_absent_remove
3991,0,0,-1,0,cross_session_prior_absent_remove
3992,0,0,-1,0,cross_session_prior_absent_remove
3993,0,0,-1,0,cross_session_prior_absent_remove
3994,0,0,-1,0,cross_session_prior_absent_remove
3995,0,0,-1,0,cross_session_prior_absent_remove
3996,0,0,-1,0,cross_session_prior_absent_remove
3997,0,0,-1,0,cross_session_prior_absent_remove
3998,0,0,-1,0,cross_session_prior_absent_remove
3999,0,0,-1,0,cross_session_prior_absent_remove
4000,0,0,-1,0,cross_session_prior_absent_remove
4001,0,0,-1,0,cross_session_prior_absent_remove
4002,0,0,-1,0,cross_session_prior_absent_remove
4003,0,0,-1,0,cross_session_prior_absent_remove
4016,0,0,-1,0,cross_session_prior_absent_remove
4019,0,0,-1,0,cross_session_prior_absent_remove
4021,0,0,-1,0,cross_session_prior_absent_remove
4022,0,0,-1,0,cross_session_prior_absent_remove
4023,0,0,-1,0,cross_session_prior_absent_remove
4024,0,0,-1,0,cross_session_prior_absent_remove
4025,0,0,-1,0,cross_session_prior_absent_remove
4026,0,0,-1,0,cross_session_prior_absent_remove
4027,0,0,-1,0,cross_session_prior_absent_remove
4028,0,0,-1,0,cross_session_prior_absent_remove
4029,0,0,-1,0,cross_session_prior_absent_remove
4030,0,0,-1,0,cross_session_prior_absent_remove
4031,0,0,-1,0,cross_session_prior_absent_remove
4032,0,0,-1,0,cross_session_prior_absent_remove
4033,0,0,-1,0,cross_session_prior_absent_remove
4034,0,0,-1,0,cross_session_prior_absent_remove
4035,0,0,-1,0,cross_session_prior_absent_remove
4036,0,0,-1,0,cross_session_prior_absent_remove
4037,0,0,-1,0,cross_session_prior_absent_remove
4038,0,0,-1,0,cross_session_prior_absent_remove
4039,0,0,-1,0,cross_session_prior_absent_remove
4043,0,0,-1,0,cross_session_prior_absent_remove
4047,0,0,-1,0,cross_session_prior_absent_remove
4049,0,0,-1,0,cross_session_prior_absent_remove
4050,0,0,-1,0,cross_session_prior_absent_remove
4052,0,0,-1,0,cross_session_prior_absent_remove
4053,0,0,-1,0,cross_session_prior_absent_remove
4055,0,0,-1,0,cross_session_prior_absent_remove
4056,0,0,-1,0,cross_session_prior_absent_remove
4057,0,0,-1,0,cross_session_prior_absent_remove
4058,0,0,-1,0,cross_session_prior_absent_remove
4059,0,0,-1,0,cross_session_prior_absent_remove
4060,0,0,-1,0,cross_session_prior_absent_remove
4061,0,0,-1,0,cross_session_prior_absent_remove
4062,0,0,-1,0,cross_session_prior_absent_remove
4063,0,0,-1,0,cross_session_prior_absent_remove
4064,0,0,-1,0,cross_session_prior_absent_remove
4065,0,0,-1,0,cross_session_prior_absent_remove
4066,0,0,-1,0,cross_session_prior_absent_remove
4067,0,0,-1,0,cross_session_prior_absent_remove
4068,0,0,-1,0,cross_session_prior_absent_remove
4069,0,0,-1,0,cross_session_prior_absent_remove
4070,0,0,-1,0,cross_session_prior_absent_remove
4071,0,0,-1,0,cross_session_prior_absent_remove
4072,0,0,-1,0,cross_session_prior_absent_remove
4073,0,0,-1,0,cross_session_prior_absent_remove
4074,0,0,-1,0,cross_session_prior_absent_remove
4075,0,0,-1,0,cross_session_prior_absent_remove
4076,0,0,-1,0,cross_session_prior_absent_remove
4079,0,0,-1,0,cross_session_prior_absent_remove
4081,0,0,-1,0,cross_session_prior_absent_remove
4082,0,0,-1,0,cross_session_prior_absent_remove
4083,0,0,-1,0,cross_session_prior_absent_remove
4084,0,0,-1,0,cross_session_prior_absent_remove
4085,0,0,-1,0,cross_session_prior_absent_remove
4086,0,0,-1,0,cross_session_prior_absent_remove
4087,0,0,-1,0,cross_session_prior_absent_remove
4088,0,0,-1,0,cross_session_prior_absent_remove
4089,0,0,-1,0,cross_session_prior_absent_remove
4090,0,0,-1,0,cross_session_prior_absent_remove
4091,0,0,-1,0,cross_session_prior_absent_remove
4092,0,0,-1,0,cross_session_prior_absent_remove
4093,0,0,-1,0,cross_session_prior_absent_remove
4094,0,0,-1,0,cross_session_prior_absent_remove
4095,0,0,-1,0,cross_session_prior_absent_remove
4096,0,0,-1,0,cross_session_prior_absent_remove
4097,0,0,-1,0,cross_session_prior_absent_remove
4098,0,0,-1,0,cross_session_prior_absent_remove
4099,0,0,-1,0,cross_session_prior_absent_remove
4100,0,0,-1,0,cross_session_prior_absent_remove
4101,0,0,-1,0,cross_session_prior_absent_remove
4102,0,0,-1,0,cross_session_prior_absent_remove
4103,0,0,-1,0,cross_session_prior_absent_remove
4104,0,0,-1,0,cross_session_prior_absent_remove
4105,0,0,-1,0,cross_session_prior_absent_remove
4106,0,0,-1,0,cross_session_prior_absent_remove
4107,0,0,-1,0,cross_session_prior_absent_remove
4108,0,0,-1,0,cross_session_prior_absent_remove
4109,0,0,-1,0,cross_session_prior_absent_remove
4110,0,0,-1,0,cross_session_prior_absent_remove
4111,0,0,-1,0,cross_session_prior_absent_remove
4112,0,0,-1,0,cross_session_prior_absent_remove
4113,0,0,-1,0,cross_session_prior_absent_remove
4114,0,0,-1,0,cross_session_prior_absent_remove
4115,0,0,-1,0,cross_session_prior_absent_remove
4116,0,0,-1,0,cross_session_prior_absent_remove
4117,0,0,-1,0,cross_session_prior_absent_remove
4118,0,0,-1,0,cross_session_prior_absent_remove
4119,0,0,-1,0,cross_session_prior_absent_remove
4120,0,0,-1,0,cross_session_prior_absent_remove
4121,0,0,-1,0,cross_session_prior_absent_remove
4122,0,0,-1,0,cross_session_prior_absent_remove
4123,0,0,-1,0,cross_session_prior_absent_remove
4124,0,0,-1,0,cross_session_prior_absent_remove
4125,0,0,-1,0,cross_session_prior_absent_remove
4126,0,0,-1,0,cross_session_prior_absent_remove
4127,0,0,-1,0,cross_session_prior_absent_remove
4128,0,0,-1,0,cross_session_prior_absent_remove
4129,0,0,-1,0,cross_session_prior_absent_remove
4130,0,0,-1,0,cross_session_prior_absent_remove
4131,0,0,-1,0,cross_session_prior_absent_remove
4132,0,0,-1,0,cross_session_prior_absent_remove
4133,0,0,-1,0,cross_session_prior_absent_remove
4134,0,0,-1,0,cross_session_prior_absent_remove
4135,0,0,-1,0,cross_session_prior_absent_remove
4136,0,0,-1,0,cross_session_prior_absent_remove
4137,0,0,-1,0,cross_session_prior_absent_remove
4138,0,0,-1,0,cross_session_prior_absent_remove
4139,0,0,-1,0,cross_session_prior_absent_remove
4140,0,0,-1,0,cross_session_prior_absent_remove
4141,0,0,-1,0,cross_session_prior_absent_remove
4142,0,0,-1,0,cross_session_prior_absent_remove
4143,0,0,-1,0,cross_session_prior_absent_remove
4144,0,0,-1,0,cross_session_prior_absent_remove
4145,0,0,-1,0,cross_session_prior_absent_remove
4146,0,0,-1,0,cross_session_prior_absent_remove
4147,0,0,-1,0,cross_session_prior_absent_remove
4148,0,0,-1,0,cross_session_prior_absent_remove
4149,0,0,-1,0,cross_session_prior_absent_remove
4150,0,0,-1,0,cross_session_prior_absent_remove
4151,0,0,-1,0,cross_session_prior_absent_remove
4152,0,0,-1,0,cross_session_prior_absent_remove
4153,0,0,-1,0,cross_session_prior_absent_remove
4154,0,0,-1,0,cross_session_prior_absent_remove
4155,0,0,-1,0,cross_session_prior_absent_remove
4156,0,0,-1,0,cross_session_prior_absent_remove
4157,0,0,-1,0,cross_session_prior_absent_remove
4158,0,0,-1,0,cross_session_prior_absent_remove
4159,0,0,-1,0,cross_session_prior_absent_remove
4160,0,0,-1,0,cross_session_prior_absent_remove
4161,0,0,-1,0,cross_session_prior_absent_remove
4162,0,0,-1,0,cross_session_prior_absent_remove
4163,0,0,-1,0,cross_session_prior_absent_remove
4164,0,0,-1,0,cross_session_prior_absent_remove
4165,0,0,-1,0,cross_session_prior_absent_remove
4166,0,0,-1,0,cross_session_prior_absent_remove
4167,0,0,-1,0,cross_session_prior_absent_remove
4168,0,0,-1,0,cross_session_prior_absent_remove
4169,0,0,-1,0,cross_session_prior_absent_remove
4170,0,0,-1,0,cross_session_prior_absent_remove
4171,0,0,-1,0,cross_session_prior_absent_remove
4172,0,0,-1,0,cross_session_prior_absent_remove
4173,0,0,-1,0,cross_session_prior_absent_remove
4174,0,0,-1,0,cross_session_prior_absent_remove
4175,0,0,-1,0,cross_session_prior_absent_remove
4176,0,0,-1,0,cross_session_prior_absent_remove
4177,0,0,-1,0,cross_session_prior_absent_remove
4178,0,0,-1,0,cross_session_prior_absent_remove
4179,0,0,-1,0,cross_session_prior_absent_remove
4180,0,0,-1,0,cross_session_prior_absent_remove
4181,0,0,-1,0,cross_session_prior_absent_remove
4182,0,0,-1,0,cross_session_prior_absent_remove
4183,0,0,-1,0,cross_session_prior_absent_remove
4184,0,0,-1,0,cross_session_prior_absent_remove
4185,0,0,-1,0,cross_session_prior_absent_remove
4186,0,0,-1,0,cross_session_prior_absent_remove
4187,0,0,-1,0,cross_session_prior_absent_remove
4188,0,0,-1,0,cross_session_prior_absent_remove
4189,0,0,-1,0,cross_session_prior_absent_remove
4190,0,0,-1,0,cross_session_prior_absent_remove
4191,0,0,-1,0,cross_session_prior_absent_remove
4192,0,0,-1,0,cross_session_prior_absent_remove
4193,0,0,-1,0,cross_session_prior_absent_remove
4194,0,0,-1,0,cross_session_prior_absent_remove
4195,0,0,-1,0,cross_session_prior_absent_remove
4196,0,0,-1,0,cross_session_prior_absent_remove
4197,0,0,-1,0,cross_session_prior_absent_remove
4198,0,0,-1,0,cross_session_prior_absent_remove
4199,0,0,-1,0,cross_session_prior_absent_remove
4200,0,0,-1,0,cross_session_prior_absent_remove
4201,0,0,-1,0,cross_session_prior_absent_remove
4202,0,0,-1,0,cross_session_prior_absent_remove
4203,0,0,-1,0,cross_session_prior_absent_remove
4204,0,0,-1,0,cross_session_prior_absent_remove
4205,0,0,-1,0,cross_session_prior_absent_remove
4206,0,0,-1,0,cross_session_prior_absent_remove
4207,0,0,-1,0,cross_session_prior_absent_remove
4208,0,0,-1,0,cross_session_prior_absent_remove
4209,0,0,-1,0,cross_session_prior_absent_remove
4210,0,0,-1,0,cross_session_prior_absent_remove
4211,0,0,-1,0,cross_session_prior_absent_remove
4212,0,0,-1,0,cross_session_prior_absent_remove
4213,0,0,-1,0,cross_session_prior_absent_remove
4214,0,0,-1,0,cross_session_prior_absent_remove
4215,0,0,-1,0,cross_session_prior_absent_remove
4216,0,0,-1,0,cross_session_prior_absent_remove
4217,0,0,-1,0,cross_session_prior_absent_remove
4218,0,0,-1,0,cross_session_prior_absent_remove
4219,0,0,-1,0,cross_session_prior_absent_remove
4220,0,0,-1,0,cross_session_prior_absent_remove
4221,0,0,-1,0,cross_session_prior_absent_remove
4222,0,0,-1,0,cross_session_prior_absent_remove
4223,0,0,-1,0,cross_session_prior_absent_remove
4224,0,0,-1,0,cross_session_prior_absent_remove
4225,0,0,-1,0,cross_session_prior_absent_remove
4226,0,0,-1,0,cross_session_prior_absent_remove
4227,0,0,-1,0,cross_session_prior_absent_remove
4228,0,0,-1,0,cross_session_prior_absent_remove
4229,0,0,-1,0,cross_session_prior_absent_remove
4230,0,0,-1,0,cross_session_prior_absent_remove
4231,0,0,-1,0,cross_session_prior_absent_remove
4232,0,0,-1,0,cross_session_prior_absent_remove
4233,0,0,-1,0,cross_session_prior_absent_remove
4234,0,0,-1,0,cross_session_prior_absent_remove
4235,0,0,-1,0,cross_session_prior_absent_remove
4236,0,0,-1,0,cross_session_prior_absent_remove
4237,0,0,-1,0,cross_session_prior_absent_remove
4238,0,0,-1,0,cross_session_prior_absent_remove
4239,0,0,-1,0,cross_session_prior_absent_remove
4240,0,0,-1,0,cross_session_prior_absent_remove
4241,0,0,-1,0,cross_session_prior_absent_remove
4242,0,0,-1,0,cross_session_prior_absent_remove
4243,0,0,-1,0,cross_session_prior_absent_remove
4244,0,0,-1,0,cross_session_prior_absent_remove
4245,0,0,-1,0,cross_session_prior_absent_remove
4246,0,0,-1,0,cross_session_prior_absent_remove
4247,0,0,-1,0,cross_session_prior_absent_remove
4248,0,0,-1,0,cross_session_prior_absent_remove
4249,0,0,-1,0,cross_session_prior_absent_remove
4250,0,0,-1,0,cross_session_prior_absent_remove
4251,0,0,-1,0,cross_session_prior_absent_remove
4252,0,0,-1,0,cross_session_prior_absent_remove
4253,0,0,-1,0,cross_session_prior_absent_remove
4254,0,0,-1,0,cross_session_prior_absent_remove
4255,0,0,-1,0,cross_session_prior_absent_remove
4256,0,0,-1,0,cross_session_prior_absent_remove
4257,0,0,-1,0,cross_session_prior_absent_remove
4258,0,0,-1,0,cross_session_prior_absent_remove
4259,0,0,-1,0,cross_session_prior_absent_remove
4260,0,0,-1,0,cross_session_prior_absent_remove
4261,0,0,-1,0,cross_session_prior_absent_remove
4262,0,0,-1,0,cross_session_prior_absent_remove
4263,0,0,-1,0,cross_session_prior_absent_remove
4264,0,0,-1,0,cross_session_prior_absent_remove
4265,0,0,-1,0,cross_session_prior_absent_remove
4266,0,0,-1,0,cross_session_prior_absent_remove
4267,0,0,-1,0,cross_session_prior_absent_remove
4268,0,0,-1,0,cross_session_prior_absent_remove
4269,0,0,-1,0,cross_session_prior_absent_remove
4270,0,0,-1,0,cross_session_prior_absent_remove
4271,0,0,-1,0,cross_session_prior_absent_remove
4272,0,0,-1,0,cross_session_prior_absent_remove
4273,0,0,-1,0,cross_session_prior_absent_remove
4274,0,0,-1,0,cross_session_prior_absent_remove
4275,0,0,-1,0,cross_session_prior_absent_remove
4276,0,0,-1,0,cross_session_prior_absent_remove
4277,0,0,-1,0,cross_session_prior_absent_remove
4278,0,0,-1,0,cross_session_prior_absent_remove
4279,0,0,-1,0,cross_session_prior_absent_remove
4280,0,0,-1,0,cross_session_prior_absent_remove
4281,0,0,-1,0,cross_session_prior_absent_remove
4282,0,0,-1,0,cross_session_prior_absent_remove
4283,0,0,-1,0,cross_session_prior_absent_remove
4284,0,0,-1,0,cross_session_prior_absent_remove
4285,0,0,-1,0,cross_session_prior_absent_remove
4286,0,0,-1,0,cross_session_prior_absent_remove
4287,0,0,-1,0,cross_session_prior_absent_remove
4288,0,0,-1,0,cross_session_prior_absent_remove
4289,0,0,-1,0,cross_session_prior_absent_remove
4290,0,0,-1,0,cross_session_prior_absent_remove
4291,0,0,-1,0,cross_session_prior_absent_remove
4292,0,0,-1,0,cross_session_prior_absent_remove
4293,0,0,-1,0,cross_session_prior_absent_remove
4294,0,0,-1,0,cross_session_prior_absent_remove
4295,0,0,-1,0,cross_session_prior_absent_remove
4296,0,0,-1,0,cross_session_prior_absent_remove
4297,0,0,-1,0,cross_session_prior_absent_remove
4298,0,0,-1,0,cross_session_prior_absent_remove
4299,0,0,-1,0,cross_session_prior_absent_remove
4300,0,0,-1,0,cross_session_prior_absent_remove
4301,0,0,-1,0,cross_session_prior_absent_remove
4302,0,0,-1,0,cross_session_prior_absent_remove
4303,0,0,-1,0,cross_session_prior_absent_remove
4304,0,0,-1,0,cross_session_prior_absent_remove
4305,0,0,-1,0,cross_session_prior_absent_remove
4306,0,0,-1,0,cross_session_prior_absent_remove
4307,0,0,-1,0,cross_session_prior_absent_remove
4308,0,0,-1,0,cross_session_prior_absent_remove
4309,0,0,-1,0,cross_session_prior_absent_remove
4310,0,0,-1,0,cross_session_prior_absent_remove
4311,0,0,-1,0,cross_session_prior_absent_remove
4312,0,0,-1,0,cross_session_prior_absent_remove
4314,0,0,-1,0,cross_session_prior_absent_remove
4317,0,0,-1,0,cross_session_prior_absent_remove
4318,0,0,-1,0,cross_session_prior_absent_remove
4320,0,0,-1,0,cross_session_prior_absent_remove
4323,0,0,-1,0,cross_session_prior_absent_remove
4324,0,0,-1,0,cross_session_prior_absent_remove
4326,0,0,-1,0,cross_session_prior_absent_remove
4327,0,0,-1,0,cross_session_prior_absent_remove
4329,0,0,-1,0,cross_session_prior_absent_remove
4330,0,0,-1,0,cross_session_prior_absent_remove
4331,0,0,-1,0,cross_session_prior_absent_remove
4332,0,0,-1,0,cross_session_prior_absent_remove
4333,0,0,-1,0,cross_session_prior_absent_remove
4334,0,0,-1,0,cross_session_prior_absent_remove
4335,0,0,-1,0,cross_session_prior_absent_remove
4336,0,0,-1,0,cross_session_prior_absent_remove
4337,0,0,-1,0,cross_session_prior_absent_remove
4338,0,0,-1,0,cross_session_prior_absent_remove
4339,0,0,-1,0,cross_session_prior_absent_remove
4340,0,0,-1,0,cross_session_prior_absent_remove
4341,0,0,-1,0,cross_session_prior_absent_remove
4354,0,0,-1,0,cross_session_prior_absent_remove
4357,0,0,-1,0,cross_session_prior_absent_remove
4359,0,0,-1,0,cross_session_prior_absent_remove
4360,0,0,-1,0,cross_session_prior_absent_remove
4361,0,0,-1,0,cross_session_prior_absent_remove
4362,0,0,-1,0,cross_session_prior_absent_remove
4363,0,0,-1,0,cross_session_prior_absent_remove
4364,0,0,-1,0,cross_session_prior_absent_remove
4365,0,0,-1,0,cross_session_prior_absent_remove
4366,0,0,-1,0,cross_session_prior_absent_remove
4367,0,0,-1,0,cross_session_prior_absent_remove
4368,0,0,-1,0,cross_session_prior_absent_remove
4381,0,0,-1,0,cross_session_prior_absent_remove
4386,0,0,-1,0,cross_session_prior_absent_remove
4387,0,0,-1,0,cross_session_prior_absent_remove
4389,0,0,-1,0,cross_session_prior_absent_remove
4390,0,0,-1,0,cross_session_prior_absent_remove
4392,0,0,-1,0,cross_session_prior_absent_remove
4393,0,0,-1,0,cross_session_prior_absent_remove
4394,0,0,-1,0,cross_session_prior_absent_remove
4395,0,0,-1,0,cross_session_prior_absent_remove
4396,0,0,-1,0,cross_session_prior_absent_remove
4397,0,0,-1,0,cross_session_prior_absent_remove
4398,0,0,-1,0,cross_session_prior_absent_remove
4399,0,0,-1,0,cross_session_prior_absent_remove
4400,0,0,-1,0,cross_session_prior_absent_remove
4401,0,0,-1,0,cross_session_prior_absent_remove
4402,0,0,-1,0,cross_session_prior_absent_remove
4403,0,0,-1,0,cross_session_prior_absent_remove
4404,0,0,-1,0,cross_session_prior_absent_remove
4405,0,0,-1,0,cross_session_prior_absent_remove
4406,0,0,-1,0,cross_session_prior_absent_remove
4407,0,0,-1,0,cross_session_prior_absent_remove
4408,0,0,-1,0,cross_session_prior_absent_remove
4409,0,0,-1,0,cross_session_prior_absent_remove
4410,0,0,-1,0,cross_session_prior_absent_remove
4411,0,0,-1,0,cross_session_prior_absent_remove
4412,0,0,-1,0,cross_session_prior_absent_remove
4413,0,0,-1,0,cross_session_prior_absent_remove
4414,0,0,-1,0,cross_session_prior_absent_remove
4415,0,0,-1,0,cross_session_prior_absent_remove
4416,0,0,-1,0,cross_session_prior_absent_remove
4417,0,0,-1,0,cross_session_prior_absent_remove
4418,0,0,-1,0,cross_session_prior_absent_remove
4419,0,0,-1,0,cross_session_prior_absent_remove
4420,0,0,-1,0,cross_session_prior_absent_remove
4421,0,0,-1,0,cross_session_prior_absent_remove
4422,0,0,-1,0,cross_session_prior_absent_remove
4423,0,0,-1,0,cross_session_prior_absent_remove
4424,0,0,-1,0,cross_session_prior_absent_remove
4425,0,0,-1,0,cross_session_prior_absent_remove
4426,0,0,-1,0,cross_session_prior_absent_remove
4427,0,0,-1,0,cross_session_prior_absent_remove
4428,0,0,-1,0,cross_session_prior_absent_remove
4429,0,0,-1,0,cross_session_prior_absent_remove
4430,0,0,-1,0,cross_session_prior_absent_remove
4431,0,0,-1,0,cross_session_prior_absent_remove
4450,0,0,-1,0,cross_session_prior_absent_remove
4453,0,0,-1,0,cross_session_prior_absent_remove
4455,0,0,-1,0,cross_session_prior_absent_remove
4456,0,0,-1,0,cross_session_prior_absent_remove
4457,0,0,-1,0,cross_session_prior_absent_remove
4458,0,0,-1,0,cross_session_prior_absent_remove
4459,0,0,-1,0,cross_session_prior_absent_remove
4460,0,0,-1,0,cross_session_prior_absent_remove
4461,0,0,-1,0,cross_session_prior_absent_remove
4462,0,0,-1,0,cross_session_prior_absent_remove
4463,0,0,-1,0,cross_session_prior_absent_remove
4464,0,0,-1,0,cross_session_prior_absent_remove
4465,0,0,-1,0,cross_session_prior_absent_remove
4466,0,0,-1,0,cross_session_prior_absent_remove
4467,0,0,-1,0,cross_session_prior_absent_remove
4468,0,0,-1,0,cross_session_prior_absent_remove
4469,0,0,-1,0,cross_session_prior_absent_remove
4470,0,0,-1,0,cross_session_prior_absent_remove
4471,0,0,-1,0,cross_session_prior_absent_remove
4472,0,0,-1,0,cross_session_prior_absent_remove
4473,0,0,-1,0,cross_session_prior_absent_remove
4474,0,0,-1,0,cross_session_prior_absent_remove
4475,0,0,-1,0,cross_session_prior_absent_remove
4476,0,0,-1,0,cross_session_prior_absent_remove
4477,0,0,-1,0,cross_session_prior_absent_remove
4478,0,0,-1,0,cross_session_prior_absent_remove
4479,0,0,-1,0,cross_session_prior_absent_remove
4480,0,0,-1,0,cross_session_prior_absent_remove
4481,0,0,-1,0,cross_session_prior_absent_remove
4482,0,0,-1,0,cross_session_prior_absent_remove
4483,0,0,-1,0,cross_session_prior_absent_remove
4484,0,0,-1,0,cross_session_prior_absent_remove
4485,0,0,-1,0,cross_session_prior_absent_remove
4486,0,0,-1,0,cross_session_prior_absent_remove
4487,0,0,-1,0,cross_session_prior_absent_remove
4488,0,0,-1,0,cross_session_prior_absent_remove
4489,0,0,-1,0,cross_session_prior_absent_remove
4490,0,0,-1,0,cross_session_prior_absent_remove
4491,0,0,-1,0,cross_session_prior_absent_remove
4492,0,0,-1,0,cross_session_prior_absent_remove
4493,0,0,-1,0,cross_session_prior_absent_remove
4494,0,0,-1,0,cross_session_prior_absent_remove
4495,0,0,-1,0,cross_session_prior_absent_remove
4496,0,0,-1,0,cross_session_prior_absent_remove
4497,0,0,-1,0,cross_session_prior_absent_remove
4498,0,0,-1,0,cross_session_prior_absent_remove
4499,0,0,-1,0,cross_session_prior_absent_remove
4500,0,0,-1,0,cross_session_prior_absent_remove
4501,0,0,-1,0,cross_session_prior_absent_remove
4502,0,0,-1,0,cross_session_prior_absent_remove
4503,0,0,-1,0,cross_session_prior_absent_remove
4504,0,0,-1,0,cross_session_prior_absent_remove
4505,0,0,-1,0,cross_session_prior_absent_remove
4506,0,0,-1,0,cross_session_prior_absent_remove
4507,0,0,-1,0,cross_session_prior_absent_remove
4508,0,0,-1,0,cross_session_prior_absent_remove
4509,0,0,-1,0,cross_session_prior_absent_remove
4510,0,0,-1,0,cross_session_prior_absent_remove
4511,0,0,-1,0,cross_session_prior_absent_remove
4512,0,0,-1,0,cross_session_prior_absent_remove
4513,0,0,-1,0,cross_session_prior_absent_remove
4514,0,0,-1,0,cross_session_prior_absent_remove
4515,0,0,-1,0,cross_session_prior_absent_remove
4516,0,0,-1,0,cross_session_prior_absent_remove
4517,0,0,-1,0,cross_session_prior_absent_remove
4518,0,0,-1,0,cross_session_prior_absent_remove
4519,0,0,-1,0,cross_session_prior_absent_remove
4520,0,0,-1,0,cross_session_prior_absent_remove
4521,0,0,-1,0,cross_session_prior_absent_remove
4522,0,0,-1,0,cross_session_prior_absent_remove
4523,0,0,-1,0,cross_session_prior_absent_remove
4524,0,0,-1,0,cross_session_prior_absent_remove
4525,0,0,-1,0,cross_session_prior_absent_remove
4526,0,0,-1,0,cross_session_prior_absent_remove
4527,0,0,-1,0,cross_session_prior_absent_remove
4528,0,0,-1,0,cross_session_prior_absent_remove
4529,0,0,-1,0,cross_session_prior_absent_remove
4530,0,0,-1,0,cross_session_prior_absent_remove
4531,0,0,-1,0,cross_session_prior_absent_remove
4532,0,0,-1,0,cross_session_prior_absent_remove
4533,0,0,-1,0,cross_session_prior_absent_remove
4534,0,0,-1,0,cross_session_prior_absent_remove
4535,0,0,-1,0,cross_session_prior_absent_remove
4536,0,0,-1,0,cross_session_prior_absent_remove
4537,0,0,-1,0,cross_session_prior_absent_remove
4538,0,0,-1,0,cross_session_prior_absent_remove
4539,0,0,-1,0,cross_session_prior_absent_remove
4540,0,0,-1,0,cross_session_prior_absent_remove
4541,0,0,-1,0,cross_session_prior_absent_remove
4542,0,0,-1,0,cross_session_prior_absent_remove
4543,0,0,-1,0,cross_session_prior_absent_remove
4544,0,0,-1,0,cross_session_prior_absent_remove
4545,0,0,-1,0,cross_session_prior_absent_remove
4546,0,0,-1,0,cross_session_prior_absent_remove
4547,0,0,-1,0,cross_session_prior_absent_remove
4548,0,0,-1,0,cross_session_prior_absent_remove
4549,0,0,-1,0,cross_session_prior_absent_remove
4550,0,0,-1,0,cross_session_prior_absent_remove
4551,0,0,-1,0,cross_session_prior_absent_remove
4552,0,0,-1,0,cross_session_prior_absent_remove
4553,0,0,-1,0,cross_session_prior_absent_remove
4554,0,0,-1,0,cross_session_prior_absent_remove
4555,0,0,-1,0,cross_session_prior_absent_remove
4556,0,0,-1,0,cross_session_prior_absent_remove
4557,0,0,-1,0,cross_session_prior_absent_remove
4558,0,0,-1,0,cross_session_prior_absent_remove
4559,0,0,-1,0,cross_session_prior_absent_remove
4560,0,0,-1,0,cross_session_prior_absent_remove
4561,0,0,-1,0,cross_session_prior_absent_remove
4562,0,0,-1,0,cross_session_prior_absent_remove
4563,0,0,-1,0,cross_session_prior_absent_remove
4564,0,0,-1,0,cross_session_prior_absent_remove
4565,0,0,-1,0,cross_session_prior_absent_remove
4566,0,0,-1,0,cross_session_prior_absent_remove
4567,0,0,-1,0,cross_session_prior_absent_remove
4568,0,0,-1,0,cross_session_prior_absent_remove
4569,0,0,-1,0,cross_session_prior_absent_remove
4570,0,0,-1,0,cross_session_prior_absent_remove
4571,0,0,-1,0,cross_session_prior_absent_remove
4572,0,0,-1,0,cross_session_prior_absent_remove
4573,0,0,-1,0,cross_session_prior_absent_remove
4574,0,0,-1,0,cross_session_prior_absent_remove
4575,0,0,-1,0,cross_session_prior_absent_remove
4576,0,0,-1,0,cross_session_prior_absent_remove
4577,0,0,-1,0,cross_session_prior_absent_remove
4578,0,0,-1,0,cross_session_prior_absent_remove
4579,0,0,-1,0,cross_session_prior_absent_remove
4580,0,0,-1,0,cross_session_prior_absent_remove
4581,0,0,-1,0,cross_session_prior_absent_remove
4582,0,0,-1,0,cross_session_prior_absent_remove
4583,0,0,-1,0,cross_session_prior_absent_remove
4584,0,0,-1,0,cross_session_prior_absent_remove
4585,0,0,-1,0,cross_session_prior_absent_remove
4586,0,0,-1,0,cross_session_prior_absent_remove
4587,0,0,-1,0,cross_session_prior_absent_remove
4588,0,0,-1,0,cross_session_prior_absent_remove
4589,0,0,-1,0,cross_session_prior_absent_remove
4590,0,0,-1,0,cross_session_prior_absent_remove
4591,0,0,-1,0,cross_session_prior_absent_remove
4592,0,0,-1,0,cross_session_prior_absent_remove
4593,0,0,-1,0,cross_session_prior_absent_remove
4594,0,0,-1,0,cross_session_prior_absent_remove
4595,0,0,-1,0,cross_session_prior_absent_remove
4596,0,0,-1,0,cross_session_prior_absent_remove
4597,0,0,-1,0,cross_session_prior_absent_remove
4598,0,0,-1,0,cross_session_prior_absent_remove
4599,0,0,-1,0,cross_session_prior_absent_remove
4600,0,0,-1,0,cross_session_prior_absent_remove
4601,0,0,-1,0,cross_session_prior_absent_remove
4602,0,0,-1,0,cross_session_prior_absent_remove
4603,0,0,-1,0,cross_session_prior_absent_remove
4604,0,0,-1,0,cross_session_prior_absent_remove
4605,0,0,-1,0,cross_session_prior_absent_remove
4606,0,0,-1,0,cross_session_prior_absent_remove
4607,0,0,-1,0,cross_session_prior_absent_remove
4608,0,0,-1,0,cross_session_prior_absent_remove
4609,0,0,-1,0,cross_session_prior_absent_remove
4610,0,0,-1,0,cross_session_prior_absent_remove
4611,0,0,-1,0,cross_session_prior_absent_remove
4612,0,0,-1,0,cross_session_prior_absent_remove
4613,0,0,-1,0,cross_session_prior_absent_remove
4614,0,0,-1,0,cross_session_prior_absent_remove
4615,0,0,-1,0,cross_session_prior_absent_remove
4616,0,0,-1,0,cross_session_prior_absent_remove
4617,0,0,-1,0,cross_session_prior_absent_remove
4618,0,0,-1,0,cross_session_prior_absent_remove
4619,0,0,-1,0,cross_session_prior_absent_remove
4620,0,0,-1,0,cross_session_prior_absent_remove
4621,0,0,-1,0,cross_session_prior_absent_remove
4622,0,0,-1,0,cross_session_prior_absent_remove
4623,0,0,-1,0,cross_session_prior_absent_remove
4624,0,0,-1,0,cross_session_prior_absent_remove
4625,0,0,-1,0,cross_session_prior_absent_remove
4626,0,0,-1,0,cross_session_prior_absent_remove
4627,0,0,-1,0,cross_session_prior_absent_remove
4628,0,0,-1,0,cross_session_prior_absent_remove
4629,0,0,-1,0,cross_session_prior_absent_remove
4630,0,0,-1,0,cross_session_prior_absent_remove
4631,0,0,-1,0,cross_session_prior_absent_remove
4632,0,0,-1,0,cross_session_prior_absent_remove
4633,0,0,-1,0,cross_session_prior_absent_remove
4634,0,0,-1,0,cross_session_prior_absent_remove
4635,0,0,-1,0,cross_session_prior_absent_remove
4636,0,0,-1,0,cross_session_prior_absent_remove
4637,0,0,-1,0,cross_session_prior_absent_remove
4638,0,0,-1,0,cross_session_prior_absent_remove
4651,0,0,-1,0,cross_session_prior_absent_remove
4652,0,0,-1,0,cross_session_prior_absent_remove
4653,0,0,-1,0,cross_session_prior_absent_remove
4654,0,0,-1,0,cross_session_prior_absent_remove
4655,0,0,-1,0,cross_session_prior_absent_remove
4656,0,0,-1,0,cross_session_prior_absent_remove
4658,0,0,-1,0,cross_session_prior_absent_remove
4664,0,0,-1,0,cross_session_prior_absent_remove
4667,0,0,-1,0,cross_session_prior_absent_remove
4668,0,0,-1,0,cross_session_prior_absent_remove
4669,0,0,-1,0,cross_session_prior_absent_remove
4670,0,0,-1,0,cross_session_prior_absent_remove
4671,0,0,-1,0,cross_session_prior_absent_remove
4672,0,0,-1,0,cross_session_prior_absent_remove
4673,0,0,-1,0,cross_session_prior_absent_remove
4674,0,0,-1,0,cross_session_prior_absent_remove
4675,0,0,-1,0,cross_session_prior_absent_remove
4685,0,0,-1,0,cross_session_prior_absent_remove
4686,0,0,-1,0,cross_session_prior_absent_remove
4695,0,0,-1,0,cross_session_prior_absent_remove
4696,0,0,-1,0,cross_session_prior_absent_remove
4697,0,0,-1,0,cross_session_prior_absent_remove
4698,0,0,-1,0,cross_session_prior_absent_remove
4699,0,0,-1,0,cross_session_prior_absent_remove
4700,0,0,-1,0,cross_session_prior_absent_remove
4703,0,0,-1,0,cross_session_prior_absent_remove
4707,0,0,-1,0,cross_session_prior_absent_remove
4708,0,0,-1,0,cross_session_prior_absent_remove
4709,0,0,-1,0,cross_session_prior_absent_remove
4721,0,0,-1,0,cross_session_prior_absent_remove
4728,0,0,-1,0,cross_session_prior_absent_remove
4740,0,0,-1,0,cross_session_prior_absent_remove
4741,0,0,-1,0,cross_session_prior_absent_remove
4742,0,0,-1,0,cross_session_prior_absent_remove
4743,0,0,-1,0,cross_session_prior_absent_remove
4744,0,0,-1,0,cross_session_prior_absent_remove
4745,0,0,-1,0,cross_session_prior_absent_remove
4746,0,0,-1,0,cross_session_prior_absent_remove
4747,0,0,-1,0,cross_session_prior_absent_remove
4748,0,0,-1,0,cross_session_prior_absent_remove
4749,0,0,-1,0,cross_session_prior_absent_remove
4750,0,0,-1,0,cross_session_prior_absent_remove
4751,0,0,-1,0,cross_session_prior_absent_remove
4752,0,0,-1,0,cross_session_prior_absent_remove
4753,0,0,-1,0,cross_session_prior_absent_remove
4754,0,0,-1,0,cross_session_prior_absent_remove
4761,0,0,-1,0,cross_session_prior_absent_remove
4762,0,0,-1,0,cross_session_prior_absent_remove
4763,0,0,-1,0,cross_session_prior_absent_remove
4764,0,0,-1,0,cross_session_prior_absent_remove
4765,0,0,-1,0,cross_session_prior_absent_remove
4766,0,0,-1,0,cross_session_prior_absent_remove
4767,0,0,-1,0,cross_session_prior_absent_remove
4768,0,0,-1,0,cross_session_prior_absent_remove
4769,0,0,-1,0,cross_session_prior_absent_remove
4770,0,0,-1,0,cross_session_prior_absent_remove
4771,0,0,-1,0,cross_session_prior_absent_remove
4772,0,0,-1,0,cross_session_prior_absent_remove
4773,0,0,-1,0,cross_session_prior_absent_remove
4774,0,0,-1,0,cross_session_prior_absent_remove
4775,0,0,-1,0,cross_session_prior_absent_remove
4799,0,0,-1,0,cross_session_prior_absent_remove
4802,0,0,-1,0,cross_session_prior_absent_remove
4805,0,0,-1,0,cross_session_prior_absent_remove
4828,0,0,-1,0,cross_session_prior_absent_remove
4850,0,0,-1,0,cross_session_prior_absent_remove
4853,0,0,-1,0,cross_session_prior_absent_remove
4854,0,0,-1,0,cross_session_prior_absent_remove
4869,0,0,-1,0,cross_session_prior_absent_remove
4872,0,0,-1,0,cross_session_prior_absent_remove
4876,0,0,-1,0,cross_session_prior_absent_remove
4877,0,0,-1,0,cross_session_prior_absent_remove
4879,0,0,-1,0,cross_session_prior_absent_remove
4882,0,0,-1,0,cross_session_prior_absent_remove
4890,0,0,-1,0,cross_session_prior_absent_remove
4892,0,0,-1,0,cross_session_prior_absent_remove
4893,0,0,-1,0,cross_session_prior_absent_remove
4896,0,0,-1,0,cross_session_prior_absent_remove
4897,0,0,-1,0,cross_session_prior_absent_remove
4898,0,0,-1,0,cross_session_prior_absent_remove
4900,0,0,-1,0,cross_session_prior_absent_remove
4903,0,0,-1,0,cross_session_prior_absent_remove
4906,0,0,-1,0,cross_session_prior_absent_remove
4907,0,0,-1,0,cross_session_prior_absent_remove
4908,0,0,-1,0,cross_session_prior_absent_remove
4909,0,0,-1,0,cross_session_prior_absent_remove
4910,0,0,-1,0,cross_session_prior_absent_remove
4911,0,0,-1,0,cross_session_prior_absent_remove
5052,0,0,-1,0,cross_session_prior_absent_remove
5053,0,0,-1,0,cross_session_prior_absent_remove
5055,0,0,-1,0,cross_session_prior_absent_remove
5063,0,0,-1,0,cross_session_prior_absent_remove
5297,0,0,-1,0,cross_session_prior_absent_remove
5298,0,0,-1,0,cross_session_prior_absent_remove
5301,0,0,-1,0,cross_session_prior_absent_remove
5302,0,0,-1,0,cross_session_prior_absent_remove
5305,0,0,-1,0,cross_session_prior_absent_remove
5307,0,0,-1,0,cross_session_prior_absent_remove
5309,0,0,-1,0,cross_session_prior_absent_remove
5569,0,0,-1,0,cross_session_prior_absent_remove
5570,0,0,-1,0,cross_session_prior_absent_remove
5571,0,0,-1,0,cross_session_prior_absent_remove
5572,0,0,-1,0,cross_session_prior_absent_remove
5574,0,0,-1,0,cross_session_prior_absent_remove
5575,0,0,-1,0,cross_session_prior_absent_remove
5576,0,0,-1,0,cross_session_prior_absent_remove
5577,0,0,-1,0,cross_session_prior_absent_remove
5578,0,0,-1,0,cross_session_prior_absent_remove
5579,0,0,-1,0,cross_session_prior_absent_remove
5580,0,0,-1,0,cross_session_prior_absent_remove
5581,0,0,-1,0,cross_session_prior_absent_remove
5582,0,0,-1,0,cross_session_prior_absent_remove
5583,0,0,-1,0,cross_session_prior_absent_remove
5584,0,0,-1,0,cross_session_prior_absent_remove
5585,0,0,-1,0,cross_session_prior_absent_remove
5586,0,0,-1,0,cross_session_prior_absent_remove
5587,0,0,-1,0,cross_session_prior_absent_remove
5588,0,0,-1,0,cross_session_prior_absent_remove
5589,0,0,-1,0,cross_session_prior_absent_remove
5590,0,0,-1,0,cross_session_prior_absent_remove
5591,0,0,-1,0,cross_session_prior_absent_remove
5592,0,0,-1,0,cross_session_prior_absent_remove
5593,0,0,-1,0,cross_session_prior_absent_remove
5595,0,0,-1,0,cross_session_prior_absent_remove
5596,0,0,-1,0,cross_session_prior_absent_remove
5597,0,0,-1,0,cross_session_prior_absent_remove
5598,0,0,-1,0,cross_session_prior_absent_remove
5599,0,0,-1,0,cross_session_prior_absent_remove
5600,0,0,-1,0,cross_session_prior_absent_remove
5601,0,0,-1,0,cross_session_prior_absent_remove
5602,0,0,-1,0,cross_session_prior_absent_remove
5603,0,0,-1,0,cross_session_prior_absent_remove
5604,0,0,-1,0,cross_session_prior_absent_remove
5605,0,0,-1,0,cross_session_prior_absent_remove
5606,0,0,-1,0,cross_session_prior_absent_remove
5607,0,0,-1,0,cross_session_prior_absent_remove
5608,0,0,-1,0,cross_session_prior_absent_remove
5609,0,0,-1,0,cross_session_prior_absent_remove
5610,0,0,-1,0,cross_session_prior_absent_remove
5611,0,0,-1,0,cross_session_prior_absent_remove
5612,0,0,-1,0,cross_session_prior_absent_remove
5613,0,0,-1,0,cross_session_prior_absent_remove
5614,0,0,-1,0,cross_session_prior_absent_remove
5615,0,0,-1,0,cross_session_prior_absent_remove
5616,0,0,-1,0,cross_session_prior_absent_remove
5617,0,0,-1,0,cross_session_prior_absent_remove
5619,0,0,-1,0,cross_session_prior_absent_remove
5620,0,0,-1,0,cross_session_prior_absent_remove
5622,0,0,-1,0,cross_session_prior_absent_remove
5623,0,0,-1,0,cross_session_prior_absent_remove
5624,0,0,-1,0,cross_session_prior_absent_remove
5625,0,0,-1,0,cross_session_prior_absent_remove
5626,0,0,-1,0,cross_session_prior_absent_remove
5627,0,0,-1,0,cross_session_prior_absent_remove
5628,0,0,-1,0,cross_session_prior_absent_remove
5629,0,0,-1,0,cross_session_prior_absent_remove
5630,0,0,-1,0,cross_session_prior_absent_remove
5631,0,0,-1,0,cross_session_prior_absent_remove
5632,0,0,-1,0,cross_session_prior_absent_remove
5633,0,0,-1,0,cross_session_prior_absent_remove
5634,0,0,-1,0,cross_session_prior_absent_remove
5635,0,0,-1,0,cross_session_prior_absent_remove
5636,0,0,-1,0,cross_session_prior_absent_remove
5637,0,0,-1,0,cross_session_prior_absent_remove
5638,0,0,-1,0,cross_session_prior_absent_remove
5639,0,0,-1,0,cross_session_prior_absent_remove
5640,0,0,-1,0,cross_session_prior_absent_remove
5641,0,0,-1,0,cross_session_prior_absent_remove
5643,0,0,-1,0,cross_session_prior_absent_remove
5644,0,0,-1,0,cross_session_prior_absent_remove
5645,0,0,-1,0,cross_session_prior_absent_remove
5646,0,0,-1,0,cross_session_prior_absent_remove
5647,0,0,-1,0,cross_session_prior_absent_remove
5648,0,0,-1,0,cross_session_prior_absent_remove
5649,0,0,-1,0,cross_session_prior_absent_remove
5650,0,0,-1,0,cross_session_prior_absent_remove
5651,0,0,-1,0,cross_session_prior_absent_remove
5652,0,0,-1,0,cross_session_prior_absent_remove
5653,0,0,-1,0,cross_session_prior_absent_remove
5654,0,0,-1,0,cross_session_prior_absent_remove
5655,0,0,-1,0,cross_session_prior_absent_remove
5656,0,0,-1,0,cross_session_prior_absent_remove
5657,0,0,-1,0,cross_session_prior_absent_remove
5658,0,0,-1,0,cross_session_prior_absent_remove
5659,0,0,-1,0,cross_session_prior_absent_remove
5660,0,0,-1,0,cross_session_prior_absent_remove
5661,0,0,-1,0,cross_session_prior_absent_remove
5662,0,0,-1,0,cross_session_prior_absent_remove
5663,0,0,-1,0,cross_session_prior_absent_remove
6298,0,0,-1,0,cross_session_prior_absent_remove
6299,0,0,-1,0,cross_session_prior_absent_remove
6301,0,0,-1,0,cross_session_prior_absent_remove
6303,0,0,-1,0,cross_session_prior_absent_remove
6309,0,0,-1,0,cross_session_prior_absent_remove
6310,0,0,-1,0,cross_session_prior_absent_remove
6311,0,0,-1,0,cross_session_prior_absent_remove
6312,0,0,-1,0,cross_session_prior_absent_remove
6313,0,0,-1,0,cross_session_prior_absent_remove
6316,0,0,-1,0,cross_session_prior_absent_remove
6317,0,0,-1,0,cross_session_prior_absent_remove
6318,0,0,-1,0,cross_session_prior_absent_remove
6617,0,0,-1,0,cross_session_prior_absent_remove
6618,0,0,-1,0,cross_session_prior_absent_remove
6620,0,0,-1,0,cross_session_prior_absent_remove
6627,0,0,-1,0,cross_session_prior_absent_remove
6630,0,0,-1,0,cross_session_prior_absent_remove
6635,0,0,-1,0,cross_session_prior_absent_remove
6636,0,0,-1,0,cross_session_prior_absent_remove
6637,0,0,-1,0,cross_session_prior_absent_remove
6641,0,0,-1,0,cross_session_prior_absent_remove
6659,0,0,-1,0,cross_session_prior_absent_remove
6663,0,0,-1,0,cross_session_prior_absent_remove
6664,0,0,-1,0,cross_session_prior_absent_remove
6900,0,0,-1,0,cross_session_prior_absent_remove
6902,0,0,-1,0,cross_session_prior_absent_remove
6907,0,0,-1,0,cross_session_prior_absent_remove
6946,0,0,-1,0,cross_session_prior_absent_remove
6948,0,0,-1,0,cross_session_prior_absent_remove
6949,0,0,-1,0,cross_session_prior_absent_remove
6952,0,0,-1,0,cross_session_prior_absent_remove
6977,0,0,-1,0,cross_session_prior_absent_remove
6981,0,0,-1,0,cross_session_prior_absent_remove
6985,0,0,-1,0,cross_session_prior_absent_remove
6986,0,0,-1,0,cross_session_prior_absent_remove
6988,0,0,-1,0,cross_session_prior_absent_remove
6991,0,0,-1,0,cross_session_prior_absent_remove
6992,0,0,-1,0,cross_session_prior_absent_remove
7005,0,0,-1,0,cross_session_prior_absent_remove
7006,0,0,-1,0,cross_session_prior_absent_remove
7007,0,0,-1,0,cross_session_prior_absent_remove
7008,0,0,-1,0,cross_session_prior_absent_remove
7009,0,0,-1,0,cross_session_prior_absent_remove
7010,0,0,-1,0,cross_session_prior_absent_remove
7011,0,0,-1,0,cross_session_prior_absent_remove
7012,0,0,-1,0,cross_session_prior_absent_remove
7013,0,0,-1,0,cross_session_prior_absent_remove
7014,0,0,-1,0,cross_session_prior_absent_remove
7015,0,0,-1,0,cross_session_prior_absent_remove
7016,0,0,-1,0,cross_session_prior_absent_remove
7017,0,0,-1,0,cross_session_prior_absent_remove
7018,0,0,-1,0,cross_session_prior_absent_remove
7019,0,0,-1,0,cross_session_prior_absent_remove
7029,0,0,-1,0,cross_session_prior_absent_remove
7030,0,0,-1,0,cross_session_prior_absent_remove
7031,0,0,-1,0,cross_session_prior_absent_remove
7032,0,0,-1,0,cross_session_prior_absent_remove
7033,0,0,-1,0,cross_session_prior_absent_remove
7034,0,0,-1,0,cross_session_prior_absent_remove
7035,0,0,-1,0,cross_session_prior_absent_remove
7036,0,0,-1,0,cross_session_prior_absent_remove
7037,0,0,-1,0,cross_session_prior_absent_remove
7041,0,0,-1,0,cross_session_prior_absent_remove
7042,0,0,-1,0,cross_session_prior_absent_remove
7043,0,0,-1,0,cross_session_prior_absent_remove
7044,0,0,-1,0,cross_session_prior_absent_remove
7045,0,0,-1,0,cross_session_prior_absent_remove
7046,0,0,-1,0,cross_session_prior_absent_remove
7060,0,0,-1,0,cross_session_prior_absent_remove
7063,0,0,-1,0,cross_session_prior_absent_remove
7066,0,0,-1,0,cross_session_prior_absent_remove
7069,0,0,-1,0,cross_session_prior_absent_remove
7070,0,0,-1,0,cross_session_prior_absent_remove
7071,0,0,-1,0,cross_session_prior_absent_remove
7072,0,0,-1,0,cross_session_prior_absent_remove
7074,0,0,-1,0,cross_session_prior_absent_remove
7075,0,0,-1,0,cross_session_prior_absent_remove
7076,0,0,-1,0,cross_session_prior_absent_remove
7077,0,0,-1,0,cross_session_prior_absent_remove
7078,0,0,-1,0,cross_session_prior_absent_remove
7079,0,0,-1,0,cross_session_prior_absent_remove
7080,0,0,-1,0,cross_session_prior_absent_remove
7081,0,0,-1,0,cross_session_prior_absent_remove
7082,0,0,-1,0,cross_session_prior_absent_remove
7818,0,0,-1,0,cross_session_prior_absent_remove
7819,0,0,-1,0,cross_session_prior_absent_remove
7821,0,0,-1,0,cross_session_prior_absent_remove
7823,0,0,-1,0,cross_session_prior_absent_remove
7826,0,0,-1,0,cross_session_prior_absent_remove
7829,0,0,-1,0,cross_session_prior_absent_remove
7831,0,0,-1,0,cross_session_prior_absent_remove
7832,0,0,-1,0,cross_session_prior_absent_remove
7834,0,0,-1,0,cross_session_prior_absent_remove
7835,0,0,-1,0,cross_session_prior_absent_remove
7836,0,0,-1,0,cross_session_prior_absent_remove
7851,0,0,-1,0,cross_session_prior_absent_remove
7853,0,0,-1,0,cross_session_prior_absent_remove
7854,0,0,-1,0,cross_session_prior_absent_remove
7857,0,0,-1,0,cross_session_prior_absent_remove
7891,0,0,-1,0,cross_session_prior_absent_remove
7902,0,0,-1,0,cross_session_prior_absent_remove
7905,0,0,-1,0,cross_session_prior_absent_remove
7906,0,0,-1,0,cross_session_prior_absent_remove
7967,0,0,-1,0,cross_session_prior_absent_remove
7968,0,0,-1,0,cross_session_prior_absent_remove
7969,0,0,-1,0,cross_session_prior_absent_remove
7970,0,0,-1,0,cross_session_prior_absent_remove
7971,0,0,-1,0,cross_session_prior_absent_remove
7972,0,0,-1,0,cross_session_prior_absent_remove
7973,0,0,-1,0,cross_session_prior_absent_remove
7974,0,0,-1,0,cross_session_prior_absent_remove
7975,0,0,-1,0,cross_session_prior_absent_remove
7976,0,0,-1,0,cross_session_prior_absent_remove
7977,0,0,-1,0,cross_session_prior_absent_remove
7978,0,0,-1,0,cross_session_prior_absent_remove
7981,0,0,-1,0,cross_session_prior_absent_remove
7982,0,0,-1,0,cross_session_prior_absent_remove
7984,0,0,-1,0,cross_session_prior_absent_remove
7985,0,0,-1,0,cross_session_prior_absent_remove
9760,0,0,-1,0,cross_session_prior_absent_remove
10134,0,0,-1,0,cross_session_prior_absent_remove
10148,0,0,-1,0,cross_session_prior_absent_remove
10150,0,0,-1,0,cross_session_prior_absent_remove
10156,0,0,-1,0,cross_session_prior_absent_remove
10169,0,0,-1,0,cross_session_prior_absent_remove
10194,0,0,-1,0,cross_session_prior_absent_remove
10221,0,0,-1,0,cross_session_prior_absent_remove
10258,0,0,-1,0,cross_session_prior_absent_remove
10286,0,0,-1,0,cross_session_prior_absent_remove
10295,0,0,-1,0,cross_session_prior_absent_remove
10298,0,0,-1,0,cross_session_prior_absent_remove
10311,0,0,-1,0,cross_session_prior_absent_remove
10393,0,0,-1,0,cross_session_prior_absent_remove
10406,0,0,-1,0,cross_session_prior_absent_remove
10429,0,0,-1,0,cross_session_prior_absent_remove
10432,0,0,-1,0,cross_session_prior_absent_remove
10454,0,0,-1,0,cross_session_prior_absent_remove
10457,0,0,-1,0,cross_session_prior_absent_remove
10460,0,0,-1,0,cross_session_prior_absent_remove
10466,0,0,-1,0,cross_session_prior_absent_remove
10469,0,0,-1,0,cross_session_prior_absent_remove
10492,0,0,-1,0,cross_session_prior_absent_remove
10493,0,0,-1,0,cross_session_prior_absent_remove
10495,0,0,-1,0,cross_session_prior_absent_remove
10496,0,0,-1,0,cross_session_prior_absent_remove
10497,0,0,-1,0,cross_session_prior_absent_remove
10499,0,0,-1,0,cross_session_prior_absent_remove
10501,0,0,-1,0,cross_session_prior_absent_remove
10504,0,0,-1,0,cross_session_prior_absent_remove
10506,0,0,-1,0,cross_session_prior_absent_remove
15102,0,0,-1,0,cross_session_prior_absent_remove
15460,0,0,-1,0,cross_session_prior_absent_remove
18593,0,0,-1,0,cross_session_prior_absent_remove
18647,0,0,-1,0,cross_session_prior_absent_remove
18676,0,0,-1,0,cross_session_prior_absent_remove
19362,0,0,-1,0,cross_session_prior_absent_remove
19479,0,0,-1,0,cross_session_prior_absent_remove
19757,0,0,-1,0,cross_session_prior_absent_remove
19758,0,0,-1,0,cross_session_prior_absent_remove
19796,0,0,-1,0,cross_session_prior_absent_remove
19797,0,0,-1,0,cross_session_prior_absent_remove
19824,0,0,-1,0,cross_session_prior_absent_remove
19888,0,0,-1,0,cross_session_prior_absent_remove
19890,0,0,-1,0,cross_session_prior_absent_remove
20159,0,0,-1,0,cross_session_prior_absent_remove
20320,0,0,-1,0,cross_session_prior_absent_remove
20329,0,0,-1,0,cross_session_prior_absent_remove
20377,0,0,-1,0,cross_session_prior_absent_remove
20378,0,0,-1,0,cross_session_prior_absent_remove
20394,0,0,-1,0,cross_session_prior_absent_remove
20478,0,0,-1,0,cross_session_prior_absent_remove
21586,0,0,-1,0,cross_session_prior_absent_remove
22680,0,0,-1,0,cross_session_prior_absent_remove
22681,0,0,-1,0,cross_session_prior_absent_remove
22682,0,0,-1,0,cross_session_prior_absent_remove
22685,0,0,-1,0,cross_session_prior_absent_remove
22687,0,0,-1,0,cross_session_prior_absent_remove
22688,0,0,-1,0,cross_session_prior_absent_remove
22689,0,0,-1,0,cross_session_prior_absent_remove
22690,0,0,-1,0,cross_session_prior_absent_remove
22694,0,0,-1,0,cross_session_prior_absent_remove
22711,0,0,-1,0,cross_session_prior_absent_remove
22713,0,0,-1,0,cross_session_prior_absent_remove
22819,0,0,-1,0,cross_session_prior_absent_remove
23488,0,0,-1,0,cross_session_prior_absent_remove
23498,0,0,-1,0,cross_session_prior_absent_remove
23596,0,0,-1,0,cross_session_prior_absent_remove
23689,0,0,-1,0,cross_session_prior_absent_remove
23807,0,0,-1,0,cross_session_prior_absent_remove
23894,0,0,-1,0,cross_session_prior_absent_remove
24345,0,0,-1,0,cross_session_prior_absent_remove
24346,0,0,-1,0,cross_session_prior_absent_remove
24347,0,0,-1,0,cross_session_prior_absent_remove
24364,0,0,-1,0,cross_session_prior_absent_remove
24458,0,0,-1,0,cross_session_prior_absent_remove
24461,0,0,-1,0,cross_session_prior_absent_remove
24462,0,0,-1,0,cross_session_prior_absent_remove
24463,0,0,-1,0,cross_session_prior_absent_remove
24546,0,0,-1,0,cross_session_prior_absent_remove
24547,0,0,-1,0,cross_session_prior_absent_remove
24648,0,0,-1,0,cross_session_prior_absent_remove
24651,0,0,-1,0,cross_session_prior_absent_remove
24662,0,0,-1,0,cross_session_prior_absent_remove
24664,0,0,-1,0,cross_session_prior_absent_remove
24665,0,0,-1,0,cross_session_prior_absent_remove
24667,0,0,-1,0,cross_session_prior_absent_remove
24668,0,0,-1,0,cross_session_prior_absent_remove
24671,0,0,-1,0,cross_session_prior_absent_remove
24672,0,0,-1,0,cross_session_prior_absent_remove
24673,0,0,-1,0,cross_session_prior_absent_remove
24675,0,0,-1,0,cross_session_prior_absent_remove
24676,0,0,-1,0,cross_session_prior_absent_remove
24677,0,0,-1,0,cross_session_prior_absent_remove
24678,0,0,-1,0,cross_session_prior_absent_remove
34774,0,0,-1,0,cross_session_prior_absent_remove
34775,0,0,-1,0,cross_session_prior_absent_remove
34776,0,0,-1,0,cross_session_prior_absent_remove
34777,0,0,-1,0,cross_session_prior_absent_remove
34784,0,0,-1,0,cross_session_prior_absent_remove
34808,0,0,-1,0,cross_session_prior_absent_remove
34810,0,0,-1,0,cross_session_prior_absent_remove
34811,0,0,-1,0,cross_session_prior_absent_remove
34812,0,0,-1,0,cross_session_prior_absent_remove
34818,0,0,-1,0,cross_session_prior_absent_remove
34843,0,0,-1,0,cross_session_prior_absent_remove
34849,0,0,-1,0,cross_session_prior_absent_remove
34850,0,0,-1,0,cross_session_prior_absent_remove
34851,0,0,-1,0,cross_session_prior_absent_remove
34852,0,0,-1,0,cross_session_prior_absent_remove
34853,0,0,-1,0,cross_session_prior_absent_remove
34854,0,0,-1,0,cross_session_prior_absent_remove
34855,0,0,-1,0,cross_session_prior_absent_remove
34884,0,0,-1,0,cross_session_prior_absent_remove
34889,0,0,-1,0,cross_session_prior_absent_remove
34897,0,0,-1,0,cross_session_prior_absent_remove
34900,0,0,-1,0,cross_session_prior_absent_remove
34908,0,0,-1,0,cross_session_prior_absent_remove
34932,0,0,-1,0,cross_session_prior_absent_remove
34950,0,0,-1,0,cross_session_prior_absent_remove
34952,0,0,-1,0,cross_session_prior_absent_remove
34953,0,0,-1,0,cross_session_prior_absent_remove
34954,0,0,-1,0,cross_session_prior_absent_remove
34955,0,0,-1,0,cross_session_prior_absent_remove
34970,0,0,-1,0,cross_session_prior_absent_remove
34980,0,0,-1,0,cross_session_prior_absent_remove
34992,0,0,-1,0,cross_session_prior_absent_remove
34993,0,0,-1,0,cross_session_prior_absent_remove
34994,0,0,-1,0,cross_session_prior_absent_remove
34995,0,0,-1,0,cross_session_prior_absent_remove
35001,0,0,-1,0,cross_session_prior_absent_remove
35002,0,0,-1,0,cross_session_prior_absent_remove
35007,0,0,-1,0,cross_session_prior_absent_remove
35008,0,0,-1,0,cross_session_prior_absent_remove
35011,0,0,-1,0,cross_session_prior_absent_remove
35039,0,0,-1,0,cross_session_prior_absent_remove
35040,0,0,-1,0,cross_session_prior_absent_remove
35041,0,0,-1,0,cross_session_prior_absent_remove
35064,0,0,-1,0,cross_session_prior_absent_remove
35066,0,0,-1,0,cross_session_prior_absent_remove
35093,0,0,-1,0,cross_session_prior_absent_remove
35094,0,0,-1,0,cross_session_prior_absent_remove
35095,0,0,-1,0,cross_session_prior_absent_remove
35096,0,0,-1,0,cross_session_prior_absent_remove
35121,0,0,-1,0,cross_session_prior_absent_remove
35122,0,0,-1,0,cross_session_prior_absent_remove
35159,0,0,-1,0,cross_session_prior_absent_remove
35160,0,0,-1,0,cross_session_prior_absent_remove
35184,0,0,-1,0,cross_session_prior_absent_remove
35185,0,0,-1,0,cross_session_prior_absent_remove
35186,0,0,-1,0,cross_session_prior_absent_remove
35199,0,0,-1,0,cross_session_prior_absent_remove
35228,0,0,-1,0,cross_session_prior_absent_remove
35229,0,0,-1,0,cross_session_prior_absent_remove
35230,0,0,-1,0,cross_session_prior_absent_remove
35231,0,0,-1,0,cross_session_prior_absent_remove
35232,0,0,-1,0,cross_session_prior_absent_remove
35233,0,0,-1,0,cross_session_prior_absent_remove
35264,0,0,-1,0,cross_session_prior_absent_remove
35265,0,0,-1,0,cross_session_prior_absent_remove
35266,0,0,-1,0,cross_session_prior_absent_remove
35267,0,0,-1,0,cross_session_prior_absent_remove
35268,0,0,-1,0,cross_session_prior_absent_remove
35269,0,0,-1,0,cross_session_prior_absent_remove
35294,0,0,-1,0,cross_session_prior_absent_remove
35303,0,0,-1,0,cross_session_prior_absent_remove
35317,0,0,-1,0,cross_session_prior_absent_remove
35318,0,0,-1,0,cross_session_prior_absent_remove
35320,0,0,-1,0,cross_session_prior_absent_remove
35321,0,0,-1,0,cross_session_prior_absent_remove
35322,0,0,-1,0,cross_session_prior_absent_remove
35325,0,0,-1,0,cross_session_prior_absent_remove
35326,0,0,-1,0,cross_session_prior_absent_remove
35327,0,0,-1,0,cross_session_prior_absent_remove
35339,0,0,-1,0,cross_session_prior_absent_remove
35340,0,0,-1,0,cross_session_prior_absent_remove
35341,0,0,-1,0,cross_session_prior_absent_remove
35369,0,0,-1,0,cross_session_prior_absent_remove
35370,0,0,-1,0,cross_session_prior_absent_remove
35371,0,0,-1,0,cross_session_prior_absent_remove
35372,0,0,-1,0,cross_session_prior_absent_remove
35375,0,0,-1,0,cross_session_prior_absent_remove
35380,0,0,-1,0,cross_session_prior_absent_remove
35381,0,0,-1,0,cross_session_prior_absent_remove
35382,0,0,-1,0,cross_session_prior_absent_remove
35383,0,0,-1,0,cross_session_prior_absent_remove
35386,0,0,-1,0,cross_session_prior_absent_remove
35392,0,0,-1,0,cross_session_prior_absent_remove
35393,0,0,-1,0,cross_session_prior_absent_remove
35394,0,0,-1,0,cross_session_prior_absent_remove
35395,0,0,-1,0,cross_session_prior_absent_remove
35396,0,0,-1,0,cross_session_prior_absent_remove
35399,0,0,-1,0,cross_session_prior_absent_remove
35400,0,0,-1,0,cross_session_prior_absent_remove
35401,0,0,-1,0,cross_session_prior_absent_remove
35402,0,0,-1,0,cross_session_prior_absent_remove
35414,0,0,-1,0,cross_session_prior_absent_remove
35415,0,0,-1,0,cross_session_prior_absent_remove
35416,0,0,-1,0,cross_session_prior_absent_remove
35417,0,0,-1,0,cross_session_prior_absent_remove
35418,0,0,-1,0,cross_session_prior_absent_remove
35423,0,0,-1,0,cross_session_prior_absent_remove
35424,0,0,-1,0,cross_session_prior_absent_remove
35425,0,0,-1,0,cross_session_prior_absent_remove
35426,0,0,-1,0,cross_session_prior_absent_remove
35427,0,0,-1,0,cross_session_prior_absent_remove
35428,0,0,-1,0,cross_session_prior_absent_remove
35430,0,0,-1,0,cross_session_prior_absent_remove
35435,0,0,-1,0,cross_session_prior_absent_remove
35436,0,0,-1,0,cross_session_prior_absent_remove
35439,0,0,-1,0,cross_session_prior_absent_remove
35440,0,0,-1,0,cross_session_prior_absent_remove
35441,0,0,-1,0,cross_session_prior_absent_remove
35443,0,0,-1,0,cross_session_prior_absent_remove
35444,0,0,-1,0,cross_session_prior_absent_remove
35445,0,0,-1,0,cross_session_prior_absent_remove
35446,0,0,-1,0,cross_session_prior_absent_remove
35448,0,0,-1,0,cross_session_prior_absent_remove
35450,0,0,-1,0,cross_session_prior_absent_remove
35451,0,0,-1,0,cross_session_prior_absent_remove
35458,0,0,-1,0,cross_session_prior_absent_remove
35468,0,0,-1,0,cross_session_prior_absent_remove
35471,0,0,-1,0,cross_session_prior_absent_remove
35512,0,0,-1,0,cross_session_prior_absent_remove
35517,0,0,-1,0,cross_session_prior_absent_remove
35518,0,0,-1,0,cross_session_prior_absent_remove
35519,0,0,-1,0,cross_session_prior_absent_remove
35525,0,0,-1,0,cross_session_prior_absent_remove
35526,0,0,-1,0,cross_session_prior_absent_remove
35527,0,0,-1,0,cross_session_prior_absent_remove
35529,0,0,-1,0,cross_session_prior_absent_remove
35530,0,0,-1,0,cross_session_prior_absent_remove
35531,0,0,-1,0,cross_session_prior_absent_remove
35536,0,0,-1,0,cross_session_prior_absent_remove
35538,0,0,-1,0,cross_session_prior_absent_remove
35539,0,0,-1,0,cross_session_prior_absent_remove
35542,0,0,-1,0,cross_session_prior_absent_remove
35550,0,0,-1,0,cross_session_prior_absent_remove
35553,0,0,-1,0,cross_session_prior_absent_remove
35554,0,0,-1,0,cross_session_prior_absent_remove
35560,0,0,-1,0,cross_session_prior_absent_remove
35561,0,0,-1,0,cross_session_prior_absent_remove
35562,0,0,-1,0,cross_session_prior_absent_remove
35566,0,0,-1,0,cross_session_prior_absent_remove
35569,0,0,-1,0,cross_session_prior_absent_remove
35570,0,0,-1,0,cross_session_prior_absent_remove
35571,0,0,-1,0,cross_session_prior_absent_remove
35573,0,0,-1,0,cross_session_prior_absent_remove
35579,0,0,-1,0,cross_session_prior_absent_remove
35580,0,0,-1,0,cross_session_prior_absent_remove
35585,0,0,-1,0,cross_session_prior_absent_remove
35601,0,0,-1,0,cross_session_prior_absent_remove
35602,0,0,-1,0,cross_session_prior_absent_remove
35603,0,0,-1,0,cross_session_prior_absent_remove
35606,0,0,-1,0,cross_session_prior_absent_remove
35608,0,0,-1,0,cross_session_prior_absent_remove
35615,0,0,-1,0,cross_session_prior_absent_remove
35616,0,0,-1,0,cross_session_prior_absent_remove
35624,0,0,-1,0,cross_session_prior_absent_remove
35631,0,0,-1,0,cross_session_prior_absent_remove
35639,0,0,-1,0,cross_session_prior_absent_remove
35642,0,0,-1,0,cross_session_prior_absent_remove
35651,0,0,-1,0,cross_session_prior_absent_remove
35652,0,0,-1,0,cross_session_prior_absent_remove
35653,0,0,-1,0,cross_session_prior_absent_remove
35660,0,0,-1,0,cross_session_prior_absent_remove
35661,0,0,-1,0,cross_session_prior_absent_remove
35662,0,0,-1,0,cross_session_prior_absent_remove
35664,0,0,-1,0,cross_session_prior_absent_remove
35665,0,0,-1,0,cross_session_prior_absent_remove
35667,0,0,-1,0,cross_session_prior_absent_remove
35668,0,0,-1,0,cross_session_prior_absent_remove
35669,0,0,-1,0,cross_session_prior_absent_remove
35670,0,0,-1,0,cross_session_prior_absent_remove
35671,0,0,-1,0,cross_session_prior_absent_remove
35676,0,0,-1,0,cross_session_prior_absent_remove
35690,0,0,-1,0,cross_session_prior_absent_remove
35707,0,0,-1,0,cross_session_prior_absent_remove
35709,0,0,-1,0,cross_session_prior_absent_remove
35722,0,0,-1,0,cross_session_prior_absent_remove
35723,0,0,-1,0,cross_session_prior_absent_remove
35724,0,0,-1,0,cross_session_prior_absent_remove
35725,0,0,-1,0,cross_session_prior_absent_remove
35727,0,0,-1,0,cross_session_prior_absent_remove
35728,0,0,-1,0,cross_session_prior_absent_remove
35739,0,0,-1,0,cross_session_prior_absent_remove
35740,0,0,-1,0,cross_session_prior_absent_remove
35741,0,0,-1,0,cross_session_prior_absent_remove
35742,0,0,-1,0,cross_session_prior_absent_remove
35743,0,0,-1,0,cross_session_prior_absent_remove
35744,0,0,-1,0,cross_session_prior_absent_remove
35746,0,0,-1,0,cross_session_prior_absent_remove
35747,0,0,-1,0,cross_session_prior_absent_remove
48,5692549928996306947,0,11,0.00967079,remove
49,5692549928996306947,0,11,0.00970958,remove
50,5692549928996306947,0,11,0.00968643,remove
51,5692549928996306947,0,11,0.0096922,remove
52,5692549928996306947,0,11,0.00970958,remove
53,5692549928996306947,0,11,0.00967079,remove
54,5692549928996306947,0,11,0.0096922,remove
55,5692549928996306947,0,11,0.00967079,remove
56,5692549928996306947,0,11,0.0096922,remove
57,5692549928996306947,0,11,0.00965298,remove
58,5692549928996306947,0,11,0.00968643,remove
59,5692549928996306947,0,11,0.00967217,remove
60,5692549928996306947,0,11,0.00967079,remove
61,5692549928996306947,0,11,0.00968643,remove
62,5692549928996306947,0,11,0.00965298,remove
63,5692549928996306947,0,11,0.0096447,remove
64,5692549928996306947,0,11,0.00967079,remove
65,5692549928996306947,0,11,0.00965298,remove
66,5692549928996306947,0,11,0.00967079,remove
67,5692549928996306947,0,11,0.0096447,remove
68,5692549928996306947,0,11,0.00963918,remove
69,5692549928996306947,0,11,0.00964584,remove
70,5692549928996306947,0,11,0.00963918,remove
71,5692549928996306947,0,11,0.00963186,remove
72,5692549928996306947,0,11,0.00963918,remove
73,5692549928996306947,0,11,0.00963186,remove
74,5692549928996306947,0,11,0.00963186,remove
75,5692549928996306947,0,11,0.0105713,remove
76,5692549928996306947,0,11,0.00779659,remove
77,5692549928996306947,0,11,0.00780402,remove
78,5692549928996306947,0,11,0.00779659,remove
79,5692549928996306947,0,11,0.0077976,remove
80,5692549928996306947,0,11,0.00779659,remove
81,5692549928996306947,0,11,0.0077976,remove
82,5692549928996306947,0,11,0.00779877,remove
83,5692549928996306947,0,11,0.0077976,remove
84,5692549928996306947,0,11,0.00779877,remove
85,5692549928996306947,0,11,0.00779877,remove
86,5692549928996306947,0,11,0.0105713,remove
87,5692549928996306947,0,11,0.00964108,remove
88,5692549928996306947,0,11,0.0096714,remove
89,5692549928996306947,0,11,0.00964956,remove
90,5692549928996306947,0,11,0.00965221,remove
91,5692549928996306947,0,11,0.0096714,remove
92,5692549928996306947,0,11,0.00964108,remove
93,5692549928996306947,0,11,0.00963441,remove
94,5692549928996306947,0,11,0.00965221,remove
95,5692549928996306947,0,11,0.00964108,remove
96,5692549928996306947,0,11,0.00964394,remove
97,5692549928996306947,0,11,0.00965221,remove
98,5692549928996306947,0,11,0.00963441,remove
99,5692549928996306947,0,11,0.0096286,remove
100,5692549928996306947,0,11,0.00964508,remove
101,5692549928996306947,0,11,0.00963556,remove
102,5692549928996306947,0,11,0.00963842,remove
103,5692549928996306947,0,11,0.00964508,remove
104,5692549928996306947,0,11,0.0096286,remove
105,5692549928996306947,0,11,0.00962156,remove
106,5692549928996306947,0,11,0.00963842,remove
107,5692549928996306947,0,11,0.0096286,remove
108,5692549928996306947,0,11,0.00963109,remove
109,5692549928996306947,0,11,0.00963842,remove
110,5692549928996306947,0,11,0.00962156,remove
111,5692549928996306947,0,11,0.00772789,remove
112,5692549928996306947,0,11,0.00963109,remove
113,5692549928996306947,0,11,0.00962156,remove
114,5692549928996306947,0,11,0.00963109,remove
115,5692549928996306947,0,11,0.00772789,remove
116,5692549928996306947,0,11,0.00795789,remove
117,5692549928996306947,0,11,0.0106652,remove
118,5692549928996306947,0,11,0.0105706,remove
119,5692549928996306947,0,11,0.00795789,remove
120,5692549928996306947,0,11,0.0105706,remove
121,5692549928996306947,0,11,0.00795789,remove
122,5692549928996306947,0,11,0.00795789,remove
123,5692549928996306947,0,11,0.00772794,remove
124,5692549928996306947,0,11,0.00780307,remove
125,5692549928996306947,0,11,0.00779799,remove
126,5692549928996306947,0,11,0.00780805,remove
127,5692549928996306947,0,11,0.00779565,remove
128,5692549928996306947,0,11,0.00779799,remove
129,5692549928996306947,0,11,0.00780307,remove
130,5692549928996306947,0,11,0.00779565,remove
131,5692549928996306947,0,11,0.00779967,remove
132,5692549928996306947,0,11,0.00779799,remove
133,5692549928996306947,0,11,0.00779665,remove
134,5692549928996306947,0,11,0.00779967,remove
135,5692549928996306947,0,11,0.00779565,remove
136,5692549928996306947,0,11,0.00779665,remove
137,5692549928996306947,0,11,0.00779447,remove
138,5692549928996306947,0,11,0.00779967,remove
139,5692549928996306947,0,11,0.00779783,remove
140,5692549928996306947,0,11,0.00779447,remove
141,5692549928996306947,0,11,0.00779665,remove
142,5692549928996306947,0,11,0.00779783,remove
143,5692549928996306947,0,11,0.00779356,remove
144,5692549928996306947,0,11,0.00779447,remove
145,5692549928996306947,0,11,0.00779356,remove
146,5692549928996306947,0,11,0.00779783,remove
147,5692549928996306947,0,11,0.00776808,remove
148,5692549928996306947,0,11,0.00779356,remove
149,5692549928996306947,0,11,0.00776808,remove
150,5692549928996306947,0,11,0.0105706,remove
151,5692549928996306947,0,11,0.00776808,remove
152,5692549928996306947,0,11,0.00776808,remove
153,5692549928996306947,0,11,0.0105706,remove
154,5692549928996306947,0,11,0.0106652,remove
155,5692549928996306947,0,11,0.00963371,remove
156,5692549928996306947,0,11,0.00964956,remove
157,5692549928996306947,0,11,0.00963949,remove
158,5692549928996306947,0,11,0.00964108,remove
159,5692549928996306947,0,11,0.00964956,remove
160,5692549928996306947,0,11,0.00963371,remove
161,5692549928996306947,0,11,0.00962676,remove
162,5692549928996306947,0,11,0.00964108,remove
163,5692549928996306947,0,11,0.00963371,remove
164,5692549928996306947,0,11,0.00963441,remove
165,5692549928996306947,0,11,0.00964108,remove
166,5692549928996306947,0,11,0.00962676,remove
167,5692549928996306947,0,11,0.00962094,remove
168,5692549928996306947,0,11,0.00963556,remove
169,5692549928996306947,0,11,0.00962791,remove
170,5692549928996306947,0,11,0.0096286,remove
171,5692549928996306947,0,11,0.00963556,remove
172,5692549928996306947,0,11,0.00962094,remove
173,5692549928996306947,0,11,0.00961363,remove
174,5692549928996306947,0,11,0.0096286,remove
175,5692549928996306947,0,11,0.00962094,remove
176,5692549928996306947,0,11,0.00962156,remove
177,5692549928996306947,0,11,0.0096286,remove
178,5692549928996306947,0,11,0.00961363,remove
179,5692549928996306947,0,11,0.00774037,remove
180,5692549928996306947,0,11,0.00962156,remove
181,5692549928996306947,0,11,0.00961363,remove
182,5692549928996306947,0,11,0.00772789,remove
183,5692549928996306947,0,11,0.00962156,remove
184,5692549928996306947,0,11,0.00774037,remove
185,5692549928996306947,0,11,0.00784532,remove
186,5692549928996306947,0,11,0.010721,remove
187,5692549928996306947,0,11,0.0106652,remove
188,5692549928996306947,0,11,0.00784532,remove
189,5692549928996306947,0,11,0.0106652,remove
190,5692549928996306947,0,11,0.00795789,remove
191,5692549928996306947,0,11,0.00795789,remove
192,5692549928996306947,0,11,0.00772794,remove
193,5692549928996306947,0,11,0.00784532,remove
194,5692549928996306947,0,11,0.00784532,remove
195,5692549928996306947,0,11,0.00772794,remove
196,5692549928996306947,0,11,0.00774021,remove
197,5692549928996306947,0,11,0.00780805,remove
198,5692549928996306947,0,11,0.0077986,remove
199,5692549928996306947,0,11,0.00779706,remove
200,5692549928996306947,0,11,0.00779799,remove
201,5692549928996306947,0,11,0.0077986,remove
202,5692549928996306947,0,11,0.00780805,remove
203,5692549928996306947,0,11,0.00779799,remove
204,5692549928996306947,0,11,0.00778947,remove
205,5692549928996306947,0,11,0.0077986,remove
206,5692549928996306947,0,11,0.00779967,remove
207,5692549928996306947,0,11,0.00778947,remove
208,5692549928996306947,0,11,0.00779799,remove
209,5692549928996306947,0,11,0.00779967,remove
210,5692549928996306947,0,11,0.00779101,remove
211,5692549928996306947,0,11,0.00778947,remove
212,5692549928996306947,0,11,0.00779447,remove
213,5692549928996306947,0,11,0.00779101,remove
214,5692549928996306947,0,11,0.00779967,remove
215,5692549928996306947,0,11,0.00779447,remove
216,5692549928996306947,0,11,0.00779219,remove
217,5692549928996306947,0,11,0.00779101,remove
218,5692549928996306947,0,11,0.00779356,remove
219,5692549928996306947,0,11,0.00779219,remove
220,5692549928996306947,0,11,0.00779447,remove
221,5692549928996306947,0,11,0.00779356,remove
222,5692549928996306947,0,11,0.00775882,remove
223,5692549928996306947,0,11,0.00779219,remove
224,5692549928996306947,0,11,0.00776808,remove
225,5692549928996306947,0,11,0.00775882,remove
226,5692549928996306947,0,11,0.00779356,remove
227,5692549928996306947,0,11,0.00776808,remove
228,5692549928996306947,0,11,0.0106652,remove
229,5692549928996306947,0,11,0.00775882,remove
230,5692549928996306947,0,11,0.00775882,remove
231,5692549928996306947,0,11,0.0106652,remove
232,5692549928996306947,0,11,0.010721,remove
233,5692549928996306947,0,11,0.00962752,remove
234,5692549928996306947,0,11,0.00963949,remove
235,5692549928996306947,0,11,0.00963597,remove
236,5692549928996306947,0,11,0.00963371,remove
237,5692549928996306947,0,11,0.00963949,remove
238,5692549928996306947,0,11,0.00962752,remove
239,5692549928996306947,0,11,0.0096211,remove
240,5692549928996306947,0,11,0.00963371,remove
241,5692549928996306947,0,11,0.00962752,remove
242,5692549928996306947,0,11,0.00962676,remove
243,5692549928996306947,0,11,0.00963371,remove
244,5692549928996306947,0,11,0.0096211,remove
245,5692549928996306947,0,11,0.00962791,remove
246,5692549928996306947,0,11,0.00962224,remove
247,5692549928996306947,0,11,0.00962094,remove
248,5692549928996306947,0,11,0.00962791,remove
249,5692549928996306947,0,11,0.00962094,remove
250,5692549928996306947,0,11,0.00961363,remove
251,5692549928996306947,0,11,0.00962094,remove
252,5692549928996306947,0,11,0.00961363,remove
253,5692549928996306947,0,11,0.00774037,remove
254,5692549928996306947,0,11,0.00961363,remove
255,5692549928996306947,0,11,0.010721,remove
256,5692549928996306947,0,11,0.010721,remove
257,5692549928996306947,0,11,0.00784532,remove
258,5692549928996306947,0,11,0.00784532,remove
259,5692549928996306947,0,11,0.00774021,remove
260,5692549928996306947,0,11,0.00774021,remove
261,5692549928996306947,0,11,0.00779706,remove
262,5692549928996306947,0,11,0.0077986,remove
263,5692549928996306947,0,11,0.00779706,remove
264,5692549928996306947,0,11,0.0077986,remove
265,5692549928996306947,0,11,0.00778947,remove
266,5692549928996306947,0,11,0.0077986,remove
267,5692549928996306947,0,11,0.00778947,remove
268,5692549928996306947,0,11,0.00779101,remove
269,5692549928996306947,0,11,0.00778947,remove
270,5692549928996306947,0,11,0.00779101,remove
271,5692549928996306947,0,11,0.00779219,remove
272,5692549928996306947,0,11,0.00779101,remove
273,5692549928996306947,0,11,0.00779219,remove
274,5692549928996306947,0,11,0.00775882,remove
275,5692549928996306947,0,11,0.00779219,remove
276,5692549928996306947,0,11,0.00775882,remove
277,5692549928996306947,0,11,0.010721,remove
278,5692549928996306947,0,11,0.010721,remove
279,5692549928996306947,0,11,0.00961889,remove
280,5692549928996306947,0,11,0.00963597,remove
281,5692549928996306947,0,11,0.00962614,remove
282,5692549928996306947,0,11,0.00962752,remove
283,5692549928996306947,0,11,0.00963597,remove
284,5692549928996306947,0,11,0.00961889,remove
285,5692549928996306947,0,11,0.00962752,remove
286,5692549928996306947,0,11,0.00961889,remove
287,5692549928996306947,0,11,0.0096211,remove
288,5692549928996306947,0,11,0.00962752,remove
289,5692549928996306947,0,11,0.00962224,remove
290,5692549928996306947,0,11,0.00962224,remove
291,5692549928996306947,0,11,0.00962537,remove
292,5692549928996306947,0,11,0.00961662,remove
293,5692549928996306947,0,11,0.00961813,remove
294,5692549928996306947,0,11,0.00962537,remove
295,5692549928996306947,0,11,0.00961813,remove
296,5692549928996306947,0,11,0.00961813,remove
297,5692549928996306947,0,11,0.00961662,remove
298,5692549928996306947,0,11,0.00960511,remove
299,5692549928996306947,0,11,0.00961662,remove
300,5692549928996306947,0,11,0.00972206,remove
301,5692549928996306947,0,11,0.00750028,remove
302,5692549928996306947,0,11,0.00972206,remove
303,5692549928996306947,0,11,0.0096906,remove
304,5692549928996306947,0,11,0.00750028,remove
305,5692549928996306947,0,11,0.00972206,remove
306,5692549928996306947,0,11,0.00972375,remove
307,5692549928996306947,0,11,0.00750028,remove
308,5692549928996306947,0,11,0.0096906,remove
309,5692549928996306947,0,11,0.00972206,remove
310,5692549928996306947,0,11,0.00968137,remove
311,5692549928996306947,0,11,0.00972206,remove
312,5692549928996306947,0,11,0.0096906,remove
313,5692549928996306947,0,11,0.00972206,remove
314,5692549928996306947,0,11,0.00968137,remove
315,5692549928996306947,0,11,0.00966706,remove
316,5692549928996306947,0,11,0.00968061,remove
317,5692549928996306947,0,11,0.00966706,remove
318,5692549928996306947,0,11,0.00964656,remove
319,5692549928996306947,0,11,0.00966706,remove
320,5692549928996306947,0,11,0.00964656,remove
321,5692549928996306947,0,11,0.00964435,remove
322,5692549928996306947,0,11,0.00964435,remove
323,5692549928996306947,0,11,0.00963684,remove
324,5692549928996306947,0,11,0.00964435,remove
325,5692549928996306947,0,11,0.00964656,remove
326,5692549928996306947,0,11,0.00963684,remove
327,5692549928996306947,0,11,0.00963445,remove
328,5692549928996306947,0,11,0.00964435,remove
329,5692549928996306947,0,11,0.00963445,remove
330,5692549928996306947,0,11,0.00962944,remove
331,5692549928996306947,0,11,0.00964435,remove
332,5692549928996306947,0,11,0.00963445,remove
333,5692549928996306947,0,11,0.00963684,remove
334,5692549928996306947,0,11,0.00964435,remove
335,5692549928996306947,0,11,0.00962944,remove
336,5692549928996306947,0,11,0.00963369,remove
337,5692549928996306947,0,11,0.00962361,remove
338,5692549928996306947,0,11,0.00963369,remove
339,5692549928996306947,0,11,0.00962868,remove
340,5692549928996306947,0,11,0.00963369,remove
341,5692549928996306947,0,11,0.00962361,remove
342,5692549928996306947,0,11,0.00961488,remove
343,5692549928996306947,0,11,0.00962361,remove
344,5692549928996306947,0,11,0.00961488,remove
345,5692549928996306947,0,11,0.00960511,remove
346,5692549928996306947,0,11,0.00962476,remove
347,5692549928996306947,0,11,0.00961603,remove
348,5692549928996306947,0,11,0.00961662,remove
349,5692549928996306947,0,11,0.00962476,remove
350,5692549928996306947,0,11,0.00960511,remove
351,5692549928996306947,0,11,0.00968643,remove
352,5692549928996306947,0,11,0.00972489,remove
353,5692549928996306947,0,11,0.00969174,remove
354,5692549928996306947,0,11,0.00970958,remove
355,5692549928996306947,0,11,0.00972489,remove
356,5692549928996306947,0,11,0.00968643,remove
357,5692549928996306947,0,11,0.00967217,remove
358,5692549928996306947,0,11,0.00969174,remove
359,5692549928996306947,0,11,0.00968251,remove
360,5692549928996306947,0,11,0.00968643,remove
361,5692549928996306947,0,11,0.00969174,remove
362,5692549928996306947,0,11,0.00967217,remove
363,5692549928996306947,0,11,0.00964956,remove
364,5692549928996306947,0,11,0.00968175,remove
365,5692549928996306947,0,11,0.0096682,remove
366,5692549928996306947,0,11,0.0096714,remove
367,5692549928996306947,0,11,0.00968175,remove
368,5692549928996306947,0,11,0.00964956,remove
369,5692549928996306947,0,11,0.00963949,remove
370,5692549928996306947,0,11,0.0096682,remove
371,5692549928996306947,0,11,0.00964771,remove
372,5692549928996306947,0,11,0.00964956,remove
373,5692549928996306947,0,11,0.0096682,remove
374,5692549928996306947,0,11,0.00963949,remove
375,5692549928996306947,0,11,0.00963597,remove
376,5692549928996306947,0,11,0.00964771,remove
377,5692549928996306947,0,11,0.00963799,remove
378,5692549928996306947,0,11,0.00963949,remove
379,5692549928996306947,0,11,0.00964771,remove
380,5692549928996306947,0,11,0.00963597,remove
381,5692549928996306947,0,11,0.00962614,remove
382,5692549928996306947,0,11,0.00963799,remove
383,5692549928996306947,0,11,0.00963058,remove
384,5692549928996306947,0,11,0.00963597,remove
385,5692549928996306947,0,11,0.00963799,remove
386,5692549928996306947,0,11,0.00962614,remove
387,5692549928996306947,0,11,0.00961662,remove
388,5692549928996306947,0,11,0.00962982,remove
389,5692549928996306947,0,11,0.00962476,remove
390,5692549928996306947,0,11,0.00962537,remove
391,5692549928996306947,0,11,0.00962982,remove
392,5692549928996306947,0,11,0.00961662,remove
393,5692549928996306947,0,11,0.00960406,remove
394,5692549928996306947,0,11,0.00961488,remove
395,5692549928996306947,0,11,0.00960406,remove
396,5692549928996306947,0,11,0.00960406,remove
397,5692549928996306947,0,11,0.00959863,remove
398,5692549928996306947,0,11,0.00961603,remove
399,5692549928996306947,0,11,0.00960521,remove
400,5692549928996306947,0,11,0.00960511,remove
401,5692549928996306947,0,11,0.00961603,remove
402,5692549928996306947,0,11,0.00959863,remove
403,5692549928996306947,0,11,0.00960521,remove
404,5692549928996306947,0,11,0.00959863,remove
405,5692549928996306947,0,11,0.00960521,remove
406,5692549928996306947,0,11,0.00960511,remove
407,5692549928996306947,0,11,0.00959863,remove
408,5692549928996306947,0,11,0.00960511,remove
409,5692549928996306947,0,11,0.00959863,remove
410,5692549928996306947,0,11,0.00959863,remove
411,5692549928996306947,0,11,0.00991405,remove
413,5692549928996306947,0,11,0.00985259,remove
414,5692549928996306947,0,11,0.00991405,remove
415,5692549928996306947,0,11,0.00991262,remove
416,5692549928996306947,0,11,0.00991405,remove
417,5692549928996306947,0,11,0.00985259,remove
418,5692549928996306947,0,11,0.0100718,remove
419,5692549928996306947,0,11,0.00985259,remove
420,5692549928996306947,0,11,0.0100718,remove
424,5692549928996306947,0,11,0.00984321,remove
425,5692549928996306947,0,11,0.0099119,remove
426,5692549928996306947,0,11,0.00990259,remove
427,5692549928996306947,0,11,0.00985186,remove
428,5692549928996306947,0,11,0.0099119,remove
429,5692549928996306947,0,11,0.00984321,remove
430,5692549928996306947,0,11,0.0100409,remove
431,5692549928996306947,0,11,0.00985186,remove
432,5692549928996306947,0,11,0.00984321,remove
433,5692549928996306947,0,11,0.0100711,remove
434,5692549928996306947,0,11,0.00985186,remove
435,5692549928996306947,0,11,0.0100409,remove
442,5692549928996306947,0,11,0.00988697,remove
443,5692549928996306947,0,11,0.00990259,remove
444,5692549928996306947,0,11,0.0148244,remove
445,5692549928996306947,0,11,0.00984321,remove
446,5692549928996306947,0,11,0.00990259,remove
447,5692549928996306947,0,11,0.00988697,remove
448,5692549928996306947,0,11,0.0100237,remove
449,5692549928996306947,0,11,0.00984321,remove
450,5692549928996306947,0,11,0.00988697,remove
451,5692549928996306947,0,11,0.0100409,remove
452,5692549928996306947,0,11,0.00984321,remove
453,5692549928996306947,0,11,0.0100237,remove
460,5692549928996306947,0,11,0.0148244,remove
461,5692549928996306947,0,11,0.0148149,remove
462,5692549928996306947,0,11,0.00988697,remove
463,5692549928996306947,0,11,0.0148244,remove
464,5692549928996306947,0,11,0.00988697,remove
465,5692549928996306947,0,11,0.0100237,remove
466,5692549928996306947,0,11,0.00988697,remove
470,5692549928996306947,0,11,0.0148149,remove
471,5692549928996306947,0,11,0.0148149,remove
475,5692549928996306947,0,11,0.00773606,remove
476,5692549928996306947,0,11,0.0104071,remove
477,5692549928996306947,0,11,0.00773606,remove
478,5692549928996306947,0,11,0.0077084,remove
479,5692549928996306947,0,11,0.0104039,remove
480,5692549928996306947,0,11,0.0104064,remove
481,5692549928996306947,0,11,0.0077084,remove
482,5692549928996306947,0,11,0.0104064,remove
483,5692549928996306947,0,11,0.00773513,remove
484,5692549928996306947,0,11,0.00768324,remove
485,5692549928996306947,0,11,0.0103933,remove
486,5692549928996306947,0,11,0.0104039,remove
487,5692549928996306947,0,11,0.00768324,remove
488,5692549928996306947,0,11,0.0104039,remove
489,5692549928996306947,0,11,0.0077084,remove
490,5692549928996306947,0,11,0.0103933,remove
491,5692549928996306947,0,11,0.0103933,remove
492,5692549928996306947,0,11,0.00768324,remove
493,5692549928996306947,0,11,0.00773606,remove
494,5692549928996306947,0,11,0.00773606,remove
495,5692549928996306947,0,11,0.010073,remove
496,5692549928996306947,0,11,0.00773513,remove
497,5692549928996306947,0,11,0.0100723,remove
498,5692549928996306947,0,11,0.0077084,remove
499,5692549928996306947,0,11,0.0077084,remove
500,5692549928996306947,0,11,0.0100723,remove
501,5692549928996306947,0,11,0.0100421,remove
502,5692549928996306947,0,11,0.0077084,remove
503,5692549928996306947,0,11,0.0100421,remove
504,5692549928996306947,0,11,0.00768324,remove
505,5692549928996306947,0,11,0.00768324,remove
506,5692549928996306947,0,11,0.0100421,remove
507,5692549928996306947,0,11,0.0100248,remove
508,5692549928996306947,0,11,0.00768324,remove
509,5692549928996306947,0,11,0.0100248,remove
510,5692549928996306947,0,11,0.0100248,remove
511,5692549928996306947,0,11,0.0075793,remove
512,5692549928996306947,0,11,0.00774467,remove
513,5692549928996306947,0,11,0.00928794,remove
514,5692549928996306947,0,11,0.0075793,remove
515,5692549928996306947,0,11,0.00928794,remove
516,5692549928996306947,0,11,0.00760658,remove
517,5692549928996306947,0,11,0.00759361,remove
518,5692549928996306947,0,11,0.00700304,remove
519,5692549928996306947,0,11,0.00706261,remove
520,5692549928996306947,0,11,0.00759036,remove
521,5692549928996306947,0,11,0.00700304,remove
522,5692549928996306947,0,11,0.00759361,remove
523,5692549928996306947,0,11,0.00759036,remove
524,5692549928996306947,0,11,0.00779147,remove
525,5692549928996306947,0,11,0.00700304,remove
526,5692549928996306947,0,11,0.00757987,remove
527,5692549928996306947,0,11,0.00779147,remove
528,5692549928996306947,0,11,0.00759036,remove
529,5692549928996306947,0,11,0.00757987,remove
530,5692549928996306947,0,11,0.00774774,remove
531,5692549928996306947,0,11,0.00779147,remove
532,5692549928996306947,0,11,0.00758176,remove
533,5692549928996306947,0,11,0.00774774,remove
534,5692549928996306947,0,11,0.00757987,remove
535,5692549928996306947,0,11,0.00758176,remove
536,5692549928996306947,0,11,0.00767161,remove
537,5692549928996306947,0,11,0.00774774,remove
538,5692549928996306947,0,11,0.00759062,remove
539,5692549928996306947,0,11,0.00767161,remove
540,5692549928996306947,0,11,0.00758176,remove
541,5692549928996306947,0,11,0.00759062,remove
542,5692549928996306947,0,11,0.00758266,remove
543,5692549928996306947,0,11,0.00767161,remove
544,5692549928996306947,0,11,0.00759763,remove
545,5692549928996306947,0,11,0.00758266,remove
546,5692549928996306947,0,11,0.00759062,remove
547,5692549928996306947,0,11,0.00759763,remove
548,5692549928996306947,0,11,0.00754852,remove
549,5692549928996306947,0,11,0.00758266,remove
550,5692549928996306947,0,11,0.00760095,remove
551,5692549928996306947,0,11,0.00754852,remove
552,5692549928996306947,0,11,0.00759763,remove
553,5692549928996306947,0,11,0.00760095,remove
554,5692549928996306947,0,11,0.00928794,remove
555,5692549928996306947,0,11,0.00754852,remove
556,5692549928996306947,0,11,0.00754852,remove
557,5692549928996306947,0,11,0.00928794,remove
558,5692549928996306947,0,11,0.00774467,remove
559,5692549928996306947,0,11,0.00224845,remove
560,5692549928996306947,0,11,0.00831506,remove
561,5692549928996306947,0,11,0.00805932,remove
562,5692549928996306947,0,11,0.00877896,remove
563,5692549928996306947,0,11,0.00843836,remove
564,5692549928996306947,0,11,0.00831506,remove
565,5692549928996306947,0,11,0.00877896,remove
566,5692549928996306947,0,11,0.00831506,remove
567,5692549928996306947,0,11,0.00224845,remove
568,5692549928996306947,0,11,0.00843836,remove
569,5692549928996306947,0,11,0.00877896,remove
570,5692549928996306947,0,11,0.00774467,remove
571,5692549928996306947,0,11,0.0075793,remove
572,5692549928996306947,0,11,0.00843836,remove
573,5692549928996306947,0,11,0.00774467,remove
574,5692549928996306947,0,11,0.00836849,remove
575,5692549928996306947,0,11,0.00843836,remove
576,5692549928996306947,0,11,0.0075793,remove
577,5692549928996306947,0,11,0.00706261,remove
578,5692549928996306947,0,11,0.00754631,remove
579,5692549928996306947,0,11,0.00755185,remove
580,5692549928996306947,0,11,0.00700304,remove
581,5692549928996306947,0,11,0.00754631,remove
582,5692549928996306947,0,11,0.00706261,remove
583,5692549928996306947,0,11,0.00700304,remove
584,5692549928996306947,0,11,0.00755693,remove
585,5692549928996306947,0,11,0.00754631,remove
586,5692549928996306947,0,11,0.00779147,remove
587,5692549928996306947,0,11,0.00755693,remove
588,5692549928996306947,0,11,0.00700304,remove
589,5692549928996306947,0,11,0.00779147,remove
590,5692549928996306947,0,11,0.00762772,remove
591,5692549928996306947,0,11,0.00755693,remove
592,5692549928996306947,0,11,0.00774774,remove
593,5692549928996306947,0,11,0.00762772,remove
594,5692549928996306947,0,11,0.00779147,remove
595,5692549928996306947,0,11,0.00774774,remove
596,5692549928996306947,0,11,0.00797938,remove
597,5692549928996306947,0,11,0.00762772,remove
598,5692549928996306947,0,11,0.00767161,remove
599,5692549928996306947,0,11,0.00797938,remove
600,5692549928996306947,0,11,0.00774774,remove
601,5692549928996306947,0,11,0.00805932,remove
602,5692549928996306947,0,11,0.00797938,remove
603,5692549928996306947,0,11,0.00224845,remove
604,5692549928996306947,0,11,0.00797938,remove
605,5692549928996306947,0,11,0.00758266,remove
606,5692549928996306947,0,11,0.00224845,remove
607,5692549928996306947,0,11,0.00797938,remove
608,5692549928996306947,0,11,0.00767161,remove
609,5692549928996306947,0,11,0.00758266,remove
610,5692549928996306947,0,11,0.00224845,remove
611,5692549928996306947,0,11,0.00758266,remove
612,5692549928996306947,0,11,0.00877896,remove
613,5692549928996306947,0,11,0.00877896,remove
614,5692549928996306947,0,11,0.00758266,remove
615,5692549928996306947,0,11,0.00754852,remove
616,5692549928996306947,0,11,0.00754852,remove
617,5692549928996306947,0,11,0.00774467,remove
618,5692549928996306947,0,11,0.00877896,remove
619,5692549928996306947,0,11,0.0127526,remove
620,5692549928996306947,0,11,0.00805844,remove
621,5692549928996306947,0,11,0.00831421,remove
622,5692549928996306947,0,11,0.0127526,remove
623,5692549928996306947,0,11,0.00831421,remove
624,5692549928996306947,0,11,0.00843752,remove
625,5692549928996306947,0,11,0.0127526,remove
626,5692549928996306947,0,11,0.00843752,remove
627,5692549928996306947,0,11,0.00762222,remove
628,5692549928996306947,0,11,0.00762222,remove
629,5692549928996306947,0,11,0.00843752,remove
630,5692549928996306947,0,11,0.00836764,remove
631,5692549928996306947,0,11,0.00762222,remove
632,5692549928996306947,0,11,0.00836764,remove
633,5692549928996306947,0,11,0.00724438,remove
634,5692549928996306947,0,11,0.00755091,remove
635,5692549928996306947,0,11,0.00754537,remove
636,5692549928996306947,0,11,0.00724438,remove
637,5692549928996306947,0,11,0.00754537,remove
638,5692549928996306947,0,11,0.00716121,remove
639,5692549928996306947,0,11,0.00716121,remove
640,5692549928996306947,0,11,0.00754537,remove
641,5692549928996306947,0,11,0.00755599,remove
642,5692549928996306947,0,11,0.00716121,remove
643,5692549928996306947,0,11,0.00755599,remove
644,5692549928996306947,0,11,0.00666491,remove
645,5692549928996306947,0,11,0.00666491,remove
646,5692549928996306947,0,11,0.00755599,remove
647,5692549928996306947,0,11,0.00762678,remove
648,5692549928996306947,0,11,0.00666491,remove
649,5692549928996306947,0,11,0.00762678,remove
650,5692549928996306947,0,11,0.00639245,remove
651,5692549928996306947,0,11,0.00639245,remove
652,5692549928996306947,0,11,0.00762678,remove
653,5692549928996306947,0,11,0.00797849,remove
654,5692549928996306947,0,11,0.00639245,remove
655,5692549928996306947,0,11,0.00797849,remove
656,5692549928996306947,0,11,0.00631914,remove
657,5692549928996306947,0,11,0.00631914,remove
658,5692549928996306947,0,11,0.00797849,remove
659,5692549928996306947,0,11,0.00805844,remove
660,5692549928996306947,0,11,0.0127526,remove
661,5692549928996306947,0,11,0.00631914,remove
662,5692549928996306947,0,11,0.00805844,remove
663,5692549928996306947,0,11,0.00630502,remove
664,5692549928996306947,0,11,0.00631914,remove
665,5692549928996306947,0,11,0.0127526,remove
666,5692549928996306947,0,11,0.00762222,remove
667,5692549928996306947,0,11,0.00630502,remove
668,5692549928996306947,0,11,0.0127526,remove
669,5692549928996306947,0,11,0.00630459,remove
670,5692549928996306947,0,11,0.00630502,remove
671,5692549928996306947,0,11,0.00762222,remove
672,5692549928996306947,0,11,0.00630459,remove
673,5692549928996306947,0,11,0.00762222,remove
674,5692549928996306947,0,11,0.00630459,remove
675,5692549928996306947,0,11,0.00716283,remove
676,5692549928996306947,0,11,0.00634253,remove
677,5692549928996306947,0,11,0.00724598,remove
678,5692549928996306947,0,11,0.00630583,remove
679,5692549928996306947,0,11,0.00634253,remove
680,5692549928996306947,0,11,0.00716283,remove
681,5692549928996306947,0,11,0.00666665,remove
682,5692549928996306947,0,11,0.00630583,remove
683,5692549928996306947,0,11,0.00716283,remove
684,5692549928996306947,0,11,0.00629325,remove
685,5692549928996306947,0,11,0.00630583,remove
686,5692549928996306947,0,11,0.00666665,remove
687,5692549928996306947,0,11,0.00639427,remove
688,5692549928996306947,0,11,0.00629325,remove
689,5692549928996306947,0,11,0.00666665,remove
690,5692549928996306947,0,11,0.00629402,remove
691,5692549928996306947,0,11,0.00629325,remove
692,5692549928996306947,0,11,0.00639427,remove
693,5692549928996306947,0,11,0.00632098,remove
694,5692549928996306947,0,11,0.00629402,remove
695,5692549928996306947,0,11,0.00639427,remove
696,5692549928996306947,0,11,0.00629563,remove
697,5692549928996306947,0,11,0.00629402,remove
698,5692549928996306947,0,11,0.00632098,remove
699,5692549928996306947,0,11,0.00630686,remove
700,5692549928996306947,0,11,0.00629563,remove
701,5692549928996306947,0,11,0.00632098,remove
702,5692549928996306947,0,11,0.00629707,remove
703,5692549928996306947,0,11,0.00629563,remove
704,5692549928996306947,0,11,0.00630686,remove
705,5692549928996306947,0,11,0.00630643,remove
706,5692549928996306947,0,11,0.00629707,remove
707,5692549928996306947,0,11,0.00630686,remove
708,5692549928996306947,0,11,0.00629643,remove
709,5692549928996306947,0,11,0.00629707,remove
710,5692549928996306947,0,11,0.00630643,remove
711,5692549928996306947,0,11,0.00629643,remove
712,5692549928996306947,0,11,0.00630643,remove
713,5692549928996306947,0,11,0.00629643,remove
714,5692549928996306947,0,11,0.00630583,remove
715,5692549928996306947,0,11,0.00634253,remove
716,5692549928996306947,0,11,0.00628636,remove
717,5692549928996306947,0,11,0.00630583,remove
718,5692549928996306947,0,11,0.00629325,remove
719,5692549928996306947,0,11,0.00628636,remove
720,5692549928996306947,0,11,0.00630583,remove
721,5692549928996306947,0,11,0.00628095,remove
722,5692549928996306947,0,11,0.00628636,remove
723,5692549928996306947,0,11,0.00629325,remove
724,5692549928996306947,0,11,0.00629402,remove
725,5692549928996306947,0,11,0.00628095,remove
726,5692549928996306947,0,11,0.00629325,remove
727,5692549928996306947,0,11,0.00628214,remove
728,5692549928996306947,0,11,0.00628095,remove
729,5692549928996306947,0,11,0.00629402,remove
730,5692549928996306947,0,11,0.00629563,remove
731,5692549928996306947,0,11,0.00628214,remove
732,5692549928996306947,0,11,0.00629402,remove
733,5692549928996306947,0,11,0.00628397,remove
734,5692549928996306947,0,11,0.00628214,remove
735,5692549928996306947,0,11,0.00629563,remove
736,5692549928996306947,0,11,0.00629707,remove
737,5692549928996306947,0,11,0.00628397,remove
738,5692549928996306947,0,11,0.00629563,remove
739,5692549928996306947,0,11,0.00628541,remove
740,5692549928996306947,0,11,0.00628397,remove
741,5692549928996306947,0,11,0.00629707,remove
742,5692549928996306947,0,11,0.00629643,remove
743,5692549928996306947,0,11,0.00628541,remove
744,5692549928996306947,0,11,0.00629707,remove
745,5692549928996306947,0,11,0.00628477,remove
746,5692549928996306947,0,11,0.00628541,remove
747,5692549928996306947,0,11,0.00629643,remove
748,5692549928996306947,0,11,0.00628477,remove
749,5692549928996306947,0,11,0.00629643,remove
750,5692549928996306947,0,11,0.00628376,remove
751,5692549928996306947,0,11,0.00628477,remove
752,5692549928996306947,0,11,0.0062882,remove
753,5692549928996306947,0,11,0.0062882,remove
754,5692549928996306947,0,11,0.00628279,remove
755,5692549928996306947,0,11,0.0062882,remove
756,5692549928996306947,0,11,0.00628279,remove
757,5692549928996306947,0,11,0.00628398,remove
758,5692549928996306947,0,11,0.00628279,remove
759,5692549928996306947,0,11,0.00627252,remove
760,5692549928996306947,0,11,0.00628398,remove
761,5692549928996306947,0,11,0.00628581,remove
762,5692549928996306947,0,11,0.00627252,remove
763,5692549928996306947,0,11,0.00628398,remove
764,5692549928996306947,0,11,0.00627435,remove
765,5692549928996306947,0,11,0.00627252,remove
766,5692549928996306947,0,11,0.00628581,remove
767,5692549928996306947,0,11,0.00628725,remove
768,5692549928996306947,0,11,0.00627435,remove
769,5692549928996306947,0,11,0.00628581,remove
770,5692549928996306947,0,11,0.0062758,remove
771,5692549928996306947,0,11,0.00627435,remove
772,5692549928996306947,0,11,0.00628725,remove
773,5692549928996306947,0,11,0.00628661,remove
774,5692549928996306947,0,11,0.0062758,remove
775,5692549928996306947,0,11,0.00628725,remove
776,5692549928996306947,0,11,0.00627496,remove
777,5692549928996306947,0,11,0.0062758,remove
778,5692549928996306947,0,11,0.00628661,remove
779,5692549928996306947,0,11,0.0062856,remove
780,5692549928996306947,0,11,0.00627496,remove
781,5692549928996306947,0,11,0.00628661,remove
782,5692549928996306947,0,11,0.00627496,remove
783,5692549928996306947,0,11,0.0062856,remove
784,5692549928996306947,0,11,0.0062856,remove
785,5692549928996306947,0,11,0.00760658,remove
786,5692549928996306947,0,11,0.0075793,remove
787,5692549928996306947,0,11,0.00760658,remove
788,5692549928996306947,0,11,0.0075793,remove
789,5692549928996306947,0,11,0.00836849,remove
790,5692549928996306947,0,11,0.0075793,remove
791,5692549928996306947,0,11,0.00836764,remove
792,5692549928996306947,0,11,0.00628376,remove
793,5692549928996306947,0,11,0.00628376,remove
794,5692549928996306947,0,11,0.00757678,remove
795,5692549928996306947,0,11,0.00757583,remove
796,5692549928996306947,0,11,0.00761162,remove
797,5692549928996306947,0,11,0.00756021,remove
798,5692549928996306947,0,11,0.00761162,remove
799,5692549928996306947,0,11,0.00757583,remove
800,5692549928996306947,0,11,0.00756021,remove
801,5692549928996306947,0,11,0.00759869,remove
802,5692549928996306947,0,11,0.00243109,remove
803,5692549928996306947,0,11,0.00761162,remove
804,5692549928996306947,0,11,0.00759869,remove
805,5692549928996306947,0,11,0.00756021,remove
806,5692549928996306947,0,11,0.00761162,remove
807,5692549928996306947,0,11,0.00759361,remove
808,5692549928996306947,0,11,0.00759869,remove
809,5692549928996306947,0,11,0.00759361,remove
810,5692549928996306947,0,11,0.00761162,remove
811,5692549928996306947,0,11,0.00761162,remove
812,5692549928996306947,0,11,0.00767812,remove
813,5692549928996306947,0,11,0.00910294,remove
814,5692549928996306947,0,11,0.00767812,remove
815,5692549928996306947,0,11,0.0076696,remove
816,5692549928996306947,0,11,0.0076696,remove
817,5692549928996306947,0,11,0.0076696,remove
818,5692549928996306947,0,11,0.0076696,remove
819,5692549928996306947,0,11,0.00910294,remove
820,5692549928996306947,0,11,0.00766902,remove
821,5692549928996306947,0,11,0.00914966,remove
822,5692549928996306947,0,11,0.00910215,remove
823,5692549928996306947,0,11,0.00766902,remove
824,5692549928996306947,0,11,0.00910215,remove
825,5692549928996306947,0,11,0.00767719,remove
826,5692549928996306947,0,11,0.00765991,remove
827,5692549928996306947,0,11,0.00766866,remove
828,5692549928996306947,0,11,0.00765991,remove
829,5692549928996306947,0,11,0.00766866,remove
830,5692549928996306947,0,11,0.00910215,remove
831,5692549928996306947,0,11,0.00765991,remove
832,5692549928996306947,0,11,0.00765991,remove
833,5692549928996306947,0,11,0.00910215,remove
834,5692549928996306947,0,11,0.00914966,remove
835,5692549928996306947,0,11,0.00765992,remove
836,5692549928996306947,0,11,0.00911323,remove
837,5692549928996306947,0,11,0.00914966,remove
838,5692549928996306947,0,11,0.00765992,remove
839,5692549928996306947,0,11,0.00914966,remove
840,5692549928996306947,0,11,0.00766902,remove
841,5692549928996306947,0,11,0.00765187,remove
842,5692549928996306947,0,11,0.00765991,remove
843,5692549928996306947,0,11,0.00765187,remove
844,5692549928996306947,0,11,0.00765991,remove
845,5692549928996306947,0,11,0.00914966,remove
846,5692549928996306947,0,11,0.00765187,remove
847,5692549928996306947,0,11,0.00765187,remove
848,5692549928996306947,0,11,0.00914966,remove
849,5692549928996306947,0,11,0.00911323,remove
850,5692549928996306947,0,11,0.0076541,remove
851,5692549928996306947,0,11,0.00916489,remove
852,5692549928996306947,0,11,0.00911323,remove
853,5692549928996306947,0,11,0.0076541,remove
854,5692549928996306947,0,11,0.00911323,remove
855,5692549928996306947,0,11,0.00765992,remove
856,5692549928996306947,0,11,0.00764508,remove
857,5692549928996306947,0,11,0.00765187,remove
858,5692549928996306947,0,11,0.00764508,remove
859,5692549928996306947,0,11,0.00765187,remove
860,5692549928996306947,0,11,0.00911323,remove
861,5692549928996306947,0,11,0.00764508,remove
862,5692549928996306947,0,11,0.00764508,remove
863,5692549928996306947,0,11,0.00911323,remove
864,5692549928996306947,0,11,0.00916489,remove
865,5692549928996306947,0,11,0.00762889,remove
866,5692549928996306947,0,11,0.00919009,remove
867,5692549928996306947,0,11,0.00916489,remove
868,5692549928996306947,0,11,0.00762889,remove
869,5692549928996306947,0,11,0.00916489,remove
870,5692549928996306947,0,11,0.0076541,remove
871,5692549928996306947,0,11,0.0076162,remove
872,5692549928996306947,0,11,0.0076162,remove
873,5692549928996306947,0,11,0.00761902,remove
874,5692549928996306947,0,11,0.0076162,remove
875,5692549928996306947,0,11,0.00764508,remove
876,5692549928996306947,0,11,0.00761902,remove
877,5692549928996306947,0,11,0.00764508,remove
878,5692549928996306947,0,11,0.00916489,remove
879,5692549928996306947,0,11,0.00761902,remove
880,5692549928996306947,0,11,0.00761902,remove
881,5692549928996306947,0,11,0.00916489,remove
882,5692549928996306947,0,11,0.00919009,remove
883,5692549928996306947,0,11,0.00761762,remove
884,5692549928996306947,0,11,0.00923828,remove
885,5692549928996306947,0,11,0.00918931,remove
886,5692549928996306947,0,11,0.00761762,remove
887,5692549928996306947,0,11,0.00918931,remove
888,5692549928996306947,0,11,0.00762795,remove
889,5692549928996306947,0,11,0.00758693,remove
890,5692549928996306947,0,11,0.00758693,remove
891,5692549928996306947,0,11,0.00759914,remove
892,5692549928996306947,0,11,0.00758693,remove
893,5692549928996306947,0,11,0.00759914,remove
894,5692549928996306947,0,11,0.00760637,remove
895,5692549928996306947,0,11,0.00759914,remove
896,5692549928996306947,0,11,0.00761526,remove
897,5692549928996306947,0,11,0.00760637,remove
898,5692549928996306947,0,11,0.00761526,remove
899,5692549928996306947,0,11,0.00760963,remove
900,5692549928996306947,0,11,0.00760637,remove
901,5692549928996306947,0,11,0.00761808,remove
902,5692549928996306947,0,11,0.00760963,remove
903,5692549928996306947,0,11,0.00761526,remove
904,5692549928996306947,0,11,0.00761808,remove
905,5692549928996306947,0,11,0.00918931,remove
906,5692549928996306947,0,11,0.00760963,remove
907,5692549928996306947,0,11,0.00760963,remove
908,5692549928996306947,0,11,0.00918931,remove
909,5692549928996306947,0,11,0.00923828,remove
910,5692549928996306947,0,11,0.00759036,remove
911,5692549928996306947,0,11,0.00759361,remove
912,5692549928996306947,0,11,0.00759036,remove
913,5692549928996306947,0,11,0.00757987,remove
914,5692549928996306947,0,11,0.00759036,remove
915,5692549928996306947,0,11,0.00757987,remove
916,5692549928996306947,0,11,0.00758176,remove
917,5692549928996306947,0,11,0.00757987,remove
918,5692549928996306947,0,11,0.00758693,remove
919,5692549928996306947,0,11,0.00758176,remove
920,5692549928996306947,0,11,0.00758693,remove
921,5692549928996306947,0,11,0.00759062,remove
922,5692549928996306947,0,11,0.00758176,remove
923,5692549928996306947,0,11,0.00759914,remove
924,5692549928996306947,0,11,0.00759062,remove
925,5692549928996306947,0,11,0.00758693,remove
926,5692549928996306947,0,11,0.00759914,remove
927,5692549928996306947,0,11,0.00759763,remove
928,5692549928996306947,0,11,0.00759062,remove
929,5692549928996306947,0,11,0.00760637,remove
930,5692549928996306947,0,11,0.00759763,remove
931,5692549928996306947,0,11,0.00759914,remove
932,5692549928996306947,0,11,0.00760637,remove
933,5692549928996306947,0,11,0.00760095,remove
934,5692549928996306947,0,11,0.00759763,remove
935,5692549928996306947,0,11,0.00760963,remove
936,5692549928996306947,0,11,0.00760095,remove
937,5692549928996306947,0,11,0.00760637,remove
938,5692549928996306947,0,11,0.00760658,remove
939,5692549928996306947,0,11,0.00928794,remove
940,5692549928996306947,0,11,0.00923828,remove
941,5692549928996306947,0,11,0.00760658,remove
942,5692549928996306947,0,11,0.00923828,remove
943,5692549928996306947,0,11,0.00761762,remove
944,5692549928996306947,0,11,0.00760963,remove
945,5692549928996306947,0,11,0.00923828,remove
946,5692549928996306947,0,11,0.00760095,remove
947,5692549928996306947,0,11,0.00760095,remove
948,5692549928996306947,0,11,0.00923828,remove
949,5692549928996306947,0,11,0.00928794,remove
950,5692549928996306947,0,11,0.00761762,remove
951,5692549928996306947,0,11,0.00760658,remove
952,5692549928996306947,0,11,0.00762179,remove
953,5692549928996306947,0,11,0.00761762,remove
954,5692549928996306947,0,11,0.00768314,remove
955,5692549928996306947,0,11,0.00767812,remove
956,5692549928996306947,0,11,0.00768314,remove
957,5692549928996306947,0,11,0.00767719,remove
958,5692549928996306947,0,11,0.00767411,remove
959,5692549928996306947,0,11,0.00766902,remove
960,5692549928996306947,0,11,0.00768221,remove
961,5692549928996306947,0,11,0.00767411,remove
962,5692549928996306947,0,11,0.00767719,remove
963,5692549928996306947,0,11,0.00766902,remove
964,5692549928996306947,0,11,0.00766683,remove
965,5692549928996306947,0,11,0.00765992,remove
966,5692549928996306947,0,11,0.00767411,remove
967,5692549928996306947,0,11,0.00766683,remove
968,5692549928996306947,0,11,0.00766902,remove
969,5692549928996306947,0,11,0.00765992,remove
970,5692549928996306947,0,11,0.00765806,remove
971,5692549928996306947,0,11,0.0076541,remove
972,5692549928996306947,0,11,0.00766683,remove
973,5692549928996306947,0,11,0.00765806,remove
974,5692549928996306947,0,11,0.00765992,remove
975,5692549928996306947,0,11,0.0076541,remove
976,5692549928996306947,0,11,0.00763329,remove
977,5692549928996306947,0,11,0.00762889,remove
978,5692549928996306947,0,11,0.00765806,remove
979,5692549928996306947,0,11,0.00763329,remove
980,5692549928996306947,0,11,0.0076541,remove
981,5692549928996306947,0,11,0.00762795,remove
982,5692549928996306947,0,11,0.00762179,remove
983,5692549928996306947,0,11,0.00761762,remove
984,5692549928996306947,0,11,0.00763235,remove
985,5692549928996306947,0,11,0.00762179,remove
986,5692549928996306947,0,11,0.00762795,remove
987,5692549928996306947,0,11,0.00768447,remove
988,5692549928996306947,0,11,0.00864542,remove
989,5692549928996306947,0,11,0.00768447,remove
990,5692549928996306947,0,11,0.00769284,remove
991,5692549928996306947,0,11,0.00768448,remove
992,5692549928996306947,0,11,0.00769284,remove
993,5692549928996306947,0,11,0.00768383,remove
994,5692549928996306947,0,11,0.00768316,remove
995,5692549928996306947,0,11,0.00768383,remove
996,5692549928996306947,0,11,0.00767063,remove
997,5692549928996306947,0,11,0.00768383,remove
998,5692549928996306947,0,11,0.00767063,remove
999,5692549928996306947,0,11,0.00766872,remove
1000,5692549928996306947,0,11,0.00767063,remove
1001,5692549928996306947,0,11,0.00766872,remove
1002,5692549928996306947,0,11,0.0076746,remove
1003,5692549928996306947,0,11,0.00766872,remove
1004,5692549928996306947,0,11,0.0076746,remove
1005,5692549928996306947,0,11,0.00768139,remove
1006,5692549928996306947,0,11,0.0076746,remove
1007,5692549928996306947,0,11,0.00768139,remove
1008,5692549928996306947,0,11,0.00768139,remove
1009,5692549928996306947,0,11,0.00768139,remove
1010,5692549928996306947,0,11,0.00864542,remove
1011,5692549928996306947,0,11,0.00767298,remove
1012,5692549928996306947,0,11,0.0085901,remove
1013,5692549928996306947,0,11,0.00864459,remove
1014,5692549928996306947,0,11,0.00767298,remove
1015,5692549928996306947,0,11,0.00864459,remove
1016,5692549928996306947,0,11,0.00768353,remove
1017,5692549928996306947,0,11,0.00768355,remove
1018,5692549928996306947,0,11,0.00768136,remove
1019,5692549928996306947,0,11,0.007673,remove
1020,5692549928996306947,0,11,0.00769191,remove
1021,5692549928996306947,0,11,0.00768136,remove
1022,5692549928996306947,0,11,0.00768355,remove
1023,5692549928996306947,0,11,0.00768222,remove
1024,5692549928996306947,0,11,0.00767257,remove
1025,5692549928996306947,0,11,0.00767413,remove
1026,5692549928996306947,0,11,0.00768289,remove
1027,5692549928996306947,0,11,0.00767257,remove
1028,5692549928996306947,0,11,0.00768222,remove
1029,5692549928996306947,0,11,0.00768289,remove
1030,5692549928996306947,0,11,0.00765957,remove
1031,5692549928996306947,0,11,0.00767257,remove
1032,5692549928996306947,0,11,0.00766969,remove
1033,5692549928996306947,0,11,0.00765957,remove
1034,5692549928996306947,0,11,0.00768289,remove
1035,5692549928996306947,0,11,0.00766969,remove
1036,5692549928996306947,0,11,0.00765827,remove
1037,5692549928996306947,0,11,0.00765957,remove
1038,5692549928996306947,0,11,0.00766778,remove
1039,5692549928996306947,0,11,0.00765827,remove
1040,5692549928996306947,0,11,0.00766969,remove
1041,5692549928996306947,0,11,0.00766778,remove
1042,5692549928996306947,0,11,0.00766398,remove
1043,5692549928996306947,0,11,0.00765827,remove
1044,5692549928996306947,0,11,0.00767366,remove
1045,5692549928996306947,0,11,0.00766398,remove
1046,5692549928996306947,0,11,0.00766778,remove
1047,5692549928996306947,0,11,0.00767366,remove
1048,5692549928996306947,0,11,0.00767013,remove
1049,5692549928996306947,0,11,0.00766398,remove
1050,5692549928996306947,0,11,0.00768045,remove
1051,5692549928996306947,0,11,0.00767013,remove
1052,5692549928996306947,0,11,0.00767366,remove
1053,5692549928996306947,0,11,0.00768045,remove
1054,5692549928996306947,0,11,0.00864459,remove
1055,5692549928996306947,0,11,0.00767013,remove
1056,5692549928996306947,0,11,0.00767013,remove
1057,5692549928996306947,0,11,0.00864459,remove
1058,5692549928996306947,0,11,0.0085901,remove
1059,5692549928996306947,0,11,0.00766221,remove
1060,5692549928996306947,0,11,0.00847333,remove
1061,5692549928996306947,0,11,0.0085901,remove
1062,5692549928996306947,0,11,0.00766221,remove
1063,5692549928996306947,0,11,0.0085901,remove
1064,5692549928996306947,0,11,0.00767298,remove
1065,5692549928996306947,0,11,0.007673,remove
1066,5692549928996306947,0,11,0.00767228,remove
1067,5692549928996306947,0,11,0.00766222,remove
1068,5692549928996306947,0,11,0.00768136,remove
1069,5692549928996306947,0,11,0.00767228,remove
1070,5692549928996306947,0,11,0.007673,remove
1071,5692549928996306947,0,11,0.00767413,remove
1072,5692549928996306947,0,11,0.00766447,remove
1073,5692549928996306947,0,11,0.00766684,remove
1074,5692549928996306947,0,11,0.00767257,remove
1075,5692549928996306947,0,11,0.00766447,remove
1076,5692549928996306947,0,11,0.00767413,remove
1077,5692549928996306947,0,11,0.00767257,remove
1078,5692549928996306947,0,11,0.00765009,remove
1079,5692549928996306947,0,11,0.00766447,remove
1080,5692549928996306947,0,11,0.00765957,remove
1081,5692549928996306947,0,11,0.00765009,remove
1082,5692549928996306947,0,11,0.00767257,remove
1083,5692549928996306947,0,11,0.00765957,remove
1084,5692549928996306947,0,11,0.00764466,remove
1085,5692549928996306947,0,11,0.00765009,remove
1086,5692549928996306947,0,11,0.00765827,remove
1087,5692549928996306947,0,11,0.00764466,remove
1088,5692549928996306947,0,11,0.00765957,remove
1089,5692549928996306947,0,11,0.00765827,remove
1090,5692549928996306947,0,11,0.00765086,remove
1091,5692549928996306947,0,11,0.00764466,remove
1092,5692549928996306947,0,11,0.00766398,remove
1093,5692549928996306947,0,11,0.00765086,remove
1094,5692549928996306947,0,11,0.00765827,remove
1095,5692549928996306947,0,11,0.00766398,remove
1096,5692549928996306947,0,11,0.00765801,remove
1097,5692549928996306947,0,11,0.00765086,remove
1098,5692549928996306947,0,11,0.00767013,remove
1099,5692549928996306947,0,11,0.00765801,remove
1100,5692549928996306947,0,11,0.00766398,remove
1101,5692549928996306947,0,11,0.00767013,remove
1102,5692549928996306947,0,11,0.0085901,remove
1103,5692549928996306947,0,11,0.00765801,remove
1104,5692549928996306947,0,11,0.00765801,remove
1105,5692549928996306947,0,11,0.0085901,remove
1106,5692549928996306947,0,11,0.00847333,remove
1107,5692549928996306947,0,11,0.00847333,remove
1108,5692549928996306947,0,11,0.00847333,remove
1109,5692549928996306947,0,11,0.00766221,remove
1110,5692549928996306947,0,11,0.00766222,remove
1111,5692549928996306947,0,11,0.00767228,remove
1112,5692549928996306947,0,11,0.00766222,remove
1113,5692549928996306947,0,11,0.00766684,remove
1114,5692549928996306947,0,11,0.00765441,remove
1115,5692549928996306947,0,11,0.00765808,remove
1116,5692549928996306947,0,11,0.00766447,remove
1117,5692549928996306947,0,11,0.00765441,remove
1118,5692549928996306947,0,11,0.00766684,remove
1119,5692549928996306947,0,11,0.00766447,remove
1120,5692549928996306947,0,11,0.00765441,remove
1121,5692549928996306947,0,11,0.00765009,remove
1122,5692549928996306947,0,11,0.00766447,remove
1123,5692549928996306947,0,11,0.00765009,remove
1124,5692549928996306947,0,11,0.00764466,remove
1125,5692549928996306947,0,11,0.00765009,remove
1126,5692549928996306947,0,11,0.00764466,remove
1127,5692549928996306947,0,11,0.00765086,remove
1128,5692549928996306947,0,11,0.00764466,remove
1129,5692549928996306947,0,11,0.00765086,remove
1130,5692549928996306947,0,11,0.00765801,remove
1131,5692549928996306947,0,11,0.00765086,remove
1132,5692549928996306947,0,11,0.00765801,remove
1133,5692549928996306947,0,11,0.00847333,remove
1134,5692549928996306947,0,11,0.00847333,remove
1135,5692549928996306947,0,11,0.00765808,remove
1136,5692549928996306947,0,11,0.00763331,remove
1137,5692549928996306947,0,11,0.00765441,remove
1138,5692549928996306947,0,11,0.00765808,remove
1139,5692549928996306947,0,11,0.00765441,remove
1140,5692549928996306947,0,11,0.00765441,remove
1141,5692549928996306947,0,11,0.00763237,remove
1142,5692549928996306947,0,11,0.00762181,remove
1143,5692549928996306947,0,11,0.00763237,remove
1144,5692549928996306947,0,11,0.00762181,remove
1145,5692549928996306947,0,11,0.00762181,remove
1146,5692549928996306947,0,11,0.0076934,remove
1147,5692549928996306947,0,11,0.00769284,remove
1148,5692549928996306947,0,11,0.0076934,remove
1149,5692549928996306947,0,11,0.00769191,remove
1150,5692549928996306947,0,11,0.00768168,remove
1151,5692549928996306947,0,11,0.00768136,remove
1152,5692549928996306947,0,11,0.00769246,remove
1153,5692549928996306947,0,11,0.00768168,remove
1154,5692549928996306947,0,11,0.00769191,remove
1155,5692549928996306947,0,11,0.00768136,remove
1156,5692549928996306947,0,11,0.00767381,remove
1157,5692549928996306947,0,11,0.00767228,remove
1158,5692549928996306947,0,11,0.00768168,remove
1159,5692549928996306947,0,11,0.00767381,remove
1160,5692549928996306947,0,11,0.00768136,remove
1161,5692549928996306947,0,11,0.00767228,remove
1162,5692549928996306947,0,11,0.00767381,remove
1163,5692549928996306947,0,11,0.00767228,remove
1164,5692549928996306947,0,11,0.00764889,remove
1165,5692549928996306947,0,11,0.0104071,remove
1166,5692549928996306947,0,11,0.00764889,remove
1167,5692549928996306947,0,11,0.00765232,remove
1168,5692549928996306947,0,11,0.0117172,remove
1169,5692549928996306947,0,11,0.00765232,remove
1170,5692549928996306947,0,11,0.00764989,remove
1171,5692549928996306947,0,11,0.00764989,remove
1172,5692549928996306947,0,11,0.00764989,remove
1173,5692549928996306947,0,11,0.00765232,remove
1174,5692549928996306947,0,11,0.00764889,remove
1175,5692549928996306947,0,11,0.00764989,remove
1176,5692549928996306947,0,11,0.00768587,remove
1177,5692549928996306947,0,11,0.0076934,remove
1178,5692549928996306947,0,11,0.00768587,remove
1179,5692549928996306947,0,11,0.00768368,remove
1180,5692549928996306947,0,11,0.00768587,remove
1181,5692549928996306947,0,11,0.00768368,remove
1182,5692549928996306947,0,11,0.00768504,remove
1183,5692549928996306947,0,11,0.00768368,remove
1184,5692549928996306947,0,11,0.00768504,remove
1185,5692549928996306947,0,11,0.00768504,remove
1186,5692549928996306947,0,11,0.00768504,remove
1187,5692549928996306947,0,11,0.0117178,remove
1188,5692549928996306947,0,11,0.00763448,remove
1189,5692549928996306947,0,11,0.0104064,remove
1190,5692549928996306947,0,11,0.0104039,remove
1191,5692549928996306947,0,11,0.00764795,remove
1192,5692549928996306947,0,11,0.0104064,remove
1193,5692549928996306947,0,11,0.00763448,remove
1194,5692549928996306947,0,11,0.00763144,remove
1195,5692549928996306947,0,11,0.0117394,remove
1196,5692549928996306947,0,11,0.0117166,remove
1197,5692549928996306947,0,11,0.00763144,remove
1198,5692549928996306947,0,11,0.0117166,remove
1199,5692549928996306947,0,11,0.00765138,remove
1200,5692549928996306947,0,11,0.00765138,remove
1201,5692549928996306947,0,11,0.0076378,remove
1202,5692549928996306947,0,11,0.00763144,remove
1203,5692549928996306947,0,11,0.00764895,remove
1204,5692549928996306947,0,11,0.0076378,remove
1205,5692549928996306947,0,11,0.00765138,remove
1206,5692549928996306947,0,11,0.00764895,remove
1207,5692549928996306947,0,11,0.00764795,remove
1208,5692549928996306947,0,11,0.0076378,remove
1209,5692549928996306947,0,11,0.0076378,remove
1210,5692549928996306947,0,11,0.00764795,remove
1211,5692549928996306947,0,11,0.00763448,remove
1212,5692549928996306947,0,11,0.00769246,remove
1213,5692549928996306947,0,11,0.00767263,remove
1214,5692549928996306947,0,11,0.00768168,remove
1215,5692549928996306947,0,11,0.00768493,remove
1216,5692549928996306947,0,11,0.00767263,remove
1217,5692549928996306947,0,11,0.00769246,remove
1218,5692549928996306947,0,11,0.00768493,remove
1219,5692549928996306947,0,11,0.00766677,remove
1220,5692549928996306947,0,11,0.00767263,remove
1221,5692549928996306947,0,11,0.00768275,remove
1222,5692549928996306947,0,11,0.00766677,remove
1223,5692549928996306947,0,11,0.00768493,remove
1224,5692549928996306947,0,11,0.00768275,remove
1225,5692549928996306947,0,11,0.00766361,remove
1226,5692549928996306947,0,11,0.00766677,remove
1227,5692549928996306947,0,11,0.0076841,remove
1228,5692549928996306947,0,11,0.00766361,remove
1229,5692549928996306947,0,11,0.00768275,remove
1230,5692549928996306947,0,11,0.0076841,remove
1231,5692549928996306947,0,11,0.0117172,remove
1232,5692549928996306947,0,11,0.00766361,remove
1233,5692549928996306947,0,11,0.00766361,remove
1234,5692549928996306947,0,11,0.0117172,remove
1235,5692549928996306947,0,11,0.01174,remove
1236,5692549928996306947,0,11,0.00761449,remove
1237,5692549928996306947,0,11,0.0104039,remove
1238,5692549928996306947,0,11,0.0103933,remove
1239,5692549928996306947,0,11,0.00763448,remove
1240,5692549928996306947,0,11,0.0104039,remove
1241,5692549928996306947,0,11,0.00761449,remove
1242,5692549928996306947,0,11,0.00762179,remove
1243,5692549928996306947,0,11,0.0116931,remove
1244,5692549928996306947,0,11,0.0117394,remove
1245,5692549928996306947,0,11,0.00762179,remove
1246,5692549928996306947,0,11,0.0117394,remove
1247,5692549928996306947,0,11,0.00763144,remove
1248,5692549928996306947,0,11,0.00763144,remove
1249,5692549928996306947,0,11,0.0076211,remove
1250,5692549928996306947,0,11,0.00762179,remove
1251,5692549928996306947,0,11,0.0076378,remove
1252,5692549928996306947,0,11,0.0076211,remove
1253,5692549928996306947,0,11,0.00763144,remove
1254,5692549928996306947,0,11,0.0076378,remove
1255,5692549928996306947,0,11,0.00763448,remove
1256,5692549928996306947,0,11,0.0076211,remove
1257,5692549928996306947,0,11,0.0076211,remove
1258,5692549928996306947,0,11,0.00763448,remove
1259,5692549928996306947,0,11,0.00761449,remove
1260,5692549928996306947,0,11,0.00768168,remove
1261,5692549928996306947,0,11,0.00766498,remove
1262,5692549928996306947,0,11,0.00767381,remove
1263,5692549928996306947,0,11,0.00767263,remove
1264,5692549928996306947,0,11,0.00766498,remove
1265,5692549928996306947,0,11,0.00768168,remove
1266,5692549928996306947,0,11,0.00767263,remove
1267,5692549928996306947,0,11,0.00765789,remove
1268,5692549928996306947,0,11,0.00766498,remove
1269,5692549928996306947,0,11,0.00766677,remove
1270,5692549928996306947,0,11,0.00765789,remove
1271,5692549928996306947,0,11,0.00767263,remove
1272,5692549928996306947,0,11,0.00766677,remove
1273,5692549928996306947,0,11,0.00765722,remove
1274,5692549928996306947,0,11,0.00765789,remove
1275,5692549928996306947,0,11,0.00766361,remove
1276,5692549928996306947,0,11,0.00765722,remove
1277,5692549928996306947,0,11,0.00766677,remove
1278,5692549928996306947,0,11,0.00766361,remove
1279,5692549928996306947,0,11,0.01174,remove
1280,5692549928996306947,0,11,0.00765722,remove
1281,5692549928996306947,0,11,0.00765722,remove
1282,5692549928996306947,0,11,0.01174,remove
1283,5692549928996306947,0,11,0.0116937,remove
1284,5692549928996306947,0,11,0.0103933,remove
1285,5692549928996306947,0,11,0.00761449,remove
1286,5692549928996306947,0,11,0.0103933,remove
1287,5692549928996306947,0,11,0.0116931,remove
1288,5692549928996306947,0,11,0.0116931,remove
1289,5692549928996306947,0,11,0.00762179,remove
1290,5692549928996306947,0,11,0.00762179,remove
1291,5692549928996306947,0,11,0.0076211,remove
1292,5692549928996306947,0,11,0.00762179,remove
1293,5692549928996306947,0,11,0.0076211,remove
1294,5692549928996306947,0,11,0.00761449,remove
1295,5692549928996306947,0,11,0.00761449,remove
1296,5692549928996306947,0,11,0.00767381,remove
1297,5692549928996306947,0,11,0.00766498,remove
1298,5692549928996306947,0,11,0.00767381,remove
1299,5692549928996306947,0,11,0.00766498,remove
1300,5692549928996306947,0,11,0.00765789,remove
1301,5692549928996306947,0,11,0.00766498,remove
1302,5692549928996306947,0,11,0.00765789,remove
1303,5692549928996306947,0,11,0.00765722,remove
1304,5692549928996306947,0,11,0.00765789,remove
1305,5692549928996306947,0,11,0.00765722,remove
1306,5692549928996306947,0,11,0.0116937,remove
1307,5692549928996306947,0,11,0.0116937,remove
1308,5692549928996306947,0,11,0.0061944,remove
1309,5692549928996306947,0,11,0.00621798,remove
1310,5692549928996306947,0,11,0.0061944,remove
1311,5692549928996306947,0,11,0.00621798,remove
1312,5692549928996306947,0,11,0.00614811,remove
1313,5692549928996306947,0,11,0.0061944,remove
1314,5692549928996306947,0,11,0.00620187,remove
1315,5692549928996306947,0,11,0.00614811,remove
1316,5692549928996306947,0,11,0.00621798,remove
1317,5692549928996306947,0,11,0.0062037,remove
1318,5692549928996306947,0,11,0.00614844,remove
1319,5692549928996306947,0,11,0.00614996,remove
1320,5692549928996306947,0,11,0.00617716,remove
1321,5692549928996306947,0,11,0.00614844,remove
1322,5692549928996306947,0,11,0.0062037,remove
1323,5692549928996306947,0,11,0.00619701,remove
1324,5692549928996306947,0,11,0.00617716,remove
1325,5692549928996306947,0,11,0.0062037,remove
1326,5692549928996306947,0,11,0.00617664,remove
1327,5692549928996306947,0,11,0.00617716,remove
1328,5692549928996306947,0,11,0.00619701,remove
1329,5692549928996306947,0,11,0.00621798,remove
1330,5692549928996306947,0,11,0.0062127,remove
1331,5692549928996306947,0,11,0.00621798,remove
1332,5692549928996306947,0,11,0.0062127,remove
1333,5692549928996306947,0,11,0.00620187,remove
1334,5692549928996306947,0,11,0.00621798,remove
1335,5692549928996306947,0,11,0.00619517,remove
1336,5692549928996306947,0,11,0.00620187,remove
1337,5692549928996306947,0,11,0.0062127,remove
1338,5692549928996306947,0,11,0.00627252,remove
1339,5692549928996306947,0,11,0.00625466,remove
1340,5692549928996306947,0,11,0.00627252,remove
1341,5692549928996306947,0,11,0.00627435,remove
1342,5692549928996306947,0,11,0.00625466,remove
1343,5692549928996306947,0,11,0.00627252,remove
1344,5692549928996306947,0,11,0.00625628,remove
1345,5692549928996306947,0,11,0.00625466,remove
1346,5692549928996306947,0,11,0.00627435,remove
1347,5692549928996306947,0,11,0.0062758,remove
1348,5692549928996306947,0,11,0.00625628,remove
1349,5692549928996306947,0,11,0.00627435,remove
1350,5692549928996306947,0,11,0.00625815,remove
1351,5692549928996306947,0,11,0.00625628,remove
1352,5692549928996306947,0,11,0.0062758,remove
1353,5692549928996306947,0,11,0.00627496,remove
1354,5692549928996306947,0,11,0.00625815,remove
1355,5692549928996306947,0,11,0.0062758,remove
1356,5692549928996306947,0,11,0.00625815,remove
1357,5692549928996306947,0,11,0.00627496,remove
1358,5692549928996306947,0,11,0.00627496,remove
1359,5692549928996306947,0,11,0.00625466,remove
1360,5692549928996306947,0,11,0.00624279,remove
1361,5692549928996306947,0,11,0.00625466,remove
1362,5692549928996306947,0,11,0.00625628,remove
1363,5692549928996306947,0,11,0.00624279,remove
1364,5692549928996306947,0,11,0.00625466,remove
1365,5692549928996306947,0,11,0.00624462,remove
1366,5692549928996306947,0,11,0.00624279,remove
1367,5692549928996306947,0,11,0.00625628,remove
1368,5692549928996306947,0,11,0.00625815,remove
1369,5692549928996306947,0,11,0.00624462,remove
1370,5692549928996306947,0,11,0.00625628,remove
1371,5692549928996306947,0,11,0.00624649,remove
1372,5692549928996306947,0,11,0.00624462,remove
1373,5692549928996306947,0,11,0.00625815,remove
1374,5692549928996306947,0,11,0.00624649,remove
1375,5692549928996306947,0,11,0.00625815,remove
1376,5692549928996306947,0,11,0.00624649,remove
1377,5692549928996306947,0,11,0.00624463,remove
1378,5692549928996306947,0,11,0.00623317,remove
1379,5692549928996306947,0,11,0.00624463,remove
1380,5692549928996306947,0,11,0.00624646,remove
1381,5692549928996306947,0,11,0.00623317,remove
1382,5692549928996306947,0,11,0.00624463,remove
1383,5692549928996306947,0,11,0.0062348,remove
1384,5692549928996306947,0,11,0.00623317,remove
1385,5692549928996306947,0,11,0.00624646,remove
1386,5692549928996306947,0,11,0.00624833,remove
1387,5692549928996306947,0,11,0.0062348,remove
1388,5692549928996306947,0,11,0.00624646,remove
1389,5692549928996306947,0,11,0.00623688,remove
1390,5692549928996306947,0,11,0.0062348,remove
1391,5692549928996306947,0,11,0.00624833,remove
1392,5692549928996306947,0,11,0.00623688,remove
1393,5692549928996306947,0,11,0.00624833,remove
1394,5692549928996306947,0,11,0.00623688,remove
1395,5692549928996306947,0,11,0.00623317,remove
1396,5692549928996306947,0,11,0.00623844,remove
1397,5692549928996306947,0,11,0.00623317,remove
1398,5692549928996306947,0,11,0.0062348,remove
1399,5692549928996306947,0,11,0.00623844,remove
1400,5692549928996306947,0,11,0.00623317,remove
1401,5692549928996306947,0,11,0.0062392,remove
1402,5692549928996306947,0,11,0.00623844,remove
1403,5692549928996306947,0,11,0.0062348,remove
1404,5692549928996306947,0,11,0.00623688,remove
1405,5692549928996306947,0,11,0.0062392,remove
1406,5692549928996306947,0,11,0.0062348,remove
1407,5692549928996306947,0,11,0.00624,remove
1408,5692549928996306947,0,11,0.0062392,remove
1409,5692549928996306947,0,11,0.00623688,remove
1410,5692549928996306947,0,11,0.00624,remove
1411,5692549928996306947,0,11,0.00623688,remove
1412,5692549928996306947,0,11,0.00624,remove
1413,5692549928996306947,0,11,0.00619823,remove
1414,5692549928996306947,0,11,0.00623844,remove
1415,5692549928996306947,0,11,0.00619823,remove
1416,5692549928996306947,0,11,0.00620128,remove
1417,5692549928996306947,0,11,0.00619823,remove
1418,5692549928996306947,0,11,0.00623844,remove
1419,5692549928996306947,0,11,0.0062392,remove
1420,5692549928996306947,0,11,0.00620128,remove
1421,5692549928996306947,0,11,0.00623844,remove
1422,5692549928996306947,0,11,0.00620251,remove
1423,5692549928996306947,0,11,0.00620128,remove
1424,5692549928996306947,0,11,0.0062392,remove
1425,5692549928996306947,0,11,0.00624,remove
1426,5692549928996306947,0,11,0.00620251,remove
1427,5692549928996306947,0,11,0.0062392,remove
1428,5692549928996306947,0,11,0.00620418,remove
1429,5692549928996306947,0,11,0.00620251,remove
1430,5692549928996306947,0,11,0.00624,remove
1431,5692549928996306947,0,11,0.00620418,remove
1432,5692549928996306947,0,11,0.00624,remove
1433,5692549928996306947,0,11,0.00620366,remove
1434,5692549928996306947,0,11,0.00620418,remove
1435,5692549928996306947,0,11,0.00620366,remove
1436,5692549928996306947,0,11,0.00620366,remove
1437,5692549928996306947,0,11,0.0062127,remove
1438,5692549928996306947,0,11,0.00618963,remove
1439,5692549928996306947,0,11,0.0062127,remove
1440,5692549928996306947,0,11,0.00620008,remove
1441,5692549928996306947,0,11,0.00618963,remove
1442,5692549928996306947,0,11,0.00618701,remove
1443,5692549928996306947,0,11,0.00618963,remove
1444,5692549928996306947,0,11,0.00620008,remove
1445,5692549928996306947,0,11,0.00620312,remove
1446,5692549928996306947,0,11,0.00618701,remove
1447,5692549928996306947,0,11,0.00620008,remove
1448,5692549928996306947,0,11,0.00618726,remove
1449,5692549928996306947,0,11,0.00618701,remove
1450,5692549928996306947,0,11,0.00620312,remove
1451,5692549928996306947,0,11,0.00620435,remove
1452,5692549928996306947,0,11,0.00618726,remove
1453,5692549928996306947,0,11,0.00620312,remove
1454,5692549928996306947,0,11,0.0061891,remove
1455,5692549928996306947,0,11,0.00618726,remove
1456,5692549928996306947,0,11,0.00620435,remove
1457,5692549928996306947,0,11,0.00620603,remove
1458,5692549928996306947,0,11,0.0061891,remove
1459,5692549928996306947,0,11,0.00620435,remove
1460,5692549928996306947,0,11,0.00619098,remove
1461,5692549928996306947,0,11,0.0061891,remove
1462,5692549928996306947,0,11,0.00620603,remove
1463,5692549928996306947,0,11,0.0062055,remove
1464,5692549928996306947,0,11,0.00619098,remove
1465,5692549928996306947,0,11,0.00620603,remove
1466,5692549928996306947,0,11,0.00619098,remove
1467,5692549928996306947,0,11,0.0062055,remove
1468,5692549928996306947,0,11,0.0062055,remove
1469,5692549928996306947,0,11,0.00618963,remove
1470,5692549928996306947,0,11,0.00619517,remove
1471,5692549928996306947,0,11,0.0062127,remove
1472,5692549928996306947,0,11,0.00618184,remove
1473,5692549928996306947,0,11,0.00619517,remove
1474,5692549928996306947,0,11,0.00618963,remove
1475,5692549928996306947,0,11,0.00618701,remove
1476,5692549928996306947,0,11,0.00618184,remove
1477,5692549928996306947,0,11,0.00618963,remove
1478,5692549928996306947,0,11,0.00618018,remove
1479,5692549928996306947,0,11,0.00618184,remove
1480,5692549928996306947,0,11,0.00618701,remove
1481,5692549928996306947,0,11,0.00618726,remove
1482,5692549928996306947,0,11,0.00618018,remove
1483,5692549928996306947,0,11,0.00618701,remove
1484,5692549928996306947,0,11,0.0061756,remove
1485,5692549928996306947,0,11,0.00618018,remove
1486,5692549928996306947,0,11,0.00618726,remove
1487,5692549928996306947,0,11,0.0061891,remove
1488,5692549928996306947,0,11,0.0061756,remove
1489,5692549928996306947,0,11,0.00618726,remove
1490,5692549928996306947,0,11,0.00617764,remove
1491,5692549928996306947,0,11,0.0061756,remove
1492,5692549928996306947,0,11,0.0061891,remove
1493,5692549928996306947,0,11,0.00619098,remove
1494,5692549928996306947,0,11,0.00617764,remove
1495,5692549928996306947,0,11,0.0061891,remove
1496,5692549928996306947,0,11,0.00617932,remove
1497,5692549928996306947,0,11,0.00617764,remove
1498,5692549928996306947,0,11,0.00619098,remove
1499,5692549928996306947,0,11,0.00617932,remove
1500,5692549928996306947,0,11,0.00619098,remove
1501,5692549928996306947,0,11,0.00617932,remove
1502,5692549928996306947,0,11,0.00618368,remove
1503,5692549928996306947,0,11,0.00617664,remove
1504,5692549928996306947,0,11,0.00619701,remove
1505,5692549928996306947,0,11,0.00617263,remove
1506,5692549928996306947,0,11,0.00617664,remove
1507,5692549928996306947,0,11,0.00618368,remove
1508,5692549928996306947,0,11,0.00618202,remove
1509,5692549928996306947,0,11,0.00617263,remove
1510,5692549928996306947,0,11,0.00618368,remove
1511,5692549928996306947,0,11,0.00616276,remove
1512,5692549928996306947,0,11,0.00617263,remove
1513,5692549928996306947,0,11,0.00618202,remove
1514,5692549928996306947,0,11,0.00617745,remove
1515,5692549928996306947,0,11,0.00616276,remove
1516,5692549928996306947,0,11,0.00618202,remove
1517,5692549928996306947,0,11,0.00616599,remove
1518,5692549928996306947,0,11,0.00616276,remove
1519,5692549928996306947,0,11,0.00617745,remove
1520,5692549928996306947,0,11,0.00617949,remove
1521,5692549928996306947,0,11,0.00616599,remove
1522,5692549928996306947,0,11,0.00617745,remove
1523,5692549928996306947,0,11,0.00616823,remove
1524,5692549928996306947,0,11,0.00616599,remove
1525,5692549928996306947,0,11,0.00617949,remove
1526,5692549928996306947,0,11,0.00618117,remove
1527,5692549928996306947,0,11,0.00616823,remove
1528,5692549928996306947,0,11,0.00617949,remove
1529,5692549928996306947,0,11,0.00616991,remove
1530,5692549928996306947,0,11,0.00616823,remove
1531,5692549928996306947,0,11,0.00618117,remove
1532,5692549928996306947,0,11,0.00616991,remove
1533,5692549928996306947,0,11,0.00618117,remove
1534,5692549928996306947,0,11,0.00616991,remove
1535,5692549928996306947,0,11,0.00617716,remove
1536,5692549928996306947,0,11,0.0061155,remove
1537,5692549928996306947,0,11,0.00614844,remove
1538,5692549928996306947,0,11,0.00616026,remove
1539,5692549928996306947,0,11,0.0061155,remove
1540,5692549928996306947,0,11,0.00617716,remove
1541,5692549928996306947,0,11,0.00616026,remove
1542,5692549928996306947,0,11,0.00614849,remove
1543,5692549928996306947,0,11,0.0061155,remove
1544,5692549928996306947,0,11,0.00616451,remove
1545,5692549928996306947,0,11,0.00614849,remove
1546,5692549928996306947,0,11,0.00616026,remove
1547,5692549928996306947,0,11,0.00616635,remove
1548,5692549928996306947,0,11,0.00615117,remove
1549,5692549928996306947,0,11,0.00615033,remove
1550,5692549928996306947,0,11,0.00614292,remove
1551,5692549928996306947,0,11,0.00615117,remove
1552,5692549928996306947,0,11,0.00616635,remove
1553,5692549928996306947,0,11,0.00614292,remove
1554,5692549928996306947,0,11,0.00614517,remove
1555,5692549928996306947,0,11,0.00615117,remove
1556,5692549928996306947,0,11,0.00613125,remove
1557,5692549928996306947,0,11,0.00614517,remove
1558,5692549928996306947,0,11,0.00614292,remove
1559,5692549928996306947,0,11,0.00613125,remove
1560,5692549928996306947,0,11,0.00610688,remove
1561,5692549928996306947,0,11,0.00614517,remove
1562,5692549928996306947,0,11,0.00611774,remove
1563,5692549928996306947,0,11,0.00610688,remove
1564,5692549928996306947,0,11,0.00613125,remove
1565,5692549928996306947,0,11,0.00611958,remove
1566,5692549928996306947,0,11,0.00607971,remove
1567,5692549928996306947,0,11,0.00610872,remove
1568,5692549928996306947,0,11,0.00608824,remove
1569,5692549928996306947,0,11,0.00607971,remove
1570,5692549928996306947,0,11,0.00611958,remove
1571,5692549928996306947,0,11,0.00608824,remove
1572,5692549928996306947,0,11,0.00607971,remove
1573,5692549928996306947,0,11,0.00608824,remove
1574,5692549928996306947,0,11,0.00617664,remove
1575,5692549928996306947,0,11,0.00616026,remove
1576,5692549928996306947,0,11,0.00617716,remove
1577,5692549928996306947,0,11,0.00615835,remove
1578,5692549928996306947,0,11,0.00616026,remove
1579,5692549928996306947,0,11,0.00617664,remove
1580,5692549928996306947,0,11,0.00615835,remove
1581,5692549928996306947,0,11,0.00616451,remove
1582,5692549928996306947,0,11,0.00616026,remove
1583,5692549928996306947,0,11,0.00616436,remove
1584,5692549928996306947,0,11,0.00616451,remove
1585,5692549928996306947,0,11,0.00615835,remove
1586,5692549928996306947,0,11,0.0061662,remove
1587,5692549928996306947,0,11,0.00614292,remove
1588,5692549928996306947,0,11,0.00616635,remove
1589,5692549928996306947,0,11,0.00614494,remove
1590,5692549928996306947,0,11,0.00614292,remove
1591,5692549928996306947,0,11,0.0061662,remove
1592,5692549928996306947,0,11,0.00614494,remove
1593,5692549928996306947,0,11,0.00613125,remove
1594,5692549928996306947,0,11,0.00614292,remove
1595,5692549928996306947,0,11,0.00613306,remove
1596,5692549928996306947,0,11,0.00613125,remove
1597,5692549928996306947,0,11,0.00614494,remove
1598,5692549928996306947,0,11,0.00613306,remove
1599,5692549928996306947,0,11,0.00611774,remove
1600,5692549928996306947,0,11,0.00613125,remove
1601,5692549928996306947,0,11,0.00611934,remove
1602,5692549928996306947,0,11,0.00611774,remove
1603,5692549928996306947,0,11,0.00613306,remove
1604,5692549928996306947,0,11,0.00612118,remove
1605,5692549928996306947,0,11,0.00608824,remove
1606,5692549928996306947,0,11,0.00611958,remove
1607,5692549928996306947,0,11,0.00608984,remove
1608,5692549928996306947,0,11,0.00608824,remove
1609,5692549928996306947,0,11,0.00612118,remove
1610,5692549928996306947,0,11,0.00608984,remove
1611,5692549928996306947,0,11,0.00608824,remove
1612,5692549928996306947,0,11,0.00608984,remove
1613,5692549928996306947,0,11,0.00617263,remove
1614,5692549928996306947,0,11,0.00615835,remove
1615,5692549928996306947,0,11,0.00617664,remove
1616,5692549928996306947,0,11,0.00616076,remove
1617,5692549928996306947,0,11,0.00615835,remove
1618,5692549928996306947,0,11,0.00617263,remove
1619,5692549928996306947,0,11,0.00616276,remove
1620,5692549928996306947,0,11,0.00616076,remove
1621,5692549928996306947,0,11,0.00617263,remove
1622,5692549928996306947,0,11,0.00615809,remove
1623,5692549928996306947,0,11,0.00616076,remove
1624,5692549928996306947,0,11,0.00616276,remove
1625,5692549928996306947,0,11,0.00616599,remove
1626,5692549928996306947,0,11,0.00615809,remove
1627,5692549928996306947,0,11,0.00616276,remove
1628,5692549928996306947,0,11,0.00615492,remove
1629,5692549928996306947,0,11,0.00615809,remove
1630,5692549928996306947,0,11,0.00616599,remove
1631,5692549928996306947,0,11,0.00616823,remove
1632,5692549928996306947,0,11,0.00615492,remove
1633,5692549928996306947,0,11,0.00616599,remove
1634,5692549928996306947,0,11,0.00615657,remove
1635,5692549928996306947,0,11,0.00615492,remove
1636,5692549928996306947,0,11,0.00616823,remove
1637,5692549928996306947,0,11,0.00616991,remove
1638,5692549928996306947,0,11,0.00615657,remove
1639,5692549928996306947,0,11,0.00616823,remove
1640,5692549928996306947,0,11,0.00615846,remove
1641,5692549928996306947,0,11,0.00615657,remove
1642,5692549928996306947,0,11,0.00616991,remove
1643,5692549928996306947,0,11,0.00615846,remove
1644,5692549928996306947,0,11,0.00616991,remove
1645,5692549928996306947,0,11,0.00615846,remove
1646,5692549928996306947,0,11,0.00616076,remove
1647,5692549928996306947,0,11,0.00616436,remove
1648,5692549928996306947,0,11,0.00615835,remove
1649,5692549928996306947,0,11,0.00616466,remove
1650,5692549928996306947,0,11,0.00616436,remove
1651,5692549928996306947,0,11,0.00616076,remove
1652,5692549928996306947,0,11,0.00615809,remove
1653,5692549928996306947,0,11,0.00616466,remove
1654,5692549928996306947,0,11,0.00616076,remove
1655,5692549928996306947,0,11,0.00616412,remove
1656,5692549928996306947,0,11,0.00616466,remove
1657,5692549928996306947,0,11,0.00615809,remove
1658,5692549928996306947,0,11,0.00615492,remove
1659,5692549928996306947,0,11,0.00616412,remove
1660,5692549928996306947,0,11,0.00615809,remove
1661,5692549928996306947,0,11,0.00615919,remove
1662,5692549928996306947,0,11,0.00616412,remove
1663,5692549928996306947,0,11,0.00615492,remove
1664,5692549928996306947,0,11,0.00615657,remove
1665,5692549928996306947,0,11,0.00615919,remove
1666,5692549928996306947,0,11,0.00615492,remove
1667,5692549928996306947,0,11,0.00616,remove
1668,5692549928996306947,0,11,0.00615919,remove
1669,5692549928996306947,0,11,0.00615657,remove
1670,5692549928996306947,0,11,0.00615846,remove
1671,5692549928996306947,0,11,0.00616,remove
1672,5692549928996306947,0,11,0.00615657,remove
1673,5692549928996306947,0,11,0.00616086,remove
1674,5692549928996306947,0,11,0.00616,remove
1675,5692549928996306947,0,11,0.00615846,remove
1676,5692549928996306947,0,11,0.00616086,remove
1677,5692549928996306947,0,11,0.00615846,remove
1678,5692549928996306947,0,11,0.00616047,remove
1679,5692549928996306947,0,11,0.00616086,remove
1680,5692549928996306947,0,11,0.00616047,remove
1681,5692549928996306947,0,11,0.00616047,remove
1682,5692549928996306947,0,11,0.00616649,remove
1683,5692549928996306947,0,11,0.00614494,remove
1684,5692549928996306947,0,11,0.0061662,remove
1685,5692549928996306947,0,11,0.00614674,remove
1686,5692549928996306947,0,11,0.00614494,remove
1687,5692549928996306947,0,11,0.00616649,remove
1688,5692549928996306947,0,11,0.00616595,remove
1689,5692549928996306947,0,11,0.00614674,remove
1690,5692549928996306947,0,11,0.00616649,remove
1691,5692549928996306947,0,11,0.00614898,remove
1692,5692549928996306947,0,11,0.00614674,remove
1693,5692549928996306947,0,11,0.00616595,remove
1694,5692549928996306947,0,11,0.00616103,remove
1695,5692549928996306947,0,11,0.00614898,remove
1696,5692549928996306947,0,11,0.00616595,remove
1697,5692549928996306947,0,11,0.00614376,remove
1698,5692549928996306947,0,11,0.00614898,remove
1699,5692549928996306947,0,11,0.00616103,remove
1700,5692549928996306947,0,11,0.00616184,remove
1701,5692549928996306947,0,11,0.00614376,remove
1702,5692549928996306947,0,11,0.00616103,remove
1703,5692549928996306947,0,11,0.00614562,remove
1704,5692549928996306947,0,11,0.00614376,remove
1705,5692549928996306947,0,11,0.00616184,remove
1706,5692549928996306947,0,11,0.00616269,remove
1707,5692549928996306947,0,11,0.00614562,remove
1708,5692549928996306947,0,11,0.00616184,remove
1709,5692549928996306947,0,11,0.00614752,remove
1710,5692549928996306947,0,11,0.00614562,remove
1711,5692549928996306947,0,11,0.00616269,remove
1712,5692549928996306947,0,11,0.0061623,remove
1713,5692549928996306947,0,11,0.00614752,remove
1714,5692549928996306947,0,11,0.00616269,remove
1715,5692549928996306947,0,11,0.00614752,remove
1716,5692549928996306947,0,11,0.0061623,remove
1717,5692549928996306947,0,11,0.0061623,remove
1718,5692549928996306947,0,11,0.00614674,remove
1719,5692549928996306947,0,11,0.00613306,remove
1720,5692549928996306947,0,11,0.00614494,remove
1721,5692549928996306947,0,11,0.00613486,remove
1722,5692549928996306947,0,11,0.00613306,remove
1723,5692549928996306947,0,11,0.00614674,remove
1724,5692549928996306947,0,11,0.00614898,remove
1725,5692549928996306947,0,11,0.00613486,remove
1726,5692549928996306947,0,11,0.00614674,remove
1727,5692549928996306947,0,11,0.00613648,remove
1728,5692549928996306947,0,11,0.00613486,remove
1729,5692549928996306947,0,11,0.00614898,remove
1730,5692549928996306947,0,11,0.00614376,remove
1731,5692549928996306947,0,11,0.00613648,remove
1732,5692549928996306947,0,11,0.00614898,remove
1733,5692549928996306947,0,11,0.00613231,remove
1734,5692549928996306947,0,11,0.00613648,remove
1735,5692549928996306947,0,11,0.00614376,remove
1736,5692549928996306947,0,11,0.00614562,remove
1737,5692549928996306947,0,11,0.00613231,remove
1738,5692549928996306947,0,11,0.00614376,remove
1739,5692549928996306947,0,11,0.00613417,remove
1740,5692549928996306947,0,11,0.00613231,remove
1741,5692549928996306947,0,11,0.00614562,remove
1742,5692549928996306947,0,11,0.00614752,remove
1743,5692549928996306947,0,11,0.00613417,remove
1744,5692549928996306947,0,11,0.00614562,remove
1745,5692549928996306947,0,11,0.00613607,remove
1746,5692549928996306947,0,11,0.00613417,remove
1747,5692549928996306947,0,11,0.00614752,remove
1748,5692549928996306947,0,11,0.00613607,remove
1749,5692549928996306947,0,11,0.00614752,remove
1750,5692549928996306947,0,11,0.00613607,remove
1751,5692549928996306947,0,11,0.00613486,remove
1752,5692549928996306947,0,11,0.00611934,remove
1753,5692549928996306947,0,11,0.00613306,remove
1754,5692549928996306947,0,11,0.00612094,remove
1755,5692549928996306947,0,11,0.00611934,remove
1756,5692549928996306947,0,11,0.00613486,remove
1757,5692549928996306947,0,11,0.00613648,remove
1758,5692549928996306947,0,11,0.00612094,remove
1759,5692549928996306947,0,11,0.00613486,remove
1760,5692549928996306947,0,11,0.00612382,remove
1761,5692549928996306947,0,11,0.00612094,remove
1762,5692549928996306947,0,11,0.00613648,remove
1763,5692549928996306947,0,11,0.00613231,remove
1764,5692549928996306947,0,11,0.00612382,remove
1765,5692549928996306947,0,11,0.00613648,remove
1766,5692549928996306947,0,11,0.00611902,remove
1767,5692549928996306947,0,11,0.00612382,remove
1768,5692549928996306947,0,11,0.00613231,remove
1769,5692549928996306947,0,11,0.00613417,remove
1770,5692549928996306947,0,11,0.00611902,remove
1771,5692549928996306947,0,11,0.00613231,remove
1772,5692549928996306947,0,11,0.00612088,remove
1773,5692549928996306947,0,11,0.00611902,remove
1774,5692549928996306947,0,11,0.00613417,remove
1775,5692549928996306947,0,11,0.00613607,remove
1776,5692549928996306947,0,11,0.00612088,remove
1777,5692549928996306947,0,11,0.00613417,remove
1778,5692549928996306947,0,11,0.00612278,remove
1779,5692549928996306947,0,11,0.00612088,remove
1780,5692549928996306947,0,11,0.00613607,remove
1781,5692549928996306947,0,11,0.00612278,remove
1782,5692549928996306947,0,11,0.00613607,remove
1783,5692549928996306947,0,11,0.00612278,remove
1784,5692549928996306947,0,11,0.00612278,remove
1785,5692549928996306947,0,11,0.00608984,remove
1786,5692549928996306947,0,11,0.00612118,remove
1787,5692549928996306947,0,11,0.00608984,remove
1788,5692549928996306947,0,11,0.00612278,remove
1789,5692549928996306947,0,11,0.00612565,remove
1790,5692549928996306947,0,11,0.00612278,remove
1791,5692549928996306947,0,11,0.00612565,remove
1792,5692549928996306947,0,11,0.00612086,remove
1793,5692549928996306947,0,11,0.00612565,remove
1794,5692549928996306947,0,11,0.00608932,remove
1795,5692549928996306947,0,11,0.00612086,remove
1796,5692549928996306947,0,11,0.00612272,remove
1797,5692549928996306947,0,11,0.00608932,remove
1798,5692549928996306947,0,11,0.00612086,remove
1799,5692549928996306947,0,11,0.00609061,remove
1800,5692549928996306947,0,11,0.00608932,remove
1801,5692549928996306947,0,11,0.00612272,remove
1802,5692549928996306947,0,11,0.00612462,remove
1803,5692549928996306947,0,11,0.00609061,remove
1804,5692549928996306947,0,11,0.00612272,remove
1805,5692549928996306947,0,11,0.00609212,remove
1806,5692549928996306947,0,11,0.00609061,remove
1807,5692549928996306947,0,11,0.00612462,remove
1808,5692549928996306947,0,11,0.00609212,remove
1809,5692549928996306947,0,11,0.00612462,remove
1810,5692549928996306947,0,11,0.00609212,remove
1811,5692549928996306947,0,11,0.00608984,remove
1812,5692549928996306947,0,11,0.00608932,remove
1813,5692549928996306947,0,11,0.00608932,remove
1814,5692549928996306947,0,11,0.00609061,remove
1815,5692549928996306947,0,11,0.00608932,remove
1816,5692549928996306947,0,11,0.00609061,remove
1817,5692549928996306947,0,11,0.00609212,remove
1818,5692549928996306947,0,11,0.00609061,remove
1819,5692549928996306947,0,11,0.006078,remove
1820,5692549928996306947,0,11,0.00609212,remove
1821,5692549928996306947,0,11,0.006078,remove
1822,5692549928996306947,0,11,0.00609212,remove
1823,5692549928996306947,0,11,0.00607839,remove
1824,5692549928996306947,0,11,0.006078,remove
1825,5692549928996306947,0,11,0.00607839,remove
1826,5692549928996306947,0,11,0.00607839,remove
1827,5692549928996306947,0,11,0.00607985,remove
1828,5692549928996306947,0,11,0.00607985,remove
1829,5692549928996306947,0,11,0.00608024,remove
1830,5692549928996306947,0,11,0.00607985,remove
1831,5692549928996306947,0,11,0.00606954,remove
1832,5692549928996306947,0,11,0.00608024,remove
1833,5692549928996306947,0,11,0.00606954,remove
1834,5692549928996306947,0,11,0.00608024,remove
1835,5692549928996306947,0,11,0.00606954,remove
1836,5692549928996306947,0,11,0.00598206,remove
1837,5692549928996306947,0,11,0.00597822,remove
1838,5692549928996306947,0,11,0.00598206,remove
1839,5692549928996306947,0,11,0.00597822,remove
1840,5692549928996306947,0,11,0.00599958,remove
1841,5692549928996306947,0,11,0.00598206,remove
1842,5692549928996306947,0,11,0.00598041,remove
1843,5692549928996306947,0,11,0.00599958,remove
1844,5692549928996306947,0,11,0.00597822,remove
1845,5692549928996306947,0,11,0.00598226,remove
1846,5692549928996306947,0,11,0.00597418,remove
1847,5692549928996306947,0,11,0.00600142,remove
1848,5692549928996306947,0,11,0.00596515,remove
1849,5692549928996306947,0,11,0.00597418,remove
1850,5692549928996306947,0,11,0.00598226,remove
1851,5692549928996306947,0,11,0.0059837,remove
1852,5692549928996306947,0,11,0.00596515,remove
1853,5692549928996306947,0,11,0.00598226,remove
1854,5692549928996306947,0,11,0.00596679,remove
1855,5692549928996306947,0,11,0.00596515,remove
1856,5692549928996306947,0,11,0.0059837,remove
1857,5692549928996306947,0,11,0.00597822,remove
1858,5692549928996306947,0,11,0.00597822,remove
1859,5692549928996306947,0,11,0.00598041,remove
1860,5692549928996306947,0,11,0.00597822,remove
1861,5692549928996306947,0,11,0.00598185,remove
1862,5692549928996306947,0,11,0.00598041,remove
1863,5692549928996306947,0,11,0.00606954,remove
1864,5692549928996306947,0,11,0.00606954,remove
1865,5692549928996306947,0,11,0.00606954,remove
1866,5692549928996306947,0,11,0.00599275,remove
1867,5692549928996306947,0,11,0.00599275,remove
1868,5692549928996306947,0,11,0.00599344,remove
1869,5692549928996306947,0,11,0.00599275,remove
1870,5692549928996306947,0,11,0.00599344,remove
1871,5692549928996306947,0,11,0.00599344,remove
1872,5692549928996306947,0,11,0.00598211,remove
1873,5692549928996306947,0,11,0.0059946,remove
1874,5692549928996306947,0,11,0.00598211,remove
1875,5692549928996306947,0,11,0.00598384,remove
1876,5692549928996306947,0,11,0.00598211,remove
1877,5692549928996306947,0,11,0.0059946,remove
1878,5692549928996306947,0,11,0.00599529,remove
1879,5692549928996306947,0,11,0.00598384,remove
1880,5692549928996306947,0,11,0.0059946,remove
1881,5692549928996306947,0,11,0.00598384,remove
1882,5692549928996306947,0,11,0.00599529,remove
1883,5692549928996306947,0,11,0.00599529,remove
1884,5692549928996306947,0,11,0.00598185,remove
1885,5692549928996306947,0,11,0.0059833,remove
1886,5692549928996306947,0,11,0.00598185,remove
1887,5692549928996306947,0,11,0.0059833,remove
1888,5692549928996306947,0,11,0.00598458,remove
1889,5692549928996306947,0,11,0.0059833,remove
1890,5692549928996306947,0,11,0.00598458,remove
1891,5692549928996306947,0,11,0.00598252,remove
1892,5692549928996306947,0,11,0.00598458,remove
1893,5692549928996306947,0,11,0.00598211,remove
1894,5692549928996306947,0,11,0.00598252,remove
1895,5692549928996306947,0,11,0.0059818,remove
1896,5692549928996306947,0,11,0.00598252,remove
1897,5692549928996306947,0,11,0.00598211,remove
1898,5692549928996306947,0,11,0.00598384,remove
1899,5692549928996306947,0,11,0.0059818,remove
1900,5692549928996306947,0,11,0.00598211,remove
1901,5692549928996306947,0,11,0.00598262,remove
1902,5692549928996306947,0,11,0.0059818,remove
1903,5692549928996306947,0,11,0.00598384,remove
1904,5692549928996306947,0,11,0.00598262,remove
1905,5692549928996306947,0,11,0.00598384,remove
1906,5692549928996306947,0,11,0.00598262,remove
1907,5692549928996306947,0,11,0.00598515,remove
1908,5692549928996306947,0,11,0.00596679,remove
1909,5692549928996306947,0,11,0.0059837,remove
1910,5692549928996306947,0,11,0.00596862,remove
1911,5692549928996306947,0,11,0.00596679,remove
1912,5692549928996306947,0,11,0.00598515,remove
1913,5692549928996306947,0,11,0.00598643,remove
1914,5692549928996306947,0,11,0.00596862,remove
1915,5692549928996306947,0,11,0.00598515,remove
1916,5692549928996306947,0,11,0.00597028,remove
1917,5692549928996306947,0,11,0.00596862,remove
1918,5692549928996306947,0,11,0.00598643,remove
1919,5692549928996306947,0,11,0.00598436,remove
1920,5692549928996306947,0,11,0.00597028,remove
1921,5692549928996306947,0,11,0.00598643,remove
1922,5692549928996306947,0,11,0.00596958,remove
1923,5692549928996306947,0,11,0.00597028,remove
1924,5692549928996306947,0,11,0.00598436,remove
1925,5692549928996306947,0,11,0.00598365,remove
1926,5692549928996306947,0,11,0.00596958,remove
1927,5692549928996306947,0,11,0.00598436,remove
1928,5692549928996306947,0,11,0.00596763,remove
1929,5692549928996306947,0,11,0.00596958,remove
1930,5692549928996306947,0,11,0.00598365,remove
1931,5692549928996306947,0,11,0.00598447,remove
1932,5692549928996306947,0,11,0.00596763,remove
1933,5692549928996306947,0,11,0.00598365,remove
1934,5692549928996306947,0,11,0.00597046,remove
1935,5692549928996306947,0,11,0.00596763,remove
1936,5692549928996306947,0,11,0.00598447,remove
1937,5692549928996306947,0,11,0.00597046,remove
1938,5692549928996306947,0,11,0.00598447,remove
1939,5692549928996306947,0,11,0.00597046,remove
1940,5692549928996306947,0,11,0.00952711,remove
1941,5692549928996306947,0,11,0.00952711,remove
1942,5692549928996306947,0,11,0.00951545,remove
1943,5692549928996306947,0,11,0.00952635,remove
1944,5692549928996306947,0,11,0.00951545,remove
1945,5692549928996306947,0,11,0.00640301,remove
1946,5692549928996306947,0,11,0.00951545,remove
1947,5692549928996306947,0,11,0.00640301,remove
1948,5692549928996306947,0,11,0.0213149,remove
1949,5692549928996306947,0,11,0.0218019,remove
1950,5692549928996306947,0,11,0.00640301,remove
1951,5692549928996306947,0,11,0.0213149,remove
1952,5692549928996306947,0,11,0.0213149,remove
1953,5692549928996306947,0,11,0.00640301,remove
1954,5692549928996306947,0,11,0.00952248,remove
1955,5692549928996306947,0,11,0.00952827,remove
1956,5692549928996306947,0,11,0.00952248,remove
1957,5692549928996306947,0,11,0.0095102,remove
1958,5692549928996306947,0,11,0.00952751,remove
1959,5692549928996306947,0,11,0.00951662,remove
1960,5692549928996306947,0,11,0.00952172,remove
1961,5692549928996306947,0,11,0.00952751,remove
1962,5692549928996306947,0,11,0.0095102,remove
1963,5692549928996306947,0,11,0.00759301,remove
1964,5692549928996306947,0,11,0.00951662,remove
1965,5692549928996306947,0,11,0.00640474,remove
1966,5692549928996306947,0,11,0.0095102,remove
1967,5692549928996306947,0,11,0.00951662,remove
1968,5692549928996306947,0,11,0.00759301,remove
1969,5692549928996306947,0,11,0.0237467,remove
1970,5692549928996306947,0,11,0.00759301,remove
1971,5692549928996306947,0,11,0.0218024,remove
1972,5692549928996306947,0,11,0.0218024,remove
1973,5692549928996306947,0,11,0.00759301,remove
1974,5692549928996306947,0,11,0.00640474,remove
1975,5692549928996306947,0,11,0.00243109,remove
1976,5692549928996306947,0,11,0.00704395,remove
1977,5692549928996306947,0,11,0.00760732,remove
1978,5692549928996306947,0,11,0.00759869,remove
1979,5692549928996306947,0,11,0.00704395,remove
1980,5692549928996306947,0,11,0.00243109,remove
1981,5692549928996306947,0,11,0.00760732,remove
1982,5692549928996306947,0,11,0.00759547,remove
1983,5692549928996306947,0,11,0.00756487,remove
1984,5692549928996306947,0,11,0.00704395,remove
1985,5692549928996306947,0,11,0.00759547,remove
1986,5692549928996306947,0,11,0.00760732,remove
1987,5692549928996306947,0,11,0.00725843,remove
1988,5692549928996306947,0,11,0.00756393,remove
1989,5692549928996306947,0,11,0.00759453,remove
1990,5692549928996306947,0,11,0.00725843,remove
1991,5692549928996306947,0,11,0.00759453,remove
1992,5692549928996306947,0,11,0.0074306,remove
1993,5692549928996306947,0,11,0.00743216,remove
1994,5692549928996306947,0,11,0.00633611,remove
1995,5692549928996306947,0,11,0.00726003,remove
1996,5692549928996306947,0,11,0.00637822,remove
1997,5692549928996306947,0,11,0.00633611,remove
1998,5692549928996306947,0,11,0.00743216,remove
1999,5692549928996306947,0,11,0.00637822,remove
2000,5692549928996306947,0,11,0.00633611,remove
2001,5692549928996306947,0,11,0.00637822,remove
2002,5692549928996306947,0,11,0.00759869,remove
2003,5692549928996306947,0,11,0.00706261,remove
2004,5692549928996306947,0,11,0.00704395,remove
2005,5692549928996306947,0,11,0.00759361,remove
2006,5692549928996306947,0,11,0.00706261,remove
2007,5692549928996306947,0,11,0.00759869,remove
2008,5692549928996306947,0,11,0.00704395,remove
2009,5692549928996306947,0,11,0.00755185,remove
2010,5692549928996306947,0,11,0.00759547,remove
2011,5692549928996306947,0,11,0.00706261,remove
2012,5692549928996306947,0,11,0.00755185,remove
2013,5692549928996306947,0,11,0.00704395,remove
2014,5692549928996306947,0,11,0.0074306,remove
2015,5692549928996306947,0,11,0.00759453,remove
2016,5692549928996306947,0,11,0.00755091,remove
2017,5692549928996306947,0,11,0.0074306,remove
2018,5692549928996306947,0,11,0.00755091,remove
2019,5692549928996306947,0,11,0.00724438,remove
2020,5692549928996306947,0,11,0.00724598,remove
2021,5692549928996306947,0,11,0.00637822,remove
2022,5692549928996306947,0,11,0.00743216,remove
2023,5692549928996306947,0,11,0.00634253,remove
2024,5692549928996306947,0,11,0.00637822,remove
2025,5692549928996306947,0,11,0.00724598,remove
2026,5692549928996306947,0,11,0.00634253,remove
2027,5692549928996306947,0,11,0.00637822,remove
2028,5692549928996306947,0,11,0.00634253,remove
2029,5692549928996306947,0,11,0.0188337,remove
2030,5692549928996306947,0,11,0.00915506,remove
2031,5692549928996306947,0,11,0.0161712,remove
2032,5692549928996306947,0,11,0.0161712,remove
2033,5692549928996306947,0,11,0.00915506,remove
2034,5692549928996306947,0,11,0.00915506,remove
2035,5692549928996306947,0,11,0.00915506,remove
2036,5692549928996306947,0,11,0.0161712,remove
2037,5692549928996306947,0,11,0.00952248,remove
2038,5692549928996306947,0,11,0.00952172,remove
2039,5692549928996306947,0,11,0.0095102,remove
2040,5692549928996306947,0,11,0.00952172,remove
2041,5692549928996306947,0,11,0.0095102,remove
2042,5692549928996306947,0,11,0.00759301,remove
2043,5692549928996306947,0,11,0.0095102,remove
2044,5692549928996306947,0,11,0.0237467,remove
2045,5692549928996306947,0,11,0.0237467,remove
2046,5692549928996306947,0,11,0.00759301,remove
2047,5692549928996306947,0,11,0.00596515,remove
2048,5692549928996306947,0,11,0.00595134,remove
2049,5692549928996306947,0,11,0.00597418,remove
2050,5692549928996306947,0,11,0.00595,remove
2051,5692549928996306947,0,11,0.00595134,remove
2052,5692549928996306947,0,11,0.00596515,remove
2053,5692549928996306947,0,11,0.00595,remove
2054,5692549928996306947,0,11,0.00595134,remove
2055,5692549928996306947,0,11,0.00595,remove
2056,5692549928996306947,0,11,0.00596679,remove
2057,5692549928996306947,0,11,0.00595,remove
2058,5692549928996306947,0,11,0.00596515,remove
2059,5692549928996306947,0,11,0.00595384,remove
2060,5692549928996306947,0,11,0.00595,remove
2061,5692549928996306947,0,11,0.00596679,remove
2062,5692549928996306947,0,11,0.00595384,remove
2063,5692549928996306947,0,11,0.00595,remove
2064,5692549928996306947,0,11,0.00595384,remove
2065,5692549928996306947,0,11,0.00596862,remove
2066,5692549928996306947,0,11,0.00595384,remove
2067,5692549928996306947,0,11,0.00596679,remove
2068,5692549928996306947,0,11,0.00595384,remove
2069,5692549928996306947,0,11,0.00596862,remove
2070,5692549928996306947,0,11,0.00597028,remove
2071,5692549928996306947,0,11,0.00596862,remove
2072,5692549928996306947,0,11,0.00597028,remove
2073,5692549928996306947,0,11,0.00596958,remove
2074,5692549928996306947,0,11,0.00597028,remove
2075,5692549928996306947,0,11,0.00595629,remove
2076,5692549928996306947,0,11,0.00596958,remove
2077,5692549928996306947,0,11,0.00596763,remove
2078,5692549928996306947,0,11,0.00595629,remove
2079,5692549928996306947,0,11,0.00596958,remove
2080,5692549928996306947,0,11,0.00595438,remove
2081,5692549928996306947,0,11,0.00595629,remove
2082,5692549928996306947,0,11,0.00596763,remove
2083,5692549928996306947,0,11,0.00597046,remove
2084,5692549928996306947,0,11,0.00595438,remove
2085,5692549928996306947,0,11,0.00596763,remove
2086,5692549928996306947,0,11,0.00595792,remove
2087,5692549928996306947,0,11,0.00595438,remove
2088,5692549928996306947,0,11,0.00597046,remove
2089,5692549928996306947,0,11,0.00595792,remove
2090,5692549928996306947,0,11,0.00597046,remove
2091,5692549928996306947,0,11,0.00595792,remove
2092,5692549928996306947,0,11,0.00595384,remove
2093,5692549928996306947,0,11,0.00595629,remove
2094,5692549928996306947,0,11,0.00595629,remove
2095,5692549928996306947,0,11,0.00595438,remove
2096,5692549928996306947,0,11,0.00595629,remove
2097,5692549928996306947,0,11,0.00595438,remove
2098,5692549928996306947,0,11,0.00595792,remove
2099,5692549928996306947,0,11,0.00595438,remove
2100,5692549928996306947,0,11,0.00595792,remove
2101,5692549928996306947,0,11,0.00595792,remove
2102,5692549928996306947,0,11,0.00775105,remove
2103,5692549928996306947,0,11,0.00773802,remove
2104,5692549928996306947,0,11,0.00773807,remove
2105,5692549928996306947,0,11,0.0077484,remove
2106,5692549928996306947,0,11,0.00773802,remove
2107,5692549928996306947,0,11,0.00775105,remove
2108,5692549928996306947,0,11,0.0077484,remove
2109,5692549928996306947,0,11,0.00773905,remove
2110,5692549928996306947,0,11,0.00773802,remove
2111,5692549928996306947,0,11,0.00775007,remove
2112,5692549928996306947,0,11,0.00773905,remove
2113,5692549928996306947,0,11,0.0077484,remove
2114,5692549928996306947,0,11,0.00775007,remove
2115,5692549928996306947,0,11,0.00773905,remove
2116,5692549928996306947,0,11,0.00775007,remove
2117,5692549928996306947,0,11,0.00773807,remove
2118,5692549928996306947,0,11,0.00773802,remove
2119,5692549928996306947,0,11,0.00773807,remove
2120,5692549928996306947,0,11,0.00773802,remove
2121,5692549928996306947,0,11,0.00773905,remove
2122,5692549928996306947,0,11,0.00773802,remove
2123,5692549928996306947,0,11,0.00773905,remove
2124,5692549928996306947,0,11,0.00773905,remove
2125,5692549928996306947,0,11,0.022066,remove
2126,5692549928996306947,0,11,0.0116355,remove
2127,5692549928996306947,0,11,0.0206972,remove
2128,5692549928996306947,0,11,0.0206972,remove
2129,5692549928996306947,0,11,0.0116355,remove
2130,5692549928996306947,0,11,0.010527,remove
2131,5692549928996306947,0,11,0.00931377,remove
2132,5692549928996306947,0,11,0.010527,remove
2133,5692549928996306947,0,11,0.0116355,remove
2134,5692549928996306947,0,11,0.00931377,remove
2135,5692549928996306947,0,11,0.0116355,remove
2136,5692549928996306947,0,11,0.00921352,remove
2137,5692549928996306947,0,11,0.00921352,remove
2138,5692549928996306947,0,11,0.00776013,remove
2139,5692549928996306947,0,11,0.00931377,remove
2140,5692549928996306947,0,11,0.00931377,remove
2141,5692549928996306947,0,11,0.00776013,remove
2142,5692549928996306947,0,11,0.00779252,remove
2143,5692549928996306947,0,11,0.00776013,remove
2144,5692549928996306947,0,11,0.00810957,remove
2145,5692549928996306947,0,11,0.00779252,remove
2146,5692549928996306947,0,11,0.00809143,remove
2147,5692549928996306947,0,11,0.00810957,remove
2148,5692549928996306947,0,11,0.00776013,remove
2149,5692549928996306947,0,11,0.0206972,remove
2150,5692549928996306947,0,11,0.010527,remove
2151,5692549928996306947,0,11,0.0198902,remove
2152,5692549928996306947,0,11,0.0198902,remove
2153,5692549928996306947,0,11,0.010527,remove
2154,5692549928996306947,0,11,0.00991238,remove
2155,5692549928996306947,0,11,0.00937604,remove
2156,5692549928996306947,0,11,0.00991238,remove
2157,5692549928996306947,0,11,0.010527,remove
2158,5692549928996306947,0,11,0.00937604,remove
2159,5692549928996306947,0,11,0.010527,remove
2160,5692549928996306947,0,11,0.00931377,remove
2161,5692549928996306947,0,11,0.00931377,remove
2162,5692549928996306947,0,11,0.00779252,remove
2163,5692549928996306947,0,11,0.00937604,remove
2164,5692549928996306947,0,11,0.00937604,remove
2165,5692549928996306947,0,11,0.00779252,remove
2166,5692549928996306947,0,11,0.00780397,remove
2167,5692549928996306947,0,11,0.00779252,remove
2168,5692549928996306947,0,11,0.00801548,remove
2169,5692549928996306947,0,11,0.00780397,remove
2170,5692549928996306947,0,11,0.00810957,remove
2171,5692549928996306947,0,11,0.00801548,remove
2172,5692549928996306947,0,11,0.00779252,remove
2173,5692549928996306947,0,11,0.0198898,remove
2174,5692549928996306947,0,11,0.00991164,remove
2175,5692549928996306947,0,11,0.01939,remove
2176,5692549928996306947,0,11,0.01939,remove
2177,5692549928996306947,0,11,0.00991164,remove
2178,5692549928996306947,0,11,0.00951437,remove
2179,5692549928996306947,0,11,0.00951437,remove
2180,5692549928996306947,0,11,0.00991164,remove
2181,5692549928996306947,0,11,0.00991164,remove
2182,5692549928996306947,0,11,0.00937526,remove
2183,5692549928996306947,0,11,0.00937526,remove
2184,5692549928996306947,0,11,0.00780303,remove
2185,5692549928996306947,0,11,0.00780303,remove
2186,5692549928996306947,0,11,0.00780303,remove
2187,5692549928996306947,0,11,0.00801457,remove
2188,5692549928996306947,0,11,0.00780303,remove
2189,5692549928996306947,0,11,0.01939,remove
2190,5692549928996306947,0,11,0.00951437,remove
2191,5692549928996306947,0,11,0.0162622,remove
2192,5692549928996306947,0,11,0.0162622,remove
2193,5692549928996306947,0,11,0.00951437,remove
2194,5692549928996306947,0,11,0.00951437,remove
2195,5692549928996306947,0,11,0.00951437,remove
2196,5692549928996306947,0,11,0.0162622,remove
2197,5692549928996306947,0,11,0.0188337,remove
2198,5692549928996306947,0,11,0.0188337,remove
2199,5692549928996306947,0,11,0.00915506,remove
2200,5692549928996306947,0,11,0.00915506,remove
2201,5692549928996306947,0,11,0.00809143,remove
2202,5692549928996306947,0,11,0.00773806,remove
2203,5692549928996306947,0,11,0.00810957,remove
2204,5692549928996306947,0,11,0.00775104,remove
2205,5692549928996306947,0,11,0.00773806,remove
2206,5692549928996306947,0,11,0.00809143,remove
2207,5692549928996306947,0,11,0.00810957,remove
2208,5692549928996306947,0,11,0.00801548,remove
2209,5692549928996306947,0,11,0.00773806,remove
2210,5692549928996306947,0,11,0.00810957,remove
2211,5692549928996306947,0,11,0.00801457,remove
2212,5692549928996306947,0,11,0.00801457,remove
2213,5692549928996306947,0,11,0.0101542,remove
2214,5692549928996306947,0,11,0.0101542,remove
2215,5692549928996306947,0,11,0.0269477,remove
2216,5692549928996306947,0,11,0.0298999,remove
2217,5692549928996306947,0,11,0.0298999,remove
2218,5692549928996306947,0,11,0.0109037,remove
2219,5692549928996306947,0,11,0.0269485,remove
2220,5692549928996306947,0,11,0.0109037,remove
2221,5692549928996306947,0,11,0.00750028,remove
2222,5692549928996306947,0,11,0.00750028,remove
2223,5692549928996306947,0,11,0.00972375,remove
2224,5692549928996306947,0,11,0.00750028,remove
2225,5692549928996306947,0,11,0.0109037,remove
2226,5692549928996306947,0,11,0.00972375,remove
2227,5692549928996306947,0,11,0.00970958,remove
2228,5692549928996306947,0,11,0.0109047,remove
2229,5692549928996306947,0,11,0.00972489,remove
2230,5692549928996306947,0,11,0.00739426,remove
2231,5692549928996306947,0,11,0.0109047,remove
2232,5692549928996306947,0,11,0.00970958,remove
2233,5692549928996306947,0,11,0.0242298,remove
2234,5692549928996306947,0,11,0.0278412,remove
2235,5692549928996306947,0,11,0.0269468,remove
2236,5692549928996306947,0,11,0.0269468,remove
2237,5692549928996306947,0,11,0.0278412,remove
2238,5692549928996306947,0,11,0.0298991,remove
2239,5692549928996306947,0,11,0.00739426,remove
2240,5692549928996306947,0,11,0.0269476,remove
2241,5692549928996306947,0,11,0.0109047,remove
2242,5692549928996306947,0,11,0.0242307,remove
2243,5692549928996306947,0,11,0.0269476,remove
2244,5692549928996306947,0,11,0.00739426,remove
2245,5692549928996306947,0,11,0.0161704,remove
2246,5692549928996306947,0,11,0.0161704,remove
2247,5692549928996306947,0,11,0.0161704,remove
2248,5692549928996306947,0,11,0.0171703,remove
2249,5692549928996306947,0,11,0.0171703,remove
2250,5692549928996306947,0,11,0.0171703,remove
2251,5692549928996306947,0,11,0.0168604,remove
2252,5692549928996306947,0,11,0.0168604,remove
2253,5692549928996306947,0,11,0.00912984,remove
2254,5692549928996306947,0,11,0.00912984,remove
2255,5692549928996306947,0,11,0.01686,remove
2256,5692549928996306947,0,11,0.00912904,remove
2257,5692549928996306947,0,11,0.0171372,remove
2258,5692549928996306947,0,11,0.0171372,remove
2259,5692549928996306947,0,11,0.00912904,remove
2260,5692549928996306947,0,11,0.00759006,remove
2261,5692549928996306947,0,11,0.0093392,remove
2262,5692549928996306947,0,11,0.00759006,remove
2263,5692549928996306947,0,11,0.00912904,remove
2264,5692549928996306947,0,11,0.0093392,remove
2265,5692549928996306947,0,11,0.00912904,remove
2266,5692549928996306947,0,11,0.0093392,remove
2267,5692549928996306947,0,11,0.0093392,remove
2268,5692549928996306947,0,11,0.00780973,remove
2269,5692549928996306947,0,11,0.00812516,remove
2270,5692549928996306947,0,11,0.00780973,remove
2271,5692549928996306947,0,11,0.00812516,remove
2272,5692549928996306947,0,11,0.0171372,remove
2273,5692549928996306947,0,11,0.00759006,remove
2274,5692549928996306947,0,11,0.022066,remove
2275,5692549928996306947,0,11,0.022066,remove
2276,5692549928996306947,0,11,0.00759006,remove
2277,5692549928996306947,0,11,0.0116355,remove
2278,5692549928996306947,0,11,0.00921352,remove
2279,5692549928996306947,0,11,0.0116355,remove
2280,5692549928996306947,0,11,0.00759006,remove
2281,5692549928996306947,0,11,0.00921352,remove
2282,5692549928996306947,0,11,0.00759006,remove
2283,5692549928996306947,0,11,0.0093392,remove
2284,5692549928996306947,0,11,0.0093392,remove
2285,5692549928996306947,0,11,0.00780973,remove
2286,5692549928996306947,0,11,0.00921352,remove
2287,5692549928996306947,0,11,0.00921352,remove
2288,5692549928996306947,0,11,0.00780973,remove
2289,5692549928996306947,0,11,0.00776013,remove
2290,5692549928996306947,0,11,0.00780973,remove
2291,5692549928996306947,0,11,0.00809143,remove
2292,5692549928996306947,0,11,0.00776013,remove
2293,5692549928996306947,0,11,0.00812516,remove
2294,5692549928996306947,0,11,0.00809143,remove
2295,5692549928996306947,0,11,0.00780973,remove
2296,5692549928996306947,0,11,0.00812516,remove
2297,5692549928996306947,0,11,0.00775104,remove
2298,5692549928996306947,0,11,0.00809143,remove
2299,5692549928996306947,0,11,0.00775104,remove
2300,5692549928996306947,0,11,0.00812516,remove
2301,5692549928996306947,0,11,0.00812516,remove
2302,5692549928996306947,0,11,0.0080578,remove
2303,5692549928996306947,0,11,0.0080578,remove
2304,5692549928996306947,0,11,0.00780943,remove
2305,5692549928996306947,0,11,0.00805781,remove
2306,5692549928996306947,0,11,0.00780943,remove
2307,5692549928996306947,0,11,0.0080022,remove
2308,5692549928996306947,0,11,0.0080578,remove
2309,5692549928996306947,0,11,0.0080022,remove
2310,5692549928996306947,0,11,0.00805781,remove
2311,5692549928996306947,0,11,0.00780908,remove
2312,5692549928996306947,0,11,0.00800221,remove
2313,5692549928996306947,0,11,0.00780943,remove
2314,5692549928996306947,0,11,0.00780908,remove
2315,5692549928996306947,0,11,0.00805781,remove
2316,5692549928996306947,0,11,0.0080022,remove
2317,5692549928996306947,0,11,0.00800221,remove
2318,5692549928996306947,0,11,0.00780908,remove
2319,5692549928996306947,0,11,0.00800221,remove
2320,5692549928996306947,0,11,0.0077484,remove
2321,5692549928996306947,0,11,0.00775105,remove
2322,5692549928996306947,0,11,0.0077484,remove
2323,5692549928996306947,0,11,0.00775007,remove
2324,5692549928996306947,0,11,0.0077484,remove
2325,5692549928996306947,0,11,0.00775007,remove
2326,5692549928996306947,0,11,0.00775007,remove
2327,5692549928996306947,0,11,0.00780402,remove
2328,5692549928996306947,0,11,0.00780402,remove
2329,5692549928996306947,0,11,0.00780805,remove
2330,5692549928996306947,0,11,0.00780943,remove
2331,5692549928996306947,0,11,0.00780307,remove
2332,5692549928996306947,0,11,0.00780805,remove
2333,5692549928996306947,0,11,0.00780943,remove
2334,5692549928996306947,0,11,0.00779706,remove
2335,5692549928996306947,0,11,0.00780908,remove
2336,5692549928996306947,0,11,0.00780805,remove
2337,5692549928996306947,0,11,0.00779706,remove
2338,5692549928996306947,0,11,0.00780943,remove
2339,5692549928996306947,0,11,0.00780908,remove
2340,5692549928996306947,0,11,0.00779706,remove
2341,5692549928996306947,0,11,0.00780908,remove
2342,5692549928996306947,0,11,0.0242298,remove
2343,5692549928996306947,0,11,0.0242298,remove
2344,5692549928996306947,0,11,0.0278412,remove
2345,5692549928996306947,0,11,0.0242307,remove
2346,5692549928996306947,0,11,0.00739426,remove
2347,5692549928996306947,0,11,0.0242307,remove
2348,5692549928996306947,0,11,0.0096922,remove
2349,5692549928996306947,0,11,0.00739426,remove
2350,5692549928996306947,0,11,0.00970958,remove
2351,5692549928996306947,0,11,0.00739426,remove
2352,5692549928996306947,0,11,0.0096922,remove
2353,5692549928996306947,0,11,0.0096922,remove
2813,5692549928996306952,0,2,0.0494919,remove
2816,5692549928996306952,0,2,0.0494919,remove
2863,5692549928996306952,0,2,0.0490071,remove
2864,5692549928996306952,0,2,0.0329299,remove
2865,5692549928996306952,0,2,0.0498566,remove
2866,5692549928996306952,0,2,0.0498566,remove
2867,5692549928996306952,0,2,0.0329299,remove
2868,5692549928996306952,0,2,0.0390788,remove
2869,5692549928996306952,0,2,0.0393875,remove
2870,5692549928996306952,0,2,0.0329299,remove
2871,5692549928996306952,0,2,0.0490071,remove
2872,5692549928996306952,0,2,0.0329299,remove
2873,5692549928996306952,0,2,0.0393875,remove
2874,5692549928996306952,0,2,0.0390788,remove
2875,5692549928996306952,0,2,0.0416157,remove
2876,5692549928996306952,0,2,0.0478434,remove
2877,5692549928996306952,0,2,0.0399974,remove
2887,5692549928996306952,0,2,0.0478434,remove
2888,5692549928996306952,0,2,0.0416157,remove
2889,5692549928996306952,0,2,0.0203373,remove
2890,5692549928996306952,0,2,0.0203373,remove
2891,5692549928996306952,0,2,0.0416157,remove
2892,5692549928996306952,0,2,0.0190229,remove
2903,5692549928996306952,0,2,0.0203561,remove
2904,5692549928996306952,0,2,0.0167821,remove
2905,5692549928996306952,0,2,0.0262629,remove
2906,5692549928996306952,0,2,0.0262629,remove
2907,5692549928996306952,0,2,0.0262629,remove
2908,5692549928996306952,0,2,0.0203561,remove
2909,5692549928996306952,0,2,0.0203571,remove
2910,5692549928996306952,0,2,0.0346721,remove
2911,5692549928996306952,0,2,0.0346721,remove
2912,5692549928996306952,0,2,0.0203571,remove
2913,5692549928996306952,0,2,0.0453014,remove
2914,5692549928996306952,0,2,0.0203571,remove
2915,5692549928996306952,0,2,0.047692,remove
2916,5692549928996306952,0,2,0.0453014,remove
2917,5692549928996306952,0,2,0.0203571,remove
2918,5692549928996306952,0,2,0.0262637,remove
2919,5692549928996306952,0,2,0.047692,remove
2920,5692549928996306952,0,2,0.047692,remove
2922,5692549928996306952,0,2,0.0453014,remove
2924,5692549928996306952,0,2,0.0167821,remove
2926,5692549928996306952,0,2,0.0167821,remove
2932,5692549928996306952,0,2,0.019396,remove
2933,5692549928996306952,0,2,0.0371859,remove
2934,5692549928996306952,0,2,0.019396,remove
2936,5692549928996306952,0,2,0.0371859,remove
2937,5692549928996306952,0,2,0.0371859,remove
2938,5692549928996306952,0,2,0.0311229,remove
2939,5692549928996306952,0,2,0.019396,remove
2940,5692549928996306952,0,2,0.0195295,remove
2941,5692549928996306952,0,2,0.0213911,remove
2942,5692549928996306952,0,2,0.0213911,remove
2943,5692549928996306952,0,2,0.0195295,remove
2944,5692549928996306952,0,2,0.0368232,remove
2945,5692549928996306952,0,2,0.0262629,remove
2946,5692549928996306952,0,2,0.0167821,remove
2947,5692549928996306952,0,2,0.0167821,remove
2948,5692549928996306952,0,2,0.0442463,remove
2951,5692549928996306952,0,2,0.019396,remove
2952,5692549928996306952,0,2,0.0273148,remove
2953,5692549928996306952,0,2,0.0273148,remove
2954,5692549928996306952,0,2,0.0273148,remove
2955,5692549928996306952,0,2,0.0442463,remove
2956,5692549928996306952,0,2,0.0311229,remove
2957,5692549928996306952,0,2,0.0273148,remove
2958,5692549928996306952,0,2,0.019396,remove
2959,5692549928996306952,0,2,0.0225661,remove
2960,5692549928996306952,0,2,0.0347131,remove
2961,5692549928996306952,0,2,0.0347131,remove
2962,5692549928996306952,0,2,0.0262637,remove
2963,5692549928996306952,0,2,0.0347131,remove
2964,5692549928996306952,0,2,0.047692,remove
2965,5692549928996306952,0,2,0.0262637,remove
2966,5692549928996306952,0,2,0.0225661,remove
2967,5692549928996306952,0,2,0.0355188,remove
2968,5692549928996306952,0,2,0.0225661,remove
2969,5692549928996306952,0,2,0.0498923,remove
2970,5692549928996306952,0,2,0.0355188,remove
2971,5692549928996306952,0,2,0.0442474,remove
2975,5692549928996306952,0,2,0.047692,remove
2976,5692549928996306952,0,2,0.047692,remove
2977,5692549928996306952,0,2,0.047692,remove
2978,5692549928996306952,0,2,0.0347131,remove
2980,5692549928996306952,0,2,0.0498923,remove
2982,5692549928996306952,0,2,0.0355188,remove
2983,5692549928996306952,0,2,0.0498923,remove
2984,5692549928996306952,0,2,0.017465,remove
2985,5692549928996306952,0,2,0.0287336,remove
2986,5692549928996306952,0,2,0.0287336,remove
2987,5692549928996306952,0,2,0.0310899,remove
2988,5692549928996306952,0,2,0.0310899,remove
2989,5692549928996306952,0,2,0.0287337,remove
2990,5692549928996306952,0,2,0.0240966,remove
2991,5692549928996306952,0,2,0.017465,remove
2992,5692549928996306952,0,2,0.017465,remove
2993,5692549928996306952,0,2,0.0240969,remove
2994,5692549928996306952,0,2,0.0240969,remove
2995,5692549928996306952,0,2,0.0310899,remove
2996,5692549928996306952,0,2,0.0486748,remove
2997,5692549928996306952,0,2,0.0407984,remove
2998,5692549928996306952,0,2,0.041774,remove
2999,5692549928996306952,0,2,0.041774,remove
3000,5692549928996306952,0,2,0.0407984,remove
3001,5692549928996306952,0,2,0.0297637,remove
3002,5692549928996306952,0,2,0.0216243,remove
3003,5692549928996306952,0,2,0.0297637,remove
3004,5692549928996306952,0,2,0.0355313,remove
3005,5692549928996306952,0,2,0.0355313,remove
3006,5692549928996306952,0,2,0.0297637,remove
3007,5692549928996306952,0,2,0.0407984,remove
3008,5692549928996306952,0,2,0.041774,remove
3009,5692549928996306952,0,2,0.0297637,remove
3012,5692549928996306952,0,2,0.0297637,remove
3013,5692549928996306952,0,2,0.0371573,remove
3014,5692549928996306952,0,2,0.0371573,remove
3015,5692549928996306952,0,2,0.0216243,remove
3016,5692549928996306952,0,2,0.0216243,remove
3017,5692549928996306952,0,2,0.0371573,remove
3018,5692549928996306952,0,2,0.0297637,remove
3019,5692549928996306952,0,2,0.0383988,remove
3020,5692549928996306952,0,2,0.0301529,remove
3021,5692549928996306952,0,2,0.0337804,remove
3022,5692549928996306952,0,2,0.0262291,remove
3023,5692549928996306952,0,2,0.0301529,remove
3024,5692549928996306952,0,2,0.0383988,remove
3025,5692549928996306952,0,2,0.0460754,remove
3026,5692549928996306952,0,2,0.0486748,remove
3027,5692549928996306952,0,2,0.0392467,remove
3028,5692549928996306952,0,2,0.0392467,remove
3029,5692549928996306952,0,2,0.0486748,remove
3030,5692549928996306952,0,2,0.041774,remove
3031,5692549928996306952,0,2,0.0392467,remove
3032,5692549928996306952,0,2,0.0216243,remove
3033,5692549928996306952,0,2,0.0460754,remove
3034,5692549928996306952,0,2,0.0460754,remove
3035,5692549928996306952,0,2,0.0216243,remove
3036,5692549928996306952,0,2,0.0355313,remove
3037,5692549928996306952,0,2,0.0392467,remove
3038,5692549928996306952,0,2,0.041774,remove
3039,5692549928996306952,0,2,0.0450182,remove
3040,5692549928996306952,0,2,0.0450182,remove
3041,5692549928996306952,0,2,0.041774,remove
3043,5692549928996306952,0,2,0.0450182,remove
3044,5692549928996306952,0,2,0.0392467,remove
3045,5692549928996306952,0,2,0.0392467,remove
3046,5692549928996306952,0,2,0.0216243,remove
3047,5692549928996306952,0,2,0.0337804,remove
3048,5692549928996306952,0,2,0.0347729,remove
3049,5692549928996306952,0,2,0.0383988,remove
3050,5692549928996306952,0,2,0.0347729,remove
3051,5692549928996306952,0,2,0.0262291,remove
3052,5692549928996306952,0,2,0.0383988,remove
3065,5692549928996306952,0,2,0.0176007,remove
3066,5692549928996306952,0,2,0.0176007,remove
3067,5692549928996306952,0,2,0.0315538,remove
3068,5692549928996306952,0,2,0.0315538,remove
3069,5692549928996306952,0,2,0.0315538,remove
3070,5692549928996306952,0,2,0.0176002,remove
3071,5692549928996306952,0,2,0.0176002,remove
3072,5692549928996306952,0,2,0.0494919,remove
3075,5692549928996306952,0,2,0.0494919,remove
3076,5692549928996306952,0,2,0.0494919,remove
3079,5692549928996306952,0,2,0.0498566,remove
3080,5692549928996306952,0,2,0.0390788,remove
3082,5692549928996306952,0,2,0.0390788,remove
3083,5692549928996306952,0,2,0.0393875,remove
3086,5692549928996306952,0,2,0.0429078,remove
3087,5692549928996306952,0,2,0.0454512,remove
3088,5692549928996306952,0,2,0.0454512,remove
3091,5692549928996306952,0,2,0.0429078,remove
3092,5692549928996306952,0,2,0.0405913,remove
3093,5692549928996306952,0,2,0.0454512,remove
3094,5692549928996306952,0,2,0.0454512,remove
3095,5692549928996306952,0,2,0.0405913,remove
3097,5692549928996306952,0,2,0.0246805,remove
3098,5692549928996306952,0,2,0.0290613,remove
3099,5692549928996306952,0,2,0.0230397,remove
3100,5692549928996306952,0,2,0.0230397,remove
3101,5692549928996306952,0,2,0.0214648,remove
3102,5692549928996306952,0,2,0.0246805,remove
3103,5692549928996306952,0,2,0.0315538,remove
3104,5692549928996306952,0,2,0.0315538,remove
3105,5692549928996306952,0,2,0.0230397,remove
3106,5692549928996306952,0,2,0.0290613,remove
3107,5692549928996306952,0,2,0.0350948,remove
3108,5692549928996306952,0,2,0.0350948,remove
3109,5692549928996306952,0,2,0.0290613,remove
3110,5692549928996306952,0,2,0.0214648,remove
3111,5692549928996306952,0,2,0.0230397,remove
3112,5692549928996306952,0,2,0.0245763,remove
3113,5692549928996306952,0,2,0.0230397,remove
3114,5692549928996306952,0,2,0.0368991,remove
3115,5692549928996306952,0,2,0.0245763,remove
3116,5692549928996306952,0,2,0.0230397,remove
3117,5692549928996306952,0,2,0.0350948,remove
3118,5692549928996306952,0,2,0.0368991,remove
3119,5692549928996306952,0,2,0.0368986,remove
3120,5692549928996306952,0,2,0.041457,remove
3121,5692549928996306952,0,2,0.0245768,remove
3122,5692549928996306952,0,2,0.0350955,remove
3123,5692549928996306952,0,2,0.0311446,remove
3124,5692549928996306952,0,2,0.0350955,remove
3125,5692549928996306952,0,2,0.0368998,remove
3126,5692549928996306952,0,2,0.0350955,remove
3127,5692549928996306952,0,2,0.0414576,remove
3128,5692549928996306952,0,2,0.0368993,remove
3129,5692549928996306952,0,2,0.0198068,remove
3130,5692549928996306952,0,2,0.0198068,remove
3131,5692549928996306952,0,2,0.0368993,remove
3132,5692549928996306952,0,2,0.0238652,remove
3134,5692549928996306952,0,2,0.0238653,remove
3135,5692549928996306952,0,2,0.0161209,remove
3136,5692549928996306952,0,2,0.0235944,remove
3137,5692549928996306952,0,2,0.0236249,remove
3138,5692549928996306952,0,2,0.0115966,remove
3139,5692549928996306952,0,2,0.014237,remove
3140,5692549928996306952,0,2,0.0161209,remove
3141,5692549928996306952,0,2,0.0161209,remove
3142,5692549928996306952,0,2,0.014237,remove
3143,5692549928996306952,0,2,0.0235944,remove
3144,5692549928996306952,0,2,0.0220892,remove
3145,5692549928996306952,0,2,0.014237,remove
3146,5692549928996306952,0,2,0.0115966,remove
3147,5692549928996306952,0,2,0.0354213,remove
3148,5692549928996306952,0,2,0.0303623,remove
3149,5692549928996306952,0,2,0.0309869,remove
3150,5692549928996306952,0,2,0.0257356,remove
3151,5692549928996306952,0,2,0.0303623,remove
3152,5692549928996306952,0,2,0.0354213,remove
3153,5692549928996306952,0,2,0.0161209,remove
3154,5692549928996306952,0,2,0.0199323,remove
3155,5692549928996306952,0,2,0.0115966,remove
3156,5692549928996306952,0,2,0.0115966,remove
3157,5692549928996306952,0,2,0.0199323,remove
3158,5692549928996306952,0,2,0.0103206,remove
3159,5692549928996306952,0,2,0.0303623,remove
3160,5692549928996306952,0,2,0.0338085,remove
3161,5692549928996306952,0,2,0.0309869,remove
3162,5692549928996306952,0,2,0.0220892,remove
3163,5692549928996306952,0,2,0.0115966,remove
3164,5692549928996306952,0,2,0.0103206,remove
3165,5692549928996306952,0,2,0.0338085,remove
3166,5692549928996306952,0,2,0.0303623,remove
3167,5692549928996306952,0,2,0.0257356,remove
3170,5692549928996306952,0,2,0.0280264,remove
3171,5692549928996306952,0,2,0.0225944,remove
3172,5692549928996306952,0,2,0.0225944,remove
3173,5692549928996306952,0,2,0.0225944,remove
3174,5692549928996306952,0,2,0.0225944,remove
3175,5692549928996306952,0,2,0.0354213,remove
3176,5692549928996306952,0,2,0.0309869,remove
3177,5692549928996306952,0,2,0.0392825,remove
3178,5692549928996306952,0,2,0.0392825,remove
3179,5692549928996306952,0,2,0.0257356,remove
3180,5692549928996306952,0,2,0.0354213,remove
3181,5692549928996306952,0,2,0.0225944,remove
3182,5692549928996306952,0,2,0.0225944,remove
3183,5692549928996306952,0,2,0.0338085,remove
3184,5692549928996306952,0,2,0.0392825,remove
3185,5692549928996306952,0,2,0.0309869,remove
3186,5692549928996306952,0,2,0.0257356,remove
3187,5692549928996306952,0,2,0.0392825,remove
3188,5692549928996306952,0,2,0.0338085,remove
3189,5692549928996306952,0,2,0.0280264,remove
3191,5692549928996306952,0,2,0.0404737,remove
3197,5692549928996306952,0,2,0.041822,remove
3199,5692549928996306952,0,2,0.0489385,remove
3200,5692549928996306952,0,2,0.0489385,remove
3204,5692549928996306952,0,2,0.0440114,remove
3206,5692549928996306952,0,2,0.041822,remove
3207,5692549928996306952,0,2,0.0440114,remove
3209,5692549928996306952,0,2,0.0279508,remove
3210,5692549928996306952,0,2,0.015714,remove
3211,5692549928996306952,0,2,0.039789,remove
3212,5692549928996306952,0,2,0.015714,remove
3214,5692549928996306952,0,2,0.039789,remove
3215,5692549928996306952,0,2,0.015714,remove
3216,5692549928996306952,0,2,0.0404737,remove
3218,5692549928996306952,0,2,0.039789,remove
3219,5692549928996306952,0,2,0.041822,remove
3220,5692549928996306952,0,2,0.0279508,remove
3221,5692549928996306952,0,2,0.041822,remove
3222,5692549928996306952,0,2,0.0233881,remove
3223,5692549928996306952,0,2,0.0279508,remove
3224,5692549928996306952,0,2,0.041822,remove
3225,5692549928996306952,0,2,0.0489385,remove
3226,5692549928996306952,0,2,0.0233881,remove
3228,5692549928996306952,0,2,0.0440114,remove
3229,5692549928996306952,0,2,0.039789,remove
3230,5692549928996306952,0,2,0.0440114,remove
3231,5692549928996306952,0,2,0.041822,remove
3232,5692549928996306952,0,2,0.039789,remove
3233,5692549928996306952,0,2,0.0340418,remove
3234,5692549928996306952,0,2,0.0336391,remove
3235,5692549928996306952,0,2,0.0281127,remove
3236,5692549928996306952,0,2,0.0281123,remove
3237,5692549928996306952,0,2,0.0336387,remove
3238,5692549928996306952,0,2,0.0336387,remove
3239,5692549928996306952,0,2,0.015714,remove
3240,5692549928996306952,0,2,0.0279508,remove
3241,5692549928996306952,0,2,0.0135119,remove
3242,5692549928996306952,0,2,0.0279508,remove
3243,5692549928996306952,0,2,0.0233881,remove
3244,5692549928996306952,0,2,0.0135119,remove
3245,5692549928996306952,0,2,0.0281127,remove
3246,5692549928996306952,0,2,0.0304694,remove
3247,5692549928996306952,0,2,0.0340418,remove
3248,5692549928996306952,0,2,0.030469,remove
3249,5692549928996306952,0,2,0.0281123,remove
3250,5692549928996306952,0,2,0.0256678,remove
3251,5692549928996306952,0,2,0.0256678,remove
3252,5692549928996306952,0,2,0.0281123,remove
3253,5692549928996306952,0,2,0.0256678,remove
3254,5692549928996306952,0,2,0.0206423,remove
3255,5692549928996306952,0,2,0.0240233,remove
3256,5692549928996306952,0,2,0.0171704,remove
3257,5692549928996306952,0,2,0.0171704,remove
3258,5692549928996306952,0,2,0.0240233,remove
3259,5692549928996306952,0,2,0.0196111,remove
3260,5692549928996306952,0,2,0.0223972,remove
3261,5692549928996306952,0,2,0.0196112,remove
3262,5692549928996306952,0,2,0.0306988,remove
3263,5692549928996306952,0,2,0.0306988,remove
3264,5692549928996306952,0,2,0.0196112,remove
3265,5692549928996306952,0,2,0.0240234,remove
3266,5692549928996306952,0,2,0.0171704,remove
3267,5692549928996306952,0,2,0.0196111,remove
3268,5692549928996306952,0,2,0.0196111,remove
3269,5692549928996306952,0,2,0.0223972,remove
3270,5692549928996306952,0,2,0.0223972,remove
3271,5692549928996306952,0,2,0.0196112,remove
3272,5692549928996306952,0,2,0.0365922,remove
3273,5692549928996306952,0,2,0.0401991,remove
3274,5692549928996306952,0,2,0.0401992,remove
3275,5692549928996306952,0,2,0.0127583,remove
3276,5692549928996306952,0,2,0.0206432,remove
3277,5692549928996306952,0,2,0.0243695,remove
3278,5692549928996306952,0,2,0.0243695,remove
3279,5692549928996306952,0,2,0.0206432,remove
3280,5692549928996306952,0,2,0.0171699,remove
3281,5692549928996306952,0,2,0.0243695,remove
3282,5692549928996306952,0,2,0.0171699,remove
3283,5692549928996306952,0,2,0.0198745,remove
3284,5692549928996306952,0,2,0.0171699,remove
3285,5692549928996306952,0,2,0.0198745,remove
3286,5692549928996306952,0,2,0.0365922,remove
3287,5692549928996306952,0,2,0.0403772,remove
3288,5692549928996306952,0,2,0.0403771,remove
3289,5692549928996306952,0,2,0.0198743,remove
3290,5692549928996306952,0,2,0.0198743,remove
3291,5692549928996306952,0,2,0.0198743,remove
3292,5692549928996306952,0,2,0.0243696,remove
3293,5692549928996306952,0,2,0.0223967,remove
3294,5692549928996306952,0,2,0.0127583,remove
3295,5692549928996306952,0,2,0.0127583,remove
3296,5692549928996306952,0,2,0.0223967,remove
3297,5692549928996306952,0,2,0.0306995,remove
3298,5692549928996306952,0,2,0.0198744,remove
3299,5692549928996306952,0,2,0.0243696,remove
3300,5692549928996306952,0,2,0.0243696,remove
3301,5692549928996306952,0,2,0.0223967,remove
3302,5692549928996306952,0,2,0.0198742,remove
3303,5692549928996306952,0,2,0.0198742,remove
3304,5692549928996306952,0,2,0.0416157,remove
3305,5692549928996306952,0,2,0.0399974,remove
3306,5692549928996306952,0,2,0.0220908,remove
3307,5692549928996306952,0,2,0.0220908,remove
3308,5692549928996306952,0,2,0.0399974,remove
3309,5692549928996306952,0,2,0.0142376,remove
3310,5692549928996306952,0,2,0.0169317,remove
3311,5692549928996306952,0,2,0.0190229,remove
3312,5692549928996306952,0,2,0.0103215,remove
3313,5692549928996306952,0,2,0.0190229,remove
3314,5692549928996306952,0,2,0.0220908,remove
3315,5692549928996306952,0,2,0.0103215,remove
3316,5692549928996306952,0,2,0.0190229,remove
3317,5692549928996306952,0,2,0.0416157,remove
3318,5692549928996306952,0,2,0.0220908,remove
3319,5692549928996306952,0,2,0.0190229,remove
3320,5692549928996306952,0,2,0.0169317,remove
3321,5692549928996306952,0,2,0.0174928,remove
3331,5692549928996306952,0,2,0.0472564,remove
3333,5692549928996306952,0,2,0.0472564,remove
3336,5692549928996306952,0,2,0.0340418,remove
3337,5692549928996306952,0,2,0.0340418,remove
3339,5692549928996306952,0,2,0.0336391,remove
3340,5692549928996306952,0,2,0.0340418,remove
3341,5692549928996306952,0,2,0.0304694,remove
3344,5692549928996306952,0,2,0.0304694,remove
3347,5692549928996306952,0,2,0.0336387,remove
3349,5692549928996306952,0,2,0.0256678,remove
3351,5692549928996306952,0,2,0.030469,remove
3352,5692549928996306952,0,2,0.0256678,remove
3354,5692549928996306952,0,2,0.0256678,remove
3355,5692549928996306952,0,2,0.0472547,remove
3357,5692549928996306952,0,2,0.0280264,remove
3358,5692549928996306952,0,2,0.0472547,remove
3359,5692549928996306952,0,2,0.0280264,remove
3371,5692549928996306952,0,2,0.0225566,remove
3372,5692549928996306952,0,2,0.0437045,remove
3373,5692549928996306952,0,2,0.0411759,remove
3374,5692549928996306952,0,2,0.0451003,remove
3375,5692549928996306952,0,2,0.0437045,remove
3376,5692549928996306952,0,2,0.0225566,remove
3377,5692549928996306952,0,2,0.0238652,remove
3378,5692549928996306952,0,2,0.048572,remove
3379,5692549928996306952,0,2,0.0485736,remove
3380,5692549928996306952,0,2,0.0485719,remove
3381,5692549928996306952,0,2,0.0238653,remove
3383,5692549928996306952,0,2,0.0225567,remove
3384,5692549928996306952,0,2,0.0411759,remove
3385,5692549928996306952,0,2,0.0427531,remove
3387,5692549928996306952,0,2,0.0485735,remove
3389,5692549928996306952,0,2,0.0427549,remove
3390,5692549928996306952,0,2,0.0411778,remove
3391,5692549928996306952,0,2,0.0427531,remove
3392,5692549928996306952,0,2,0.0451003,remove
3393,5692549928996306952,0,2,0.0225567,remove
3395,5692549928996306952,0,2,0.0451021,remove
3396,5692549928996306952,0,2,0.0427549,remove
3403,5692549928996306952,0,2,0.0437063,remove
3405,5692549928996306952,0,2,0.0411778,remove
3406,5692549928996306952,0,2,0.045102,remove
3408,5692549928996306952,0,2,0.0437063,remove
3409,5692549928996306952,0,2,0.0338083,remove
3410,5692549928996306952,0,2,0.0259994,remove
3411,5692549928996306952,0,2,0.0298108,remove
3412,5692549928996306952,0,2,0.0254812,remove
3413,5692549928996306952,0,2,0.0231494,remove
3414,5692549928996306952,0,2,0.0259222,remove
3415,5692549928996306952,0,2,0.0304181,remove
3416,5692549928996306952,0,2,0.0231494,remove
3417,5692549928996306952,0,2,0.0254812,remove
3418,5692549928996306952,0,2,0.0259222,remove
3419,5692549928996306952,0,2,0.0231494,remove
3420,5692549928996306952,0,2,0.0453625,remove
3421,5692549928996306952,0,2,0.0453625,remove
3422,5692549928996306952,0,2,0.0231494,remove
3423,5692549928996306952,0,2,0.0411635,remove
3424,5692549928996306952,0,2,0.04979,remove
3425,5692549928996306952,0,2,0.0411635,remove
3426,5692549928996306952,0,2,0.0304181,remove
3427,5692549928996306952,0,2,0.0304181,remove
3428,5692549928996306952,0,2,0.0411635,remove
3429,5692549928996306952,0,2,0.0231494,remove
3430,5692549928996306952,0,2,0.0411635,remove
3432,5692549928996306952,0,2,0.0453625,remove
3433,5692549928996306952,0,2,0.0338083,remove
3434,5692549928996306952,0,2,0.02981,remove
3435,5692549928996306952,0,2,0.0258922,remove
3436,5692549928996306952,0,2,0.04979,remove
3438,5692549928996306952,0,2,0.0411635,remove
3439,5692549928996306952,0,2,0.0259222,remove
3440,5692549928996306952,0,2,0.0325778,remove
3441,5692549928996306952,0,2,0.0254812,remove
3442,5692549928996306952,0,2,0.0325778,remove
3443,5692549928996306952,0,2,0.0304181,remove
3444,5692549928996306952,0,2,0.0254812,remove
3445,5692549928996306952,0,2,0.0325778,remove
3446,5692549928996306952,0,2,0.0259222,remove
3449,5692549928996306952,0,2,0.0259222,remove
3450,5692549928996306952,0,2,0.0453625,remove
3452,5692549928996306952,0,2,0.04979,remove
3453,5692549928996306952,0,2,0.0325778,remove
3454,5692549928996306952,0,2,0.0325778,remove
3455,5692549928996306952,0,2,0.04979,remove
3456,5692549928996306952,0,2,0.0304181,remove
3457,5692549928996306952,0,2,0.0453625,remove
3461,5692549928996306952,0,2,0.04979,remove
3464,5692549928996306952,0,2,0.0452201,remove
3465,5692549928996306952,0,2,0.0338086,remove
3466,5692549928996306952,0,2,0.0338086,remove
3467,5692549928996306952,0,2,0.0452201,remove
3468,5692549928996306952,0,2,0.0259998,remove
3469,5692549928996306952,0,2,0.0333544,remove
3471,5692549928996306952,0,2,0.0258926,remove
3472,5692549928996306952,0,2,0.0258926,remove
3474,5692549928996306952,0,2,0.0338086,remove
3476,5692549928996306952,0,2,0.0447963,remove
3478,5692549928996306952,0,2,0.0327912,remove
3479,5692549928996306952,0,2,0.0306878,remove
3480,5692549928996306952,0,2,0.0339808,remove
3481,5692549928996306952,0,2,0.0400018,remove
3482,5692549928996306952,0,2,0.0447963,remove
3484,5692549928996306952,0,2,0.0306878,remove
3485,5692549928996306952,0,2,0.0307104,remove
3486,5692549928996306952,0,2,0.0339808,remove
3490,5692549928996306952,0,2,0.0378151,remove
3493,5692549928996306952,0,2,0.0327912,remove
3494,5692549928996306952,0,2,0.0231784,remove
3495,5692549928996306952,0,2,0.0306878,remove
3496,5692549928996306952,0,2,0.0231784,remove
3497,5692549928996306952,0,2,0.0307104,remove
3498,5692549928996306952,0,2,0.0306878,remove
3503,5692549928996306952,0,2,0.0378151,remove
3505,5692549928996306952,0,2,0.0115099,remove
3506,5692549928996306952,0,2,0.0165768,remove
3507,5692549928996306952,0,2,0.00709657,remove
3508,5692549928996306952,0,2,0.0165766,remove
3509,5692549928996306952,0,2,0.0115097,remove
3510,5692549928996306952,0,2,0.0148704,remove
3511,5692549928996306952,0,2,0.0115099,remove
3512,5692549928996306952,0,2,0.0148703,remove
3513,5692549928996306952,0,2,0.00709656,remove
3514,5692549928996306952,0,2,0.0115097,remove
3515,5692549928996306952,0,2,0.0400004,remove
3516,5692549928996306952,0,2,0.0470535,remove
3517,5692549928996306952,0,2,0.0348722,remove
3518,5692549928996306952,0,2,0.0472394,remove
3519,5692549928996306952,0,2,0.0470535,remove
3520,5692549928996306952,0,2,0.0400004,remove
3521,5692549928996306952,0,2,0.0470535,remove
3522,5692549928996306952,0,2,0.0433225,remove
3523,5692549928996306952,0,2,0.0348722,remove
3524,5692549928996306952,0,2,0.0472394,remove
3525,5692549928996306952,0,2,0.0433225,remove
3526,5692549928996306952,0,2,0.0470535,remove
3527,5692549928996306952,0,2,0.0348722,remove
3528,5692549928996306952,0,2,0.035177,remove
3529,5692549928996306952,0,2,0.0400004,remove
3530,5692549928996306952,0,2,0.035177,remove
3531,5692549928996306952,0,2,0.0472394,remove
3532,5692549928996306952,0,2,0.0400004,remove
3533,5692549928996306952,0,2,0.0348722,remove
3534,5692549928996306952,0,2,0.0433225,remove
3535,5692549928996306952,0,2,0.035177,remove
3536,5692549928996306952,0,2,0.0433225,remove
3537,5692549928996306952,0,2,0.0472394,remove
3538,5692549928996306952,0,2,0.035177,remove
3539,5692549928996306952,0,2,0.0301685,remove
3540,5692549928996306952,0,2,0.0303317,remove
3541,5692549928996306952,0,2,0.0302318,remove
3542,5692549928996306952,0,2,0.0303317,remove
3543,5692549928996306952,0,2,0.0303216,remove
3544,5692549928996306952,0,2,0.0302318,remove
3545,5692549928996306952,0,2,0.0310948,remove
3546,5692549928996306952,0,2,0.0257063,remove
3547,5692549928996306952,0,2,0.0255312,remove
3548,5692549928996306952,0,2,0.0255312,remove
3549,5692549928996306952,0,2,0.024344,remove
3550,5692549928996306952,0,2,0.0310948,remove
3551,5692549928996306952,0,2,0.0302325,remove
3552,5692549928996306952,0,2,0.0300634,remove
3553,5692549928996306952,0,2,0.0301692,remove
3554,5692549928996306952,0,2,0.0246289,remove
3555,5692549928996306952,0,2,0.0257063,remove
3556,5692549928996306952,0,2,0.0310948,remove
3557,5692549928996306952,0,2,0.024344,remove
3558,5692549928996306952,0,2,0.0246289,remove
3559,5692549928996306952,0,2,0.0310948,remove
3560,5692549928996306952,0,2,0.0303223,remove
3561,5692549928996306952,0,2,0.0300634,remove
3562,5692549928996306952,0,2,0.0302325,remove
3564,5692549928996306952,0,2,0.0479685,remove
3567,5692549928996306952,0,2,0.0479685,remove
3569,5692549928996306952,0,2,0.0479685,remove
3571,5692549928996306952,0,2,0.0378137,remove
3572,5692549928996306952,0,2,0.0162974,remove
3573,5692549928996306952,0,2,0.0308427,remove
3574,5692549928996306952,0,2,0.0242604,remove
3575,5692549928996306952,0,2,0.0378137,remove
3577,5692549928996306952,0,2,0.0479685,remove
3578,5692549928996306952,0,2,0.0242604,remove
3579,5692549928996306952,0,2,0.0308427,remove
3580,5692549928996306952,0,2,0.00659375,remove
3581,5692549928996306952,0,2,0.0162974,remove
3582,5692549928996306952,0,2,0.0242604,remove
3583,5692549928996306952,0,2,0.00659375,remove
3584,5692549928996306952,0,2,0.0242604,remove
3585,5692549928996306952,0,2,0.0165774,remove
3586,5692549928996306952,0,2,0.0148711,remove
3587,5692549928996306952,0,2,0.00709817,remove
3588,5692549928996306952,0,2,0.0165773,remove
3589,5692549928996306952,0,2,0.00709816,remove
3590,5692549928996306952,0,2,0.0148711,remove
3591,5692549928996306952,0,2,0.026029,remove
3592,5692549928996306952,0,2,0.0309018,remove
3593,5692549928996306952,0,2,0.0309018,remove
3594,5692549928996306952,0,2,0.0263708,remove
3595,5692549928996306952,0,2,0.026029,remove
3596,5692549928996306952,0,2,0.026029,remove
3597,5692549928996306952,0,2,0.0139924,remove
3598,5692549928996306952,0,2,0.0259998,remove
3599,5692549928996306952,0,2,0.0313083,remove
3600,5692549928996306952,0,2,0.0259998,remove
3601,5692549928996306952,0,2,0.0452201,remove
3602,5692549928996306952,0,2,0.0313083,remove
3603,5692549928996306952,0,2,0.026029,remove
3604,5692549928996306952,0,2,0.0263708,remove
3605,5692549928996306952,0,2,0.0258926,remove
3606,5692549928996306952,0,2,0.0139924,remove
3607,5692549928996306952,0,2,0.0333544,remove
3608,5692549928996306952,0,2,0.0333544,remove
3609,5692549928996306952,0,2,0.0139924,remove
3610,5692549928996306952,0,2,0.0313083,remove
3611,5692549928996306952,0,2,0.0447963,remove
3612,5692549928996306952,0,2,0.0375614,remove
3614,5692549928996306952,0,2,0.0400018,remove
3615,5692549928996306952,0,2,0.0375614,remove
3616,5692549928996306952,0,2,0.0447963,remove
3617,5692549928996306952,0,2,0.0298108,remove
3618,5692549928996306952,0,2,0.0259994,remove
3619,5692549928996306952,0,2,0.0139916,remove
3620,5692549928996306952,0,2,0.0139916,remove
3621,5692549928996306952,0,2,0.0258922,remove
3622,5692549928996306952,0,2,0.02981,remove
3623,5692549928996306952,0,2,0.0178751,remove
3624,5692549928996306952,0,2,0.0256984,remove
3625,5692549928996306952,0,2,0.0287088,remove
3626,5692549928996306952,0,2,0.0256984,remove
3627,5692549928996306952,0,2,0.0275007,remove
3628,5692549928996306952,0,2,0.0287088,remove
3629,5692549928996306952,0,2,0.0294985,remove
3630,5692549928996306952,0,2,0.0294985,remove
3631,5692549928996306952,0,2,0.0292032,remove
3632,5692549928996306952,0,2,0.0294989,remove
3633,5692549928996306952,0,2,0.0294989,remove
3634,5692549928996306952,0,2,0.0292032,remove
3635,5692549928996306952,0,2,0.0153708,remove
3636,5692549928996306952,0,2,0.0153979,remove
3637,5692549928996306952,0,2,0.0154403,remove
3638,5692549928996306952,0,2,0.0152831,remove
3639,5692549928996306952,0,2,0.0153979,remove
3640,5692549928996306952,0,2,0.0153708,remove
3641,5692549928996306952,0,2,0.0154401,remove
3642,5692549928996306952,0,2,0.0153977,remove
3643,5692549928996306952,0,2,0.0108238,remove
3644,5692549928996306952,0,2,0.0108238,remove
3645,5692549928996306952,0,2,0.0153977,remove
3646,5692549928996306952,0,2,0.0190709,remove
3647,5692549928996306952,0,2,0.0228693,remove
3648,5692549928996306952,0,2,0.0190709,remove
3649,5692549928996306952,0,2,0.0152829,remove
3650,5692549928996306952,0,2,0.0152829,remove
3651,5692549928996306952,0,2,0.0190709,remove
3652,5692549928996306952,0,2,0.0153977,remove
3653,5692549928996306952,0,2,0.0190709,remove
3654,5692549928996306952,0,2,0.0156501,remove
3655,5692549928996306952,0,2,0.0108238,remove
3656,5692549928996306952,0,2,0.0228693,remove
3657,5692549928996306952,0,2,0.0156501,remove
3658,5692549928996306952,0,2,0.0190709,remove
3659,5692549928996306952,0,2,0.0227275,remove
3660,5692549928996306952,0,2,0.0196601,remove
3661,5692549928996306952,0,2,0.0227276,remove
3662,5692549928996306952,0,2,0.0227275,remove
3663,5692549928996306952,0,2,0.0102919,remove
3664,5692549928996306952,0,2,0.0196601,remove
3665,5692549928996306952,0,2,0.0102919,remove
3666,5692549928996306952,0,2,0.0227276,remove
3667,5692549928996306952,0,2,0.0154403,remove
3668,5692549928996306952,0,2,0.0152916,remove
3669,5692549928996306952,0,2,0.0153708,remove
3670,5692549928996306952,0,2,0.0152916,remove
3671,5692549928996306952,0,2,0.0152831,remove
3672,5692549928996306952,0,2,0.0153708,remove
3673,5692549928996306952,0,2,0.0152914,remove
3674,5692549928996306952,0,2,0.0154401,remove
3675,5692549928996306952,0,2,0.0234968,remove
3676,5692549928996306952,0,2,0.0154401,remove
3677,5692549928996306952,0,2,0.0234968,remove
3678,5692549928996306952,0,2,0.0154401,remove
3679,5692549928996306952,0,2,0.0108238,remove
3680,5692549928996306952,0,2,0.0234968,remove
3681,5692549928996306952,0,2,0.0291392,remove
3682,5692549928996306952,0,2,0.0152914,remove
3683,5692549928996306952,0,2,0.0291392,remove
3684,5692549928996306952,0,2,0.0152829,remove
3685,5692549928996306952,0,2,0.0152914,remove
3686,5692549928996306952,0,2,0.0291392,remove
3687,5692549928996306952,0,2,0.0228693,remove
3688,5692549928996306952,0,2,0.0152829,remove
3689,5692549928996306952,0,2,0.0108238,remove
3690,5692549928996306952,0,2,0.0156501,remove
3691,5692549928996306952,0,2,0.0156501,remove
3692,5692549928996306952,0,2,0.0156501,remove
3693,5692549928996306952,0,2,0.0228693,remove
3694,5692549928996306952,0,2,0.0228693,remove
3695,5692549928996306952,0,2,0.0291392,remove
3696,5692549928996306952,0,2,0.0366956,remove
3697,5692549928996306952,0,2,0.0366956,remove
3698,5692549928996306952,0,2,0.0174747,remove
3699,5692549928996306952,0,2,0.0352701,remove
3700,5692549928996306952,0,2,0.0106688,remove
3701,5692549928996306952,0,2,0.0352701,remove
3702,5692549928996306952,0,2,0.0174747,remove
3703,5692549928996306952,0,2,0.0321442,remove
3704,5692549928996306952,0,2,0.0212123,remove
3705,5692549928996306952,0,2,0.0353369,remove
3706,5692549928996306952,0,2,0.0292825,remove
3707,5692549928996306952,0,2,0.0212123,remove
3708,5692549928996306952,0,2,0.0321442,remove
3709,5692549928996306952,0,2,0.00408835,remove
3710,5692549928996306952,0,2,0.0174747,remove
3711,5692549928996306952,0,2,0.00408835,remove
3712,5692549928996306952,0,2,0.0106688,remove
3713,5692549928996306952,0,2,0.0174747,remove
3714,5692549928996306952,0,2,0.00408762,remove
3715,5692549928996306952,0,2,0.0137447,remove
3716,5692549928996306952,0,2,0.0137447,remove
3717,5692549928996306952,0,2,0.0106686,remove
3718,5692549928996306952,0,2,0.00408762,remove
3719,5692549928996306952,0,2,0.0227724,remove
3720,5692549928996306952,0,2,0.00408762,remove
3721,5692549928996306952,0,2,0.0137447,remove
3722,5692549928996306952,0,2,0.0227724,remove
3723,5692549928996306952,0,2,0.00408762,remove
3724,5692549928996306952,0,2,0.0233959,remove
3725,5692549928996306952,0,2,0.0227724,remove
3726,5692549928996306952,0,2,0.0172775,remove
3727,5692549928996306952,0,2,0.0233959,remove
3728,5692549928996306952,0,2,0.0227724,remove
3729,5692549928996306952,0,2,0.0233959,remove
3730,5692549928996306952,0,2,0.021105,remove
3731,5692549928996306952,0,2,0.0360521,remove
3732,5692549928996306952,0,2,0.0172775,remove
3733,5692549928996306952,0,2,0.0360521,remove
3734,5692549928996306952,0,2,0.0233959,remove
3735,5692549928996306952,0,2,0.0172775,remove
3736,5692549928996306952,0,2,0.0360521,remove
3737,5692549928996306952,0,2,0.0233959,remove
3738,5692549928996306952,0,2,0.0224913,remove
3739,5692549928996306952,0,2,0.0349611,remove
3740,5692549928996306952,0,2,0.021105,remove
3741,5692549928996306952,0,2,0.021105,remove
3742,5692549928996306952,0,2,0.0349611,remove
3743,5692549928996306952,0,2,0.0360521,remove
3744,5692549928996306952,0,2,0.0360531,remove
3745,5692549928996306952,0,2,0.0318194,remove
3746,5692549928996306952,0,2,0.0360531,remove
3747,5692549928996306952,0,2,0.0349612,remove
3748,5692549928996306952,0,2,0.0318194,remove
3749,5692549928996306952,0,2,0.0360531,remove
3751,5692549928996306952,0,2,0.0318194,remove
3752,5692549928996306952,0,2,0.0349612,remove
3753,5692549928996306952,0,2,0.0318194,remove
3754,5692549928996306952,0,2,0.0175182,remove
3755,5692549928996306952,0,2,0.0318194,remove
3756,5692549928996306952,0,2,0.0175182,remove
3757,5692549928996306952,0,2,0.017976,remove
3758,5692549928996306952,0,2,0.017976,remove
3759,5692549928996306952,0,2,0.017976,remove
3760,5692549928996306952,0,2,0.0353369,remove
3761,5692549928996306952,0,2,0.0212123,remove
3762,5692549928996306952,0,2,0.0321934,remove
3763,5692549928996306952,0,2,0.0212123,remove
3764,5692549928996306952,0,2,0.0292825,remove
3765,5692549928996306952,0,2,0.0321933,remove
3766,5692549928996306952,0,2,0.0137447,remove
3767,5692549928996306952,0,2,0.0172244,remove
3768,5692549928996306952,0,2,0.0137447,remove
3769,5692549928996306952,0,2,0.0172244,remove
3770,5692549928996306952,0,2,0.0227724,remove
3771,5692549928996306952,0,2,0.0137447,remove
3772,5692549928996306952,0,2,0.0172244,remove
3773,5692549928996306952,0,2,0.0128589,remove
3774,5692549928996306952,0,2,0.0227724,remove
3775,5692549928996306952,0,2,0.0227724,remove
3776,5692549928996306952,0,2,0.0128589,remove
3777,5692549928996306952,0,2,0.0172775,remove
3778,5692549928996306952,0,2,0.021105,remove
3779,5692549928996306952,0,2,0.0172775,remove
3780,5692549928996306952,0,2,0.0128589,remove
3781,5692549928996306952,0,2,0.021105,remove
3782,5692549928996306952,0,2,0.0128589,remove
3783,5692549928996306952,0,2,0.0159503,remove
3784,5692549928996306952,0,2,0.0147059,remove
3785,5692549928996306952,0,2,0.021105,remove
3786,5692549928996306952,0,2,0.0159503,remove
3787,5692549928996306952,0,2,0.0147059,remove
3788,5692549928996306952,0,2,0.0224913,remove
3789,5692549928996306952,0,2,0.021105,remove
3790,5692549928996306952,0,2,0.00995852,remove
3791,5692549928996306952,0,2,0.00995852,remove
3792,5692549928996306952,0,2,0.023177,remove
3793,5692549928996306952,0,2,0.0389426,remove
3794,5692549928996306952,0,2,0.0345125,remove
3795,5692549928996306952,0,2,0.0431469,remove
3796,5692549928996306952,0,2,0.00995852,remove
3797,5692549928996306952,0,2,0.0142223,remove
3798,5692549928996306952,0,2,0.0221051,remove
3799,5692549928996306952,0,2,0.0294121,remove
3800,5692549928996306952,0,2,0.00995852,remove
3801,5692549928996306952,0,2,0.0221051,remove
3802,5692549928996306952,0,2,0.00995852,remove
3803,5692549928996306952,0,2,0.033671,remove
3804,5692549928996306952,0,2,0.023177,remove
3805,5692549928996306952,0,2,0.00995852,remove
3806,5692549928996306952,0,2,0.0294121,remove
3807,5692549928996306952,0,2,0.033671,remove
3808,5692549928996306952,0,2,0.017976,remove
3809,5692549928996306952,0,2,0.0294121,remove
3810,5692549928996306952,0,2,0.0221051,remove
3811,5692549928996306952,0,2,0.0294121,remove
3812,5692549928996306952,0,2,0.0236593,remove
3813,5692549928996306952,0,2,0.0221051,remove
3814,5692549928996306952,0,2,0.0142982,remove
3815,5692549928996306952,0,2,0.00955122,remove
3816,5692549928996306952,0,2,0.0142981,remove
3817,5692549928996306952,0,2,0.0231915,remove
3818,5692549928996306952,0,2,0.0201324,remove
3819,5692549928996306952,0,2,0.0178751,remove
3820,5692549928996306952,0,2,0.00955122,remove
3821,5692549928996306952,0,2,0.0236619,remove
3822,5692549928996306952,0,2,0.0171187,remove
3823,5692549928996306952,0,2,0.0236618,remove
3824,5692549928996306952,0,2,0.0275007,remove
3825,5692549928996306952,0,2,0.0201324,remove
3826,5692549928996306952,0,2,0.0231915,remove
3827,5692549928996306952,0,2,0.0238897,remove
3828,5692549928996306952,0,2,0.0236619,remove
3829,5692549928996306952,0,2,0.0171187,remove
3830,5692549928996306952,0,2,0.0171456,remove
3831,5692549928996306952,0,2,0.0172242,remove
3832,5692549928996306952,0,2,0.0172242,remove
3833,5692549928996306952,0,2,0.0238914,remove
3834,5692549928996306952,0,2,0.0236618,remove
3835,5692549928996306952,0,2,0.0171456,remove
3836,5692549928996306952,0,2,0.0171456,remove
3837,5692549928996306952,0,2,0.0142216,remove
3838,5692549928996306952,0,2,0.0216587,remove
3839,5692549928996306952,0,2,0.0142216,remove
3840,5692549928996306952,0,2,0.0216587,remove
3841,5692549928996306952,0,2,0.019664,remove
3842,5692549928996306952,0,2,0.0235482,remove
3843,5692549928996306952,0,2,0.0235482,remove
3844,5692549928996306952,0,2,0.0235482,remove
3845,5692549928996306952,0,2,0.0216587,remove
3846,5692549928996306952,0,2,0.0196626,remove
3847,5692549928996306952,0,2,0.018053,remove
3848,5692549928996306952,0,2,0.023547,remove
3849,5692549928996306952,0,2,0.0171456,remove
3850,5692549928996306952,0,2,0.0128583,remove
3851,5692549928996306952,0,2,0.0172242,remove
3852,5692549928996306952,0,2,0.0128583,remove
3853,5692549928996306952,0,2,0.0171456,remove
3854,5692549928996306952,0,2,0.0159498,remove
3855,5692549928996306952,0,2,0.0171456,remove
3856,5692549928996306952,0,2,0.0305433,remove
3857,5692549928996306952,0,2,0.0159498,remove
3858,5692549928996306952,0,2,0.0171456,remove
3859,5692549928996306952,0,2,0.0305433,remove
3860,5692549928996306952,0,2,0.0231766,remove
3861,5692549928996306952,0,2,0.0392542,remove
3862,5692549928996306952,0,2,0.0392542,remove
3863,5692549928996306952,0,2,0.0392542,remove
3864,5692549928996306952,0,2,0.0305444,remove
3865,5692549928996306952,0,2,0.0336707,remove
3866,5692549928996306952,0,2,0.0392542,remove
3867,5692549928996306952,0,2,0.0231766,remove
3868,5692549928996306952,0,2,0.0216587,remove
3869,5692549928996306952,0,2,0.0221047,remove
3870,5692549928996306952,0,2,0.0142216,remove
3871,5692549928996306952,0,2,0.0235482,remove
3872,5692549928996306952,0,2,0.0236589,remove
3873,5692549928996306952,0,2,0.0216587,remove
3874,5692549928996306952,0,2,0.0216587,remove
3875,5692549928996306952,0,2,0.0236589,remove
3876,5692549928996306952,0,2,0.0221047,remove
3877,5692549928996306952,0,2,0.018053,remove
3878,5692549928996306952,0,2,0.0236604,remove
3879,5692549928996306952,0,2,0.023547,remove
3880,5692549928996306952,0,2,0.0159498,remove
3881,5692549928996306952,0,2,0.0305433,remove
3882,5692549928996306952,0,2,0.0147054,remove
3883,5692549928996306952,0,2,0.0147054,remove
3884,5692549928996306952,0,2,0.0305433,remove
3885,5692549928996306952,0,2,0.0288974,remove
3886,5692549928996306952,0,2,0.0345122,remove
3887,5692549928996306952,0,2,0.0288975,remove
3888,5692549928996306952,0,2,0.0431467,remove
3889,5692549928996306952,0,2,0.0288975,remove
3890,5692549928996306952,0,2,0.0392542,remove
3891,5692549928996306952,0,2,0.0431467,remove
3892,5692549928996306952,0,2,0.0288975,remove
3893,5692549928996306952,0,2,0.0305444,remove
3894,5692549928996306952,0,2,0.0392542,remove
3895,5692549928996306952,0,2,0.0336707,remove
3896,5692549928996306952,0,2,0.0431467,remove
3897,5692549928996306952,0,2,0.0392542,remove
3898,5692549928996306952,0,2,0.0147054,remove
3899,5692549928996306952,0,2,0.0288974,remove
3900,5692549928996306952,0,2,0.00981611,remove
3901,5692549928996306952,0,2,0.00981611,remove
3902,5692549928996306952,0,2,0.0288974,remove
3903,5692549928996306952,0,2,0.0204805,remove
3904,5692549928996306952,0,2,0.0336444,remove
3905,5692549928996306952,0,2,0.0338879,remove
3906,5692549928996306952,0,2,0.0345122,remove
3907,5692549928996306952,0,2,0.0338879,remove
3908,5692549928996306952,0,2,0.0288975,remove
3909,5692549928996306952,0,2,0.0345122,remove
3910,5692549928996306952,0,2,0.0338879,remove
3911,5692549928996306952,0,2,0.0204807,remove
3912,5692549928996306952,0,2,0.0288975,remove
3913,5692549928996306952,0,2,0.0336444,remove
3914,5692549928996306952,0,2,0.0348469,remove
3915,5692549928996306952,0,2,0.0338879,remove
3916,5692549928996306952,0,2,0.0180535,remove
3917,5692549928996306952,0,2,0.0196631,remove
3918,5692549928996306952,0,2,0.0196631,remove
3919,5692549928996306952,0,2,0.0180535,remove
3920,5692549928996306952,0,2,0.0236608,remove
3921,5692549928996306952,0,2,0.0180535,remove
3922,5692549928996306952,0,2,0.0236608,remove
3923,5692549928996306952,0,2,0.0125039,remove
3924,5692549928996306952,0,2,0.0287159,remove
3925,5692549928996306952,0,2,0.0224913,remove
3926,5692549928996306952,0,2,0.0224913,remove
3927,5692549928996306952,0,2,0.0287159,remove
3928,5692549928996306952,0,2,0.0349611,remove
3929,5692549928996306952,0,2,0.00981641,remove
3930,5692549928996306952,0,2,0.0224913,remove
3931,5692549928996306952,0,2,0.0147059,remove
3932,5692549928996306952,0,2,0.00981641,remove
3933,5692549928996306952,0,2,0.0125039,remove
3934,5692549928996306952,0,2,0.0224913,remove
3935,5692549928996306952,0,2,0.028716,remove
3937,5692549928996306952,0,2,0.0349612,remove
3938,5692549928996306952,0,2,0.0461393,remove
3940,5692549928996306952,0,2,0.028716,remove
3941,5692549928996306952,0,2,0.0389426,remove
3942,5692549928996306952,0,2,0.0336446,remove
3943,5692549928996306952,0,2,0.0345125,remove
3944,5692549928996306952,0,2,0.00945973,remove
3945,5692549928996306952,0,2,0.0284063,remove
3946,5692549928996306952,0,2,0.0125039,remove
3947,5692549928996306952,0,2,0.0125039,remove
3948,5692549928996306952,0,2,0.0284063,remove
3949,5692549928996306952,0,2,0.0287159,remove
3950,5692549928996306952,0,2,0.00974465,remove
3951,5692549928996306952,0,2,0.0265916,remove
3952,5692549928996306952,0,2,0.00945973,remove
3953,5692549928996306952,0,2,0.00945973,remove
3954,5692549928996306952,0,2,0.0265916,remove
3955,5692549928996306952,0,2,0.0284063,remove
3956,5692549928996306952,0,2,0.0135946,remove
3957,5692549928996306952,0,2,0.0236644,remove
3958,5692549928996306952,0,2,0.00974465,remove
3959,5692549928996306952,0,2,0.00974465,remove
3960,5692549928996306952,0,2,0.0236644,remove
3961,5692549928996306952,0,2,0.0265916,remove
3962,5692549928996306952,0,2,0.0132243,remove
3963,5692549928996306952,0,2,0.0187662,remove
3964,5692549928996306952,0,2,0.0135946,remove
3965,5692549928996306952,0,2,0.0135946,remove
3966,5692549928996306952,0,2,0.0187662,remove
3967,5692549928996306952,0,2,0.0236644,remove
3968,5692549928996306952,0,2,0.0152966,remove
3969,5692549928996306952,0,2,0.0170978,remove
3970,5692549928996306952,0,2,0.0132243,remove
3971,5692549928996306952,0,2,0.0132243,remove
3972,5692549928996306952,0,2,0.0170978,remove
3973,5692549928996306952,0,2,0.0187662,remove
3974,5692549928996306952,0,2,0.0169979,remove
3975,5692549928996306952,0,2,0.0175169,remove
3976,5692549928996306952,0,2,0.0152966,remove
3977,5692549928996306952,0,2,0.0152966,remove
3978,5692549928996306952,0,2,0.0175169,remove
3979,5692549928996306952,0,2,0.0170978,remove
3980,5692549928996306952,0,2,0.0169979,remove
3981,5692549928996306952,0,2,0.0169979,remove
3982,5692549928996306952,0,2,0.0175169,remove
3983,5692549928996306952,0,2,0.028408,remove
3984,5692549928996306952,0,2,0.0461393,remove
3985,5692549928996306952,0,2,0.028716,remove
3986,5692549928996306952,0,2,0.0413385,remove
3987,5692549928996306952,0,2,0.0461393,remove
3988,5692549928996306952,0,2,0.028408,remove
3989,5692549928996306952,0,2,0.0265935,remove
3990,5692549928996306952,0,2,0.0413385,remove
3991,5692549928996306952,0,2,0.028408,remove
3992,5692549928996306952,0,2,0.0372458,remove
3993,5692549928996306952,0,2,0.0413385,remove
3994,5692549928996306952,0,2,0.0265935,remove
3995,5692549928996306952,0,2,0.0290776,remove
3996,5692549928996306952,0,2,0.0372458,remove
3997,5692549928996306952,0,2,0.0273463,remove
3998,5692549928996306952,0,2,0.0372458,remove
3999,5692549928996306952,0,2,0.0236639,remove
4000,5692549928996306952,0,2,0.0273463,remove
4001,5692549928996306952,0,2,0.0372458,remove
4002,5692549928996306952,0,2,0.0265935,remove
4003,5692549928996306952,0,2,0.0236639,remove
4004,5692549928996306952,0,2,0.0187681,remove
4005,5692549928996306952,0,2,0.0241293,remove
4006,5692549928996306952,0,2,0.0236639,remove
4007,5692549928996306952,0,2,0.0236639,remove
4008,5692549928996306952,0,2,0.0241293,remove
4009,5692549928996306952,0,2,0.0273463,remove
4010,5692549928996306952,0,2,0.0170997,remove
4011,5692549928996306952,0,2,0.0265451,remove
4012,5692549928996306952,0,2,0.0187681,remove
4013,5692549928996306952,0,2,0.0187681,remove
4014,5692549928996306952,0,2,0.0265451,remove
4015,5692549928996306952,0,2,0.0241293,remove
4016,5692549928996306952,0,2,0.0175186,remove
4017,5692549928996306952,0,2,0.0300781,remove
4018,5692549928996306952,0,2,0.0170997,remove
4019,5692549928996306952,0,2,0.0170997,remove
4020,5692549928996306952,0,2,0.0300781,remove
4021,5692549928996306952,0,2,0.0265451,remove
4022,5692549928996306952,0,2,0.0175186,remove
4023,5692549928996306952,0,2,0.0175186,remove
4024,5692549928996306952,0,2,0.0300781,remove
4025,5692549928996306952,0,2,0.0290776,remove
4026,5692549928996306952,0,2,0.0371631,remove
4027,5692549928996306952,0,2,0.0372458,remove
4028,5692549928996306952,0,2,0.007314,remove
4029,5692549928996306952,0,2,0.0125039,remove
4030,5692549928996306952,0,2,0.00981641,remove
4031,5692549928996306952,0,2,0.007314,remove
4032,5692549928996306952,0,2,0.00945973,remove
4033,5692549928996306952,0,2,0.0125039,remove
4034,5692549928996306952,0,2,0.00492208,remove
4035,5692549928996306952,0,2,0.00945973,remove
4036,5692549928996306952,0,2,0.007314,remove
4037,5692549928996306952,0,2,0.00492208,remove
4038,5692549928996306952,0,2,0.00974465,remove
4039,5692549928996306952,0,2,0.00945973,remove
4040,5692549928996306952,0,2,0.0065876,remove
4041,5692549928996306952,0,2,0.00974465,remove
4042,5692549928996306952,0,2,0.00492208,remove
4043,5692549928996306952,0,2,0.0065876,remove
4044,5692549928996306952,0,2,0.0135946,remove
4045,5692549928996306952,0,2,0.00974465,remove
4046,5692549928996306952,0,2,0.0155219,remove
4047,5692549928996306952,0,2,0.0135946,remove
4048,5692549928996306952,0,2,0.00658762,remove
4049,5692549928996306952,0,2,0.0155219,remove
4050,5692549928996306952,0,2,0.0132243,remove
4051,5692549928996306952,0,2,0.0135946,remove
4052,5692549928996306952,0,2,0.0183965,remove
4053,5692549928996306952,0,2,0.0132243,remove
4054,5692549928996306952,0,2,0.0155219,remove
4055,5692549928996306952,0,2,0.0183965,remove
4056,5692549928996306952,0,2,0.0152966,remove
4057,5692549928996306952,0,2,0.0132243,remove
4058,5692549928996306952,0,2,0.0145226,remove
4059,5692549928996306952,0,2,0.0152966,remove
4060,5692549928996306952,0,2,0.0183965,remove
4061,5692549928996306952,0,2,0.0145226,remove
4062,5692549928996306952,0,2,0.0169979,remove
4063,5692549928996306952,0,2,0.0152966,remove
4064,5692549928996306952,0,2,0.013451,remove
4065,5692549928996306952,0,2,0.0169979,remove
4066,5692549928996306952,0,2,0.0145226,remove
4067,5692549928996306952,0,2,0.013451,remove
4068,5692549928996306952,0,2,0.0169979,remove
4069,5692549928996306952,0,2,0.0285222,remove
4070,5692549928996306952,0,2,0.0290776,remove
4071,5692549928996306952,0,2,0.0273463,remove
4072,5692549928996306952,0,2,0.0285222,remove
4073,5692549928996306952,0,2,0.0273463,remove
4074,5692549928996306952,0,2,0.0241293,remove
4075,5692549928996306952,0,2,0.0285222,remove
4076,5692549928996306952,0,2,0.0241293,remove
4077,5692549928996306952,0,2,0.0270853,remove
4078,5692549928996306952,0,2,0.0270853,remove
4079,5692549928996306952,0,2,0.0241293,remove
4080,5692549928996306952,0,2,0.0265451,remove
4081,5692549928996306952,0,2,0.0270853,remove
4082,5692549928996306952,0,2,0.0265451,remove
4083,5692549928996306952,0,2,0.0312924,remove
4084,5692549928996306952,0,2,0.0312924,remove
4085,5692549928996306952,0,2,0.0265451,remove
4086,5692549928996306952,0,2,0.0300781,remove
4087,5692549928996306952,0,2,0.0312924,remove
4088,5692549928996306952,0,2,0.0300781,remove
4089,5692549928996306952,0,2,0.0384288,remove
4090,5692549928996306952,0,2,0.0384288,remove
4091,5692549928996306952,0,2,0.0300781,remove
4092,5692549928996306952,0,2,0.0384288,remove
4093,5692549928996306952,0,2,0.0443613,remove
4094,5692549928996306952,0,2,0.0285222,remove
4095,5692549928996306952,0,2,0.0339964,remove
4096,5692549928996306952,0,2,0.0290776,remove
4097,5692549928996306952,0,2,0.0339964,remove
4098,5692549928996306952,0,2,0.0371631,remove
4099,5692549928996306952,0,2,0.0290776,remove
4100,5692549928996306952,0,2,0.0339964,remove
4101,5692549928996306952,0,2,0.0378529,remove
4102,5692549928996306952,0,2,0.0371631,remove
4103,5692549928996306952,0,2,0.0270853,remove
4104,5692549928996306952,0,2,0.0360797,remove
4105,5692549928996306952,0,2,0.0285222,remove
4106,5692549928996306952,0,2,0.0285222,remove
4107,5692549928996306952,0,2,0.0360797,remove
4108,5692549928996306952,0,2,0.0339964,remove
4109,5692549928996306952,0,2,0.0312924,remove
4110,5692549928996306952,0,2,0.0418182,remove
4111,5692549928996306952,0,2,0.0270853,remove
4112,5692549928996306952,0,2,0.0270853,remove
4113,5692549928996306952,0,2,0.0418182,remove
4114,5692549928996306952,0,2,0.0360797,remove
4115,5692549928996306952,0,2,0.0384288,remove
4116,5692549928996306952,0,2,0.0488601,remove
4117,5692549928996306952,0,2,0.0312924,remove
4118,5692549928996306952,0,2,0.0312924,remove
4119,5692549928996306952,0,2,0.0488601,remove
4120,5692549928996306952,0,2,0.0418182,remove
4121,5692549928996306952,0,2,0.0443613,remove
4123,5692549928996306952,0,2,0.0384288,remove
4124,5692549928996306952,0,2,0.0384288,remove
4126,5692549928996306952,0,2,0.0488601,remove
4127,5692549928996306952,0,2,0.00981611,remove
4128,5692549928996306952,0,2,0.0204805,remove
4129,5692549928996306952,0,2,0.00731347,remove
4130,5692549928996306952,0,2,0.00731347,remove
4131,5692549928996306952,0,2,0.0204805,remove
4132,5692549928996306952,0,2,0.0201435,remove
4133,5692549928996306952,0,2,0.0338879,remove
4134,5692549928996306952,0,2,0.0201428,remove
4135,5692549928996306952,0,2,0.0204807,remove
4136,5692549928996306952,0,2,0.0338879,remove
4137,5692549928996306952,0,2,0.0341593,remove
4138,5692549928996306952,0,2,0.0201428,remove
4139,5692549928996306952,0,2,0.0338879,remove
4140,5692549928996306952,0,2,0.0348469,remove
4141,5692549928996306952,0,2,0.0341593,remove
4142,5692549928996306952,0,2,0.0341593,remove
4143,5692549928996306952,0,2,0.0348469,remove
4144,5692549928996306952,0,2,0.0434159,remove
4145,5692549928996306952,0,2,0.00731347,remove
4146,5692549928996306952,0,2,0.0201435,remove
4147,5692549928996306952,0,2,0.00492223,remove
4148,5692549928996306952,0,2,0.00492223,remove
4149,5692549928996306952,0,2,0.0201435,remove
4150,5692549928996306952,0,2,0.024361,remove
4151,5692549928996306952,0,2,0.0341593,remove
4152,5692549928996306952,0,2,0.0243605,remove
4153,5692549928996306952,0,2,0.0201428,remove
4154,5692549928996306952,0,2,0.0341593,remove
4155,5692549928996306952,0,2,0.0357603,remove
4156,5692549928996306952,0,2,0.0243605,remove
4157,5692549928996306952,0,2,0.0341593,remove
4158,5692549928996306952,0,2,0.0434159,remove
4159,5692549928996306952,0,2,0.0357603,remove
4160,5692549928996306952,0,2,0.0357603,remove
4161,5692549928996306952,0,2,0.0434159,remove
4162,5692549928996306952,0,2,0.0378526,remove
4163,5692549928996306952,0,2,0.00492223,remove
4164,5692549928996306952,0,2,0.024361,remove
4165,5692549928996306952,0,2,0.00658828,remove
4166,5692549928996306952,0,2,0.00658828,remove
4167,5692549928996306952,0,2,0.024361,remove
4168,5692549928996306952,0,2,0.0145695,remove
4169,5692549928996306952,0,2,0.0357603,remove
4170,5692549928996306952,0,2,0.0145686,remove
4171,5692549928996306952,0,2,0.0243605,remove
4172,5692549928996306952,0,2,0.0357603,remove
4173,5692549928996306952,0,2,0.0288662,remove
4174,5692549928996306952,0,2,0.0145686,remove
4175,5692549928996306952,0,2,0.0357603,remove
4176,5692549928996306952,0,2,0.0378526,remove
4177,5692549928996306952,0,2,0.0288662,remove
4178,5692549928996306952,0,2,0.0288662,remove
4179,5692549928996306952,0,2,0.0378526,remove
4180,5692549928996306952,0,2,0.0339961,remove
4181,5692549928996306952,0,2,0.0065883,remove
4182,5692549928996306952,0,2,0.0145695,remove
4183,5692549928996306952,0,2,0.0155226,remove
4184,5692549928996306952,0,2,0.0155226,remove
4185,5692549928996306952,0,2,0.0145695,remove
4186,5692549928996306952,0,2,0.0186378,remove
4187,5692549928996306952,0,2,0.0288662,remove
4188,5692549928996306952,0,2,0.0186371,remove
4189,5692549928996306952,0,2,0.0145686,remove
4190,5692549928996306952,0,2,0.0288662,remove
4191,5692549928996306952,0,2,0.0316016,remove
4192,5692549928996306952,0,2,0.0186371,remove
4193,5692549928996306952,0,2,0.0288662,remove
4194,5692549928996306952,0,2,0.0339961,remove
4195,5692549928996306952,0,2,0.0316016,remove
4196,5692549928996306952,0,2,0.0316016,remove
4197,5692549928996306952,0,2,0.0339961,remove
4198,5692549928996306952,0,2,0.0360794,remove
4199,5692549928996306952,0,2,0.0155226,remove
4200,5692549928996306952,0,2,0.0186378,remove
4201,5692549928996306952,0,2,0.018396,remove
4202,5692549928996306952,0,2,0.018396,remove
4203,5692549928996306952,0,2,0.0186378,remove
4204,5692549928996306952,0,2,0.0174161,remove
4205,5692549928996306952,0,2,0.0316016,remove
4206,5692549928996306952,0,2,0.017416,remove
4207,5692549928996306952,0,2,0.0186371,remove
4208,5692549928996306952,0,2,0.0316016,remove
4209,5692549928996306952,0,2,0.0363587,remove
4210,5692549928996306952,0,2,0.017416,remove
4211,5692549928996306952,0,2,0.0316016,remove
4212,5692549928996306952,0,2,0.0360794,remove
4213,5692549928996306952,0,2,0.0363587,remove
4214,5692549928996306952,0,2,0.0363587,remove
4215,5692549928996306952,0,2,0.0360794,remove
4216,5692549928996306952,0,2,0.041818,remove
4217,5692549928996306952,0,2,0.018396,remove
4218,5692549928996306952,0,2,0.0174161,remove
4219,5692549928996306952,0,2,0.014522,remove
4220,5692549928996306952,0,2,0.014522,remove
4221,5692549928996306952,0,2,0.0174161,remove
4222,5692549928996306952,0,2,0.0188287,remove
4223,5692549928996306952,0,2,0.0363587,remove
4224,5692549928996306952,0,2,0.0188294,remove
4225,5692549928996306952,0,2,0.017416,remove
4226,5692549928996306952,0,2,0.0363587,remove
4227,5692549928996306952,0,2,0.0430994,remove
4228,5692549928996306952,0,2,0.0188294,remove
4229,5692549928996306952,0,2,0.0363587,remove
4230,5692549928996306952,0,2,0.041818,remove
4231,5692549928996306952,0,2,0.0430994,remove
4232,5692549928996306952,0,2,0.0430994,remove
4233,5692549928996306952,0,2,0.041818,remove
4234,5692549928996306952,0,2,0.0488599,remove
4235,5692549928996306952,0,2,0.014522,remove
4236,5692549928996306952,0,2,0.0188287,remove
4237,5692549928996306952,0,2,0.0134503,remove
4238,5692549928996306952,0,2,0.0134503,remove
4239,5692549928996306952,0,2,0.0188287,remove
4240,5692549928996306952,0,2,0.0234973,remove
4241,5692549928996306952,0,2,0.0430994,remove
4242,5692549928996306952,0,2,0.0234984,remove
4243,5692549928996306952,0,2,0.0188294,remove
4244,5692549928996306952,0,2,0.0430994,remove
4245,5692549928996306952,0,2,0.0496153,remove
4246,5692549928996306952,0,2,0.0234984,remove
4247,5692549928996306952,0,2,0.0430994,remove
4248,5692549928996306952,0,2,0.0488599,remove
4249,5692549928996306952,0,2,0.0496153,remove
4250,5692549928996306952,0,2,0.0496153,remove
4251,5692549928996306952,0,2,0.0488599,remove
4253,5692549928996306952,0,2,0.0134503,remove
4254,5692549928996306952,0,2,0.0234973,remove
4255,5692549928996306952,0,2,0.0234973,remove
4256,5692549928996306952,0,2,0.0496153,remove
4257,5692549928996306952,0,2,0.0234984,remove
4258,5692549928996306952,0,2,0.0496153,remove
4259,5692549928996306952,0,2,0.0496153,remove
4262,5692549928996306952,0,2,0.013451,remove
4263,5692549928996306952,0,2,0.0443613,remove
4264,5692549928996306952,0,2,0.0443613,remove
4265,5692549928996306952,0,2,0.0443613,remove
4266,5692549928996306952,0,2,0.0443613,remove
4268,5692549928996306952,0,2,0.0471242,remove
4270,5692549928996306952,0,2,0.0471242,remove
4272,5692549928996306952,0,2,0.0471247,remove
4275,5692549928996306952,0,2,0.0471247,remove
4307,5692549928996306952,0,2,0.0452797,remove
4309,5692549928996306952,0,2,0.0452797,remove
4312,5692549928996306952,0,2,0.0452798,remove
4314,5692549928996306952,0,2,0.042681,remove
4316,5692549928996306952,0,2,0.0391085,remove
4317,5692549928996306952,0,2,0.042681,remove
4320,5692549928996306952,0,2,0.0391085,remove
4322,5692549928996306952,0,2,0.0452798,remove
4323,5692549928996306952,0,2,0.0452798,remove
4324,5692549928996306952,0,2,0.042681,remove
4325,5692549928996306952,0,2,0.0452798,remove
4328,5692549928996306952,0,2,0.0391085,remove
4329,5692549928996306952,0,2,0.0391085,remove
4331,5692549928996306952,0,2,0.0319655,remove
4332,5692549928996306952,0,2,0.0319655,remove
4334,5692549928996306952,0,2,0.0319655,remove
4335,5692549928996306952,0,2,0.0319655,remove
4336,5692549928996306952,0,2,0.039109,remove
4337,5692549928996306952,0,2,0.0426818,remove
4338,5692549928996306952,0,2,0.0319661,remove
4339,5692549928996306952,0,2,0.039109,remove
4340,5692549928996306952,0,2,0.0426818,remove
4341,5692549928996306952,0,2,0.0319661,remove
4347,5692549928996306952,0,2,0.0384368,remove
4349,5692549928996306952,0,2,0.0294776,remove
4350,5692549928996306952,0,2,0.0384368,remove
4353,5692549928996306952,0,2,0.0294776,remove
4354,5692549928996306952,0,2,0.0484867,remove
4355,5692549928996306952,0,2,0.0424838,remove
4357,5692549928996306952,0,2,0.0424838,remove
4360,5692549928996306952,0,2,0.0424838,remove
4361,5692549928996306952,0,2,0.0294776,remove
4363,5692549928996306952,0,2,0.0424838,remove
4364,5692549928996306952,0,2,0.0484867,remove
4365,5692549928996306952,0,2,0.0435699,remove
4366,5692549928996306952,0,2,0.0384368,remove
4367,5692549928996306952,0,2,0.0294776,remove
4368,5692549928996306952,0,2,0.0205156,remove
4369,5692549928996306952,0,2,0.0205156,remove
4370,5692549928996306952,0,2,0.0294776,remove
4371,5692549928996306952,0,2,0.00783578,remove
4372,5692549928996306952,0,2,0.0424838,remove
4373,5692549928996306952,0,2,0.00783578,remove
4374,5692549928996306952,0,2,0.0294776,remove
4375,5692549928996306952,0,2,0.0344901,remove
4376,5692549928996306952,0,2,0.00783578,remove
4377,5692549928996306952,0,2,0.0424838,remove
4378,5692549928996306952,0,2,0.0435699,remove
4379,5692549928996306952,0,2,0.0344901,remove
4380,5692549928996306952,0,2,0.0424838,remove
4381,5692549928996306952,0,2,0.0435699,remove
4382,5692549928996306952,0,2,0.0403899,remove
4383,5692549928996306952,0,2,0.0344901,remove
4384,5692549928996306952,0,2,0.0411362,remove
4385,5692549928996306952,0,2,0.0369009,remove
4386,5692549928996306952,0,2,0.0411362,remove
4387,5692549928996306952,0,2,0.0205154,remove
4388,5692549928996306952,0,2,0.0078354,remove
4389,5692549928996306952,0,2,0.0078354,remove
4390,5692549928996306952,0,2,0.0405139,remove
4391,5692549928996306952,0,2,0.03449,remove
4392,5692549928996306952,0,2,0.0405139,remove
4393,5692549928996306952,0,2,0.0078354,remove
4394,5692549928996306952,0,2,0.03449,remove
4395,5692549928996306952,0,2,0.0405139,remove
4396,5692549928996306952,0,2,0.03449,remove
4397,5692549928996306952,0,2,0.0403899,remove
4398,5692549928996306952,0,2,0.0369009,remove
4399,5692549928996306952,0,2,0.0369009,remove
4403,5692549928996306952,0,2,0.0384368,remove
4404,5692549928996306952,0,2,0.0461131,remove
4406,5692549928996306952,0,2,0.0461131,remove
4409,5692549928996306952,0,2,0.0461131,remove
4414,5692549928996306952,0,2,0.0484867,remove
4417,5692549928996306952,0,2,0.0484867,remove
4419,5692549928996306952,0,2,0.0461131,remove
4422,5692549928996306952,0,2,0.0435699,remove
4423,5692549928996306952,0,2,0.0484867,remove
4424,5692549928996306952,0,2,0.0461131,remove
4425,5692549928996306952,0,2,0.0384368,remove
4426,5692549928996306952,0,2,0.030746,remove
4427,5692549928996306952,0,2,0.030746,remove
4428,5692549928996306952,0,2,0.0384368,remove
4429,5692549928996306952,0,2,0.0205156,remove
4430,5692549928996306952,0,2,0.030746,remove
4432,5692549928996306952,0,2,0.0461131,remove
4433,5692549928996306952,0,2,0.030746,remove
4434,5692549928996306952,0,2,0.0463265,remove
4436,5692549928996306952,0,2,0.0463265,remove
4437,5692549928996306952,0,2,0.0403899,remove
4440,5692549928996306952,0,2,0.0403899,remove
4441,5692549928996306952,0,2,0.0435699,remove
4442,5692549928996306952,0,2,0.0290613,remove
4443,5692549928996306952,0,2,0.0246805,remove
4444,5692549928996306952,0,2,0.0411362,remove
4445,5692549928996306952,0,2,0.0369009,remove
4446,5692549928996306952,0,2,0.0411362,remove
4447,5692549928996306952,0,2,0.0307459,remove
4448,5692549928996306952,0,2,0.0205154,remove
4449,5692549928996306952,0,2,0.0205154,remove
4450,5692549928996306952,0,2,0.0405139,remove
4451,5692549928996306952,0,2,0.0463265,remove
4452,5692549928996306952,0,2,0.0463265,remove
4453,5692549928996306952,0,2,0.0463265,remove
4454,5692549928996306952,0,2,0.0307459,remove
4455,5692549928996306952,0,2,0.0405139,remove
4456,5692549928996306952,0,2,0.0403899,remove
4457,5692549928996306952,0,2,0.0463265,remove
4458,5692549928996306952,0,2,0.0290613,remove
4459,5692549928996306952,0,2,0.0290613,remove
4460,5692549928996306952,0,2,0.0369009,remove
4461,5692549928996306952,0,2,0.0369009,remove
4462,5692549928996306952,0,2,0.0214648,remove
4463,5692549928996306952,0,2,0.0246805,remove
4464,5692549928996306952,0,2,0.0245763,remove
4465,5692549928996306952,0,2,0.0245763,remove
4466,5692549928996306952,0,2,0.0214648,remove
4467,5692549928996306952,0,2,0.0245763,remove
4468,5692549928996306952,0,2,0.0311446,remove
4471,5692549928996306952,0,2,0.0474805,remove
4472,5692549928996306952,0,2,0.0467406,remove
4477,5692549928996306952,0,2,0.0474805,remove
4478,5692549928996306952,0,2,0.0467405,remove
4481,5692549928996306952,0,2,0.0474805,remove
4482,5692549928996306952,0,2,0.0382589,remove
4484,5692549928996306952,0,2,0.0382589,remove
4485,5692549928996306952,0,2,0.0467406,remove
4487,5692549928996306952,0,2,0.0349424,remove
4488,5692549928996306952,0,2,0.0494363,remove
4490,5692549928996306952,0,2,0.039212,remove
4491,5692549928996306952,0,2,0.0494363,remove
4492,5692549928996306952,0,2,0.0349424,remove
4494,5692549928996306952,0,2,0.0382588,remove
4495,5692549928996306952,0,2,0.0474805,remove
4497,5692549928996306952,0,2,0.0467405,remove
4498,5692549928996306952,0,2,0.0382588,remove
4500,5692549928996306952,0,2,0.0494363,remove
4503,5692549928996306952,0,2,0.0494363,remove
4507,5692549928996306952,0,2,0.039212,remove
4508,5692549928996306952,0,2,0.039212,remove
4510,5692549928996306952,0,2,0.0494363,remove
4524,5692549928996306952,0,2,0.0459161,remove
4527,5692549928996306952,0,2,0.0459161,remove
4532,5692549928996306952,0,2,0.0461002,remove
4534,5692549928996306952,0,2,0.0461002,remove
4535,5692549928996306952,0,2,0.0479134,remove
4537,5692549928996306952,0,2,0.0461002,remove
4538,5692549928996306952,0,2,0.0492666,remove
4539,5692549928996306952,0,2,0.0461002,remove
4541,5692549928996306952,0,2,0.0492666,remove
4542,5692549928996306952,0,2,0.0362194,remove
4543,5692549928996306952,0,2,0.0395834,remove
4544,5692549928996306952,0,2,0.0367229,remove
4545,5692549928996306952,0,2,0.0376075,remove
4546,5692549928996306952,0,2,0.0395834,remove
4547,5692549928996306952,0,2,0.0362194,remove
4549,5692549928996306952,0,2,0.0405913,remove
4550,5692549928996306952,0,2,0.040208,remove
4551,5692549928996306952,0,2,0.0405913,remove
4552,5692549928996306952,0,2,0.040208,remove
4556,5692549928996306952,0,2,0.0402079,remove
4562,5692549928996306952,0,2,0.0323246,remove
4563,5692549928996306952,0,2,0.0335113,remove
4564,5692549928996306952,0,2,0.0330839,remove
4565,5692549928996306952,0,2,0.0335113,remove
4566,5692549928996306952,0,2,0.0323246,remove
4567,5692549928996306952,0,2,0.0332127,remove
4568,5692549928996306952,0,2,0.0349424,remove
4570,5692549928996306952,0,2,0.0423181,remove
4571,5692549928996306952,0,2,0.039212,remove
4572,5692549928996306952,0,2,0.0349424,remove
4573,5692549928996306952,0,2,0.0423181,remove
4574,5692549928996306952,0,2,0.0330839,remove
4575,5692549928996306952,0,2,0.0335113,remove
4576,5692549928996306952,0,2,0.0335113,remove
4579,5692549928996306952,0,2,0.0423181,remove
4581,5692549928996306952,0,2,0.0423181,remove
4582,5692549928996306952,0,2,0.0332127,remove
4583,5692549928996306952,0,2,0.0335113,remove
4584,5692549928996306952,0,2,0.0332127,remove
4585,5692549928996306952,0,2,0.039212,remove
4586,5692549928996306952,0,2,0.0423181,remove
4588,5692549928996306952,0,2,0.039212,remove
4592,5692549928996306952,0,2,0.0459161,remove
4594,5692549928996306952,0,2,0.0395834,remove
4595,5692549928996306952,0,2,0.0380733,remove
4596,5692549928996306952,0,2,0.0367229,remove
4597,5692549928996306952,0,2,0.0395834,remove
4598,5692549928996306952,0,2,0.0376075,remove
4599,5692549928996306952,0,2,0.0380733,remove
4600,5692549928996306952,0,2,0.0330839,remove
4601,5692549928996306952,0,2,0.0325751,remove
4602,5692549928996306952,0,2,0.0323246,remove
4603,5692549928996306952,0,2,0.0325751,remove
4604,5692549928996306952,0,2,0.0332127,remove
4605,5692549928996306952,0,2,0.0323246,remove
4606,5692549928996306952,0,2,0.0325751,remove
4607,5692549928996306952,0,2,0.0330839,remove
4608,5692549928996306952,0,2,0.0330839,remove
4609,5692549928996306952,0,2,0.0325751,remove
4610,5692549928996306952,0,2,0.0325751,remove
4611,5692549928996306952,0,2,0.0332127,remove
4612,5692549928996306952,0,2,0.0200541,remove
4613,5692549928996306952,0,2,0.0482041,remove
4614,5692549928996306952,0,2,0.0247059,remove
4615,5692549928996306952,0,2,0.0247059,remove
4616,5692549928996306952,0,2,0.0247059,remove
4617,5692549928996306952,0,2,0.0390711,remove
4618,5692549928996306952,0,2,0.0390711,remove
4619,5692549928996306952,0,2,0.0146385,remove
4620,5692549928996306952,0,2,0.02005,remove
4621,5692549928996306952,0,2,0.0229652,remove
4622,5692549928996306952,0,2,0.0146385,remove
4623,5692549928996306952,0,2,0.02005,remove
4624,5692549928996306952,0,2,0.0209397,remove
4625,5692549928996306952,0,2,0.0146385,remove
4626,5692549928996306952,0,2,0.0209397,remove
4627,5692549928996306952,0,2,0.0229652,remove
4628,5692549928996306952,0,2,0.0146385,remove
4629,5692549928996306952,0,2,0.0398013,remove
4630,5692549928996306952,0,2,0.0411847,remove
4631,5692549928996306952,0,2,0.0356192,remove
4632,5692549928996306952,0,2,0.0456179,remove
4634,5692549928996306952,0,2,0.0398013,remove
4635,5692549928996306952,0,2,0.0398013,remove
4637,5692549928996306952,0,2,0.0411847,remove
4638,5692549928996306952,0,2,0.0394736,remove
4640,5692549928996306952,0,2,0.0456179,remove
4641,5692549928996306952,0,2,0.0456179,remove
4646,5692549928996306952,0,2,0.0394737,remove
4647,5692549928996306952,0,2,0.0226885,remove
4648,5692549928996306952,0,2,0.040235,remove
4649,5692549928996306952,0,2,0.0403843,remove
4650,5692549928996306952,0,2,0.0236491,remove
4651,5692549928996306952,0,2,0.0426791,remove
4652,5692549928996306952,0,2,0.0226885,remove
4653,5692549928996306952,0,2,0.0226885,remove
4654,5692549928996306952,0,2,0.0426791,remove
4655,5692549928996306952,0,2,0.040235,remove
4656,5692549928996306952,0,2,0.0356209,remove
4657,5692549928996306952,0,2,0.0411862,remove
4658,5692549928996306952,0,2,0.0236491,remove
4659,5692549928996306952,0,2,0.0411862,remove
4660,5692549928996306952,0,2,0.0426791,remove
4661,5692549928996306952,0,2,0.0236491,remove
4662,5692549928996306952,0,2,0.0411862,remove
4664,5692549928996306952,0,2,0.0426791,remove
4667,5692549928996306952,0,2,0.0411862,remove
4683,5692549928996306952,0,2,0.040235,remove
4684,5692549928996306952,0,2,0.0485531,remove
4685,5692549928996306952,0,2,0.0403843,remove
4686,5692549928996306952,0,2,0.0426791,remove
4688,5692549928996306952,0,2,0.040235,remove
4689,5692549928996306952,0,2,0.040235,remove
4691,5692549928996306952,0,2,0.0485531,remove
4694,5692549928996306952,0,2,0.0426791,remove
4695,5692549928996306952,0,2,0.0426791,remove
4707,5692549928996306952,0,2,0.0356192,remove
4708,5692549928996306952,0,2,0.04187,remove
4709,5692549928996306952,0,2,0.0398013,remove
4710,5692549928996306952,0,2,0.0398013,remove
4711,5692549928996306952,0,2,0.04187,remove
4712,5692549928996306952,0,2,0.0456179,remove
4713,5692549928996306952,0,2,0.0456179,remove
4714,5692549928996306952,0,2,0.04187,remove
4716,5692549928996306952,0,2,0.0456179,remove
4718,5692549928996306952,0,2,0.0394736,remove
4719,5692549928996306952,0,2,0.0394736,remove
4724,5692549928996306952,0,2,0.0394737,remove
4725,5692549928996306952,0,2,0.0403843,remove
4726,5692549928996306952,0,2,0.0315918,remove
4727,5692549928996306952,0,2,0.0226885,remove
4728,5692549928996306952,0,2,0.0226885,remove
4729,5692549928996306952,0,2,0.0315918,remove
4730,5692549928996306952,0,2,0.0236491,remove
4731,5692549928996306952,0,2,0.0236491,remove
4732,5692549928996306952,0,2,0.0315918,remove
4733,5692549928996306952,0,2,0.0328942,remove
4734,5692549928996306952,0,2,0.0236491,remove
4735,5692549928996306952,0,2,0.0328942,remove
4736,5692549928996306952,0,2,0.0356209,remove
4737,5692549928996306952,0,2,0.0328942,remove
4738,5692549928996306952,0,2,0.0418714,remove
4739,5692549928996306952,0,2,0.0356209,remove
4740,5692549928996306952,0,2,0.0328942,remove
4742,5692549928996306952,0,2,0.0418714,remove
4745,5692549928996306952,0,2,0.0418714,remove
4761,5692549928996306952,0,2,0.0403843,remove
4762,5692549928996306952,0,2,0.0485531,remove
4763,5692549928996306952,0,2,0.0315918,remove
4764,5692549928996306952,0,2,0.0315918,remove
4765,5692549928996306952,0,2,0.0485531,remove
4766,5692549928996306952,0,2,0.0328942,remove
4767,5692549928996306952,0,2,0.0328942,remove
4768,5692549928996306952,0,2,0.0485531,remove
4770,5692549928996306952,0,2,0.0328942,remove
4785,5692549928996306952,0,2,0.0470633,remove
4786,5692549928996306952,0,2,0.0200541,remove
4787,5692549928996306952,0,2,0.0470633,remove
4788,5692549928996306952,0,2,0.0470633,remove
4789,5692549928996306952,0,2,0.0176737,remove
4790,5692549928996306952,0,2,0.0200487,remove
4791,5692549928996306952,0,2,0.0200487,remove
4792,5692549928996306952,0,2,0.0176737,remove
4793,5692549928996306952,0,2,0.0209414,remove
4794,5692549928996306952,0,2,0.0229667,remove
4795,5692549928996306952,0,2,0.0176737,remove
4796,5692549928996306952,0,2,0.0176737,remove
4797,5692549928996306952,0,2,0.0229667,remove
4798,5692549928996306952,0,2,0.0209414,remove
4812,5692549928996306952,0,2,0.0322544,remove
4813,5692549928996306952,0,2,0.0384468,remove
4814,5692549928996306952,0,2,0.0375618,remove
4815,5692549928996306952,0,2,0.037774,remove
4816,5692549928996306952,0,2,0.0384468,remove
4817,5692549928996306952,0,2,0.0322544,remove
4820,5692549928996306952,0,2,0.0384486,remove
4822,5692549928996306952,0,2,0.0375636,remove
4823,5692549928996306952,0,2,0.0384486,remove
4829,5692549928996306952,0,2,0.0377758,remove
4830,5692549928996306952,0,2,0.0377758,remove
4832,5692549928996306952,0,2,0.0384486,remove
4835,5692549928996306952,0,2,0.0325951,remove
4836,5692549928996306952,0,2,0.0495553,remove
4837,5692549928996306952,0,2,0.0495553,remove
4838,5692549928996306952,0,2,0.0325951,remove
4839,5692549928996306952,0,2,0.0453736,remove
4840,5692549928996306952,0,2,0.0322544,remove
4841,5692549928996306952,0,2,0.0375618,remove
4842,5692549928996306952,0,2,0.0358876,remove
4843,5692549928996306952,0,2,0.0358876,remove
4844,5692549928996306952,0,2,0.037774,remove
4845,5692549928996306952,0,2,0.0322544,remove
4847,5692549928996306952,0,2,0.0375636,remove
4848,5692549928996306952,0,2,0.0358895,remove
4849,5692549928996306952,0,2,0.0375636,remove
4850,5692549928996306952,0,2,0.0495567,remove
4851,5692549928996306952,0,2,0.0453751,remove
4853,5692549928996306952,0,2,0.0358895,remove
4854,5692549928996306952,0,2,0.0358895,remove
4856,5692549928996306952,0,2,0.0377758,remove
4857,5692549928996306952,0,2,0.0482041,remove
4858,5692549928996306952,0,2,0.0390711,remove
4859,5692549928996306952,0,2,0.0390711,remove
4860,5692549928996306952,0,2,0.0386624,remove
4861,5692549928996306952,0,2,0.0393639,remove
4862,5692549928996306952,0,2,0.0383325,remove
4863,5692549928996306952,0,2,0.0387916,remove
4864,5692549928996306952,0,2,0.0393641,remove
4865,5692549928996306952,0,2,0.0386626,remove
4866,5692549928996306952,0,2,0.0325954,remove
4867,5692549928996306952,0,2,0.0383325,remove
4868,5692549928996306952,0,2,0.0393639,remove
4870,5692549928996306952,0,2,0.0393639,remove
4873,5692549928996306952,0,2,0.0325954,remove
4874,5692549928996306952,0,2,0.0453732,remove
4875,5692549928996306952,0,2,0.0304768,remove
4876,5692549928996306952,0,2,0.0469283,remove
4877,5692549928996306952,0,2,0.0387916,remove
4878,5692549928996306952,0,2,0.0469283,remove
4879,5692549928996306952,0,2,0.0393641,remove
4880,5692549928996306952,0,2,0.0387916,remove
4881,5692549928996306952,0,2,0.0469283,remove
4883,5692549928996306952,0,2,0.0393641,remove
4887,5692549928996306952,0,2,0.0453747,remove
4892,5692549928996306952,0,2,0.04693,remove
4893,5692549928996306952,0,2,0.0482041,remove
4894,5692549928996306952,0,2,0.0482041,remove
4895,5692549928996306952,0,2,0.0390711,remove
4896,5692549928996306952,0,2,0.0317247,remove
4897,5692549928996306952,0,2,0.0317247,remove
4898,5692549928996306952,0,2,0.0394252,remove
4899,5692549928996306952,0,2,0.0386624,remove
4900,5692549928996306952,0,2,0.0383325,remove
4901,5692549928996306952,0,2,0.0417779,remove
4902,5692549928996306952,0,2,0.0417781,remove
4903,5692549928996306952,0,2,0.0387916,remove
4904,5692549928996306952,0,2,0.0386626,remove
4905,5692549928996306952,0,2,0.0383325,remove
4907,5692549928996306952,0,2,0.0417779,remove
4910,5692549928996306952,0,2,0.0417779,remove
4911,5692549928996306952,0,2,0.0394252,remove
4912,5692549928996306952,0,2,0.0394252,remove
4913,5692549928996306952,0,2,0.0387916,remove
4914,5692549928996306952,0,2,0.0417781,remove
4915,5692549928996306952,0,2,0.0304768,remove
4916,5692549928996306952,0,2,0.0417781,remove
4917,5692549928996306952,0,2,0.0304768,remove
4918,5692549928996306952,0,2,0.0417781,remove
4927,5692549928996306952,0,2,0.0317247,remove
4928,5692549928996306952,0,2,0.0317247,remove
4929,5692549928996306952,0,2,0.0404165,remove
4930,5692549928996306952,0,2,0.0404165,remove
4931,5692549928996306952,0,2,0.0394252,remove
4932,5692549928996306952,0,2,0.0317247,remove
4933,5692549928996306952,0,2,0.0404165,remove
4934,5692549928996306952,0,2,0.0404165,remove
4935,5692549928996306952,0,2,0.0404165,remove
4936,5692549928996306952,0,2,0.0404165,remove
4937,5692549928996306952,0,2,0.0394252,remove
4938,5692549928996306952,0,2,0.0132654,remove
4939,5692549928996306952,0,2,0.0148224,remove
4940,5692549928996306952,0,2,0.0141182,remove
4941,5692549928996306952,0,2,0.0141182,remove
4942,5692549928996306952,0,2,0.0148224,remove
4943,5692549928996306952,0,2,0.0150896,remove
4944,5692549928996306952,0,2,0.0148224,remove
4945,5692549928996306952,0,2,0.010934,remove
4946,5692549928996306952,0,2,0.0150896,remove
4947,5692549928996306952,0,2,0.0199858,remove
4948,5692549928996306952,0,2,0.0150909,remove
4949,5692549928996306952,0,2,0.0109359,remove
4950,5692549928996306952,0,2,0.0183057,remove
4951,5692549928996306952,0,2,0.0148224,remove
4952,5692549928996306952,0,2,0.0132654,remove
4953,5692549928996306952,0,2,0.0155405,remove
4954,5692549928996306952,0,2,0.010934,remove
4955,5692549928996306952,0,2,0.0183057,remove
4956,5692549928996306952,0,2,0.0183057,remove
4957,5692549928996306952,0,2,0.010934,remove
4958,5692549928996306952,0,2,0.0148224,remove
4959,5692549928996306952,0,2,0.0155418,remove
4960,5692549928996306952,0,2,0.0199858,remove
4961,5692549928996306952,0,2,0.0109359,remove
4962,5692549928996306952,0,2,0.0292032,remove
4963,5692549928996306952,0,2,0.0304768,remove
4964,5692549928996306952,0,2,0.0304768,remove
4965,5692549928996306952,0,2,0.0469283,remove
4966,5692549928996306952,0,2,0.0304768,remove
4967,5692549928996306952,0,2,0.0292032,remove
4968,5692549928996306952,0,2,0.0292032,remove
4969,5692549928996306952,0,2,0.04693,remove
4970,5692549928996306952,0,2,0.0429139,remove
4971,5692549928996306952,0,2,0.0463055,remove
4972,5692549928996306952,0,2,0.0436,remove
4974,5692549928996306952,0,2,0.0463055,remove
4975,5692549928996306952,0,2,0.042914,remove
4976,5692549928996306952,0,2,0.0401991,remove
4977,5692549928996306952,0,2,0.0438484,remove
4978,5692549928996306952,0,2,0.0365922,remove
4979,5692549928996306952,0,2,0.0463055,remove
4981,5692549928996306952,0,2,0.0436,remove
4982,5692549928996306952,0,2,0.0403772,remove
4983,5692549928996306952,0,2,0.0365922,remove
4984,5692549928996306952,0,2,0.0438484,remove
4987,5692549928996306952,0,2,0.0463055,remove
4988,5692549928996306952,0,2,0.032688,remove
4991,5692549928996306952,0,2,0.032688,remove
4992,5692549928996306952,0,2,0.0438497,remove
4993,5692549928996306952,0,2,0.0401992,remove
4994,5692549928996306952,0,2,0.0403771,remove
4995,5692549928996306952,0,2,0.0438497,remove
5000,5692549928996306952,0,2,0.0436,remove
5001,5692549928996306952,0,2,0.0475377,remove
5002,5692549928996306952,0,2,0.0429139,remove
5004,5692549928996306952,0,2,0.042914,remove
5005,5692549928996306952,0,2,0.0475377,remove
5006,5692549928996306952,0,2,0.041983,remove
5008,5692549928996306952,0,2,0.041484,remove
5010,5692549928996306952,0,2,0.041983,remove
5012,5692549928996306952,0,2,0.041983,remove
5014,5692549928996306952,0,2,0.0436,remove
5016,5692549928996306952,0,2,0.0475377,remove
5018,5692549928996306952,0,2,0.0475377,remove
5023,5692549928996306952,0,2,0.032688,remove
5024,5692549928996306952,0,2,0.0414854,remove
5030,5692549928996306952,0,2,0.032688,remove
5052,5692549928996306952,0,2,0.0355869,remove
5053,5692549928996306952,0,2,0.041484,remove
5054,5692549928996306952,0,2,0.041484,remove
5055,5692549928996306952,0,2,0.0355869,remove
5056,5692549928996306952,0,2,0.041983,remove
5057,5692549928996306952,0,2,0.041983,remove
5058,5692549928996306952,0,2,0.0355869,remove
5059,5692549928996306952,0,2,0.041983,remove
5060,5692549928996306952,0,2,0.0414854,remove
5063,5692549928996306952,0,2,0.0414854,remove
5076,5692549928996306952,0,2,0.0325522,remove
5077,5692549928996306952,0,2,0.0417446,remove
5078,5692549928996306952,0,2,0.0325522,remove
5079,5692549928996306952,0,2,0.0355869,remove
5081,5692549928996306952,0,2,0.0325522,remove
5083,5692549928996306952,0,2,0.0417446,remove
5084,5692549928996306952,0,2,0.0325522,remove
5087,5692549928996306952,0,2,0.0417446,remove
5088,5692549928996306952,0,2,0.0355869,remove
5089,5692549928996306952,0,2,0.0325522,remove
5090,5692549928996306952,0,2,0.0355869,remove
5091,5692549928996306952,0,2,0.0355869,remove
5093,5692549928996306952,0,2,0.0417446,remove
5094,5692549928996306952,0,2,0.0417446,remove
5095,5692549928996306952,0,2,0.0417446,remove
5096,5692549928996306952,0,2,0.0417446,remove
5098,5692549928996306952,0,2,0.0107399,remove
5099,5692549928996306952,0,2,0.00810912,remove
5100,5692549928996306952,0,2,0.00810912,remove
5101,5692549928996306952,0,2,0.0150189,remove
5102,5692549928996306952,0,2,0.0107399,remove
5103,5692549928996306952,0,2,0.0107399,remove
5104,5692549928996306952,0,2,0.0107399,remove
5105,5692549928996306952,0,2,0.0231658,remove
5106,5692549928996306952,0,2,0.0231658,remove
5107,5692549928996306952,0,2,0.0231658,remove
5108,5692549928996306952,0,2,0.0356987,remove
5109,5692549928996306952,0,2,0.0356987,remove
5110,5692549928996306952,0,2,0.0107399,remove
5111,5692549928996306952,0,2,0.0150189,remove
5112,5692549928996306952,0,2,0.0105775,remove
5113,5692549928996306952,0,2,0.0411318,remove
5114,5692549928996306952,0,2,0.0231658,remove
5115,5692549928996306952,0,2,0.0411318,remove
5116,5692549928996306952,0,2,0.0356987,remove
5117,5692549928996306952,0,2,0.0231658,remove
5120,5692549928996306952,0,2,0.00810912,remove
5121,5692549928996306952,0,2,0.0123455,remove
5122,5692549928996306952,0,2,0.0123455,remove
5123,5692549928996306952,0,2,0.0105775,remove
5124,5692549928996306952,0,2,0.0123455,remove
5125,5692549928996306952,0,2,0.00810912,remove
5126,5692549928996306952,0,2,0.0150189,remove
5127,5692549928996306952,0,2,0.0123455,remove
5128,5692549928996306952,0,2,0.0150189,remove
5129,5692549928996306952,0,2,0.0123455,remove
5130,5692549928996306952,0,2,0.0150189,remove
5131,5692549928996306952,0,2,0.0123455,remove
5132,5692549928996306952,0,2,0.0105775,remove
5133,5692549928996306952,0,2,0.0389242,remove
5134,5692549928996306952,0,2,0.0495072,remove
5135,5692549928996306952,0,2,0.0494673,remove
5136,5692549928996306952,0,2,0.0394149,remove
5137,5692549928996306952,0,2,0.0495072,remove
5138,5692549928996306952,0,2,0.0389242,remove
5139,5692549928996306952,0,2,0.0495072,remove
5140,5692549928996306952,0,2,0.048832,remove
5141,5692549928996306952,0,2,0.0494673,remove
5142,5692549928996306952,0,2,0.0394149,remove
5143,5692549928996306952,0,2,0.048832,remove
5144,5692549928996306952,0,2,0.0495072,remove
5145,5692549928996306952,0,2,0.0494673,remove
5146,5692549928996306952,0,2,0.034464,remove
5147,5692549928996306952,0,2,0.0389242,remove
5148,5692549928996306952,0,2,0.0394149,remove
5149,5692549928996306952,0,2,0.0389242,remove
5150,5692549928996306952,0,2,0.034464,remove
5151,5692549928996306952,0,2,0.0494673,remove
5152,5692549928996306952,0,2,0.048832,remove
5153,5692549928996306952,0,2,0.034464,remove
5154,5692549928996306952,0,2,0.0394149,remove
5155,5692549928996306952,0,2,0.034464,remove
5156,5692549928996306952,0,2,0.048832,remove
5157,5692549928996306952,0,2,0.0301306,remove
5158,5692549928996306952,0,2,0.0304073,remove
5159,5692549928996306952,0,2,0.0304073,remove
5160,5692549928996306952,0,2,0.0304073,remove
5161,5692549928996306952,0,2,0.0307415,remove
5162,5692549928996306952,0,2,0.0307415,remove
5163,5692549928996306952,0,2,0.0302673,remove
5164,5692549928996306952,0,2,0.0301306,remove
5165,5692549928996306952,0,2,0.0301306,remove
5166,5692549928996306952,0,2,0.0301306,remove
5167,5692549928996306952,0,2,0.0302673,remove
5168,5692549928996306952,0,2,0.0307415,remove
5169,5692549928996306952,0,2,0.0302673,remove
5170,5692549928996306952,0,2,0.0307415,remove
5171,5692549928996306952,0,2,0.0437332,remove
5172,5692549928996306952,0,2,0.0486954,remove
5173,5692549928996306952,0,2,0.0483776,remove
5174,5692549928996306952,0,2,0.0481235,remove
5175,5692549928996306952,0,2,0.0486954,remove
5176,5692549928996306952,0,2,0.0437332,remove
5177,5692549928996306952,0,2,0.0301306,remove
5178,5692549928996306952,0,2,0.030808,remove
5179,5692549928996306952,0,2,0.0304073,remove
5180,5692549928996306952,0,2,0.030808,remove
5181,5692549928996306952,0,2,0.0307415,remove
5182,5692549928996306952,0,2,0.0304073,remove
5183,5692549928996306952,0,2,0.0301306,remove
5184,5692549928996306952,0,2,0.0302673,remove
5185,5692549928996306952,0,2,0.030808,remove
5186,5692549928996306952,0,2,0.0302673,remove
5187,5692549928996306952,0,2,0.0307415,remove
5188,5692549928996306952,0,2,0.030808,remove
5189,5692549928996306952,0,2,0.0483776,remove
5190,5692549928996306952,0,2,0.04781,remove
5191,5692549928996306952,0,2,0.0437332,remove
5192,5692549928996306952,0,2,0.04781,remove
5193,5692549928996306952,0,2,0.0481235,remove
5194,5692549928996306952,0,2,0.0437332,remove
5195,5692549928996306952,0,2,0.0483776,remove
5197,5692549928996306952,0,2,0.04781,remove
5199,5692549928996306952,0,2,0.0308427,remove
5200,5692549928996306952,0,2,0.0162974,remove
5201,5692549928996306952,0,2,0.0162974,remove
5202,5692549928996306952,0,2,0.00659375,remove
5203,5692549928996306952,0,2,0.0162974,remove
5204,5692549928996306952,0,2,0.00659375,remove
5205,5692549928996306952,0,2,0.0162974,remove
5206,5692549928996306952,0,2,0.0308427,remove
5207,5692549928996306952,0,2,0.0308427,remove
5208,5692549928996306952,0,2,0.0308427,remove
5209,5692549928996306952,0,2,0.00659375,remove
5210,5692549928996306952,0,2,0.00659375,remove
5211,5692549928996306952,0,2,0.0309018,remove
5212,5692549928996306952,0,2,0.0263708,remove
5213,5692549928996306952,0,2,0.0309018,remove
5214,5692549928996306952,0,2,0.0268076,remove
5215,5692549928996306952,0,2,0.0268076,remove
5216,5692549928996306952,0,2,0.0309018,remove
5217,5692549928996306952,0,2,0.0268076,remove
5218,5692549928996306952,0,2,0.0257063,remove
5219,5692549928996306952,0,2,0.0168124,remove
5220,5692549928996306952,0,2,0.0255312,remove
5221,5692549928996306952,0,2,0.0246289,remove
5222,5692549928996306952,0,2,0.0168124,remove
5223,5692549928996306952,0,2,0.0257063,remove
5224,5692549928996306952,0,2,0.0255312,remove
5225,5692549928996306952,0,2,0.0168124,remove
5226,5692549928996306952,0,2,0.024344,remove
5227,5692549928996306952,0,2,0.0168124,remove
5228,5692549928996306952,0,2,0.0246289,remove
5229,5692549928996306952,0,2,0.024344,remove
5230,5692549928996306952,0,2,0.0265497,remove
5231,5692549928996306952,0,2,0.0265497,remove
5232,5692549928996306952,0,2,0.0300634,remove
5233,5692549928996306952,0,2,0.0302591,remove
5234,5692549928996306952,0,2,0.0301692,remove
5235,5692549928996306952,0,2,0.0303223,remove
5236,5692549928996306952,0,2,0.0302591,remove
5237,5692549928996306952,0,2,0.0300634,remove
5238,5692549928996306952,0,2,0.0301685,remove
5239,5692549928996306952,0,2,0.0302584,remove
5240,5692549928996306952,0,2,0.0303317,remove
5241,5692549928996306952,0,2,0.0302584,remove
5242,5692549928996306952,0,2,0.0303216,remove
5243,5692549928996306952,0,2,0.0303317,remove
5244,5692549928996306952,0,2,0.0213911,remove
5245,5692549928996306952,0,2,0.0213911,remove
5246,5692549928996306952,0,2,0.0368232,remove
5247,5692549928996306952,0,2,0.0368232,remove
5248,5692549928996306952,0,2,0.0213911,remove
5249,5692549928996306952,0,2,0.0268076,remove
5250,5692549928996306952,0,2,0.0263708,remove
5251,5692549928996306952,0,2,0.0263708,remove
5252,5692549928996306952,0,2,0.0350329,remove
5253,5692549928996306952,0,2,0.0313083,remove
5254,5692549928996306952,0,2,0.0452201,remove
5255,5692549928996306952,0,2,0.0313083,remove
5256,5692549928996306952,0,2,0.0350337,remove
5257,5692549928996306952,0,2,0.0333544,remove
5258,5692549928996306952,0,2,0.0268076,remove
5259,5692549928996306952,0,2,0.0265497,remove
5260,5692549928996306952,0,2,0.0265497,remove
5262,5692549928996306952,0,2,0.0350329,remove
5263,5692549928996306952,0,2,0.0452201,remove
5264,5692549928996306952,0,2,0.0350337,remove
5266,5692549928996306952,0,2,0.0333544,remove
5267,5692549928996306952,0,2,0.0485431,remove
5268,5692549928996306952,0,2,0.0485431,remove
5269,5692549928996306952,0,2,0.0349411,remove
5270,5692549928996306952,0,2,0.0485417,remove
5271,5692549928996306952,0,2,0.0485417,remove
5272,5692549928996306952,0,2,0.0368232,remove
5273,5692549928996306952,0,2,0.0349411,remove
5274,5692549928996306952,0,2,0.0349411,remove
5275,5692549928996306952,0,2,0.0485417,remove
5276,5692549928996306952,0,2,0.0200541,remove
5277,5692549928996306952,0,2,0.0202159,remove
5278,5692549928996306952,0,2,0.031222,remove
5279,5692549928996306952,0,2,0.0266459,remove
5280,5692549928996306952,0,2,0.0375175,remove
5281,5692549928996306952,0,2,0.031222,remove
5282,5692549928996306952,0,2,0.0202159,remove
5283,5692549928996306952,0,2,0.0470633,remove
5284,5692549928996306952,0,2,0.0200541,remove
5285,5692549928996306952,0,2,0.0266475,remove
5286,5692549928996306952,0,2,0.0312234,remove
5287,5692549928996306952,0,2,0.0312234,remove
5288,5692549928996306952,0,2,0.0375187,remove
5289,5692549928996306952,0,2,0.0375187,remove
5290,5692549928996306952,0,2,0.0312234,remove
5291,5692549928996306952,0,2,0.0470633,remove
5292,5692549928996306952,0,2,0.0266459,remove
5293,5692549928996306952,0,2,0.0202159,remove
5294,5692549928996306952,0,2,0.0375175,remove
5295,5692549928996306952,0,2,0.0202159,remove
5296,5692549928996306952,0,2,0.0266475,remove
5297,5692549928996306952,0,2,0.0266475,remove
5298,5692549928996306952,0,2,0.0375187,remove
5299,5692549928996306952,0,2,0.0142982,remove
5300,5692549928996306952,0,2,0.0201324,remove
5301,5692549928996306952,0,2,0.0256984,remove
5302,5692549928996306952,0,2,0.0178751,remove
5303,5692549928996306952,0,2,0.00955122,remove
5304,5692549928996306952,0,2,0.0142981,remove
5305,5692549928996306952,0,2,0.0201324,remove
5306,5692549928996306952,0,2,0.0275007,remove
5307,5692549928996306952,0,2,0.0256984,remove
5308,5692549928996306952,0,2,0.00955122,remove
5309,5692549928996306952,0,2,0.0281749,remove
5310,5692549928996306952,0,2,0.0171187,remove
5311,5692549928996306952,0,2,0.0281749,remove
5312,5692549928996306952,0,2,0.0238897,remove
5313,5692549928996306952,0,2,0.0171187,remove
5314,5692549928996306952,0,2,0.0281764,remove
5315,5692549928996306952,0,2,0.0238914,remove
5316,5692549928996306952,0,2,0.0281764,remove
5317,5692549928996306952,0,2,0.0308172,remove
5318,5692549928996306952,0,2,0.0190063,remove
5319,5692549928996306952,0,2,0.00993033,remove
5320,5692549928996306952,0,2,0.025881,remove
5321,5692549928996306952,0,2,0.0190063,remove
5322,5692549928996306952,0,2,0.0308172,remove
5323,5692549928996306952,0,2,0.00706281,remove
5324,5692549928996306952,0,2,0.00705872,remove
5325,5692549928996306952,0,2,0.00706848,remove
5326,5692549928996306952,0,2,0.00705444,remove
5327,5692549928996306952,0,2,0.00705861,remove
5328,5692549928996306952,0,2,0.0070627,remove
5329,5692549928996306952,0,2,0.0190063,remove
5330,5692549928996306952,0,2,0.0206552,remove
5331,5692549928996306952,0,2,0.00993033,remove
5332,5692549928996306952,0,2,0.025881,remove
5333,5692549928996306952,0,2,0.0206552,remove
5334,5692549928996306952,0,2,0.0190063,remove
5335,5692549928996306952,0,2,0.00706806,remove
5336,5692549928996306952,0,2,0.00706806,remove
5337,5692549928996306952,0,2,0.00706806,remove
5338,5692549928996306952,0,2,0.0070583,remove
5339,5692549928996306952,0,2,0.00705819,remove
5340,5692549928996306952,0,2,0.00705402,remove
5341,5692549928996306952,0,2,0.00705402,remove
5342,5692549928996306952,0,2,0.00705402,remove
5343,5692549928996306952,0,2,0.0483726,remove
5344,5692549928996306952,0,2,0.0483726,remove
5345,5692549928996306952,0,2,0.00993033,remove
5346,5692549928996306952,0,2,0.0209468,remove
5347,5692549928996306952,0,2,0.0308172,remove
5348,5692549928996306952,0,2,0.0209468,remove
5349,5692549928996306952,0,2,0.025881,remove
5350,5692549928996306952,0,2,0.0308172,remove
5351,5692549928996306952,0,2,0.00706848,remove
5352,5692549928996306952,0,2,0.0070639,remove
5353,5692549928996306952,0,2,0.00706281,remove
5354,5692549928996306952,0,2,0.0206552,remove
5355,5692549928996306952,0,2,0.0209468,remove
5356,5692549928996306952,0,2,0.00993033,remove
5357,5692549928996306952,0,2,0.00706379,remove
5358,5692549928996306952,0,2,0.00705444,remove
5359,5692549928996306952,0,2,0.0070627,remove
5360,5692549928996306952,0,2,0.0206552,remove
5361,5692549928996306952,0,2,0.025881,remove
5362,5692549928996306952,0,2,0.0209468,remove
5363,5692549928996306952,0,2,0.00706348,remove
5364,5692549928996306952,0,2,0.00706806,remove
5365,5692549928996306952,0,2,0.0164241,remove
5366,5692549928996306952,0,2,0.0164241,remove
5367,5692549928996306952,0,2,0.00706806,remove
5368,5692549928996306952,0,2,0.0164241,remove
5369,5692549928996306952,0,2,0.00706337,remove
5370,5692549928996306952,0,2,0.00706337,remove
5371,5692549928996306952,0,2,0.00705402,remove
5372,5692549928996306952,0,2,0.0164241,remove
5373,5692549928996306952,0,2,0.0164241,remove
5374,5692549928996306952,0,2,0.0445886,remove
5377,5692549928996306952,0,2,0.0483726,remove
5381,5692549928996306952,0,2,0.0483726,remove
5384,5692549928996306952,0,2,0.0483726,remove
5446,5692549928996306952,0,2,0.0278027,remove
5447,5692549928996306952,0,2,0.0355909,remove
5448,5692549928996306952,0,2,0.0371568,remove
5449,5692549928996306952,0,2,0.0373136,remove
5450,5692549928996306952,0,2,0.0355909,remove
5451,5692549928996306952,0,2,0.0278027,remove
5452,5692549928996306952,0,2,0.0371586,remove
5453,5692549928996306952,0,2,0.0355928,remove
5454,5692549928996306952,0,2,0.0497094,remove
5455,5692549928996306952,0,2,0.0497094,remove
5456,5692549928996306952,0,2,0.0355928,remove
5460,5692549928996306952,0,2,0.0373153,remove
5461,5692549928996306952,0,2,0.0373153,remove
5463,5692549928996306952,0,2,0.0355928,remove
5464,5692549928996306952,0,2,0.0347988,remove
5465,5692549928996306952,0,2,0.0323718,remove
5466,5692549928996306952,0,2,0.0242674,remove
5467,5692549928996306952,0,2,0.0415984,remove
5468,5692549928996306952,0,2,0.0323718,remove
5469,5692549928996306952,0,2,0.0347988,remove
5472,5692549928996306952,0,2,0.0497094,remove
5476,5692549928996306952,0,2,0.0242674,remove
5477,5692549928996306952,0,2,0.0323718,remove
5478,5692549928996306952,0,2,0.0258915,remove
5479,5692549928996306952,0,2,0.0258915,remove
5480,5692549928996306952,0,2,0.0323718,remove
5481,5692549928996306952,0,2,0.0368797,remove
5482,5692549928996306952,0,2,0.0378116,remove
5483,5692549928996306952,0,2,0.0368797,remove
5484,5692549928996306952,0,2,0.0415984,remove
5485,5692549928996306952,0,2,0.0415984,remove
5486,5692549928996306952,0,2,0.0368797,remove
5487,5692549928996306952,0,2,0.0323718,remove
5488,5692549928996306952,0,2,0.0371568,remove
5489,5692549928996306952,0,2,0.0387185,remove
5490,5692549928996306952,0,2,0.0278027,remove
5491,5692549928996306952,0,2,0.0387185,remove
5492,5692549928996306952,0,2,0.0373136,remove
5493,5692549928996306952,0,2,0.0278027,remove
5494,5692549928996306952,0,2,0.0387202,remove
5495,5692549928996306952,0,2,0.0371586,remove
5498,5692549928996306952,0,2,0.0371586,remove
5499,5692549928996306952,0,2,0.0497094,remove
5502,5692549928996306952,0,2,0.0387202,remove
5503,5692549928996306952,0,2,0.0387202,remove
5505,5692549928996306952,0,2,0.0373153,remove
5506,5692549928996306952,0,2,0.0242674,remove
5507,5692549928996306952,0,2,0.0379834,remove
5508,5692549928996306952,0,2,0.0347988,remove
5511,5692549928996306952,0,2,0.0497094,remove
5512,5692549928996306952,0,2,0.0379834,remove
5513,5692549928996306952,0,2,0.0415984,remove
5514,5692549928996306952,0,2,0.0347988,remove
5518,5692549928996306952,0,2,0.00894468,remove
5519,5692549928996306952,0,2,0.0100939,remove
5520,5692549928996306952,0,2,0.00880844,remove
5521,5692549928996306952,0,2,0.0120255,remove
5522,5692549928996306952,0,2,0.0100939,remove
5523,5692549928996306952,0,2,0.00894468,remove
5524,5692549928996306952,0,2,0.0379834,remove
5525,5692549928996306952,0,2,0.0242674,remove
5526,5692549928996306952,0,2,0.0373814,remove
5527,5692549928996306952,0,2,0.0373814,remove
5528,5692549928996306952,0,2,0.0242674,remove
5529,5692549928996306952,0,2,0.0258915,remove
5530,5692549928996306952,0,2,0.0373814,remove
5531,5692549928996306952,0,2,0.0378116,remove
5532,5692549928996306952,0,2,0.0379834,remove
5533,5692549928996306952,0,2,0.0379834,remove
5534,5692549928996306952,0,2,0.0378116,remove
5535,5692549928996306952,0,2,0.0415984,remove
5536,5692549928996306952,0,2,0.00894449,remove
5537,5692549928996306952,0,2,0.00880824,remove
5538,5692549928996306952,0,2,0.0110555,remove
5539,5692549928996306952,0,2,0.00880953,remove
5540,5692549928996306952,0,2,0.0110565,remove
5541,5692549928996306952,0,2,0.0110565,remove
5542,5692549928996306952,0,2,0.0110555,remove
5543,5692549928996306952,0,2,0.0120247,remove
5544,5692549928996306952,0,2,0.00894449,remove
5545,5692549928996306952,0,2,0.0110565,remove
5546,5692549928996306952,0,2,0.0110565,remove
5547,5692549928996306952,0,2,0.0120256,remove
5551,5692549928996306952,0,2,0.0479134,remove
5552,5692549928996306952,0,2,0.0487879,remove
5555,5692549928996306952,0,2,0.0487879,remove
5557,5692549928996306952,0,2,0.0479134,remove
5558,5692549928996306952,0,2,0.0461002,remove
5559,5692549928996306952,0,2,0.0487879,remove
5575,5692549928996306952,0,2,0.0487879,remove
5576,5692549928996306952,0,2,0.0492666,remove
5579,5692549928996306952,0,2,0.0492666,remove
5581,5692549928996306952,0,2,0.0461002,remove
5582,5692549928996306952,0,2,0.0492666,remove
5583,5692549928996306952,0,2,0.0487879,remove
5584,5692549928996306952,0,2,0.00880973,remove
5585,5692549928996306952,0,2,0.010095,remove
5586,5692549928996306952,0,2,0.010095,remove
5605,5692549928996306952,0,2,0.0185391,remove
5606,5692549928996306952,0,2,0.0362194,remove
5607,5692549928996306952,0,2,0.0367229,remove
5608,5692549928996306952,0,2,0.010095,remove
5609,5692549928996306952,0,2,0.0120264,remove
5610,5692549928996306952,0,2,0.0120264,remove
5611,5692549928996306952,0,2,0.0185391,remove
5612,5692549928996306952,0,2,0.0367229,remove
5613,5692549928996306952,0,2,0.0380733,remove
5620,5692549928996306952,0,2,0.0376075,remove
5621,5692549928996306952,0,2,0.0362194,remove
5622,5692549928996306952,0,2,0.0185391,remove
5623,5692549928996306952,0,2,0.03688,remove
5624,5692549928996306952,0,2,0.0372503,remove
5625,5692549928996306952,0,2,0.025892,remove
5626,5692549928996306952,0,2,0.0372503,remove
5627,5692549928996306952,0,2,0.0373817,remove
5628,5692549928996306952,0,2,0.025892,remove
5629,5692549928996306952,0,2,0.0380733,remove
5630,5692549928996306952,0,2,0.0376075,remove
5631,5692549928996306952,0,2,0.0185391,remove
5632,5692549928996306952,0,2,0.0378119,remove
5633,5692549928996306952,0,2,0.0372503,remove
5634,5692549928996306952,0,2,0.03688,remove
5635,5692549928996306952,0,2,0.0372503,remove
5636,5692549928996306952,0,2,0.0378119,remove
5637,5692549928996306952,0,2,0.0373817,remove
5638,5692549928996306952,0,2,0.0141182,remove
5639,5692549928996306952,0,2,0.0175663,remove
5640,5692549928996306952,0,2,0.0132654,remove
5641,5692549928996306952,0,2,0.0175663,remove
5642,5692549928996306952,0,2,0.0183057,remove
5643,5692549928996306952,0,2,0.0132654,remove
5644,5692549928996306952,0,2,0.0175663,remove
5645,5692549928996306952,0,2,0.0141182,remove
5646,5692549928996306952,0,2,0.0201709,remove
5647,5692549928996306952,0,2,0.0201709,remove
5648,5692549928996306952,0,2,0.0141182,remove
5649,5692549928996306952,0,2,0.0150896,remove
5650,5692549928996306952,0,2,0.0201709,remove
5651,5692549928996306952,0,2,0.0155405,remove
5652,5692549928996306952,0,2,0.0175663,remove
5653,5692549928996306952,0,2,0.0175663,remove
5654,5692549928996306952,0,2,0.0155405,remove
5655,5692549928996306952,0,2,0.0183057,remove
5656,5692549928996306952,0,2,0.0150909,remove
5657,5692549928996306952,0,2,0.0199858,remove
5658,5692549928996306952,0,2,0.0201719,remove
5659,5692549928996306952,0,2,0.0199858,remove
5660,5692549928996306952,0,2,0.0155418,remove
5661,5692549928996306952,0,2,0.0201719,remove
5662,5692549928996306952,0,2,0.00878129,remove
5663,5692549928996306952,0,2,0.0108237,remove
5664,5692549928996306952,0,2,0.0110917,remove
5665,5692549928996306952,0,2,0.0159,remove
5666,5692549928996306952,0,2,0.0108237,remove
5667,5692549928996306952,0,2,0.00878129,remove
5668,5692549928996306952,0,2,0.0108237,remove
5669,5692549928996306952,0,2,0.014711,remove
5670,5692549928996306952,0,2,0.0110917,remove
5671,5692549928996306952,0,2,0.0159,remove
5672,5692549928996306952,0,2,0.014711,remove
5673,5692549928996306952,0,2,0.0108237,remove
5674,5692549928996306952,0,2,0.0264353,remove
5675,5692549928996306952,0,2,0.0309774,remove
5676,5692549928996306952,0,2,0.0225661,remove
5677,5692549928996306952,0,2,0.0225661,remove
5678,5692549928996306952,0,2,0.0309774,remove
5679,5692549928996306952,0,2,0.0347131,remove
5680,5692549928996306952,0,2,0.0314148,remove
5681,5692549928996306952,0,2,0.0309774,remove
5682,5692549928996306952,0,2,0.0264353,remove
5683,5692549928996306952,0,2,0.0375202,remove
5684,5692549928996306952,0,2,0.0367867,remove
5685,5692549928996306952,0,2,0.0110917,remove
5686,5692549928996306952,0,2,0.0110917,remove
5687,5692549928996306952,0,2,0.0367867,remove
5688,5692549928996306952,0,2,0.00878129,remove
5689,5692549928996306952,0,2,0.0371611,remove
5690,5692549928996306952,0,2,0.014711,remove
5691,5692549928996306952,0,2,0.0371611,remove
5692,5692549928996306952,0,2,0.0110917,remove
5693,5692549928996306952,0,2,0.014711,remove
5694,5692549928996306952,0,2,0.0371611,remove
5695,5692549928996306952,0,2,0.0375202,remove
5696,5692549928996306952,0,2,0.0110917,remove
5697,5692549928996306952,0,2,0.00295734,remove
5698,5692549928996306952,0,2,0.00292714,remove
5699,5692549928996306952,0,2,0.0029922,remove
5700,5692549928996306952,0,2,0.00292793,remove
5701,5692549928996306952,0,2,0.00292701,remove
5702,5692549928996306952,0,2,0.00295722,remove
5703,5692549928996306952,0,2,0.0029922,remove
5704,5692549928996306952,0,2,0.00292714,remove
5705,5692549928996306952,0,2,0.00292714,remove
5706,5692549928996306952,0,2,0.0047267,remove
5707,5692549928996306952,0,2,0.00292793,remove
5708,5692549928996306952,0,2,0.00292793,remove
5709,5692549928996306952,0,2,0.00292701,remove
5710,5692549928996306952,0,2,0.00593037,remove
5711,5692549928996306952,0,2,0.0047267,remove
5712,5692549928996306952,0,2,0.0047267,remove
5713,5692549928996306952,0,2,0.0225661,remove
5714,5692549928996306952,0,2,0.0355188,remove
5715,5692549928996306952,0,2,0.0264353,remove
5716,5692549928996306952,0,2,0.0264353,remove
5717,5692549928996306952,0,2,0.0355188,remove
5718,5692549928996306952,0,2,0.0287389,remove
5719,5692549928996306952,0,2,0.0287389,remove
5720,5692549928996306952,0,2,0.0314148,remove
5721,5692549928996306952,0,2,0.0264353,remove
5722,5692549928996306952,0,2,0.0375202,remove
5723,5692549928996306952,0,2,0.0413479,remove
5724,5692549928996306952,0,2,0.0367867,remove
5725,5692549928996306952,0,2,0.0337879,remove
5726,5692549928996306952,0,2,0.0287389,remove
5727,5692549928996306952,0,2,0.0287389,remove
5728,5692549928996306952,0,2,0.0287389,remove
5729,5692549928996306952,0,2,0.0355188,remove
5730,5692549928996306952,0,2,0.0337879,remove
5731,5692549928996306952,0,2,0.0314148,remove
5732,5692549928996306952,0,2,0.0287389,remove
5733,5692549928996306952,0,2,0.00956356,remove
5734,5692549928996306952,0,2,0.0066036,remove
5735,5692549928996306952,0,2,0.0154097,remove
5736,5692549928996306952,0,2,0.0413479,remove
5737,5692549928996306952,0,2,0.0375202,remove
5738,5692549928996306952,0,2,0.0393792,remove
5739,5692549928996306952,0,2,0.0375202,remove
5740,5692549928996306952,0,2,0.0371611,remove
5741,5692549928996306952,0,2,0.0393792,remove
5742,5692549928996306952,0,2,0.0154097,remove
5743,5692549928996306952,0,2,0.0121178,remove
5744,5692549928996306952,0,2,0.00956356,remove
5752,5692549928996306952,0,2,0.0029922,remove
5753,5692549928996306952,0,2,0.00299784,remove
5754,5692549928996306952,0,2,0.00295734,remove
5755,5692549928996306952,0,2,0.00299772,remove
5756,5692549928996306952,0,2,0.00292793,remove
5757,5692549928996306952,0,2,0.00295722,remove
5758,5692549928996306952,0,2,0.00299784,remove
5759,5692549928996306952,0,2,0.0029922,remove
5760,5692549928996306952,0,2,0.029388,remove
5761,5692549928996306952,0,2,0.029388,remove
5762,5692549928996306952,0,2,0.0029922,remove
5763,5692549928996306952,0,2,0.0293877,remove
5764,5692549928996306952,0,2,0.0047267,remove
5765,5692549928996306952,0,2,0.00299772,remove
5766,5692549928996306952,0,2,0.00299772,remove
5767,5692549928996306952,0,2,0.0047267,remove
5768,5692549928996306952,0,2,0.00292793,remove
5769,5692549928996306952,0,2,0.0047267,remove
5770,5692549928996306952,0,2,0.0293877,remove
5771,5692549928996306952,0,2,0.00593037,remove
5772,5692549928996306952,0,2,0.0293877,remove
5773,5692549928996306952,0,2,0.00593037,remove
5774,5692549928996306952,0,2,0.0293877,remove
5775,5692549928996306952,0,2,0.0066036,remove
5776,5692549928996306952,0,2,0.0131332,remove
5777,5692549928996306952,0,2,0.0154097,remove
5778,5692549928996306952,0,2,0.0131332,remove
5779,5692549928996306952,0,2,0.0121178,remove
5780,5692549928996306952,0,2,0.0154097,remove
5788,5692549928996306952,0,2,0.0319764,remove
5789,5692549928996306952,0,2,0.0301382,remove
5790,5692549928996306952,0,2,0.0132482,remove
5791,5692549928996306952,0,2,0.00660531,remove
5792,5692549928996306952,0,2,0.0120689,remove
5793,5692549928996306952,0,2,0.0131341,remove
5794,5692549928996306952,0,2,0.0120689,remove
5795,5692549928996306952,0,2,0.0121187,remove
5796,5692549928996306952,0,2,0.0131341,remove
5797,5692549928996306952,0,2,0.0327661,remove
5798,5692549928996306952,0,2,0.0319764,remove
5799,5692549928996306952,0,2,0.0132482,remove
5812,5692549928996306952,0,2,0.0319764,remove
5813,5692549928996306952,0,2,0.0370674,remove
5814,5692549928996306952,0,2,0.0301382,remove
5815,5692549928996306952,0,2,0.0327661,remove
5816,5692549928996306952,0,2,0.0370674,remove
5817,5692549928996306952,0,2,0.0319764,remove
5818,5692549928996306952,0,2,0.0301382,remove
5819,5692549928996306952,0,2,0.0312152,remove
5820,5692549928996306952,0,2,0.0132482,remove
5821,5692549928996306952,0,2,0.0312152,remove
5822,5692549928996306952,0,2,0.0327661,remove
5823,5692549928996306952,0,2,0.0132482,remove
5824,5692549928996306952,0,2,0.0301382,remove
5825,5692549928996306952,0,2,0.0370674,remove
5826,5692549928996306952,0,2,0.0312152,remove
5827,5692549928996306952,0,2,0.0370674,remove
5828,5692549928996306952,0,2,0.0327661,remove
5829,5692549928996306952,0,2,0.0312152,remove
5830,5692549928996306952,0,2,0.0349411,remove
5831,5692549928996306952,0,2,0.0195295,remove
5832,5692549928996306952,0,2,0.0195295,remove
5833,5692549928996306952,0,2,0.0349411,remove
5834,5692549928996306952,0,2,0.0368232,remove
5837,5692549928996306952,0,2,0.00593037,remove
5838,5692549928996306952,0,2,0.00593037,remove
5839,5692549928996306952,0,2,0.0287088,remove
5840,5692549928996306952,0,2,0.0231915,remove
5841,5692549928996306952,0,2,0.0178751,remove
5842,5692549928996306952,0,2,0.0275007,remove
5843,5692549928996306952,0,2,0.0231915,remove
5844,5692549928996306952,0,2,0.0287088,remove
5845,5692549928996306952,0,2,0.0390817,remove
5846,5692549928996306952,0,2,0.0321442,remove
5847,5692549928996306952,0,2,0.0353369,remove
5848,5692549928996306952,0,2,0.0353369,remove
5849,5692549928996306952,0,2,0.0321934,remove
5850,5692549928996306952,0,2,0.0390817,remove
5851,5692549928996306952,0,2,0.0292825,remove
5852,5692549928996306952,0,2,0.0321442,remove
5853,5692549928996306952,0,2,0.0390817,remove
5854,5692549928996306952,0,2,0.0321933,remove
5855,5692549928996306952,0,2,0.0292825,remove
5856,5692549928996306952,0,2,0.0390817,remove
5857,5692549928996306952,0,2,0.049179,remove
5862,5692549928996306952,0,2,0.049179,remove
5864,5692549928996306952,0,2,0.0337574,remove
5865,5692549928996306952,0,2,0.049179,remove
5866,5692549928996306952,0,2,0.0337574,remove
5868,5692549928996306952,0,2,0.049179,remove
5869,5692549928996306952,0,2,0.0327507,remove
5870,5692549928996306952,0,2,0.0335885,remove
5871,5692549928996306952,0,2,0.033722,remove
5872,5692549928996306952,0,2,0.0339845,remove
5873,5692549928996306952,0,2,0.0335885,remove
5874,5692549928996306952,0,2,0.0327507,remove
5875,5692549928996306952,0,2,0.0335885,remove
5876,5692549928996306952,0,2,0.0345486,remove
5877,5692549928996306952,0,2,0.033722,remove
5878,5692549928996306952,0,2,0.0339845,remove
5879,5692549928996306952,0,2,0.0345486,remove
5880,5692549928996306952,0,2,0.0335885,remove
5881,5692549928996306952,0,2,0.033722,remove
5882,5692549928996306952,0,2,0.0341218,remove
5883,5692549928996306952,0,2,0.0327507,remove
5884,5692549928996306952,0,2,0.0341218,remove
5885,5692549928996306952,0,2,0.0339845,remove
5886,5692549928996306952,0,2,0.0327507,remove
5887,5692549928996306952,0,2,0.033722,remove
5888,5692549928996306952,0,2,0.0345486,remove
5889,5692549928996306952,0,2,0.0341218,remove
5890,5692549928996306952,0,2,0.0345486,remove
5891,5692549928996306952,0,2,0.0339845,remove
5892,5692549928996306952,0,2,0.0341218,remove
5893,5692549928996306952,0,2,0.0206432,remove
5894,5692549928996306952,0,2,0.0127583,remove
5895,5692549928996306952,0,2,0.0265097,remove
5896,5692549928996306952,0,2,0.0127583,remove
5897,5692549928996306952,0,2,0.0306995,remove
5898,5692549928996306952,0,2,0.0265097,remove
5899,5692549928996306952,0,2,0.0265091,remove
5900,5692549928996306952,0,2,0.0240233,remove
5901,5692549928996306952,0,2,0.0206423,remove
5902,5692549928996306952,0,2,0.0465592,remove
5904,5692549928996306952,0,2,0.0404737,remove
5905,5692549928996306952,0,2,0.015714,remove
5906,5692549928996306952,0,2,0.0219413,remove
5907,5692549928996306952,0,2,0.0404737,remove
5908,5692549928996306952,0,2,0.0404737,remove
5909,5692549928996306952,0,2,0.0219413,remove
5910,5692549928996306952,0,2,0.0465592,remove
5911,5692549928996306952,0,2,0.015714,remove
5912,5692549928996306952,0,2,0.0135119,remove
5913,5692549928996306952,0,2,0.0219413,remove
5914,5692549928996306952,0,2,0.0306988,remove
5915,5692549928996306952,0,2,0.0240234,remove
5916,5692549928996306952,0,2,0.0265092,remove
5922,5692549928996306952,0,2,0.033759,remove
5923,5692549928996306952,0,2,0.0489385,remove
5925,5692549928996306952,0,2,0.0465592,remove
5926,5692549928996306952,0,2,0.0219413,remove
5927,5692549928996306952,0,2,0.0233881,remove
5928,5692549928996306952,0,2,0.0465592,remove
5929,5692549928996306952,0,2,0.0465592,remove
5930,5692549928996306952,0,2,0.0233881,remove
5931,5692549928996306952,0,2,0.0489385,remove
5932,5692549928996306952,0,2,0.0135119,remove
5933,5692549928996306952,0,2,0.0233881,remove
5934,5692549928996306952,0,2,0.0219413,remove
5940,5692549928996306952,0,2,0.033759,remove
5941,5692549928996306952,0,2,0.048229,remove
5942,5692549928996306952,0,2,0.0429576,remove
5943,5692549928996306952,0,2,0.0469408,remove
5944,5692549928996306952,0,2,0.0429576,remove
5945,5692549928996306952,0,2,0.0384892,remove
5946,5692549928996306952,0,2,0.0469408,remove
5947,5692549928996306952,0,2,0.048229,remove
5948,5692549928996306952,0,2,0.0366907,remove
5949,5692549928996306952,0,2,0.0429576,remove
5950,5692549928996306952,0,2,0.0366907,remove
5951,5692549928996306952,0,2,0.0384892,remove
5952,5692549928996306952,0,2,0.0429576,remove
5961,5692549928996306952,0,2,0.0302754,remove
5962,5692549928996306952,0,2,0.0302754,remove
5964,5692549928996306952,0,2,0.0307343,remove
5965,5692549928996306952,0,2,0.0295992,remove
5966,5692549928996306952,0,2,0.0307343,remove
5969,5692549928996306952,0,2,0.0307343,remove
5979,5692549928996306952,0,2,0.0279416,remove
5980,5692549928996306952,0,2,0.0279416,remove
5982,5692549928996306952,0,2,0.0302754,remove
5983,5692549928996306952,0,2,0.0279416,remove
5984,5692549928996306952,0,2,0.0295992,remove
5987,5692549928996306952,0,2,0.0295992,remove
5989,5692549928996306952,0,2,0.0339808,remove
5990,5692549928996306952,0,2,0.032867,remove
5991,5692549928996306952,0,2,0.0327912,remove
5992,5692549928996306952,0,2,0.032867,remove
5993,5692549928996306952,0,2,0.0231784,remove
5994,5692549928996306952,0,2,0.0327912,remove
5996,5692549928996306952,0,2,0.0424563,remove
5998,5692549928996306952,0,2,0.0307104,remove
5999,5692549928996306952,0,2,0.032867,remove
6000,5692549928996306952,0,2,0.0339808,remove
6001,5692549928996306952,0,2,0.0424563,remove
6002,5692549928996306952,0,2,0.0400018,remove
6004,5692549928996306952,0,2,0.0307104,remove
6005,5692549928996306952,0,2,0.0231784,remove
6006,5692549928996306952,0,2,0.032867,remove
6007,5692549928996306952,0,2,0.0375614,remove
6008,5692549928996306952,0,2,0.0424563,remove
6010,5692549928996306952,0,2,0.0375614,remove
6011,5692549928996306952,0,2,0.0400018,remove
6012,5692549928996306952,0,2,0.0424563,remove
6013,5692549928996306952,0,2,0.0460087,remove
6014,5692549928996306952,0,2,0.0407984,remove
6015,5692549928996306952,0,2,0.0486748,remove
6016,5692549928996306952,0,2,0.0486748,remove
6017,5692549928996306952,0,2,0.0460754,remove
6018,5692549928996306952,0,2,0.0460087,remove
6019,5692549928996306952,0,2,0.0355313,remove
6020,5692549928996306952,0,2,0.0407984,remove
6021,5692549928996306952,0,2,0.0460087,remove
6022,5692549928996306952,0,2,0.0460754,remove
6023,5692549928996306952,0,2,0.0355313,remove
6024,5692549928996306952,0,2,0.0460087,remove
6025,5692549928996306952,0,2,0.0307327,remove
6026,5692549928996306952,0,2,0.0227812,remove
6027,5692549928996306952,0,2,0.0302738,remove
6028,5692549928996306952,0,2,0.0302738,remove
6029,5692549928996306952,0,2,0.0227812,remove
6030,5692549928996306952,0,2,0.0279398,remove
6031,5692549928996306952,0,2,0.0227812,remove
6032,5692549928996306952,0,2,0.0307327,remove
6033,5692549928996306952,0,2,0.0295974,remove
6034,5692549928996306952,0,2,0.0287336,remove
6035,5692549928996306952,0,2,0.017465,remove
6036,5692549928996306952,0,2,0.029374,remove
6037,5692549928996306952,0,2,0.0295974,remove
6038,5692549928996306952,0,2,0.0279398,remove
6039,5692549928996306952,0,2,0.0227812,remove
6040,5692549928996306952,0,2,0.0240966,remove
6041,5692549928996306952,0,2,0.029374,remove
6042,5692549928996306952,0,2,0.017465,remove
6043,5692549928996306952,0,2,0.0310899,remove
6044,5692549928996306952,0,2,0.0287337,remove
6045,5692549928996306952,0,2,0.0293742,remove
6046,5692549928996306952,0,2,0.0240969,remove
6047,5692549928996306952,0,2,0.0310899,remove
6048,5692549928996306952,0,2,0.0293742,remove
6049,5692549928996306952,0,2,0.0469408,remove
6050,5692549928996306952,0,2,0.0442955,remove
6051,5692549928996306952,0,2,0.048229,remove
6052,5692549928996306952,0,2,0.0442955,remove
6053,5692549928996306952,0,2,0.0366907,remove
6054,5692549928996306952,0,2,0.048229,remove
6055,5692549928996306952,0,2,0.0384892,remove
6056,5692549928996306952,0,2,0.0442955,remove
6057,5692549928996306952,0,2,0.0469408,remove
6058,5692549928996306952,0,2,0.0384892,remove
6059,5692549928996306952,0,2,0.0366907,remove
6060,5692549928996306952,0,2,0.0442955,remove
6061,5692549928996306958,0,3,0.0178468,remove
6062,5692549928996306958,0,3,0.0108357,remove
6063,5692549928996306958,0,3,0.0108357,remove
6064,5692549928996306958,0,3,0.0166971,remove
6065,5692549928996306958,0,3,0.0126451,remove
6066,5692549928996306958,0,3,0.0126451,remove
6067,5692549928996306958,0,3,0.0166971,remove
6068,5692549928996306958,0,3,0.0166971,remove
6069,5692549928996306958,0,3,0.0126451,remove
6176,5692549928996306958,0,3,0.0135333,remove
6177,5692549928996306958,0,3,0.0151552,remove
6178,5692549928996306958,0,3,0.0271078,remove
6179,5692549928996306958,0,3,0.0271078,remove
6180,5692549928996306958,0,3,0.0151552,remove
6181,5692549928996306958,0,3,0.0251251,remove
6182,5692549928996306958,0,3,0.0215352,remove
6183,5692549928996306958,0,3,0.0225228,remove
6184,5692549928996306958,0,3,0.0135333,remove
6185,5692549928996306958,0,3,0.0135333,remove
6186,5692549928996306958,0,3,0.0225228,remove
6187,5692549928996306958,0,3,0.0151552,remove
6188,5692549928996306958,0,3,0.0174789,remove
6189,5692549928996306958,0,3,0.018861,remove
6190,5692549928996306958,0,3,0.0215352,remove
6191,5692549928996306958,0,3,0.0215352,remove
6192,5692549928996306958,0,3,0.018861,remove
6193,5692549928996306958,0,3,0.0225228,remove
6194,5692549928996306958,0,3,0.0174109,remove
6195,5692549928996306958,0,3,0.0184787,remove
6196,5692549928996306958,0,3,0.01748,remove
6197,5692549928996306958,0,3,0.01748,remove
6198,5692549928996306958,0,3,0.0184787,remove
6199,5692549928996306958,0,3,0.018862,remove
6200,5692549928996306958,0,3,0.0174109,remove
6201,5692549928996306958,0,3,0.0174109,remove
6202,5692549928996306958,0,3,0.0184787,remove
6203,5692549928996306958,0,3,0.0108357,remove
6204,5692549928996306958,0,3,0.0156422,remove
6205,5692549928996306958,0,3,0.0284991,remove
6206,5692549928996306958,0,3,0.0286431,remove
6207,5692549928996306958,0,3,0.0156422,remove
6208,5692549928996306958,0,3,0.0162024,remove
6209,5692549928996306958,0,3,0.0284991,remove
6210,5692549928996306958,0,3,0.0162024,remove
6211,5692549928996306958,0,3,0.0257654,remove
6212,5692549928996306958,0,3,0.0284991,remove
6213,5692549928996306958,0,3,0.0162024,remove
6214,5692549928996306958,0,3,0.0102738,remove
6215,5692549928996306958,0,3,0.0257654,remove
6216,5692549928996306958,0,3,0.0102738,remove
6217,5692549928996306958,0,3,0.0323534,remove
6218,5692549928996306958,0,3,0.0257654,remove
6219,5692549928996306958,0,3,0.0102738,remove
6220,5692549928996306958,0,3,0.0221006,remove
6221,5692549928996306958,0,3,0.0323534,remove
6222,5692549928996306958,0,3,0.0221006,remove
6223,5692549928996306958,0,3,0.024814,remove
6224,5692549928996306958,0,3,0.0323534,remove
6225,5692549928996306958,0,3,0.0221006,remove
6226,5692549928996306958,0,3,0.00757824,remove
6227,5692549928996306958,0,3,0.024814,remove
6228,5692549928996306958,0,3,0.00757824,remove
6229,5692549928996306958,0,3,0.032616,remove
6230,5692549928996306958,0,3,0.024814,remove
6231,5692549928996306958,0,3,0.00757824,remove
6232,5692549928996306958,0,3,0.0224836,remove
6233,5692549928996306958,0,3,0.032616,remove
6234,5692549928996306958,0,3,0.0224836,remove
6235,5692549928996306958,0,3,0.0256623,remove
6236,5692549928996306958,0,3,0.032616,remove
6237,5692549928996306958,0,3,0.0224836,remove
6238,5692549928996306958,0,3,0.0100149,remove
6239,5692549928996306958,0,3,0.0256623,remove
6240,5692549928996306958,0,3,0.0100149,remove
6241,5692549928996306958,0,3,0.0287023,remove
6242,5692549928996306958,0,3,0.0256623,remove
6243,5692549928996306958,0,3,0.0100149,remove
6244,5692549928996306958,0,3,0.0162966,remove
6245,5692549928996306958,0,3,0.0287023,remove
6246,5692549928996306958,0,3,0.0229181,remove
6247,5692549928996306958,0,3,0.0162024,remove
6248,5692549928996306958,0,3,0.0156422,remove
6249,5692549928996306958,0,3,0.0229181,remove
6250,5692549928996306958,0,3,0.0231161,remove
6251,5692549928996306958,0,3,0.0162024,remove
6252,5692549928996306958,0,3,0.0231161,remove
6253,5692549928996306958,0,3,0.0102738,remove
6254,5692549928996306958,0,3,0.0162024,remove
6255,5692549928996306958,0,3,0.0231161,remove
6256,5692549928996306958,0,3,0.0196511,remove
6257,5692549928996306958,0,3,0.0102738,remove
6258,5692549928996306958,0,3,0.0196511,remove
6259,5692549928996306958,0,3,0.0221006,remove
6260,5692549928996306958,0,3,0.0102738,remove
6261,5692549928996306958,0,3,0.0196511,remove
6262,5692549928996306958,0,3,0.0277319,remove
6263,5692549928996306958,0,3,0.0221006,remove
6264,5692549928996306958,0,3,0.0277319,remove
6265,5692549928996306958,0,3,0.00757824,remove
6266,5692549928996306958,0,3,0.0221006,remove
6267,5692549928996306958,0,3,0.0277319,remove
6268,5692549928996306958,0,3,0.0183863,remove
6269,5692549928996306958,0,3,0.00757824,remove
6270,5692549928996306958,0,3,0.0183863,remove
6271,5692549928996306958,0,3,0.0224836,remove
6272,5692549928996306958,0,3,0.00757824,remove
6273,5692549928996306958,0,3,0.0183863,remove
6274,5692549928996306958,0,3,0.0280379,remove
6275,5692549928996306958,0,3,0.0224836,remove
6276,5692549928996306958,0,3,0.0280379,remove
6277,5692549928996306958,0,3,0.0100149,remove
6278,5692549928996306958,0,3,0.0224836,remove
6279,5692549928996306958,0,3,0.0280379,remove
6280,5692549928996306958,0,3,0.0195169,remove
6281,5692549928996306958,0,3,0.0100149,remove
6282,5692549928996306958,0,3,0.0195169,remove
6283,5692549928996306958,0,3,0.0162966,remove
6284,5692549928996306958,0,3,0.0100149,remove
6285,5692549928996306958,0,3,0.0195169,remove
6286,5692549928996306958,0,3,0.0233705,remove
6287,5692549928996306958,0,3,0.0162966,remove
6288,5692549928996306958,0,3,0.0231161,remove
6289,5692549928996306958,0,3,0.0229181,remove
6290,5692549928996306958,0,3,0.0231161,remove
6291,5692549928996306958,0,3,0.0196511,remove
6292,5692549928996306958,0,3,0.0231161,remove
6293,5692549928996306958,0,3,0.0196511,remove
6294,5692549928996306958,0,3,0.0277319,remove
6295,5692549928996306958,0,3,0.0196511,remove
6296,5692549928996306958,0,3,0.0277319,remove
6297,5692549928996306958,0,3,0.0183863,remove
6298,5692549928996306958,0,3,0.0277319,remove
6299,5692549928996306958,0,3,0.0183863,remove
6300,5692549928996306958,0,3,0.0280379,remove
6301,5692549928996306958,0,3,0.0183863,remove
6302,5692549928996306958,0,3,0.0280379,remove
6303,5692549928996306958,0,3,0.0195169,remove
6304,5692549928996306958,0,3,0.0280379,remove
6305,5692549928996306958,0,3,0.0195169,remove
6306,5692549928996306958,0,3,0.0233705,remove
6307,5692549928996306958,0,3,0.0195169,remove
6308,5692549928996306958,0,3,0.0184687,remove
6309,5692549928996306958,0,3,0.0233705,remove
6310,5692549928996306958,0,3,0.0184698,remove
6311,5692549928996306958,0,3,0.0184698,remove
6312,5692549928996306958,0,3,0.0108357,remove
6313,5692549928996306958,0,3,0.0162966,remove
6314,5692549928996306958,0,3,0.0271078,remove
6315,5692549928996306958,0,3,0.0287023,remove
6316,5692549928996306958,0,3,0.0162966,remove
6317,5692549928996306958,0,3,0.0135333,remove
6318,5692549928996306958,0,3,0.0271078,remove
6319,5692549928996306958,0,3,0.0233705,remove
6320,5692549928996306958,0,3,0.0135333,remove
6321,5692549928996306958,0,3,0.0162966,remove
6322,5692549928996306958,0,3,0.0233705,remove
6323,5692549928996306958,0,3,0.0215352,remove
6324,5692549928996306958,0,3,0.0135333,remove
6325,5692549928996306958,0,3,0.0184687,remove
6326,5692549928996306958,0,3,0.0215352,remove
6327,5692549928996306958,0,3,0.0233705,remove
6328,5692549928996306958,0,3,0.0184687,remove
6329,5692549928996306958,0,3,0.0174789,remove
6330,5692549928996306958,0,3,0.0215352,remove
6331,5692549928996306958,0,3,0.01748,remove
6332,5692549928996306958,0,3,0.0184698,remove
6333,5692549928996306958,0,3,0.0174109,remove
6334,5692549928996306958,0,3,0.01748,remove
6335,5692549928996306958,0,3,0.0174109,remove
6336,5692549928996306958,0,3,0.0174109,remove
6337,5692549928996306958,0,3,0.0239555,remove
6338,5692549928996306958,0,3,0.0242873,remove
6339,5692549928996306958,0,3,0.00384603,remove
6340,5692549928996306958,0,3,0.00384603,remove
6341,5692549928996306958,0,3,0.0242873,remove
6342,5692549928996306958,0,3,0.00602332,remove
6343,5692549928996306958,0,3,0.00384603,remove
6344,5692549928996306958,0,3,0.03149,remove
6345,5692549928996306958,0,3,0.0239555,remove
6346,5692549928996306958,0,3,0.00384603,remove
6347,5692549928996306958,0,3,0.0207886,remove
6348,5692549928996306958,0,3,0.03149,remove
6349,5692549928996306958,0,3,0.0207886,remove
6350,5692549928996306958,0,3,0.0261442,remove
6351,5692549928996306958,0,3,0.03149,remove
6352,5692549928996306958,0,3,0.0207886,remove
6353,5692549928996306958,0,3,0.0104917,remove
6354,5692549928996306958,0,3,0.0261442,remove
6355,5692549928996306958,0,3,0.00384603,remove
6356,5692549928996306958,0,3,0.00602332,remove
6357,5692549928996306958,0,3,0.017185,remove
6358,5692549928996306958,0,3,0.017185,remove
6359,5692549928996306958,0,3,0.00602332,remove
6360,5692549928996306958,0,3,0.0178121,remove
6361,5692549928996306958,0,3,0.017185,remove
6362,5692549928996306958,0,3,0.0207886,remove
6363,5692549928996306958,0,3,0.00384603,remove
6364,5692549928996306958,0,3,0.017185,remove
6365,5692549928996306958,0,3,0.0266972,remove
6366,5692549928996306958,0,3,0.0207886,remove
6367,5692549928996306958,0,3,0.0266972,remove
6368,5692549928996306958,0,3,0.0104917,remove
6369,5692549928996306958,0,3,0.0207886,remove
6370,5692549928996306958,0,3,0.0266972,remove
6371,5692549928996306958,0,3,0.0197646,remove
6372,5692549928996306958,0,3,0.0104917,remove
6373,5692549928996306958,0,3,0.017185,remove
6374,5692549928996306958,0,3,0.0178121,remove
6375,5692549928996306958,0,3,0.0178121,remove
6376,5692549928996306958,0,3,0.0266972,remove
6377,5692549928996306958,0,3,0.017185,remove
6378,5692549928996306958,0,3,0.0266972,remove
6379,5692549928996306958,0,3,0.0197646,remove
6380,5692549928996306958,0,3,0.0266972,remove
6381,5692549928996306958,0,3,0.0197646,remove
6382,5692549928996306958,0,3,0.0104917,remove
6383,5692549928996306958,0,3,0.0286431,remove
6384,5692549928996306958,0,3,0.0261442,remove
6385,5692549928996306958,0,3,0.0104917,remove
6386,5692549928996306958,0,3,0.0156422,remove
6387,5692549928996306958,0,3,0.0286431,remove
6388,5692549928996306958,0,3,0.0197646,remove
6389,5692549928996306958,0,3,0.0156422,remove
6390,5692549928996306958,0,3,0.0104917,remove
6391,5692549928996306958,0,3,0.0197646,remove
6392,5692549928996306958,0,3,0.0229181,remove
6393,5692549928996306958,0,3,0.0156422,remove
6394,5692549928996306958,0,3,0.0229181,remove
6395,5692549928996306958,0,3,0.0197646,remove
6396,5692549928996306958,0,3,0.0229181,remove
6587,5692549928996306958,0,3,0.017451,remove
6588,5692549928996306958,0,3,0.017451,remove
6589,5692549928996306958,0,3,0.017451,remove
6590,5692549928996306958,0,3,0.017451,remove
6591,5692549928996306958,0,3,0.0181074,remove
6592,5692549928996306958,0,3,0.0181074,remove
6593,5692549928996306958,0,3,0.017451,remove
6594,5692549928996306958,0,3,0.017451,remove
6595,5692549928996306958,0,3,0.0181074,remove
6602,5692549928996306958,0,3,0.0277922,remove
6603,5692549928996306958,0,3,0.0106753,remove
6604,5692549928996306958,0,3,0.0301246,remove
6605,5692549928996306958,0,3,0.0301246,remove
6606,5692549928996306958,0,3,0.0106753,remove
6607,5692549928996306958,0,3,0.0157661,remove
6608,5692549928996306958,0,3,0.0252393,remove
6609,5692549928996306958,0,3,0.0216385,remove
6610,5692549928996306958,0,3,0.0257899,remove
6611,5692549928996306958,0,3,0.0223237,remove
6612,5692549928996306958,0,3,0.0223237,remove
6613,5692549928996306958,0,3,0.0151491,remove
6614,5692549928996306958,0,3,0.0223237,remove
6615,5692549928996306958,0,3,0.0151491,remove
6616,5692549928996306958,0,3,0.0252393,remove
6617,5692549928996306958,0,3,0.0151491,remove
6618,5692549928996306958,0,3,0.0216385,remove
6619,5692549928996306958,0,3,0.0252393,remove
6620,5692549928996306958,0,3,0.0151491,remove
6621,5692549928996306958,0,3,0.00738918,remove
6622,5692549928996306958,0,3,0.0216385,remove
6623,5692549928996306958,0,3,0.015149,remove
6624,5692549928996306958,0,3,0.015149,remove
6625,5692549928996306958,0,3,0.0108357,remove
6626,5692549928996306958,0,3,0.0108357,remove
6627,5692549928996306958,0,3,0.0166971,remove
6628,5692549928996306958,0,3,0.0166971,remove
6629,5692549928996306958,0,3,0.0166971,remove
14536,5692549928996306947,0,11,0.017396,remove
14552,5692549928996306947,0,11,0.0191873,remove
14553,5692549928996306947,0,11,0.0199304,remove
14554,5692549928996306947,0,11,0.00921213,remove
14621,5692549928996306947,0,11,0.0171855,remove
14622,5692549928996306947,0,11,0.00658078,remove
14656,5692549928996306947,0,11,0.0106604,remove
14657,5692549928996306947,0,11,0.0113627,remove
14658,5692549928996306947,0,11,0.0104118,remove
14659,5692549928996306947,0,11,0.0324737,remove
14660,5692549928996306947,0,11,0.00966631,remove
14709,5692549928996306947,0,11,0.00685568,remove
14711,5692549928996306947,0,11,0.0170268,remove
14712,5692549928996306947,0,11,0.00724888,remove
14713,5692549928996306947,0,11,0.0116186,remove
14719,5692549928996306947,0,11,0.019416,remove
14736,5692549928996306947,0,11,0.0346408,remove
14740,5692549928996306947,0,11,0.00832741,remove
14741,5692549928996306947,0,11,0.0108283,remove
14742,5692549928996306947,0,11,0.033173,remove
14743,5692549928996306947,0,11,0.0316426,remove
14744,5692549928996306947,0,11,0.00744991,remove
14815,5692549928996306947,0,11,0.00637988,remove
14817,5692549928996306947,0,11,0.00871338,remove
14818,5692549928996306947,0,11,0.0127536,remove
14819,5692549928996306947,0,11,0.00745865,remove
14821,5692549928996306947,0,11,0.0114197,remove
14822,5692549928996306947,0,11,0.00779321,remove
14823,5692549928996306947,0,11,0.0063799,remove
14828,5692549928996306947,0,11,0.0041702,remove
14842,5692549928996306947,0,11,0.0326113,remove
14845,5692549928996306947,0,11,0.00803126,remove
14883,5692549928996306947,0,11,0.00469041,remove
14887,5692549928996306947,0,11,0.00481331,remove
14888,5692549928996306947,0,11,0.00481336,remove
14889,5692549928996306947,0,11,0.00874326,remove
14891,5692549928996306947,0,11,0.0110902,remove
14896,5692549928996306947,0,11,0.0104925,remove
14897,5692549928996306947,0,11,0.00510888,remove
14898,5692549928996306947,0,11,0.00835475,remove
14909,5692549928996306947,0,11,0.0339357,remove
14952,5692549928996306947,0,11,0.00562947,remove
14953,5692549928996306947,0,11,0.0114946,remove
14956,5692549928996306947,0,11,0.00815917,remove
14958,5692549928996306947,0,11,0.0048481,remove
14959,5692549928996306947,0,11,0.00863937,remove
14960,5692549928996306947,0,11,0.00863936,remove
14961,5692549928996306947,0,11,0.00718477,remove
14962,5692549928996306947,0,11,0.0345576,remove
14963,5692549928996306947,0,11,0.0097338,remove
14965,5692549928996306947,0,11,0.0154024,remove
14967,5692549928996306947,0,11,0.00718478,remove
14968,5692549928996306947,0,11,0.00815916,remove
14969,5692549928996306947,0,11,0.0237958,remove
14970,5692549928996306947,0,11,0.0140051,remove
14971,5692549928996306947,0,11,0.0162252,remove
14972,5692549928996306947,0,11,0.0140052,remove
14973,5692549928996306947,0,11,0.00973377,remove
14974,5692549928996306947,0,11,0.00484804,remove
14992,5692549928996306947,0,11,0.0454317,remove
14994,5692549928996306947,0,11,0.0454326,remove
15041,5692549928996306947,0,11,0.0118836,remove
15042,5692549928996306947,0,11,0.0105366,remove
15044,5692549928996306947,0,11,0.0221123,remove
15045,5692549928996306947,0,11,0.0161792,remove
15047,5692549928996306947,0,11,0.0318865,remove
15048,5692549928996306947,0,11,0.0348118,remove
15050,5692549928996306947,0,11,0.0238712,remove
15051,5692549928996306947,0,11,0.0318865,remove
15070,5692549928996306947,0,11,0.0347471,remove
15072,5692549928996306947,0,11,0.0347463,remove
15114,5692549928996306947,0,11,0.0175546,remove
15123,5692549928996306947,0,11,0.0163626,remove
15124,5692549928996306947,0,11,0.00716192,remove
15125,5692549928996306947,0,11,0.00689273,remove
15128,5692549928996306947,0,11,0.0146456,remove
15130,5692549928996306947,0,11,0.019191,remove
15139,5692549928996306947,0,11,0.0371013,remove
15140,5692549928996306947,0,11,0.0371005,remove
15209,5692549928996306947,0,11,0.0107554,remove
15287,5692549928996306947,0,11,0.0322355,remove
15359,5692549928996306947,0,11,0.0121686,remove
15435,5692549928996306947,0,11,0.0328032,remove
15669,5692549928996306947,0,11,0.00721002,remove
15832,5692549928996306947,0,11,0.0111301,remove
15834,5692549928996306947,0,11,0.0111294,remove
15903,5692549928996306947,0,11,0.0425162,remove
15904,5692549928996306947,0,11,0.0106379,remove
16219,5692549928996306952,0,2,0.0427927,remove
16220,5692549928996306952,0,2,0.0427924,remove
16308,5692549928996306952,0,2,0.0494044,remove
16309,5692549928996306952,0,2,0.0494047,remove
16353,5692549928996306952,0,2,0.040809,remove
16384,5692549928996306947,0,11,0.00857835,remove
16406,5692549928996306947,0,11,0.00843094,remove
16411,5692549928996306947,0,11,0.00843003,remove
16426,5692549928996306947,0,11,0.0423596,remove
16506,5692549928996306947,0,11,0.00315543,remove
16507,5692549928996306947,0,11,0.00701578,remove
16508,5692549928996306947,0,11,0.00539448,remove
16519,5692549928996306947,0,11,0.00833068,remove
16552,5692549928996306947,0,11,0.0179626,remove
16553,5692549928996306947,0,11,0.00696231,remove
16554,5692549928996306947,0,11,0.00304122,remove
16555,5692549928996306947,0,11,0.00924642,remove
16556,5692549928996306947,0,11,0.00813199,remove
16557,5692549928996306947,0,11,0.0053199,remove
16613,5692549928996306947,0,11,0.0181042,remove
16615,5692549928996306947,0,11,0.0196846,remove
16616,5692549928996306947,0,11,0.00585965,remove
16617,5692549928996306947,0,11,0.0073234,remove
16636,5692549928996306947,0,11,0.0282809,remove
16690,5692549928996306947,0,11,0.0310171,remove
16719,5692549928996306947,0,11,0.0258798,remove
16721,5692549928996306947,0,11,0.0188779,remove
16722,5692549928996306947,0,11,0.0118274,remove
16723,5692549928996306947,0,11,0.0258804,remove
16726,5692549928996306947,0,11,0.0118282,remove
16729,5692549928996306947,0,11,0.0121804,remove
16730,5692549928996306947,0,11,0.0121804,remove
16779,5692549928996306947,0,11,0.00973571,remove
16780,5692549928996306947,0,11,0.00922257,remove
16781,5692549928996306947,0,11,0.013265,remove
16782,5692549928996306947,0,11,0.0186078,remove
16783,5692549928996306947,0,11,0.0213979,remove
16816,5692549928996306947,0,11,0.0192982,remove
16832,5692549928996306947,0,11,0.0192972,remove
16833,5692549928996306947,0,11,0.00765076,remove
16834,5692549928996306947,0,11,0.00434834,remove
16836,5692549928996306947,0,11,0.00897738,remove
16860,5692549928996306947,0,11,0.0082995,remove
16862,5692549928996306947,0,11,0.0082768,remove
16865,5692549928996306947,0,11,0.00646859,remove
16866,5692549928996306947,0,11,0.00717936,remove
16867,5692549928996306947,0,11,0.011457,remove
16868,5692549928996306947,0,11,0.0256531,remove
16871,5692549928996306947,0,11,0.00829949,remove
16872,5692549928996306947,0,11,0.00945242,remove
16873,5692549928996306947,0,11,0.0172137,remove
16878,5692549928996306947,0,11,0.0349973,remove
16881,5692549928996306947,0,11,0.0332671,remove
16904,5692549928996306947,0,11,0.0163995,remove
16905,5692549928996306947,0,11,0.0121666,remove
16925,5692549928996306947,0,11,0.0164,remove
16926,5692549928996306947,0,11,0.00436178,remove
16927,5692549928996306947,0,11,0.0121666,remove
16928,5692549928996306947,0,11,0.00436184,remove
16930,5692549928996306947,0,11,0.00843747,remove
16931,5692549928996306947,0,11,0.0186591,remove
16933,5692549928996306947,0,11,0.0382898,remove
16935,5692549928996306947,0,11,0.00563924,remove
16936,5692549928996306947,0,11,0.0115234,remove
16937,5692549928996306947,0,11,0.0227768,remove
16953,5692549928996306947,0,11,0.015258,remove
16954,5692549928996306947,0,11,0.0103263,remove
16955,5692549928996306947,0,11,0.00898104,remove
16957,5692549928996306947,0,11,0.0360805,remove
16958,5692549928996306947,0,11,0.00620417,remove
16964,5692549928996306947,0,11,0.0143252,remove
16965,5692549928996306947,0,11,0.00769056,remove
16966,5692549928996306947,0,11,0.0168251,remove
16967,5692549928996306947,0,11,0.013,remove
16968,5692549928996306947,0,11,0.0121127,remove
16969,5692549928996306947,0,11,0.0168251,remove
16970,5692549928996306947,0,11,0.0124605,remove
16976,5692549928996306947,0,11,0.00559853,remove
16977,5692549928996306947,0,11,0.013,remove
16978,5692549928996306947,0,11,0.0104002,remove
17121,5692549928996306947,0,11,0.00431365,remove
17161,5692549928996306947,0,11,0.00865709,remove
17162,5692549928996306947,0,11,0.00865798,remove
17267,5692549928996306947,0,11,0.0133479,remove
17268,5692549928996306947,0,11,0.0133478,remove
17343,5692549928996306947,0,11,0.0102457,remove
17368,5692549928996306947,0,11,0.0108316,remove
17369,5692549928996306947,0,11,0.00965577,remove
17370,5692549928996306947,0,11,0.00965656,remove
17371,5692549928996306947,0,11,0.0108323,remove
17633,5692549928996306947,0,11,0.00483226,remove
17638,5692549928996306947,0,11,0.00388071,remove
17640,5692549928996306947,0,11,0.0116514,remove
17643,5692549928996306947,0,11,0.0115703,remove
17861,5692549928996306947,0,11,0.00622644,remove
17862,5692549928996306947,0,11,0.00773706,remove
18180,5692549928996306947,0,11,0.0405939,remove
18194,5692549928996306947,0,11,0.0121039,remove
18195,5692549928996306947,0,11,0.0196104,remove
18198,5692549928996306947,0,11,0.0488257,remove
18200,5692549928996306947,0,11,0.0147838,remove
21840,5692549928996306952,0,2,0.0196469,remove
21841,5692549928996306952,0,2,0.0487952,remove
21842,5692549928996306952,0,2,0.0321722,remove
21843,5692549928996306952,0,2,0.0458766,remove
21844,5692549928996306952,0,2,0.0458771,remove
21845,5692549928996306952,0,2,0.0353908,remove
21846,5692549928996306952,0,2,0.0356398,remove
21847,5692549928996306952,0,2,0.0473709,remove
21945,5692549928996306952,0,2,0.0260142,remove
21946,5692549928996306952,0,2,0.0412433,remove
21948,5692549928996306952,0,2,0.0390711,remove
21951,5692549928996306952,0,2,0.0390713,remove
21952,5692549928996306952,0,2,0.0412432,remove
21953,5692549928996306952,0,2,0.0260144,remove
21955,5692549928996306952,0,2,0.0379794,remove
21956,5692549928996306952,0,2,0.0379796,remove
21957,5692549928996306952,0,2,0.0311691,remove
21958,5692549928996306952,0,2,0.0311683,remove
21959,5692549928996306952,0,2,0.0310032,remove
21960,5692549928996306952,0,2,0.0310034,remove
22085,5692549928996306952,0,2,0.0392988,remove
22091,5692549928996306952,0,2,0.0497422,remove
22092,5692549928996306952,0,2,0.0497947,remove
22094,5692549928996306952,0,2,0.0390734,remove
22095,5692549928996306952,0,2,0.0390736,remove
22096,5692549928996306952,0,2,0.0390738,remove
22097,5692549928996306952,0,2,0.0408337,remove
22099,5692549928996306952,0,2,0.0437529,remove
22100,5692549928996306952,0,2,0.00489725,remove
22101,5692549928996306952,0,2,0.0254013,remove
22102,5692549928996306952,0,2,0.0390736,remove
22103,5692549928996306952,0,2,0.0437531,remove
22104,5692549928996306952,0,2,0.0287953,remove
22105,5692549928996306952,0,2,0.0313437,remove
22106,5692549928996306952,0,2,0.0287951,remove
22107,5692549928996306952,0,2,0.0294265,remove
22181,5692549928996306952,0,2,0.0405938,remove
22195,5692549928996306952,0,2,0.0356763,remove
22196,5692549928996306952,0,2,0.0356766,remove
22203,5692549928996306952,0,2,0.0348469,remove
22204,5692549928996306952,0,2,0.0429703,remove
22205,5692549928996306952,0,2,0.0429702,remove
22206,5692549928996306952,0,2,0.0348465,remove
22208,5692549928996306952,0,2,0.0348466,remove
22210,5692549928996306952,0,2,0.0348467,remove
22304,5692549928996306952,0,2,0.0312262,remove
22307,5692549928996306952,0,2,0.0478612,remove
22313,5692549928996306952,0,2,0.011449,remove
22314,5692549928996306952,0,2,0.0449942,remove
22317,5692549928996306952,0,2,0.0468919,remove
22318,5692549928996306952,0,2,0.0337491,remove
22319,5692549928996306952,0,2,0.0114488,remove
22320,5692549928996306952,0,2,0.03691,remove
22321,5692549928996306952,0,2,0.0343191,remove
22322,5692549928996306952,0,2,0.0449943,remove
22427,5692549928996306952,0,2,0.0320094,remove
22433,5692549928996306952,0,2,0.0442152,remove
22434,5692549928996306952,0,2,0.0291889,remove
22525,5692549928996306952,0,2,0.0281928,remove
22537,5692549928996306952,0,2,0.0264648,remove
22546,5692549928996306952,0,2,0.0271007,remove
22548,5692549928996306952,0,2,0.0327331,remove
22549,5692549928996306952,0,2,0.0298749,remove
22550,5692549928996306952,0,2,0.0271008,remove
22551,5692549928996306952,0,2,0.0262697,remove
22552,5692549928996306952,0,2,0.0191866,remove
22553,5692549928996306952,0,2,0.0191865,remove
22554,5692549928996306952,0,2,0.0250594,remove
22558,5692549928996306952,0,2,0.0274457,remove
22560,5692549928996306952,0,2,0.0285099,remove
22621,5692549928996306948,0,15,0.0396898,remove
22636,5692549928996306948,0,15,0.0498957,remove
22675,5692549928996306952,0,2,0.0276806,remove
22677,5692549928996306952,0,2,0.0276803,remove
22678,5692549928996306952,0,2,0.0469282,remove
22703,5692549928996306952,0,2,0.039054,remove
22705,5692549928996306952,0,2,0.04059,remove
22712,5692549928996306952,0,2,0.0399829,remove
22713,5692549928996306952,0,2,0.0418423,remove
22714,5692549928996306952,0,2,0.0418414,remove
22715,5692549928996306952,0,2,0.0403542,remove
22716,5692549928996306952,0,2,0.046756,remove
22720,5692549928996306952,0,2,0.046511,remove
22721,5692549928996306952,0,2,0.0404738,remove
22722,5692549928996306952,0,2,0.0264408,remove
22724,5692549928996306952,0,2,0.0399838,remove
22727,5692549928996306952,0,2,0.0342925,remove
22728,5692549928996306952,0,2,0.0405898,remove
22731,5692549928996306952,0,2,0.0391819,remove
22732,5692549928996306952,0,2,0.0394621,remove
22738,5692549928996306952,0,2,0.0361089,remove
22745,5692549928996306952,0,2,0.0403533,remove
22746,5692549928996306952,0,2,0.0411816,remove
22747,5692549928996306952,0,2,0.039054,remove
22750,5692549928996306952,0,2,0.0342927,remove
22751,5692549928996306952,0,2,0.0342929,remove
22752,5692549928996306952,0,2,0.0404747,remove
22754,5692549928996306952,0,2,0.0264412,remove
22758,5692549928996306952,0,2,0.040046,remove
22762,5692549928996306952,0,2,0.0262274,remove
22763,5692549928996306952,0,2,0.0342927,remove
22764,5692549928996306952,0,2,0.0404747,remove
22765,5692549928996306952,0,2,0.0262277,remove
22768,5692549928996306952,0,2,0.0404738,remove
22771,5692549928996306952,0,2,0.0411809,remove
24132,5692549928996306958,0,3,0.0326636,remove
24212,5692549928996306958,0,3,0.0317553,remove
24216,5692549928996306958,0,3,0.0289886,remove
24217,5692549928996306958,0,3,0.0310901,remove
24218,5692549928996306958,0,3,0.0308595,remove
24254,5692549928996306958,0,3,0.0251956,remove
24259,5692549928996306958,0,3,0.0466716,remove
24260,5692549928996306958,0,3,0.0338178,remove
24262,5692549928996306958,0,3,0.0389564,remove
24300,5692549928996306958,0,3,0.0372656,remove
24301,5692549928996306958,0,3,0.0369137,remove
24333,5692549928996306958,0,3,0.0253419,remove
24336,5692549928996306958,0,3,0.0240897,remove
24337,5692549928996306958,0,3,0.0240895,remove
24338,5692549928996306958,0,3,0.0240669,remove
24365,5692549928996306958,0,3,0.034573,remove
24366,5692549928996306958,0,3,0.0231125,remove
24369,5692549928996306958,0,3,0.0231123,remove
24370,5692549928996306958,0,3,0.025267,remove
24372,5692549928996306958,0,3,0.0217881,remove
24374,5692549928996306958,0,3,0.0304513,remove
24375,5692549928996306958,0,3,0.0301067,remove
24376,5692549928996306958,0,3,0.0215119,remove
24377,5692549928996306958,0,3,0.0215117,remove
24378,5692549928996306958,0,3,0.0214671,remove
24405,5692549928996306958,0,3,0.032881,remove
24407,5692549928996306958,0,3,0.0176634,remove
24408,5692549928996306958,0,3,0.0211883,remove
24414,5692549928996306958,0,3,0.0211883,remove
24415,5692549928996306958,0,3,0.0192533,remove
24418,5692549928996306958,0,3,0.0319365,remove
24419,5692549928996306958,0,3,0.0185105,remove
24420,5692549928996306958,0,3,0.0185105,remove
24421,5692549928996306958,0,3,0.0319367,remove
24426,5692549928996306958,0,3,0.0227077,remove
24427,5692549928996306958,0,3,0.0227072,remove
24428,5692549928996306958,0,3,0.0319881,remove
24461,5692549928996306958,0,3,0.0193272,remove
24463,5692549928996306958,0,3,0.030479,remove
24465,5692549928996306958,0,3,0.0229428,remove
24468,5692549928996306958,0,3,0.0289717,remove
24469,5692549928996306958,0,3,0.0233643,remove
24470,5692549928996306958,0,3,0.0233645,remove
24471,5692549928996306958,0,3,0.0289721,remove
24472,5692549928996306958,0,3,0.0310107,remove
24492,5692549928996306958,0,3,0.0181484,remove
24493,5692549928996306958,0,3,0.0162496,remove
24494,5692549928996306958,0,3,0.0322046,remove
24496,5692549928996306958,0,3,0.0300425,remove
24498,5692549928996306958,0,3,0.0341971,remove
24499,5692549928996306958,0,3,0.0329336,remove
24500,5692549928996306958,0,3,0.0358627,remove
24502,5692549928996306958,0,3,0.0341972,remove
24504,5692549928996306958,0,3,0.0233633,remove
24505,5692549928996306958,0,3,0.0358131,remove
24531,5692549928996306958,0,3,0.015343,remove
24532,5692549928996306958,0,3,0.0224445,remove
24570,5692549928996306958,0,3,0.0317092,remove
24571,5692549928996306958,0,3,0.0172566,remove
24572,5692549928996306958,0,3,0.015413,remove
24574,5692549928996306958,0,3,0.0248621,remove
24577,5692549928996306958,0,3,0.0133488,remove
24578,5692549928996306958,0,3,0.0253733,remove
24579,5692549928996306958,0,3,0.0133489,remove
24580,5692549928996306958,0,3,0.0153749,remove
24582,5692549928996306958,0,3,0.0242926,remove
24588,5692549928996306958,0,3,0.0262757,remove
24614,5692549928996306958,0,3,0.0183454,remove
24618,5692549928996306958,0,3,0.0109101,remove
24619,5692549928996306958,0,3,0.0138208,remove
24620,5692549928996306958,0,3,0.0221534,remove
24621,5692549928996306958,0,3,0.0109102,remove
24622,5692549928996306958,0,3,0.0221534,remove
24623,5692549928996306958,0,3,0.020718,remove
24624,5692549928996306958,0,3,0.0233513,remove
24626,5692549928996306958,0,3,0.0259509,remove
24627,5692549928996306958,0,3,0.0360256,remove
24642,5692549928996306958,0,3,0.0160313,remove
24643,5692549928996306958,0,3,0.0298193,remove
24644,5692549928996306958,0,3,0.0123735,remove
24646,5692549928996306958,0,3,0.0237497,remove
24647,5692549928996306958,0,3,0.0123736,remove
24648,5692549928996306958,0,3,0.0110414,remove
24650,5692549928996306958,0,3,0.0237498,remove
24653,5692549928996306958,0,3,0.0248108,remove
24654,5692549928996306958,0,3,0.0301429,remove
24655,5692549928996306958,0,3,0.0156475,remove
24685,5692549928996306958,0,3,0.028296,remove
24686,5692549928996306958,0,3,0.021047,remove
24687,5692549928996306958,0,3,0.0210472,remove
24717,5692549928996306958,0,3,0.0177505,remove
24720,5692549928996306958,0,3,0.0306271,remove
24725,5692549928996306958,0,3,0.0211679,remove
24726,5692549928996306958,0,3,0.0205631,remove
24777,5692549928996306958,0,3,0.0175088,remove
24778,5692549928996306958,0,3,0.0225418,remove
24780,5692549928996306958,0,3,0.0235869,remove
24839,5692549928996306958,0,3,0.0229664,remove
24841,5692549928996306958,0,3,0.0286214,remove
24867,5692549928996306958,0,3,0.0188875,remove
24886,5692549928996306958,0,3,0.0266416,remove
33257,5692549928996306947,0,11,0.0130064,remove
33258,5692549928996306947,0,11,0.0382889,remove
33259,5692549928996306947,0,11,0.0383274,remove
33267,5692549928996306947,0,11,0.0249339,remove
33269,5692549928996306947,0,11,0.0103092,remove
33282,5692549928996306947,0,11,0.0138096,remove
33283,5692549928996306947,0,11,0.0238444,remove
33314,5692549928996306947,0,11,0.0465295,remove
33316,5692549928996306947,0,11,0.0468278,remove
33374,5692549928996306947,0,11,0.0468077,remove
33399,5692549928996306947,0,11,0.039197,remove
33410,5692549928996306947,0,11,0.0223352,remove
33425,5692549928996306947,0,11,0.02248,remove
33426,5692549928996306947,0,11,0.024047,remove
33427,5692549928996306947,0,11,0.0196128,remove
33428,5692549928996306947,0,11,0.0133289,remove
33429,5692549928996306947,0,11,0.0133289,remove
33438,5692549928996306947,0,11,0.0196128,remove
33441,5692549928996306947,0,11,0.0429796,remove
33461,5692549928996306947,0,11,0.0216779,remove
33463,5692549928996306947,0,11,0.036492,remove
33469,5692549928996306947,0,11,0.0221615,remove
33482,5692549928996306947,0,11,0.0204295,remove
33483,5692549928996306947,0,11,0.0200885,remove
33497,5692549928996306947,0,11,0.0324757,remove
33499,5692549928996306947,0,11,0.0143954,remove
33500,5692549928996306947,0,11,0.03279,remove
33501,5692549928996306947,0,11,0.00582438,remove
33502,5692549928996306947,0,11,0.00664326,remove
33503,5692549928996306947,0,11,0.0192994,remove
33506,5692549928996306947,0,11,0.0192994,remove
33507,5692549928996306947,0,11,0.0239586,remove
33528,5692549928996306947,0,11,0.0107163,remove
33529,5692549928996306947,0,11,0.0152472,remove
33532,5692549928996306947,0,11,0.0347397,remove
33533,5692549928996306947,0,11,0.0239586,remove
33548,5692549928996306947,0,11,0.012091,remove
33549,5692549928996306947,0,11,0.00678397,remove
33568,5692549928996306947,0,11,0.0103835,remove
33569,5692549928996306947,0,11,0.00897218,remove
33570,5692549928996306947,0,11,0.011302,remove
33571,5692549928996306947,0,11,0.0096927,remove
33572,5692549928996306947,0,11,0.032652,remove
33573,5692549928996306947,0,11,0.0132548,remove
33574,5692549928996306947,0,11,0.0333352,remove
33582,5692549928996306947,0,11,0.0162027,remove
33583,5692549928996306947,0,11,0.0103843,remove
33584,5692549928996306947,0,11,0.0113027,remove
33585,5692549928996306947,0,11,0.0333355,remove
33586,5692549928996306947,0,11,0.032483,remove
33588,5692549928996306947,0,11,0.0162099,remove
33589,5692549928996306947,0,11,0.00858051,remove
33592,5692549928996306947,0,11,0.0162029,remove
33616,5692549928996306947,0,11,0.0129072,remove
33618,5692549928996306947,0,11,0.0132554,remove
33620,5692549928996306947,0,11,0.0107832,remove
33668,5692549928996306947,0,11,0.015425,remove
33669,5692549928996306947,0,11,0.00610821,remove
33670,5692549928996306947,0,11,0.00797648,remove
34731,5692549928996306948,0,15,0.00904983,remove
34732,5692549928996306948,0,15,0.0211761,remove
34733,5692549928996306948,0,15,0.0134424,remove
34734,5692549928996306948,0,15,0.0135921,remove
34735,5692549928996306948,0,15,0.0135922,remove
34738,5692549928996306948,0,15,0.0111696,remove
34739,5692549928996306948,0,15,0.0181465,remove
34740,5692549928996306948,0,15,0.0226954,remove
34741,5692549928996306948,0,15,0.0151425,remove
34742,5692549928996306948,0,15,0.0181463,remove
34743,5692549928996306948,0,15,0.0208725,remove
34744,5692549928996306948,0,15,0.0151426,remove
34745,5692549928996306948,0,15,0.0119525,remove
34762,5692549928996306948,0,15,0.00904514,remove
34763,5692549928996306948,0,15,0.0426487,remove
34764,5692549928996306948,0,15,0.0426486,remove
34765,5692549928996306948,0,15,0.0250455,remove
34766,5692549928996306948,0,15,0.043116,remove
34771,5692549928996306948,0,15,0.0467867,remove
35059,5692549928996306947,0,11,0.0457244,remove
35824,5692549928996306952,0,2,0.0405823,remove
36037,5692549928996306952,0,2,0.0432647,remove
36053,5692549928996306952,0,2,0.00864148,remove
36061,5692549928996306952,0,2,0.038529,remove
36063,5692549928996306952,0,2,0.0130972,remove
36126,5692549928996306952,0,2,0.0470669,remove
36159,5692549928996306952,0,2,0.0375694,remove
36162,5692549928996306952,0,2,0.0297536,remove
36163,5692549928996306952,0,2,0.0306655,remove
36164,5692549928996306952,0,2,0.0352023,remove
36166,5692549928996306952,0,2,0.0347095,remove
36211,5692549928996306952,0,2,0.0123052,remove
36212,5692549928996306952,0,2,0.0187112,remove
36213,5692549928996306952,0,2,0.0123053,remove
36214,5692549928996306952,0,2,0.0224405,remove
36215,5692549928996306952,0,2,0.0245448,remove
36260,5692549928996306952,0,2,0.0465953,remove
36263,5692549928996306952,0,2,0.028304,remove
36264,5692549928996306952,0,2,0.0308481,remove
36265,5692549928996306952,0,2,0.0394913,remove
36290,5692549928996306952,0,2,0.00596587,remove
36291,5692549928996306952,0,2,0.0488759,remove
36292,5692549928996306952,0,2,0.0184858,remove
36293,5692549928996306952,0,2,0.00596649,remove
36294,5692549928996306952,0,2,0.0184858,remove
36296,5692549928996306952,0,2,0.0350197,remove
36332,5692549928996306952,0,2,0.0459491,remove
36335,5692549928996306952,0,2,0.040627,remove
36362,5692549928996306952,0,2,0.0127983,remove
36363,5692549928996306952,0,2,0.0273731,remove
36364,5692549928996306952,0,2,0.027373,remove
36365,5692549928996306952,0,2,0.0079573,remove
36366,5692549928996306952,0,2,0.0325277,remove
36367,5692549928996306952,0,2,0.00795765,remove
36368,5692549928996306952,0,2,0.0127983,remove
36369,5692549928996306952,0,2,0.0127979,remove
36371,5692549928996306952,0,2,0.0127979,remove
36373,5692549928996306952,0,2,0.0297289,remove
36399,5692549928996306952,0,2,0.034074,remove
36400,5692549928996306952,0,2,0.0321938,remove
36423,5692549928996306952,0,2,0.0237447,remove
36424,5692549928996306952,0,2,0.0260555,remove
36426,5692549928996306952,0,2,0.0237448,remove
36427,5692549928996306952,0,2,0.0242023,remove
36455,5692549928996306952,0,2,0.0304902,remove
36458,5692549928996306952,0,2,0.0453756,remove
36459,5692549928996306952,0,2,0.0237635,remove
36460,5692549928996306952,0,2,0.0330732,remove
36487,5692549928996306952,0,2,0.0375318,remove
36489,5692549928996306952,0,2,0.039953,remove
36490,5692549928996306952,0,2,0.00927318,remove
36633,5692549928996306952,0,2,0.0329413,remove
36931,5692549928996306958,0,3,0.0164085,remove
36933,5692549928996306958,0,3,0.0141974,remove
36940,5692549928996306958,0,3,0.00937757,remove
36941,5692549928996306958,0,3,0.00986734,remove
36943,5692549928996306958,0,3,0.0098673,remove
36945,5692549928996306958,0,3,0.021366,remove
36946,5692549928996306958,0,3,0.0197359,remove
36953,5692549928996306958,0,3,0.0152249,remove
36954,5692549928996306958,0,3,0.0273817,remove
36957,5692549928996306958,0,3,0.0211935,remove
36959,5692549928996306958,0,3,0.0271958,remove
36962,5692549928996306958,0,3,0.0095031,remove
36963,5692549928996306958,0,3,0.0108679,remove
36964,5692549928996306958,0,3,0.00950315,remove
36967,5692549928996306958,0,3,0.0185528,remove
36968,5692549928996306958,0,3,0.0209024,remove
36969,5692549928996306958,0,3,0.0128113,remove
36970,5692549928996306958,0,3,0.0209024,remove
36971,5692549928996306958,0,3,0.0208437,remove
36973,5692549928996306958,0,3,0.0201406,remove
36974,5692549928996306958,0,3,0.0223252,remove
36975,5692549928996306958,0,3,0.0094745,remove
36976,5692549928996306958,0,3,0.0236672,remove
36977,5692549928996306958,0,3,0.0292998,remove
36978,5692549928996306958,0,3,0.0246629,remove
36983,5692549928996306958,0,3,0.00688095,remove
36984,5692549928996306958,0,3,0.00841644,remove
36987,5692549928996306958,0,3,0.00725765,remove
36988,5692549928996306958,0,3,0.0196423,remove
36989,5692549928996306958,0,3,0.00531888,remove
36990,5692549928996306958,0,3,0.00531881,remove
36993,5692549928996306958,0,3,0.0072577,remove
36994,5692549928996306958,0,3,0.0202306,remove
36999,5692549928996306958,0,3,0.0118599,remove
37000,5692549928996306958,0,3,0.0144336,remove
37001,5692549928996306958,0,3,0.0200493,remove
37002,5692549928996306958,0,3,0.0183535,remove
37003,5692549928996306958,0,3,0.0222628,remove
37004,5692549928996306958,0,3,0.0227835,remove
37005,5692549928996306958,0,3,0.0153409,remove
37006,5692549928996306958,0,3,0.0145142,remove
37012,5692549928996306958,0,3,0.006525,remove
37013,5692549928996306958,0,3,0.0194009,remove
37014,5692549928996306958,0,3,0.00615998,remove
37015,5692549928996306958,0,3,0.00473535,remove
37016,5692549928996306958,0,3,0.00435745,remove
37017,5692549928996306958,0,3,0.00435736,remove
37019,5692549928996306958,0,3,0.00473526,remove
37023,5692549928996306958,0,3,0.0195203,remove
37025,5692549928996306958,0,3,0.0170423,remove
37026,5692549928996306958,0,3,0.0172188,remove
37027,5692549928996306958,0,3,0.0220501,remove
37028,5692549928996306958,0,3,0.0221552,remove
37029,5692549928996306958,0,3,0.0117333,remove
37030,5692549928996306958,0,3,0.0104813,remove
37062,5692549928996306958,0,3,0.00656422,remove
37063,5692549928996306958,0,3,0.00782741,remove
37064,5692549928996306958,0,3,0.00656416,remove
37065,5692549928996306958,0,3,0.017747,remove
37066,5692549928996306958,0,3,0.0112717,remove
37067,5692549928996306958,0,3,0.0225726,remove
37069,5692549928996306958,0,3,0.0134105,remove
37124,5692549928996306958,0,3,0.0199927,remove
37125,5692549928996306958,0,3,0.0207959,remove
37126,5692549928996306958,0,3,0.0184732,remove
37129,5692549928996306958,0,3,0.00865643,remove
37130,5692549928996306958,0,3,0.00865638,remove
37131,5692549928996306958,0,3,0.00969592,remove
37138,5692549928996306958,0,3,0.0232869,remove
37190,5692549928996306958,0,3,0.0155446,remove
37202,5692549928996306958,0,3,0.0152868,remove
37279,5692549928996306958,0,3,0.0201308,remove
37280,5692549928996306958,0,3,0.0236736,remove
37281,5692549928996306958,0,3,0.0172765,remove
37282,5692549928996306958,0,3,0.0395578,remove
37283,5692549928996306958,0,3,0.0447028,remove
37359,5692549928996306958,0,3,0.0225392,remove
37360,5692549928996306958,0,3,0.0471948,remove
37429,5692549928996306958,0,3,0.0248008,remove
37434,5692549928996306958,0,3,0.0203955,remove
37435,5692549928996306958,0,3,0.0253512,remove
37436,5692549928996306958,0,3,0.0230191,remove
37438,5692549928996306958,0,3,0.0203955,remove
37439,5692549928996306958,0,3,0.0218184,remove
37440,5692549928996306958,0,3,0.0208921,remove
37510,5692549928996306958,0,3,0.0213711,remove
37511,5692549928996306958,0,3,0.0199175,remove
37512,5692549928996306958,0,3,0.0229324,remove
37514,5692549928996306958,0,3,0.0218986,remove
37516,5692549928996306958,0,3,0.0152519,remove
37521,5692549928996306958,0,3,0.0178069,remove
37522,5692549928996306958,0,3,0.0218984,remove
37523,5692549928996306958,0,3,0.0183796,remove
37524,5692549928996306958,0,3,0.0152519,remove
37525,5692549928996306958,0,3,0.0207643,remove
37526,5692549928996306958,0,3,0.0178069,remove
37527,5692549928996306958,0,3,0.0194258,remove
37528,5692549928996306958,0,3,0.0223343,remove
37529,5692549928996306958,0,3,0.0186108,remove
37531,5692549928996306958,0,3,0.0171036,remove
37532,5692549928996306958,0,3,0.020349,remove
37533,5692549928996306958,0,3,0.0159046,remove
37534,5692549928996306958,0,3,0.0199173,remove
37535,5692549928996306958,0,3,0.0243198,remove
37536,5692549928996306958,0,3,0.0228181,remove
37537,5692549928996306958,0,3,0.0185025,remove
37538,5692549928996306958,0,3,0.0446644,remove
37540,5692549928996306958,0,3,0.0410991,remove
37541,5692549928996306958,0,3,0.0264814,remove
37542,5692549928996306958,0,3,0.0185019,remove
37543,5692549928996306958,0,3,0.0251101,remove
37617,5692549928996306958,0,3,0.0148171,remove
37618,5692549928996306958,0,3,0.0165259,remove
37619,5692549928996306958,0,3,0.0199833,remove
37620,5692549928996306958,0,3,0.0181202,remove
37623,5692549928996306958,0,3,0.0127315,remove
37624,5692549928996306958,0,3,0.0165256,remove
37627,5692549928996306958,0,3,0.0169408,remove
37628,5692549928996306958,0,3,0.018524,remove
37629,5692549928996306958,0,3,0.0127315,remove
37630,5692549928996306958,0,3,0.0165973,remove
37632,5692549928996306958,0,3,0.0148911,remove
37633,5692549928996306958,0,3,0.0134972,remove
37634,5692549928996306958,0,3,0.01812,remove
37635,5692549928996306958,0,3,0.012431,remove
37636,5692549928996306958,0,3,0.0112009,remove
37641,5692549928996306958,0,3,0.0215393,remove
37642,5692549928996306958,0,3,0.0145495,remove
37643,5692549928996306958,0,3,0.0162792,remove
37644,5692549928996306958,0,3,0.0441832,remove
37645,5692549928996306958,0,3,0.0397394,remove
37647,5692549928996306958,0,3,0.0145488,remove
37649,5692549928996306958,0,3,0.0162785,remove
37650,5692549928996306958,0,3,0.0239533,remove
37726,5692549928996306958,0,3,0.0169578,remove
37727,5692549928996306958,0,3,0.0212431,remove
37729,5692549928996306958,0,3,0.0251387,remove
37731,5692549928996306958,0,3,0.0195954,remove
37732,5692549928996306958,0,3,0.0168024,remove
37733,5692549928996306958,0,3,0.016745,remove
37734,5692549928996306958,0,3,0.0146594,remove
37735,5692549928996306958,0,3,0.0155841,remove
37736,5692549928996306958,0,3,0.0142743,remove
37737,5692549928996306958,0,3,0.0103295,remove
37739,5692549928996306958,0,3,0.0105629,remove
37741,5692549928996306958,0,3,0.00736671,remove
37742,5692549928996306958,0,3,0.0362255,remove
37743,5692549928996306958,0,3,0.0269264,remove
37744,5692549928996306958,0,3,0.00882115,remove
37745,5692549928996306958,0,3,0.0195601,remove
37746,5692549928996306958,0,3,0.0155838,remove
37747,5692549928996306958,0,3,0.017515,remove
37748,5692549928996306958,0,3,0.0175148,remove
37749,5692549928996306958,0,3,0.0195603,remove
37750,5692549928996306958,0,3,0.0201184,remove
37751,5692549928996306958,0,3,0.0146597,remove
37752,5692549928996306958,0,3,0.0141632,remove
37753,5692549928996306958,0,3,0.0120446,remove
37754,5692549928996306958,0,3,0.0212429,remove
37755,5692549928996306958,0,3,0.0197854,remove
37756,5692549928996306958,0,3,0.00968805,remove
37757,5692549928996306958,0,3,0.0103296,remove
37758,5692549928996306958,0,3,0.0217868,remove
37759,5692549928996306958,0,3,0.0139123,remove
37760,5692549928996306958,0,3,0.0121441,remove
37761,5692549928996306958,0,3,0.0354059,remove
37763,5692549928996306958,0,3,0.0115304,remove
37767,5692549928996306958,0,3,0.0278448,remove
37768,5692549928996306958,0,3,0.0459411,remove
37769,5692549928996306958,0,3,0.0229913,remove
37771,5692549928996306958,0,3,0.02309,remove
37772,5692549928996306958,0,3,0.0424954,remove
37773,5692549928996306958,0,3,0.0289614,remove
37774,5692549928996306958,0,3,0.027845,remove
37775,5692549928996306958,0,3,0.0235731,remove
37776,5692549928996306958,0,3,0.0232527,remove
37844,5692549928996306958,0,3,0.011309,remove
37845,5692549928996306958,0,3,0.0115086,remove
37846,5692549928996306958,0,3,0.00887738,remove
37848,5692549928996306958,0,3,0.0171383,remove
37849,5692549928996306958,0,3,0.0187303,remove
37850,5692549928996306958,0,3,0.0187303,remove
37852,5692549928996306958,0,3,0.00630382,remove
37853,5692549928996306958,0,3,0.0167878,remove
37854,5692549928996306958,0,3,0.0349686,remove
37856,5692549928996306958,0,3,0.0194385,remove
37857,5692549928996306958,0,3,0.0187301,remove
37858,5692549928996306958,0,3,0.0349687,remove
37859,5692549928996306958,0,3,0.0238464,remove
37860,5692549928996306958,0,3,0.0187301,remove
37863,5692549928996306958,0,3,0.0187301,remove
37867,5692549928996306958,0,3,0.0139174,remove
37868,5692549928996306958,0,3,0.0209123,remove
37869,5692549928996306958,0,3,0.00999193,remove
37870,5692549928996306958,0,3,0.014116,remove
37871,5692549928996306958,0,3,0.0141163,remove
37872,5692549928996306958,0,3,0.0115959,remove
37873,5692549928996306958,0,3,0.0136221,remove
37874,5692549928996306958,0,3,0.0139177,remove
37875,5692549928996306958,0,3,0.0232457,remove
37908,5692549928996306958,0,3,0.0376768,remove
37931,5692549928996306958,0,3,0.00522301,remove
37933,5692549928996306958,0,3,0.00536105,remove
37934,5692549928996306958,0,3,0.00626541,remove
37937,5692549928996306958,0,3,0.00536098,remove
37940,5692549928996306958,0,3,0.0138829,remove
37941,5692549928996306958,0,3,0.00744418,remove
37942,5692549928996306958,0,3,0.00741167,remove
37943,5692549928996306958,0,3,0.0134106,remove
37944,5692549928996306958,0,3,0.0138832,remove
37968,5692549928996306958,0,3,0.0374021,remove
37978,5692549928996306958,0,3,0.0374578,remove
38005,5692549928996306958,0,3,0.0138491,remove
38006,5692549928996306958,0,3,0.011114,remove
38007,5692549928996306958,0,3,0.0191211,remove
38008,5692549928996306958,0,3,0.0159001,remove
38009,5692549928996306958,0,3,0.0174137,remove
38010,5692549928996306958,0,3,0.0172115,remove
38011,5692549928996306958,0,3,0.0136109,remove
38012,5692549928996306958,0,3,0.019027,remove
38013,5692549928996306958,0,3,0.0154821,remove
38014,5692549928996306958,0,3,0.0154538,remove
38015,5692549928996306958,0,3,0.0137173,remove
38016,5692549928996306958,0,3,0.0174996,remove
38017,5692549928996306958,0,3,0.0253888,remove
38018,5692549928996306958,0,3,0.0219176,remove
38019,5692549928996306958,0,3,0.0233303,remove
38020,5692549928996306958,0,3,0.021025,remove
38021,5692549928996306958,0,3,0.0196528,remove
38022,5692549928996306958,0,3,0.0211754,remove
38023,5692549928996306958,0,3,0.0231572,remove
38025,5692549928996306958,0,3,0.0037675,remove
38026,5692549928996306958,0,3,0.00356915,remove
38028,5692549928996306958,0,3,0.0197845,remove
38030,5692549928996306958,0,3,0.0146268,remove
38031,5692549928996306958,0,3,0.00376739,remove
38032,5692549928996306958,0,3,0.00734493,remove
38037,5692549928996306958,0,3,0.0058779,remove
38038,5692549928996306958,0,3,0.00963208,remove
38039,5692549928996306958,0,3,0.0120953,remove
38040,5692549928996306958,0,3,0.017195,remove
38041,5692549928996306958,0,3,0.0198429,remove
38042,5692549928996306958,0,3,0.0188213,remove
38043,5692549928996306958,0,3,0.0188215,remove
38044,5692549928996306958,0,3,0.0233377,remove
38051,5692549928996306958,0,3,0.0233305,remove
38052,5692549928996306958,0,3,0.0255325,remove
38053,5692549928996306958,0,3,0.020765,remove
38054,5692549928996306958,0,3,0.024372,remove
38055,5692549928996306958,0,3,0.0255327,remove
38056,5692549928996306958,0,3,0.0211756,remove
38057,5692549928996306958,0,3,0.0159004,remove
38058,5692549928996306958,0,3,0.0136112,remove
38059,5692549928996306958,0,3,0.0191213,remove
38060,5692549928996306958,0,3,0.0174139,remove
38081,5692549928996306958,0,3,0.0395074,remove
38086,5692549928996306958,0,3,0.0406985,remove
38087,5692549928996306958,0,3,0.0421325,remove
38088,5692549928996306958,0,3,0.0491244,remove
38089,5692549928996306958,0,3,0.0173199,remove
38090,5692549928996306958,0,3,0.0210196,remove
38091,5692549928996306958,0,3,0.0196801,remove
38092,5692549928996306958,0,3,0.0215024,remove
38093,5692549928996306958,0,3,0.0225897,remove
38094,5692549928996306958,0,3,0.0243469,remove
38095,5692549928996306958,0,3,0.0173199,remove
38096,5692549928996306958,0,3,0.040232,remove
38097,5692549928996306958,0,3,0.0215272,remove
38098,5692549928996306958,0,3,0.0491244,remove
38099,5692549928996306958,0,3,0.0215024,remove
38100,5692549928996306958,0,3,0.0430881,remove
38101,5692549928996306958,0,3,0.0413351,remove
38102,5692549928996306958,0,3,0.0262527,remove
38103,5692549928996306958,0,3,0.0441807,remove
38104,5692549928996306958,0,3,0.0217635,remove
38105,5692549928996306958,0,3,0.0167316,remove
38106,5692549928996306958,0,3,0.0282795,remove
38107,5692549928996306958,0,3,0.0453496,remove
38121,5692549928996306958,0,3,0.00370265,remove
38124,5692549928996306958,0,3,0.00354631,remove
38125,5692549928996306958,0,3,0.00370253,remove
38206,5692549928996306958,0,3,0.0153747,remove
38207,5692549928996306958,0,3,0.0153747,remove
38223,5692549928996306958,0,3,0.0239918,remove
38224,5692549928996306958,0,3,0.0239918,remove
38237,5692549928996306958,0,3,0.00534182,remove
38242,5692549928996306958,0,3,0.00534174,remove
38249,5692549928996306958,0,3,0.023992,remove
38250,5692549928996306958,0,3,0.023992,remove
38338,5692549928996306958,0,3,0.00511932,remove
38583,5692549928996306954,0,3,0.0143704,remove
38584,5692549928996306954,0,3,0.0319229,remove
38585,5692549928996306954,0,3,0.0319222,remove
38586,5692549928996306954,0,3,0.0143689,remove
38613,5692549928996306954,0,3,0.0319231,remove
38631,5692549928996306954,0,3,0.0437408,remove
38632,5692549928996306954,0,3,0.0437413,remove
38633,5692549928996306954,0,3,0.0319224,remove
38674,5692549928996306954,0,3,0.0162217,remove
38680,5692549928996306954,0,3,0.0449442,remove
38681,5692549928996306954,0,3,0.0346808,remove
38683,5692549928996306954,0,3,0.0328306,remove
38685,5692549928996306954,0,3,0.0481096,remove
38686,5692549928996306954,0,3,0.0364874,remove
38687,5692549928996306954,0,3,0.0337758,remove
38688,5692549928996306954,0,3,0.0272982,remove
38689,5692549928996306954,0,3,0.0335891,remove
38690,5692549928996306954,0,3,0.0155141,remove
38692,5692549928996306954,0,3,0.032503,remove
38693,5692549928996306954,0,3,0.0227065,remove
38694,5692549928996306954,0,3,0.044233,remove
38695,5692549928996306954,0,3,0.0395371,remove
38698,5692549928996306954,0,3,0.0227064,remove
38700,5692549928996306954,0,3,0.038714,remove
38702,5692549928996306954,0,3,0.0176769,remove
38703,5692549928996306954,0,3,0.0155142,remove
38704,5692549928996306954,0,3,0.0364875,remove
38708,5692549928996306954,0,3,0.032503,remove
38713,5692549928996306954,0,3,0.0189768,remove
38714,5692549928996306954,0,3,0.0342911,remove
38715,5692549928996306954,0,3,0.0189767,remove
38716,5692549928996306954,0,3,0.0210525,remove
38717,5692549928996306954,0,3,0.0342911,remove
38718,5692549928996306954,0,3,0.035482,remove
38719,5692549928996306954,0,3,0.0358293,remove
38720,5692549928996306954,0,3,0.0458203,remove
38721,5692549928996306954,0,3,0.0162361,remove
38722,5692549928996306954,0,3,0.0328538,remove
38723,5692549928996306954,0,3,0.0251572,remove
38724,5692549928996306954,0,3,0.0380611,remove
38725,5692549928996306954,0,3,0.034681,remove
38726,5692549928996306954,0,3,0.0449443,remove
38762,5692549928996306954,0,3,0.0318535,remove
38763,5692549928996306954,0,3,0.00838782,remove
38766,5692549928996306954,0,3,0.0361692,remove
38767,5692549928996306954,0,3,0.0210315,remove
38768,5692549928996306954,0,3,0.018028,remove
38769,5692549928996306954,0,3,0.00854687,remove
38770,5692549928996306954,0,3,0.0110412,remove
38771,5692549928996306954,0,3,0.00707975,remove
38772,5692549928996306954,0,3,0.0158949,remove
38773,5692549928996306954,0,3,0.0130213,remove
38774,5692549928996306954,0,3,0.0180282,remove
38776,5692549928996306954,0,3,0.00707962,remove
38778,5692549928996306954,0,3,0.0330632,remove
38779,5692549928996306954,0,3,0.0308259,remove
38780,5692549928996306954,0,3,0.023589,remove
38784,5692549928996306954,0,3,0.0130215,remove
38785,5692549928996306954,0,3,0.0318537,remove
38820,5692549928996306954,0,3,0.0213,remove
38821,5692549928996306954,0,3,0.0375425,remove
38823,5692549928996306954,0,3,0.0411259,remove
38824,5692549928996306954,0,3,0.0266109,remove
38825,5692549928996306954,0,3,0.0224731,remove
38826,5692549928996306954,0,3,0.0213584,remove
38827,5692549928996306954,0,3,0.0235093,remove
38828,5692549928996306954,0,3,0.0365153,remove
38829,5692549928996306954,0,3,0.0306284,remove
38833,5692549928996306954,0,3,0.0287308,remove
38834,5692549928996306954,0,3,0.0208148,remove
38835,5692549928996306954,0,3,0.0252147,remove
38837,5692549928996306954,0,3,0.0208148,remove
38839,5692549928996306954,0,3,0.0384228,remove
38840,5692549928996306954,0,3,0.0266111,remove
38842,5692549928996306954,0,3,0.0235094,remove
38843,5692549928996306954,0,3,0.0375427,remove
38886,5692549928996306954,0,3,0.0274876,remove
38890,5692549928996306954,0,3,0.0274858,remove
38891,5692549928996306954,0,3,0.0411492,remove
38892,5692549928996306954,0,3,0.0411479,remove
38895,5692549928996306954,0,3,0.0446494,remove
38896,5692549928996306954,0,3,0.0292406,remove
38897,5692549928996306954,0,3,0.0317878,remove
38898,5692549928996306954,0,3,0.0317862,remove
38899,5692549928996306954,0,3,0.0284142,remove
38900,5692549928996306954,0,3,0.0446505,remove
38901,5692549928996306954,0,3,0.0404425,remove
38902,5692549928996306954,0,3,0.0351992,remove
38903,5692549928996306954,0,3,0.0284124,remove
38904,5692549928996306954,0,3,0.0275392,remove
38909,5692549928996306954,0,3,0.0404437,remove
38910,5692549928996306954,0,3,0.0352006,remove
38912,5692549928996306954,0,3,0.031788,remove
38913,5692549928996306954,0,3,0.033581,remove
38914,5692549928996306954,0,3,0.0271216,remove
38915,5692549928996306954,0,3,0.0292389,remove
38917,5692549928996306954,0,3,0.0271216,remove
38918,5692549928996306954,0,3,0.0271197,remove
38919,5692549928996306954,0,3,0.0306269,remove
38922,5692549928996306954,0,3,0.0317864,remove
38926,5692549928996306954,0,3,0.0271197,remove
38928,5692549928996306954,0,3,0.029239,remove
38929,5692549928996306954,0,3,0.0292407,remove
38930,5692549928996306954,0,3,0.0421738,remove
38931,5692549928996306954,0,3,0.0306285,remove
38932,5692549928996306954,0,3,0.027541,remove
38933,5692549928996306954,0,3,0.0421726,remove
38934,5692549928996306954,0,3,0.0335825,remove
38935,5692549928996306954,0,3,0.0411481,remove
38936,5692549928996306954,0,3,0.0411493,remove
38962,5692549928996306954,0,3,0.00598236,remove
38964,5692549928996306954,0,3,0.0312949,remove
38967,5692549928996306954,0,3,0.0356862,remove
38968,5692549928996306954,0,3,0.00933823,remove
38969,5692549928996306954,0,3,0.0302577,remove
38970,5692549928996306954,0,3,0.0228769,remove
38971,5692549928996306954,0,3,0.00619221,remove
38972,5692549928996306954,0,3,0.0170385,remove
38973,5692549928996306954,0,3,0.00392626,remove
38975,5692549928996306954,0,3,0.0116124,remove
38976,5692549928996306954,0,3,0.0170383,remove
38980,5692549928996306954,0,3,0.00392649,remove
38981,5692549928996306954,0,3,0.0147629,remove
38984,5692549928996306954,0,3,0.0116127,remove
38985,5692549928996306954,0,3,0.0325341,remove
38986,5692549928996306954,0,3,0.0201896,remove
38987,5692549928996306954,0,3,0.0312951,remove
39012,5692549928996306954,0,3,0.0265678,remove
39013,5692549928996306954,0,3,0.0403431,remove
39016,5692549928996306954,0,3,0.0309773,remove
39017,5692549928996306954,0,3,0.0275044,remove
39019,5692549928996306954,0,3,0.0261668,remove
39021,5692549928996306954,0,3,0.0261669,remove
39023,5692549928996306954,0,3,0.0398098,remove
39024,5692549928996306954,0,3,0.0344955,remove
39027,5692549928996306954,0,3,0.0309774,remove
39029,5692549928996306954,0,3,0.0440771,remove
39030,5692549928996306954,0,3,0.0283574,remove
39031,5692549928996306954,0,3,0.0283573,remove
39032,5692549928996306954,0,3,0.0297864,remove
39033,5692549928996306954,0,3,0.0415663,remove
39034,5692549928996306954,0,3,0.0266013,remove
39035,5692549928996306954,0,3,0.0328163,remove
39036,5692549928996306954,0,3,0.0403433,remove
39068,5692549928996306954,0,3,0.022237,remove
39069,5692549928996306954,0,3,0.0377763,remove
39075,5692549928996306954,0,3,0.0273594,remove
39076,5692549928996306954,0,3,0.0370644,remove
39077,5692549928996306954,0,3,0.0312501,remove
39078,5692549928996306954,0,3,0.0233546,remove
39079,5692549928996306954,0,3,0.0222841,remove
39080,5692549928996306954,0,3,0.0217635,remove
39083,5692549928996306954,0,3,0.0416142,remove
39084,5692549928996306954,0,3,0.0217636,remove
39085,5692549928996306954,0,3,0.0260035,remove
39086,5692549928996306954,0,3,0.0243533,remove
39090,5692549928996306954,0,3,0.0273596,remove
39091,5692549928996306954,0,3,0.0243535,remove
39092,5692549928996306954,0,3,0.0389449,remove
39093,5692549928996306954,0,3,0.0294254,remove
39094,5692549928996306954,0,3,0.0377764,remove
39124,5692549928996306954,0,3,0.03163,remove
39125,5692549928996306954,0,3,0.00782827,remove
39131,5692549928996306954,0,3,0.0177345,remove
39133,5692549928996306954,0,3,0.0329041,remove
39134,5692549928996306954,0,3,0.0105552,remove
39135,5692549928996306954,0,3,0.0207805,remove
39136,5692549928996306954,0,3,0.012612,remove
39137,5692549928996306954,0,3,0.0360238,remove
39138,5692549928996306954,0,3,0.0126118,remove
39139,5692549928996306954,0,3,0.00629493,remove
39141,5692549928996306954,0,3,0.0177347,remove
39142,5692549928996306954,0,3,0.0155612,remove
39143,5692549928996306954,0,3,0.00790901,remove
39144,5692549928996306954,0,3,0.0316302,remove
39145,5692549928996306954,0,3,0.00629478,remove
39148,5692549928996306954,0,3,0.023346,remove
39149,5692549928996306954,0,3,0.0306552,remove
39173,5692549928996306954,0,3,0.0356368,remove
39174,5692549928996306954,0,3,0.0326631,remove
39175,5692549928996306954,0,3,0.0356369,remove
39176,5692549928996306954,0,3,0.0442125,remove
39177,5692549928996306954,0,3,0.0315451,remove
39178,5692549928996306954,0,3,0.043534,remove
39179,5692549928996306954,0,3,0.0387203,remove
39180,5692549928996306954,0,3,0.0315451,remove
39184,5692549928996306954,0,3,0.0451458,remove
39185,5692549928996306954,0,3,0.0372464,remove
39187,5692549928996306954,0,3,0.0474677,remove
39188,5692549928996306954,0,3,0.0333846,remove
39189,5692549928996306954,0,3,0.0346066,remove
39190,5692549928996306954,0,3,0.0333845,remove
39191,5692549928996306954,0,3,0.0319064,remove
39192,5692549928996306954,0,3,0.0348591,remove
39194,5692549928996306954,0,3,0.031874,remove
39199,5692549928996306954,0,3,0.0348589,remove
39202,5692549928996306954,0,3,0.0442124,remove
39204,5692549928996306954,0,3,0.0171099,remove
39213,5692549928996306954,0,3,0.0442097,remove
39214,5692549928996306954,0,3,0.0326594,remove
39215,5692549928996306954,0,3,0.0356334,remove
39218,5692549928996306954,0,3,0.0318703,remove
39219,5692549928996306954,0,3,0.033381,remove
39220,5692549928996306954,0,3,0.0372432,remove
39221,5692549928996306954,0,3,0.0319027,remove
39222,5692549928996306954,0,3,0.0451432,remove
39223,5692549928996306954,0,3,0.0346032,remove
39224,5692549928996306954,0,3,0.0333809,remove
39225,5692549928996306954,0,3,0.0315413,remove
39226,5692549928996306954,0,3,0.0474652,remove
39228,5692549928996306954,0,3,0.0356335,remove
39230,5692549928996306954,0,3,0.0387172,remove
39231,5692549928996306954,0,3,0.0435312,remove
39233,5692549928996306954,0,3,0.0442098,remove
39235,5692549928996306954,0,3,0.0315413,remove
39267,5692549928996306954,0,3,0.0199432,remove
39268,5692549928996306954,0,3,0.013951,remove
39269,5692549928996306954,0,3,0.0233543,remove
39270,5692549928996306954,0,3,0.0199414,remove
39271,5692549928996306954,0,3,0.0197476,remove
39272,5692549928996306954,0,3,0.02175,remove
39273,5692549928996306954,0,3,0.018502,remove
39274,5692549928996306954,0,3,0.0155629,remove
39275,5692549928996306954,0,3,0.0110836,remove
39276,5692549928996306954,0,3,0.0319825,remove
39277,5692549928996306954,0,3,0.0250514,remove
39278,5692549928996306954,0,3,0.016448,remove
39279,5692549928996306954,0,3,0.0110799,remove
39281,5692549928996306954,0,3,0.0226946,remove
39283,5692549928996306954,0,3,0.0319837,remove
39284,5692549928996306954,0,3,0.0139482,remove
39285,5692549928996306954,0,3,0.0390976,remove
39286,5692549928996306954,0,3,0.01108,remove
39287,5692549928996306954,0,3,0.0199412,remove
39288,5692549928996306954,0,3,0.0341452,remove
39290,5692549928996306954,0,3,0.016448,remove
39292,5692549928996306954,0,3,0.0342148,remove
39293,5692549928996306954,0,3,0.0278471,remove
39296,5692549928996306954,0,3,0.0233545,remove
39299,5692549928996306954,0,3,0.0199434,remove
39300,5692549928996306954,0,3,0.0371598,remove
39301,5692549928996306954,0,3,0.0371609,remove
39302,5692549928996306954,0,3,0.0197478,remove
39303,5692549928996306954,0,3,0.0155654,remove
39304,5692549928996306954,0,3,0.0328397,remove
39305,5692549928996306954,0,3,0.0257437,remove
39306,5692549928996306954,0,3,0.0155627,remove
39307,5692549928996306954,0,3,0.0180359,remove
39308,5692549928996306954,0,3,0.0180381,remove
39309,5692549928996306954,0,3,0.0155652,remove
39310,5692549928996306954,0,3,0.0362435,remove
39311,5692549928996306954,0,3,0.0341441,remove
39312,5692549928996306954,0,3,0.0328385,remove
39313,5692549928996306954,0,3,0.0171308,remove
39314,5692549928996306954,0,3,0.0120703,remove
39315,5692549928996306954,0,3,0.0120736,remove
39316,5692549928996306954,0,3,0.0226929,remove
39317,5692549928996306954,0,3,0.0328395,remove
39323,5692549928996306954,0,3,0.0120172,remove
39325,5692549928996306954,0,3,0.0120139,remove
39326,5692549928996306954,0,3,0.0328383,remove
39336,5692549928996306954,0,3,0.0110835,remove
39338,5692549928996306954,0,3,0.0250529,remove
39367,5692549928996306954,0,3,0.0378972,remove
39368,5692549928996306954,0,3,0.0404882,remove
39369,5692549928996306954,0,3,0.0404883,remove
39370,5692549928996306954,0,3,0.0490659,remove
39371,5692549928996306954,0,3,0.047587,remove
39372,5692549928996306954,0,3,0.0369379,remove
39373,5692549928996306954,0,3,0.041912,remove
39374,5692549928996306954,0,3,0.0481451,remove
39376,5692549928996306954,0,3,0.0385207,remove
39377,5692549928996306954,0,3,0.0385207,remove
39378,5692549928996306954,0,3,0.0395846,remove
39379,5692549928996306954,0,3,0.037247,remove
39382,5692549928996306954,0,3,0.037245,remove
39384,5692549928996306954,0,3,0.048145,remove
39388,5692549928996306954,0,3,0.0432272,remove
39392,5692549928996306954,0,3,0.0369379,remove
39420,5692549928996306954,0,3,0.0156828,remove
39421,5692549928996306954,0,3,0.0372103,remove
39422,5692549928996306954,0,3,0.020035,remove
39423,5692549928996306954,0,3,0.0327624,remove
39424,5692549928996306954,0,3,0.0200352,remove
39425,5692549928996306954,0,3,0.014082,remove
39426,5692549928996306954,0,3,0.011248,remove
39427,5692549928996306954,0,3,0.0320411,remove
39428,5692549928996306954,0,3,0.0181396,remove
39429,5692549928996306954,0,3,0.015683,remove
39430,5692549928996306954,0,3,0.0227754,remove
39431,5692549928996306954,0,3,0.034199,remove
39432,5692549928996306954,0,3,0.0122247,remove
39434,5692549928996306954,0,3,0.0327622,remove
39437,5692549928996306954,0,3,0.0123001,remove
39440,5692549928996306954,0,3,0.0251185,remove
39442,5692549928996306954,0,3,0.0112479,remove
39501,5692549928996306954,0,3,0.0232348,remove
39502,5692549928996306954,0,3,0.018351,remove
39503,5692549928996306954,0,3,0.023235,remove
39504,5692549928996306954,0,3,0.0183477,remove
39505,5692549928996306954,0,3,0.016278,remove
39506,5692549928996306954,0,3,0.0341334,remove
39507,5692549928996306954,0,3,0.0162743,remove
39508,5692549928996306954,0,3,0.0232323,remove
39509,5692549928996306954,0,3,0.0232324,remove
39510,5692549928996306954,0,3,0.0196064,remove
39511,5692549928996306954,0,3,0.0361666,remove
39512,5692549928996306954,0,3,0.0196033,remove
39513,5692549928996306954,0,3,0.0349903,remove
39514,5692549928996306954,0,3,0.0341316,remove
39515,5692549928996306954,0,3,0.0256354,remove
39516,5692549928996306954,0,3,0.0349921,remove
39517,5692549928996306954,0,3,0.0390248,remove
39518,5692549928996306954,0,3,0.0390264,remove
39519,5692549928996306954,0,3,0.0196032,remove
39520,5692549928996306954,0,3,0.0216189,remove
39521,5692549928996306954,0,3,0.0216217,remove
39522,5692549928996306954,0,3,0.0196062,remove
39523,5692549928996306954,0,3,0.0361649,remove
39524,5692549928996306954,0,3,0.016964,remove
39525,5692549928996306954,0,3,0.0169676,remove
39526,5692549928996306954,0,3,0.025633,remove
39528,5692549928996306954,0,3,0.0349919,remove
39529,5692549928996306954,0,3,0.0169883,remove
39530,5692549928996306954,0,3,0.0349902,remove
39532,5692549928996306954,0,3,0.0169848,remove
39540,5692549928996306954,0,3,0.0277151,remove
39544,5692549928996306954,0,3,0.0277129,remove
39545,5692549928996306954,0,3,0.0162742,remove
39546,5692549928996306954,0,3,0.0162779,remove
39586,5692549928996306954,0,3,0.0328314,remove
39587,5692549928996306954,0,3,0.0436603,remove
39588,5692549928996306954,0,3,0.0317192,remove
39589,5692549928996306954,0,3,0.0335492,remove
39590,5692549928996306954,0,3,0.0357911,remove
39591,5692549928996306954,0,3,0.0442871,remove
39592,5692549928996306954,0,3,0.0357912,remove
39593,5692549928996306954,0,3,0.0475836,remove
39594,5692549928996306954,0,3,0.0335492,remove
39595,5692549928996306954,0,3,0.0347655,remove
39596,5692549928996306954,0,3,0.0452677,remove
39597,5692549928996306954,0,3,0.0320787,remove
39598,5692549928996306954,0,3,0.0373941,remove
39599,5692549928996306954,0,3,0.044287,remove
39600,5692549928996306954,0,3,0.0321237,remove
39603,5692549928996306954,0,3,0.0317191,remove
39604,5692549928996306954,0,3,0.0388649,remove
39656,5692549928996306954,0,3,0.0106394,remove
39657,5692549928996306954,0,3,0.0208232,remove
39658,5692549928996306954,0,3,0.006435,remove
39659,5692549928996306954,0,3,0.0306849,remove
39660,5692549928996306954,0,3,0.0177847,remove
39661,5692549928996306954,0,3,0.0306843,remove
39662,5692549928996306954,0,3,0.0316268,remove
39663,5692549928996306954,0,3,0.00643803,remove
39664,5692549928996306954,0,3,0.0177858,remove
39665,5692549928996306954,0,3,0.012684,remove
39666,5692549928996306954,0,3,0.0316274,remove
39667,5692549928996306954,0,3,0.0106412,remove
39668,5692549928996306954,0,3,0.017785,remove
39669,5692549928996306954,0,3,0.0177861,remove
39670,5692549928996306954,0,3,0.0360491,remove
39671,5692549928996306954,0,3,0.0360485,remove
39672,5692549928996306954,0,3,0.0126825,remove
39673,5692549928996306954,0,3,0.0126838,remove
39674,5692549928996306954,0,3,0.0156195,remove
39675,5692549928996306954,0,3,0.0156182,remove
39676,5692549928996306954,0,3,0.0126823,remove
39677,5692549928996306954,0,3,0.0329317,remove
39678,5692549928996306954,0,3,0.0329311,remove
39679,5692549928996306954,0,3,0.00802337,remove
39680,5692549928996306954,0,3,0.00802093,remove
39681,5692549928996306954,0,3,0.0208242,remove
39682,5692549928996306954,0,3,0.0316266,remove
39683,5692549928996306954,0,3,0.0316272,remove
39685,5692549928996306954,0,3,0.0233701,remove
39688,5692549928996306954,0,3,0.00643789,remove
39690,5692549928996306954,0,3,0.0233692,remove
39691,5692549928996306954,0,3,0.00643485,remove
39704,5692549928996306954,0,3,0.00818548,remove
39708,5692549928996306954,0,3,0.0081831,remove
39757,5692549928996306954,0,3,0.022432,remove
39758,5692549928996306954,0,3,0.0371579,remove
39759,5692549928996306954,0,3,0.0219197,remove
39760,5692549928996306954,0,3,0.0390287,remove
39761,5692549928996306954,0,3,0.0244724,remove
39762,5692549928996306954,0,3,0.0274763,remove
39763,5692549928996306954,0,3,0.0274762,remove
39764,5692549928996306954,0,3,0.0295401,remove
39765,5692549928996306954,0,3,0.0244723,remove
39766,5692549928996306954,0,3,0.0234898,remove
39767,5692549928996306954,0,3,0.0416879,remove
39768,5692549928996306954,0,3,0.0377377,remove
39769,5692549928996306954,0,3,0.0261199,remove
39770,5692549928996306954,0,3,0.0377375,remove
39771,5692549928996306954,0,3,0.0222036,remove
39773,5692549928996306954,0,3,0.0310545,remove
39775,5692549928996306954,0,3,0.0219196,remove
39825,5692549928996306954,0,3,0.0278393,remove
39826,5692549928996306954,0,3,0.0312735,remove
39827,5692549928996306954,0,3,0.0265297,remove
39828,5692549928996306954,0,3,0.0400394,remove
39829,5692549928996306954,0,3,0.0402148,remove
39830,5692549928996306954,0,3,0.028692,remove
39831,5692549928996306954,0,3,0.0312733,remove
39832,5692549928996306954,0,3,0.0442895,remove
39833,5692549928996306954,0,3,0.0286919,remove
39834,5692549928996306954,0,3,0.0300906,remove
39835,5692549928996306954,0,3,0.0417908,remove
39836,5692549928996306954,0,3,0.0269601,remove
39837,5692549928996306954,0,3,0.0331058,remove
39838,5692549928996306954,0,3,0.0402146,remove
39839,5692549928996306954,0,3,0.0268743,remove
39842,5692549928996306954,0,3,0.0343966,remove
39843,5692549928996306954,0,3,0.0265296,remove
39909,5692549928996306954,0,3,0.0170342,remove
39910,5692549928996306954,0,3,0.00933079,remove
39911,5692549928996306954,0,3,0.00933067,remove
39913,5692549928996306954,0,3,0.0307924,remove
39914,5692549928996306954,0,3,0.0234881,remove
39915,5692549928996306954,0,3,0.0366139,remove
39916,5692549928996306954,0,3,0.0302554,remove
39917,5692549928996306954,0,3,0.0170344,remove
39918,5692549928996306954,0,3,0.0170341,remove
39920,5692549928996306954,0,3,0.0334394,remove
39921,5692549928996306954,0,3,0.00693224,remove
39922,5692549928996306954,0,3,0.0302554,remove
39923,5692549928996306954,0,3,0.0316366,remove
39925,5692549928996306954,0,3,0.0226329,remove
39926,5692549928996306954,0,3,0.0269442,remove
39927,5692549928996306954,0,3,0.044543,remove
39928,5692549928996306954,0,3,0.0116063,remove
39929,5692549928996306954,0,3,0.040325,remove
39930,5692549928996306954,0,3,0.0109473,remove
39931,5692549928996306954,0,3,0.00390865,remove
39932,5692549928996306954,0,3,0.0209872,remove
39933,5692549928996306954,0,3,0.032532,remove
39934,5692549928996306954,0,3,0.0356842,remove
39935,5692549928996306954,0,3,0.00390835,remove
39936,5692549928996306954,0,3,0.026746,remove
39937,5692549928996306954,0,3,0.0201861,remove
39938,5692549928996306954,0,3,0.0282449,remove
39939,5692549928996306954,0,3,0.0209834,remove
39940,5692549928996306954,0,3,0.0129418,remove
39941,5692549928996306954,0,3,0.0179706,remove
39942,5692549928996306954,0,3,0.0412135,remove
39943,5692549928996306954,0,3,0.0290761,remove
39944,5692549928996306954,0,3,0.0147581,remove
39945,5692549928996306954,0,3,0.0209834,remove
39947,5692549928996306954,0,3,0.0361406,remove
39948,5692549928996306954,0,3,0.0330319,remove
39949,5692549928996306954,0,3,0.0290762,remove
39950,5692549928996306954,0,3,0.0236621,remove
39951,5692549928996306954,0,3,0.0304716,remove
39952,5692549928996306954,0,3,0.0366117,remove
39953,5692549928996306954,0,3,0.0307076,remove
39955,5692549928996306954,0,3,0.0385144,remove
39956,5692549928996306954,0,3,0.00693237,remove
39957,5692549928996306954,0,3,0.0253572,remove
39958,5692549928996306954,0,3,0.0158298,remove
39960,5692549928996306954,0,3,0.0267432,remove
39964,5692549928996306954,0,3,0.0170344,remove
39965,5692549928996306954,0,3,0.0316367,remove
39966,5692549928996306954,0,3,0.0267461,remove
39967,5692549928996306954,0,3,0.0179708,remove
39968,5692549928996306954,0,3,0.0226294,remove
39969,5692549928996306954,0,3,0.026743,remove
39970,5692549928996306954,0,3,0.0288532,remove
39971,5692549928996306954,0,3,0.0356842,remove
39972,5692549928996306954,0,3,0.0412115,remove
39973,5692549928996306954,0,3,0.0116066,remove
39974,5692549928996306954,0,3,0.0116067,remove
39975,5692549928996306954,0,3,0.0236622,remove
39976,5692549928996306954,0,3,0.0309104,remove
39977,5692549928996306954,0,3,0.0236589,remove
39978,5692549928996306954,0,3,0.012942,remove
39979,5692549928996306954,0,3,0.0374395,remove
39980,5692549928996306954,0,3,0.0147582,remove
39981,5692549928996306954,0,3,0.0116064,remove
39982,5692549928996306954,0,3,0.0253541,remove
39983,5692549928996306954,0,3,0.0236587,remove
39984,5692549928996306954,0,3,0.032532,remove
39985,5692549928996306954,0,3,0.04206,remove
39986,5692549928996306954,0,3,0.0385164,remove
39987,5692549928996306954,0,3,0.00618082,remove
39988,5692549928996306954,0,3,0.00618101,remove
39989,5692549928996306954,0,3,0.0273663,remove
39990,5692549928996306954,0,3,0.0215265,remove
39991,5692549928996306954,0,3,0.0215228,remove
39992,5692549928996306954,0,3,0.00842521,remove
39993,5692549928996306954,0,3,0.0201861,remove
39994,5692549928996306954,0,3,0.0288559,remove
39995,5692549928996306954,0,3,0.0209824,remove
39996,5692549928996306954,0,3,0.0309103,remove
39997,5692549928996306954,0,3,0.0408308,remove
39998,5692549928996306954,0,3,0.0374416,remove
39999,5692549928996306954,0,3,0.0317083,remove
40004,5692549928996306954,0,3,0.0309101,remove
40005,5692549928996306954,0,3,0.0408307,remove
40006,5692549928996306954,0,3,0.0309102,remove
40007,5692549928996306954,0,3,0.0374393,remove
40008,5692549928996306954,0,3,0.0374414,remove
40009,5692549928996306954,0,3,0.0216358,remove
40010,5692549928996306954,0,3,0.0317081,remove
40012,5692549928996306954,0,3,0.00870001,remove
40019,5692549928996306954,0,3,0.0216395,remove
40020,5692549928996306954,0,3,0.0274847,remove
40022,5692549928996306954,0,3,0.0307102,remove
40023,5692549928996306954,0,3,0.0227858,remove
40027,5692549928996306954,0,3,0.0209871,remove
40028,5692549928996306954,0,3,0.00390811,remove
40030,5692549928996306954,0,3,0.00390841,remove
40034,5692549928996306954,0,3,0.0350689,remove
40038,5692549928996306954,0,3,0.0269442,remove
40040,5692549928996306954,0,3,0.0227858,remove
40063,5692549928996306954,0,3,0.00676358,remove
40077,5692549928996306954,0,3,0.00676341,remove
40198,5692549928996306958,0,3,0.0244286,remove
40199,5692549928996306958,0,3,0.0230898,remove
40201,5692549928996306954,0,3,0.047992,remove
40202,5692549928996306954,0,3,0.034126,remove
40205,5692549928996306954,0,3,0.0379124,remove
40206,5692549928996306954,0,3,0.0363323,remove
40207,5692549928996306954,0,3,0.0334206,remove
40208,5692549928996306954,0,3,0.04442,remove
40209,5692549928996306954,0,3,0.0456968,remove
40210,5692549928996306954,0,3,0.0323288,remove
40211,5692549928996306954,0,3,0.0363324,remove
40214,5692549928996306954,0,3,0.0441051,remove
40215,5692549928996306954,0,3,0.0393597,remove
40216,5692549928996306954,0,3,0.0323287,remove
40217,5692549928996306954,0,3,0.0353224,remove
40218,5692549928996306954,0,3,0.0341259,remove
40219,5692549928996306954,0,3,0.0326814,remove
40221,5692549928996306954,0,3,0.0444198,remove
40224,5692549928996306954,0,3,0.0327758,remove
40226,5692549928996306954,0,3,0.0363292,remove
40227,5692549928996306954,0,3,0.0441025,remove
40228,5692549928996306954,0,3,0.0393509,remove
40230,5692549928996306954,0,3,0.0323251,remove
40234,5692549928996306954,0,3,0.0323251,remove
40236,5692549928996306954,0,3,0.036329,remove
40237,5692549928996306954,0,3,0.0334171,remove
40238,5692549928996306954,0,3,0.0479896,remove
40239,5692549928996306954,0,3,0.0341226,remove
40240,5692549928996306954,0,3,0.0341225,remove
40241,5692549928996306954,0,3,0.0353191,remove
40242,5692549928996306954,0,3,0.0456942,remove
40243,5692549928996306954,0,3,0.0326778,remove
40244,5692549928996306954,0,3,0.0379093,remove
40245,5692549928996306954,0,3,0.0444098,remove
40249,5692549928996306954,0,3,0.0444097,remove
40250,5692549928996306954,0,3,0.0327762,remove
40310,5692549928996306954,0,3,0.0387818,remove
40312,5692549928996306954,0,3,0.019115,remove
40314,5692549928996306954,0,3,0.017825,remove
40315,5692549928996306954,0,3,0.0228217,remove
40316,5692549928996306954,0,3,0.0344802,remove
40317,5692549928996306954,0,3,0.0156827,remove
40319,5692549928996306954,0,3,0.0338535,remove
40320,5692549928996306954,0,3,0.0274324,remove
40321,5692549928996306954,0,3,0.0228219,remove
40323,5692549928996306954,0,3,0.0156826,remove
40324,5692549928996306954,0,3,0.0191149,remove
40325,5692549928996306954,0,3,0.0211772,remove
40326,5692549928996306954,0,3,0.0359026,remove
40327,5692549928996306954,0,3,0.0163971,remove
40328,5692549928996306954,0,3,0.0252615,remove
40331,5692549928996306954,0,3,0.03448,remove
40333,5692549928996306954,0,3,0.0165748,remove
40364,5692549928996306958,0,3,0.0184242,remove
40365,5692549928996306958,0,3,0.0184243,remove
40376,5692549928996306954,0,3,0.0379355,remove
40377,5692549928996306954,0,3,0.0161026,remove
40378,5692549928996306954,0,3,0.0373891,remove
40379,5692549928996306954,0,3,0.037388,remove
40380,5692549928996306954,0,3,0.0203652,remove
40381,5692549928996306954,0,3,0.014548,remove
40382,5692549928996306954,0,3,0.0203631,remove
40384,5692549928996306954,0,3,0.0379354,remove
40385,5692549928996306954,0,3,0.0373021,remove
40386,5692549928996306954,0,3,0.0343935,remove
40387,5692549928996306954,0,3,0.0328526,remove
40388,5692549928996306954,0,3,0.0161,remove
40389,5692549928996306954,0,3,0.014545,remove
40390,5692549928996306954,0,3,0.0118261,remove
40391,5692549928996306954,0,3,0.0322473,remove
40392,5692549928996306954,0,3,0.02542,remove
40393,5692549928996306954,0,3,0.0118225,remove
40394,5692549928996306954,0,3,0.0399318,remove
40395,5692549928996306954,0,3,0.0185036,remove
40397,5692549928996306954,0,3,0.0477101,remove
40400,5692549928996306954,0,3,0.011826,remove
40401,5692549928996306954,0,3,0.0160998,remove
40402,5692549928996306954,0,3,0.0399319,remove
40403,5692549928996306954,0,3,0.0203654,remove
40405,5692549928996306954,0,3,0.0471145,remove
40408,5692549928996306954,0,3,0.0118224,remove
40411,5692549928996306954,0,3,0.0203633,remove
40414,5692549928996306954,0,3,0.0322486,remove
40415,5692549928996306954,0,3,0.0254217,remove
40416,5692549928996306954,0,3,0.0185013,remove
40417,5692549928996306954,0,3,0.0127587,remove
40418,5692549928996306954,0,3,0.0230646,remove
40419,5692549928996306954,0,3,0.0366413,remove
40420,5692549928996306954,0,3,0.0161024,remove
40421,5692549928996306954,0,3,0.0390152,remove
40422,5692549928996306954,0,3,0.0343922,remove
40423,5692549928996306954,0,3,0.0486078,remove
40424,5692549928996306954,0,3,0.0328513,remove
40425,5692549928996306954,0,3,0.0127554,remove
40426,5692549928996306954,0,3,0.0230664,remove
40427,5692549928996306954,0,3,0.0413747,remove
40428,5692549928996306954,0,3,0.0130496,remove
40429,5692549928996306954,0,3,0.0328511,remove
40430,5692549928996306954,0,3,0.04771,remove
40431,5692549928996306954,0,3,0.0328524,remove
40437,5692549928996306954,0,3,0.0130463,remove
40443,5692549928996306954,0,3,0.0367499,remove
40499,5692549928996306954,0,3,0.0151605,remove
40500,5692549928996306954,0,3,0.0369931,remove
40501,5692549928996306954,0,3,0.0151603,remove
40502,5692549928996306954,0,3,0.0134977,remove
40503,5692549928996306954,0,3,0.0105074,remove
40504,5692549928996306954,0,3,0.0363272,remove
40505,5692549928996306954,0,3,0.0196288,remove
40506,5692549928996306954,0,3,0.032512,remove
40510,5692549928996306954,0,3,0.019629,remove
40511,5692549928996306954,0,3,0.0363271,remove
40512,5692549928996306954,0,3,0.0105073,remove
40513,5692549928996306954,0,3,0.0427302,remove
40516,5692549928996306954,0,3,0.0317886,remove
40517,5692549928996306954,0,3,0.0248295,remove
40523,5692549928996306954,0,3,0.0115468,remove
40524,5692549928996306954,0,3,0.0176898,remove
40525,5692549928996306954,0,3,0.0339626,remove
40526,5692549928996306954,0,3,0.0224189,remove
40527,5692549928996306954,0,3,0.0118664,remove
40530,5692549928996306954,0,3,0.0325118,remove
40583,5692549928996306954,0,3,0.020248,remove
40584,5692549928996306954,0,3,0.0393527,remove
40585,5692549928996306954,0,3,0.019035,remove
40586,5692549928996306954,0,3,0.0237788,remove
40587,5692549928996306954,0,3,0.0170454,remove
40588,5692549928996306954,0,3,0.0365185,remove
40589,5692549928996306954,0,3,0.0170454,remove
40590,5692549928996306954,0,3,0.023779,remove
40593,5692549928996306954,0,3,0.0345059,remove
40594,5692549928996306954,0,3,0.0282176,remove
40597,5692549928996306954,0,3,0.0350192,remove
40599,5692549928996306954,0,3,0.0261294,remove
40600,5692549928996306954,0,3,0.0202479,remove
40601,5692549928996306954,0,3,0.0222052,remove
40602,5692549928996306954,0,3,0.0177051,remove
40603,5692549928996306954,0,3,0.035019,remove
40604,5692549928996306954,0,3,0.0179309,remove
40666,5692549928996306954,0,3,0.0123843,remove
40667,5692549928996306954,0,3,0.0328093,remove
40668,5692549928996306954,0,3,0.0359447,remove
40669,5692549928996306954,0,3,0.0470649,remove
40670,5692549928996306954,0,3,0.0175732,remove
40671,5692549928996306954,0,3,0.0102819,remove
40672,5692549928996306954,0,3,0.0320749,remove
40673,5692549928996306954,0,3,0.0350987,remove
40674,5692549928996306954,0,3,0.00582523,remove
40675,5692549928996306954,0,3,0.0305627,remove
40676,5692549928996306954,0,3,0.0231641,remove
40677,5692549928996306954,0,3,0.0309359,remove
40680,5692549928996306954,0,3,0.00582806,remove
40681,5692549928996306954,0,3,0.0309359,remove
40682,5692549928996306954,0,3,0.0175744,remove
40683,5692549928996306954,0,3,0.00582507,remove
40686,5692549928996306954,0,3,0.0102835,remove
40688,5692549928996306954,0,3,0.0359451,remove
40692,5692549928996306954,0,3,0.0123856,remove
40694,5692549928996306954,0,3,0.0305622,remove
40695,5692549928996306954,0,3,0.0231634,remove
40697,5692549928996306954,0,3,0.0430946,remove
40698,5692549928996306954,0,3,0.0382253,remove
40702,5692549928996306954,0,3,0.0058279,remove
40703,5692549928996306954,0,3,0.0350988,remove
40705,5692549928996306954,0,3,0.0175735,remove
40707,5692549928996306954,0,3,0.0175742,remove
40708,5692549928996306954,0,3,0.0328092,remove
40709,5692549928996306954,0,3,0.034052,remove
40710,5692549928996306954,0,3,0.0123854,remove
40711,5692549928996306954,0,3,0.0153782,remove
40712,5692549928996306954,0,3,0.0153772,remove
40713,5692549928996306954,0,3,0.012384,remove
40714,5692549928996306954,0,3,0.0435854,remove
40715,5692549928996306954,0,3,0.0447221,remove
40716,5692549928996306954,0,3,0.0328179,remove
40717,5692549928996306954,0,3,0.0328174,remove
40718,5692549928996306954,0,3,0.03101,remove
40719,5692549928996306954,0,3,0.031304,remove
40720,5692549928996306954,0,3,0.00754256,remove
40721,5692549928996306954,0,3,0.00754037,remove
40722,5692549928996306954,0,3,0.0310095,remove
40723,5692549928996306954,0,3,0.0367317,remove
40724,5692549928996306954,0,3,0.0206438,remove
40725,5692549928996306954,0,3,0.020643,remove
40729,5692549928996306954,0,3,0.00815438,remove
40732,5692549928996306954,0,3,0.0435853,remove
40733,5692549928996306954,0,3,0.0314407,remove
40734,5692549928996306954,0,3,0.0310098,remove
40737,5692549928996306954,0,3,0.00815236,remove
40739,5692549928996306954,0,3,0.0310093,remove
40802,5692549928996306954,0,3,0.0419315,remove
40803,5692549928996306954,0,3,0.0239155,remove
40804,5692549928996306954,0,3,0.0278398,remove
40805,5692549928996306954,0,3,0.0223644,remove
40809,5692549928996306954,0,3,0.0223644,remove
40810,5692549928996306954,0,3,0.0374203,remove
40811,5692549928996306954,0,3,0.0316537,remove
40814,5692549928996306954,0,3,0.0278399,remove
40815,5692549928996306954,0,3,0.0248919,remove
40816,5692549928996306954,0,3,0.0248918,remove
40817,5692549928996306954,0,3,0.0265084,remove
40818,5692549928996306954,0,3,0.0392838,remove
40819,5692549928996306954,0,3,0.0228712,remove
40820,5692549928996306954,0,3,0.0379742,remove
40821,5692549928996306954,0,3,0.0298726,remove
40824,5692549928996306954,0,3,0.037974,remove
40825,5692549928996306954,0,3,0.0230559,remove
40891,5692549928996306954,0,3,0.0356998,remove
40892,5692549928996306954,0,3,0.0437172,remove
40893,5692549928996306954,0,3,0.00938999,remove
40894,5692549928996306954,0,3,0.0170667,remove
40895,5692549928996306954,0,3,0.0269238,remove
40896,5692549928996306954,0,3,0.030463,remove
40897,5692549928996306954,0,3,0.0255563,remove
40898,5692549928996306954,0,3,0.00404811,remove
40901,5692549928996306954,0,3,0.0394111,remove
40902,5692549928996306954,0,3,0.0339619,remove
40904,5692549928996306954,0,3,0.0302738,remove
40905,5692549928996306954,0,3,0.0227213,remove
40908,5692549928996306954,0,3,0.0202136,remove
40911,5692549928996306954,0,3,0.00404788,remove
40914,5692549928996306954,0,3,0.0255562,remove
40915,5692549928996306954,0,3,0.032549,remove
40917,5692549928996306954,0,3,0.0304631,remove
40918,5692549928996306954,0,3,0.0170669,remove
40919,5692549928996306954,0,3,0.0277947,remove
40920,5692549928996306954,0,3,0.0116544,remove
40921,5692549928996306954,0,3,0.030898,remove
40922,5692549928996306954,0,3,0.0277946,remove
40923,5692549928996306954,0,3,0.0292512,remove
40924,5692549928996306954,0,3,0.0116541,remove
40925,5692549928996306954,0,3,0.0147957,remove
40926,5692549928996306954,0,3,0.0411845,remove
40927,5692549928996306954,0,3,0.0260007,remove
40928,5692549928996306954,0,3,0.00626973,remove
40929,5692549928996306954,0,3,0.0323312,remove
40930,5692549928996306954,0,3,0.039726,remove
40936,5692549928996306954,0,3,0.0261677,remove
40937,5692549928996306954,0,3,0.0308978,remove
40938,5692549928996306954,0,3,0.00687505,remove
40942,5692549928996306954,0,3,0.0397258,remove
41018,5692549928996306954,0,3,0.0410166,remove
41019,5692549928996306954,0,3,0.0450201,remove
41020,5692549928996306954,0,3,0.0277258,remove
41021,5692549928996306954,0,3,0.0222917,remove
41022,5692549928996306954,0,3,0.0289915,remove
41023,5692549928996306954,0,3,0.0323049,remove
41024,5692549928996306954,0,3,0.0277259,remove
41025,5692549928996306954,0,3,0.0233263,remove
41026,5692549928996306954,0,3,0.0311649,remove
41027,5692549928996306954,0,3,0.0298019,remove
41029,5692549928996306954,0,3,0.0408514,remove
41030,5692549928996306954,0,3,0.0356331,remove
41031,5692549928996306954,0,3,0.0410185,remove
41034,5692549928996306954,0,3,0.0340723,remove
41035,5692549928996306954,0,3,0.0250601,remove
41038,5692549928996306954,0,3,0.0222951,remove
41039,5692549928996306954,0,3,0.0323051,remove
41040,5692549928996306954,0,3,0.029802,remove
41041,5692549928996306954,0,3,0.0233297,remove
41042,5692549928996306954,0,3,0.0233264,remove
41043,5692549928996306954,0,3,0.0233295,remove
41044,5692549928996306954,0,3,0.0250631,remove
41045,5692549928996306954,0,3,0.042565,remove
41046,5692549928996306954,0,3,0.0383141,remove
41047,5692549928996306954,0,3,0.0383122,remove
41048,5692549928996306954,0,3,0.0281363,remove
41049,5692549928996306954,0,3,0.0211568,remove
41050,5692549928996306954,0,3,0.0211532,remove
41051,5692549928996306954,0,3,0.0285756,remove
41052,5692549928996306954,0,3,0.0285729,remove
41053,5692549928996306954,0,3,0.0410906,remove
41054,5692549928996306954,0,3,0.0366006,remove
41055,5692549928996306954,0,3,0.0365985,remove
41063,5692549928996306954,0,3,0.0209425,remove
41066,5692549928996306954,0,3,0.0209389,remove
41068,5692549928996306954,0,3,0.0410905,remove
41069,5692549928996306954,0,3,0.0365983,remove
41070,5692549928996306954,0,3,0.0282686,remove
41071,5692549928996306954,0,3,0.0366004,remove
41133,5692549928996306954,0,3,0.0396681,remove
41134,5692549928996306954,0,3,0.0196866,remove
41135,5692549928996306954,0,3,0.0264582,remove
41136,5692549928996306954,0,3,0.0242758,remove
41137,5692549928996306954,0,3,0.0264612,remove
41138,5692549928996306954,0,3,0.0348162,remove
41139,5692549928996306954,0,3,0.0363943,remove
41140,5692549928996306954,0,3,0.0301199,remove
41141,5692549928996306954,0,3,0.0176865,remove
41142,5692549928996306954,0,3,0.0273053,remove
41143,5692549928996306954,0,3,0.0205998,remove
41144,5692549928996306954,0,3,0.0265757,remove
41145,5692549928996306954,0,3,0.0368449,remove
41146,5692549928996306954,0,3,0.0363922,remove
41147,5692549928996306954,0,3,0.0301174,remove
41154,5692549928996306954,0,3,0.0176866,remove
41155,5692549928996306954,0,3,0.0205962,remove
41156,5692549928996306954,0,3,0.0183723,remove
41157,5692549928996306954,0,3,0.0264611,remove
41162,5692549928996306954,0,3,0.0205999,remove
41165,5692549928996306954,0,3,0.0205962,remove
41168,5692549928996306954,0,3,0.0264583,remove
41169,5692549928996306954,0,3,0.024276,remove
41170,5692549928996306954,0,3,0.0208112,remove
41171,5692549928996306954,0,3,0.020811,remove
41172,5692549928996306954,0,3,0.0227186,remove
41173,5692549928996306954,0,3,0.0322528,remove
41179,5692549928996306954,0,3,0.00925005,remove
41180,5692549928996306954,0,3,0.0322526,remove
41255,5692549928996306954,0,3,0.0494679,remove
41256,5692549928996306954,0,3,0.0426652,remove
41258,5692549928996306954,0,3,0.0393339,remove
41260,5692549928996306954,0,3,0.0451113,remove
41272,5692549928996306954,0,3,0.0393339,remove
41274,5692549928996306954,0,3,0.0426651,remove
41276,5692549928996306954,0,3,0.0402143,remove
41279,5692549928996306954,0,3,0.0408444,remove
41281,5692549928996306954,0,3,0.0408444,remove
41282,5692549928996306954,0,3,0.0418392,remove
41287,5692549928996306954,0,3,0.0395433,remove
41289,5692549928996306954,0,3,0.0439357,remove
41291,5692549928996306954,0,3,0.0473967,remove
41299,5692549928996306954,0,3,0.0473965,remove
43315,5692549928996306958,0,3,0.023732,remove
43316,5692549928996306958,0,3,0.0246403,remove
43317,5692549928996306958,0,3,0.0248955,remove
43318,5692549928996306958,0,3,0.0289452,remove
43319,5692549928996306958,0,3,0.0257427,remove
43320,5692549928996306958,0,3,0.0128037,remove
43361,5692549928996306958,0,3,0.0223704,remove
43362,5692549928996306958,0,3,0.0223704,remove
43376,5692549928996306958,0,3,0.0238464,remove
45551,5692549928996306958,0,3,0.0303198,remove
45633,5692549928996306960,0,3,0.0446373,remove
45636,5692549928996306960,0,3,0.0258794,remove
45661,5692549928996306960,0,3,0.0430781,remove
45670,5692549928996306960,0,3,0.0350573,remove
45671,5692549928996306960,0,3,0.0195992,remove
45734,5692549928996306960,0,3,0.0287791,remove
45764,5692549928996306960,0,3,0.0203395,remove
45825,5692549928996306960,0,3,0.00691989,remove
45829,5692549928996306960,0,3,0.0148784,remove
45843,5692549928996306960,0,3,0.00780373,remove
45847,5692549928996306960,0,3,0.011636,remove
45849,5692549928996306960,0,3,0.0136696,remove
45851,5692549928996306960,0,3,0.00789391,remove
45889,5692549928996306960,0,3,0.0166092,remove
45896,5692549928996306960,0,3,0.0171885,remove
45897,5692549928996306960,0,3,0.0117362,remove
45898,5692549928996306960,0,3,0.0117361,remove
45918,5692549928996306960,0,3,0.0139196,remove
45921,5692549928996306960,0,3,0.00796394,remove
45932,5692549928996306960,0,3,0.016142,remove
45937,5692549928996306960,0,3,0.00664617,remove
45939,5692549928996306960,0,3,0.0122883,remove
45940,5692549928996306960,0,3,0.00532261,remove
45943,5692549928996306960,0,3,0.0115512,remove
45944,5692549928996306960,0,3,0.0115511,remove
45945,5692549928996306960,0,3,0.0101724,remove
45990,5692549928996306960,0,3,0.0143184,remove
46012,5692549928996306960,0,3,0.0131854,remove
46013,5692549928996306960,0,3,0.0065953,remove
46032,5692549928996306960,0,3,0.00492658,remove
46033,5692549928996306960,0,3,0.01145,remove
46034,5692549928996306960,0,3,0.0029034,remove
46035,5692549928996306960,0,3,0.0108277,remove
46040,5692549928996306960,0,3,0.0140999,remove
46041,5692549928996306960,0,3,0.0155134,remove
46042,5692549928996306960,0,3,0.0108276,remove
46043,5692549928996306960,0,3,0.00914204,remove
46064,5692549928996306960,0,3,0.010704,remove
46065,5692549928996306960,0,3,0.0156507,remove
46083,5692549928996306960,0,3,0.00976528,remove
46084,5692549928996306960,0,3,0.00891736,remove
46085,5692549928996306960,0,3,0.0142194,remove
46092,5692549928996306960,0,3,0.0176566,remove
46093,5692549928996306960,0,3,0.0124365,remove
46135,5692549928996306960,0,3,0.0135759,remove
46141,5692549928996306960,0,3,0.0160597,remove
46142,5692549928996306960,0,3,0.0135758,remove
46152,5692549928996306960,0,3,0.0133165,remove
46203,5692549928996306960,0,3,0.016632,remove
46206,5692549928996306960,0,3,0.0201744,remove
46213,5692549928996306960,0,3,0.0208758,remove
46214,5692549928996306960,0,3,0.0217673,remove
46215,5692549928996306960,0,3,0.0209509,remove
46218,5692549928996306960,0,3,0.016946,remove
46219,5692549928996306960,0,3,0.0248951,remove
46220,5692549928996306960,0,3,0.0263093,remove
46221,5692549928996306960,0,3,0.0186753,remove
46222,5692549928996306960,0,3,0.0263093,remove
46226,5692549928996306960,0,3,0.0186752,remove
46228,5692549928996306960,0,3,0.0178204,remove
46229,5692549928996306960,0,3,0.0160443,remove
46230,5692549928996306960,0,3,0.0190853,remove
46231,5692549928996306960,0,3,0.0182366,remove
46273,5692549928996306960,0,3,0.0109553,remove
46274,5692549928996306960,0,3,0.0109545,remove
46275,5692549928996306960,0,3,0.0158245,remove
46279,5692549928996306960,0,3,0.015824,remove
46283,5692549928996306960,0,3,0.0147298,remove
46285,5692549928996306960,0,3,0.0144105,remove
46286,5692549928996306960,0,3,0.0100406,remove
46287,5692549928996306960,0,3,0.0100415,remove
46294,5692549928996306960,0,3,0.0144099,remove
46307,5692549928996306960,0,3,0.0147292,remove
46349,5692549928996306960,0,3,0.0132338,remove
46360,5692549928996306960,0,3,0.00669303,remove
46368,5692549928996306960,0,3,0.0115055,remove
46369,5692549928996306960,0,3,0.00505445,remove
46384,5692549928996306960,0,3,0.0105568,remove
46433,5692549928996306960,0,3,0.0414213,remove
46434,5692549928996306960,0,3,0.0414218,remove
46479,5692549928996306960,0,3,0.0468619,remove
46498,5692549928996306960,0,3,0.0357523,remove
46501,5692549928996306960,0,3,0.0357531,remove
46542,5692549928996306960,0,3,0.0116291,remove
46577,5692549928996306960,0,3,0.0158313,remove
46578,5692549928996306960,0,3,0.0163041,remove
46579,5692549928996306960,0,3,0.0210239,remove
46580,5692549928996306960,0,3,0.016763,remove
46581,5692549928996306960,0,3,0.020323,remove
46622,5692549928996306960,0,3,0.0162832,remove
46623,5692549928996306960,0,3,0.0137513,remove
46624,5692549928996306960,0,3,0.0175315,remove
46625,5692549928996306960,0,3,0.0142903,remove
46626,5692549928996306960,0,3,0.0204458,remove
46627,5692549928996306960,0,3,0.0147072,remove
46628,5692549928996306960,0,3,0.0187075,remove
46629,5692549928996306960,0,3,0.0151618,remove
46633,5692549928996306960,0,3,0.0156161,remove
46636,5692549928996306960,0,3,0.0150329,remove
46639,5692549928996306960,0,3,0.0147071,remove
46644,5692549928996306960,0,3,0.0423915,remove
46645,5692549928996306960,0,3,0.0430184,remove
46646,5692549928996306960,0,3,0.0456457,remove
46647,5692549928996306960,0,3,0.0141737,remove
46648,5692549928996306960,0,3,0.0166473,remove
46651,5692549928996306960,0,3,0.01671,remove
46688,5692549928996306960,0,3,0.00778018,remove
46689,5692549928996306960,0,3,0.0129364,remove
46690,5692549928996306960,0,3,0.0129368,remove
46691,5692549928996306960,0,3,0.0077794,remove
46693,5692549928996306960,0,3,0.0100274,remove
46695,5692549928996306960,0,3,0.014495,remove
46696,5692549928996306960,0,3,0.00892739,remove
46697,5692549928996306960,0,3,0.0144954,remove
46698,5692549928996306960,0,3,0.00892806,remove
46699,5692549928996306960,0,3,0.010028,remove
46761,5692549928996306960,0,3,0.0113,remove
46762,5692549928996306960,0,3,0.0365502,remove
46770,5692549928996306960,0,3,0.0130554,remove
46771,5692549928996306960,0,3,0.00632831,remove
46772,5692549928996306960,0,3,0.0071943,remove
46787,5692549928996306960,0,3,0.00456715,remove
46826,5692549928996306960,0,3,0.0133792,remove
46827,5692549928996306960,0,3,0.00849554,remove
46839,5692549928996306960,0,3,0.0148916,remove
46840,5692549928996306960,0,3,0.00955597,remove
46841,5692549928996306960,0,3,0.010549,remove
46846,5692549928996306960,0,3,0.0148911,remove
46847,5692549928996306960,0,3,0.00955525,remove
46848,5692549928996306960,0,3,0.0105483,remove
46923,5692549928996306960,0,3,0.0190807,remove
46924,5692549928996306960,0,3,0.0152879,remove
46925,5692549928996306960,0,3,0.0159588,remove
47449,5692549928996306948,0,15,0.0258766,remove
47450,5692549928996306948,0,15,0.0214239,remove
47451,5692549928996306948,0,15,0.0195104,remove
47454,5692549928996306948,0,15,0.0473512,remove
47458,5692549928996306948,0,15,0.016502,remove
47462,5692549928996306948,0,15,0.0484536,remove
47463,5692549928996306948,0,15,0.0243162,remove
47464,5692549928996306948,0,15,0.0164921,remove
47466,5692549928996306948,0,15,0.0366349,remove
47467,5692549928996306948,0,15,0.0351031,remove
47468,5692549928996306948,0,15,0.0283839,remove
47469,5692549928996306948,0,15,0.0283838,remove
47470,5692549928996306948,0,15,0.0326254,remove
47474,5692549928996306948,0,15,0.0220242,remove
47477,5692549928996306948,0,15,0.043396,remove
47478,5692549928996306948,0,15,0.0366351,remove
47479,5692549928996306948,0,15,0.0183778,remove
47480,5692549928996306948,0,15,0.039923,remove
47481,5692549928996306948,0,15,0.0462173,remove
47482,5692549928996306948,0,15,0.039923,remove
47483,5692549928996306948,0,15,0.0145415,remove
47489,5692549928996306948,0,15,0.00359953,remove
47491,5692549928996306948,0,15,0.0158139,remove
47494,5692549928996306948,0,15,0.0293097,remove
47495,5692549928996306948,0,15,0.0213536,remove
47498,5692549928996306948,0,15,0.0267745,remove
47499,5692549928996306948,0,15,0.0118598,remove
47500,5692549928996306948,0,15,0.0223161,remove
47501,5692549928996306948,0,15,0.0373609,remove
47503,5692549928996306948,0,15,0.0213538,remove
47508,5692549928996306948,0,15,0.0496269,remove
47509,5692549928996306948,0,15,0.0183983,remove
47510,5692549928996306948,0,15,0.0199471,remove
47511,5692549928996306948,0,15,0.0150715,remove
47512,5692549928996306948,0,15,0.0121091,remove
47513,5692549928996306948,0,15,0.0496268,remove
47514,5692549928996306948,0,15,0.0263796,remove
47515,5692549928996306948,0,15,0.0263795,remove
47518,5692549928996306948,0,15,0.0207359,remove
47519,5692549928996306948,0,15,0.0283963,remove
47520,5692549928996306948,0,15,0.0283962,remove
47521,5692549928996306948,0,15,0.0226702,remove
47522,5692549928996306948,0,15,0.0259864,remove
47523,5692549928996306948,0,15,0.0206041,remove
47524,5692549928996306948,0,15,0.00625704,remove
47525,5692549928996306948,0,15,0.0206039,remove
47526,5692549928996306948,0,15,0.0136478,remove
47527,5692549928996306948,0,15,0.0226366,remove
47528,5692549928996306948,0,15,0.00884396,remove
47529,5692549928996306948,0,15,0.0382946,remove
47530,5692549928996306948,0,15,0.0430247,remove
47531,5692549928996306948,0,15,0.0335524,remove
47533,5692549928996306948,0,15,0.016269,remove
47534,5692549928996306948,0,15,0.0164036,remove
47536,5692549928996306948,0,15,0.0430246,remove
47537,5692549928996306948,0,15,0.0227608,remove
47538,5692549928996306948,0,15,0.0340549,remove
47539,5692549928996306948,0,15,0.0335523,remove
47540,5692549928996306948,0,15,0.0210736,remove
47543,5692549928996306948,0,15,0.00652586,remove
47544,5692549928996306948,0,15,0.0219571,remove
47545,5692549928996306948,0,15,0.021957,remove
47547,5692549928996306948,0,15,0.0209339,remove
47548,5692549928996306948,0,15,0.011335,remove
47549,5692549928996306948,0,15,0.0199302,remove
47550,5692549928996306948,0,15,0.00774448,remove
47551,5692549928996306948,0,15,0.022761,remove
47552,5692549928996306948,0,15,0.0199304,remove
47553,5692549928996306948,0,15,0.0320038,remove
47554,5692549928996306948,0,15,0.00951391,remove
47555,5692549928996306948,0,15,0.0205464,remove
47556,5692549928996306948,0,15,0.0209341,remove
47557,5692549928996306948,0,15,0.0193792,remove
47560,5692549928996306948,0,15,0.0108933,remove
47561,5692549928996306948,0,15,0.016439,remove
47565,5692549928996306948,0,15,0.00859018,remove
47566,5692549928996306948,0,15,0.0192891,remove
47568,5692549928996306948,0,15,0.0120697,remove
47569,5692549928996306948,0,15,0.0139326,remove
47570,5692549928996306948,0,15,0.0358839,remove
47571,5692549928996306948,0,15,0.0496236,remove
47573,5692549928996306948,0,15,0.0139076,remove
47574,5692549928996306948,0,15,0.0102164,remove
47575,5692549928996306948,0,15,0.0115888,remove
47576,5692549928996306948,0,15,0.0250842,remove
47577,5692549928996306948,0,15,0.0148599,remove
47578,5692549928996306948,0,15,0.0442856,remove
47579,5692549928996306948,0,15,0.0139326,remove
47580,5692549928996306948,0,15,0.0496237,remove
47581,5692549928996306948,0,15,0.035884,remove
47582,5692549928996306948,0,15,0.0115886,remove
47584,5692549928996306948,0,15,0.0102166,remove
47588,5692549928996306948,0,15,0.0216888,remove
