Name,Accuracy@0.05,Accuracy@0.1,Accuracy@0.2,Accuracy@0.5,Completeness@0.05,Completeness@0.1,Completeness@0.2,Completeness@0.5,RMSE@0.05,RMSE@0.1,RMSE@0.2,RMSE@0.5,MAD@0.05,MAD@0.1,MAD@0.2,MAD@0.5,Chamfer@0.05,Chamfer@0.1,Chamfer@0.2,Chamfer@0.5,GTInliers@0.05,GTInliers@0.1,GTInliers@0.2,GTInliers@0.5,GTOutliers@0.05,GTOutliers@0.1,GTOutliers@0.2,GTOutliers@0.5,DSGInliers@0.05,DSGInliers@0.1,DSGInliers@0.2,DSGInliers@0.5,DSGOutliers@0.05,DSGOutliers@0.1,DSGOutliers@0.2,DSGOutliers@0.5,NumGTFailed,NumDSGFailed
0,0.817075,0.97688,0.997451,0.999826,0.646563,0.936252,0.981081,0.998305,0.0280248,0.0368979,0.0413934,0.0435757,0.0254374,0.0318314,0.0339213,0.0344876,0.0591023,0.074269,0.0805157,0.0853984,1952753,2827672,2963065,3015083,1067450,192531,57138,5120,1670281,1996959,2039010,2043865,373940,47262,5211,356,0,0