Name,Accuracy@0.05,Accuracy@0.1,Accuracy@0.2,Accuracy@0.5,Completeness@0.05,Completeness@0.1,Completeness@0.2,Completeness@0.5,RMSE@0.05,RMSE@0.1,RMSE@0.2,RMSE@0.5,MAD@0.05,MAD@0.1,MAD@0.2,MAD@0.5,Chamfer@0.05,Chamfer@0.1,Chamfer@0.2,Chamfer@0.5,GTInliers@0.05,GTInliers@0.1,GTInliers@0.2,GTInliers@0.5,GTOutliers@0.05,GTOutliers@0.1,GTOutliers@0.2,GTOutliers@0.5,DSGInliers@0.05,DSGInliers@0.1,DSGInliers@0.2,DSGInliers@0.5,DSGOutliers@0.05,DSGOutliers@0.1,DSGOutliers@0.2,DSGOutliers@0.5,NumGTFailed,NumDSGFailed
0,0.854313,0.939342,0.993372,0.999304,0.101292,0.152008,0.168169,0.189525,0.0189132,0.027476,0.0424181,0.0459761,0.0164931,0.0210819,0.027495,0.0287062,0.0507148,0.0647122,0.0808544,0.112752,305923,459095,507903,572405,2714280,2561108,2512300,2447798,33126,36423,38518,38748,5649,2352,257,27,0,0
1,0.830177,0.929619,0.983655,0.998145,0.195811,0.291792,0.314471,0.330797,0.0197198,0.02926,0.0436598,0.056914,0.0170052,0.0223947,0.0287945,0.0326675,0.0510833,0.0658164,0.0792568,0.0958458,591388,881272,949766,999074,2428815,2138931,2070437,2021129,70702,79171,83773,85007,14463,5994,1392,158,0,0
2,0.841979,0.932746,0.982189,0.998761,0.32229,0.49017,0.537576,0.586523,0.0195896,0.0284436,0.0421564,0.0565845,0.0168953,0.0218015,0.0277042,0.0319944,0.0510167,0.065917,0.0802475,0.107849,973381,1480413,1623590,1771417,2046822,1539790,1396613,1248786,107354,118927,125231,127344,20148,8575,2271,158,0,0
3,0.828401,0.92462,0.978317,0.998922,0.407898,0.610988,0.657937,0.688117,0.0195704,0.0288105,0.0437761,0.0604979,0.0168187,0.0220217,0.028556,0.033843,0.0508803,0.0656239,0.0789153,0.0957675,1231935,1845307,1987104,2078252,1788268,1174896,1033099,941951,152096,169762,179621,183404,31506,13840,3981,198,0,0
4,0.820739,0.915575,0.966349,0.995331,0.553427,0.826288,0.894568,0.953995,0.0194827,0.028582,0.0431258,0.0663545,0.0167677,0.0218983,0.0281664,0.0357705,0.0508264,0.0653921,0.0790499,0.103408,1671462,2495558,2701777,2881258,1348741,524645,318426,138945,214972,239812,253111,260702,46953,22113,8814,1223,0,0