Name,Accuracy@0.05,Accuracy@0.1,Accuracy@0.2,Accuracy@0.5,Completeness@0.05,Completeness@0.1,Completeness@0.2,Completeness@0.5,RMSE@0.05,RMSE@0.1,RMSE@0.2,RMSE@0.5,MAD@0.05,MAD@0.1,MAD@0.2,MAD@0.5,Chamfer@0.05,Chamfer@0.1,Chamfer@0.2,Chamfer@0.5,GTInliers@0.05,GTInliers@0.1,GTInliers@0.2,GTInliers@0.5,GTOutliers@0.05,GTOutliers@0.1,GTOutliers@0.2,GTOutliers@0.5,DSGInliers@0.05,DSGInliers@0.1,DSGInliers@0.2,DSGInliers@0.5,DSGOutliers@0.05,DSGOutliers@0.1,DSGOutliers@0.2,DSGOutliers@0.5,NumGTFailed,NumDSGFailed
0,0.827867,0.980585,0.997624,0.999835,0.649343,0.942318,0.985686,0.99779,0.0280594,0.0363931,0.0400088,0.0419837,0.0254168,0.0314196,0.0331018,0.033616,0.0590894,0.0739243,0.0795402,0.0829893,1961147,2845993,2976971,3013529,1059056,174210,43232,6674,1474538,1746548,1776897,1780835,306591,34581,4232,294,0,0