Name,Accuracy@0.05,Accuracy@0.1,Accuracy@0.2,Accuracy@0.5,Completeness@0.05,Completeness@0.1,Completeness@0.2,Completeness@0.5,RMSE@0.05,RMSE@0.1,RMSE@0.2,RMSE@0.5,MAD@0.05,MAD@0.1,MAD@0.2,MAD@0.5,Chamfer@0.05,Chamfer@0.1,Chamfer@0.2,Chamfer@0.5,GTInliers@0.05,GTInliers@0.1,GTInliers@0.2,GTInliers@0.5,GTOutliers@0.05,GTOutliers@0.1,GTOutliers@0.2,GTOutliers@0.5,DSGInliers@0.05,DSGInliers@0.1,DSGInliers@0.2,DSGInliers@0.5,DSGOutliers@0.05,DSGOutliers@0.1,DSGOutliers@0.2,DSGOutliers@0.5,NumGTFailed,NumDSGFailed
0,0.806353,0.972039,0.996465,0.999834,0.647267,0.936349,0.981113,0.998306,0.0282056,0.0373703,0.0429293,0.0454977,0.0256204,0.0322688,0.03484,0.03558,0.0592517,0.0746639,0.0813879,0.0864365,1954879,2827965,2963162,3015087,1065324,192238,57041,5116,1726447,2081188,2133486,2140699,414608,59867,7569,356,0,0